scope,song,level,bpm,kind,seg_index,start_bar,end_bar,function,label_ja,n_bars,notes_total,n_events,align_err_ms,phi_star_ms,offset_delta_ms,spearman_raw,spearman_smooth,spearman_weighted,pearson_smooth,peak_err_bars,boundary_hit_tol1,boundary_hit_tol2,d_bar_mean,I_mean,suggested_notes,floor_fit,mae_notes,bias_notes,song_kind,seg_voiced,onset_ratio_vd,plan_v02,accent_stems,plan_primary,plan_secondary,best_stem,best_recall,second_stem,second_recall,best_stem_lift,best_lift,plan_agree,plan_agree_top2,plan_agree_lift,recall_drums,recall_bass,recall_other,recall_vocals,prec_vocals,lift_drums,lift_bass,lift_other,lift_vocals,none_share,pool_precision,ending_label,tail_ratio,section_spearman
song,Back 2 Back,13.7,150.0,,,,,,,67,381,190,0.0,7.5,7.73,0.32,0.215,0.214,0.142,26,0.75,0.75,5.687,,9.808,0.494,1.938,1.247,vocal,,,,,,,,,,,,,,,,0.921,0.668,0.463,0.221,0.203,3.319,3.394,3.108,1.992,0.037,0.234,tail_kill,1.099,0.357
segment,Back 2 Back,13.7,150.0,audio_segment,0,2,12,intro,イントロ,11,,23,,,,,,,,,,,4.0,0.594,,,,,vocal,0.865,0.77,vocal,vocal,drum,vocal,drums,0.913,bass,0.826,bass,5.37,True,True,False,0.913,0.826,0.348,0.391,0.161,4.144,5.37,2.794,2.252,,,,,
segment,Back 2 Back,13.7,150.0,audio_segment,1,13,20,pre_chorus,Bメロ,8,,19,,,,,,,,,,,5.25,0.349,,,,,vocal,0.232,0.127,drum,hook,drum,hook,drums,0.895,other,0.842,bass,5.359,True,True,False,0.895,0.789,0.842,0.053,0.143,3.937,5.359,4.613,1.631,,,,,
segment,Back 2 Back,13.7,150.0,audio_segment,2,21,36,chorus,サビ,16,,49,,,,,,,,,,,6.125,0.838,,,,,vocal,0.842,0.414,vocal,bass|vocal,drum,bass,drums,0.939,bass,0.592,other,3.554,True,True,False,0.939,0.592,0.531,0.204,0.167,3.258,2.668,3.554,1.556,,,,,
segment,Back 2 Back,13.7,150.0,audio_segment,3,37,44,interlude,間奏,8,,26,,,,,,,,,,,6.375,0.424,,,,,vocal,0.101,0.015,drum,bass,drum,bass,drums,0.962,bass,0.615,vocals,8.224,True,True,False,0.962,0.615,0.077,0.038,1.0,3.523,3.371,1.133,8.224,,,,,
segment,Back 2 Back,13.7,150.0,audio_segment,4,45,52,verse,Aメロ,8,,23,,,,,,,,,,,5.75,0.702,,,,,vocal,0.644,0.311,hook,hook|vocal,drum,hook,drums,0.87,bass,0.609,bass,3.138,True,True,False,0.87,0.609,0.609,0.261,0.261,2.967,3.138,2.767,2.552,,,,,
segment,Back 2 Back,13.7,150.0,audio_segment,5,53,62,final_chorus,ラスサビ,10,,30,,,,,,,,,,,6.0,0.842,,,,,vocal,0.662,0.371,vocal,bass|vocal,drum,bass,drums,0.8,bass,0.533,other,3.35,True,True,False,0.8,0.533,0.467,0.067,0.056,2.623,2.535,3.35,0.528,,,,,
segment,Back 2 Back,13.7,150.0,audio_segment,6,63,68,quiet_chorus,落ちサビ,6,,20,,,,,,,,,,,6.667,0.745,,,,,vocal,0.775,0.39,hook,bass,drum,bass,drums,1.0,bass,0.8,vocals,4.481,True,True,False,1.0,0.8,0.35,0.6,0.522,3.289,3.465,3.289,4.481,,,,,
segment,Back 2 Back,13.7,150.0,chart_changepoint,0,2,17,,,16,,33,,,,,,,,,,,4.25,0.504,,,,,vocal,,,,,,,drums,0.879,bass,0.788,bass,5.207,,,,0.879,0.788,0.485,0.303,0.167,3.93,5.207,3.431,2.31,,,,,
segment,Back 2 Back,13.7,150.0,chart_changepoint,1,18,37,,,20,,59,,,,,,,,,,,5.85,0.763,,,,,vocal,,,,,,,drums,0.949,bass,0.644,other,3.711,,,,0.949,0.644,0.576,0.186,0.172,3.426,3.127,3.711,1.649,,,,,
segment,Back 2 Back,13.7,150.0,chart_changepoint,2,38,44,,,7,,25,,,,,,,,,,,7.143,0.403,,,,,vocal,,,,,,,drums,0.92,bass,0.6,drums,3.347,,,,0.92,0.6,0.0,0.0,,3.347,3.111,0.0,,,,,,
segment,Back 2 Back,13.7,150.0,chart_changepoint,3,45,53,,,9,,23,,,,,,,,,,,5.111,0.704,,,,,vocal,,,,,,,drums,0.87,bass,0.609,bass,3.237,,,,0.87,0.609,0.609,0.261,0.261,2.887,3.237,2.972,2.855,,,,,
segment,Back 2 Back,13.7,150.0,chart_changepoint,4,54,68,,,15,,50,,,,,,,,,,,6.667,0.811,,,,,vocal,,,,,,,drums,0.88,bass,0.64,other,3.368,,,,0.88,0.64,0.44,0.28,0.237,2.928,2.868,3.368,2.042,,,,,
song,ECHO,13.5,140.0,,,,,,,74,768,425,0.0,-15.0,-0.34,0.646,0.655,0.668,0.759,12,0.75,0.75,10.378,,10.509,0.269,2.752,-2.21,vocal,,,,,,,,,,,,,,,,0.548,0.068,0.379,0.202,0.515,2.955,0.716,3.658,2.63,0.195,0.475,tail_kill,1.036,0.967
segment,ECHO,13.5,140.0,audio_segment,0,2,12,intro,イントロ,11,,42,,,,,,,,,,,5.273,0.265,,,,,vocal,0.539,28.0,hook,,hook,,other,0.619,vocals,0.167,other,4.841,True,True,True,0.0,0.0,0.619,0.167,0.25,0.0,,4.841,1.955,,,,,
segment,ECHO,13.5,140.0,audio_segment,1,13,20,quiet_chorus,落ちサビ,8,,36,,,,,,,,,,,10.25,0.789,,,,,vocal,0.947,0.263,drum,hook,drum,hook,other,0.778,drums,0.5,other,3.822,False,True,False,0.5,0.0,0.778,0.306,0.44,1.47,0.0,3.822,2.949,,,,,
segment,ECHO,13.5,140.0,audio_segment,2,21,36,quiet_chorus,落ちサビ,16,,92,,,,,,,,,,,11.188,0.866,,,,,vocal,0.991,0.464,bass,bass,drum,bass,drums,0.685,other,0.37,other,3.942,True,True,False,0.685,0.065,0.37,0.283,0.578,3.582,0.492,3.942,3.015,,,,,
segment,ECHO,13.5,140.0,audio_segment,3,37,40,interlude,間奏,4,,26,,,,,,,,,,,7.75,0.543,,,,,vocal,0.274,0.147,drum,hook,drum,hook,drums,0.769,other,0.577,vocals,4.492,True,True,False,0.769,0.346,0.577,0.192,1.0,3.067,2.156,3.437,4.492,,,,,
segment,ECHO,13.5,140.0,audio_segment,4,41,44,pre_chorus,Bメロ,4,,23,,,,,,,,,,,9.25,0.454,,,,,vocal,0.825,1.833,hook,hook,hook,hook,other,0.696,drums,0.174,other,5.325,True,True,True,0.174,0.0,0.696,0.174,0.364,2.927,0.0,5.325,1.895,,,,,
segment,ECHO,13.5,140.0,audio_segment,5,45,52,chorus,サビ,8,,55,,,,,,,,,,,12.5,0.899,,,,,vocal,1.0,0.407,vocal,bass|vocal,drum,bass,drums,0.673,other,0.4,other,3.72,True,True,False,0.673,0.127,0.4,0.255,0.636,3.251,0.852,3.72,2.774,,,,,
segment,ECHO,13.5,140.0,audio_segment,6,53,64,final_chorus,ラスサビ,12,,88,,,,,,,,,,,13.833,0.917,,,,,vocal,1.0,0.219,drum,,drum,,drums,0.682,vocals,0.171,other,2.974,True,True,False,0.682,0.057,0.102,0.171,0.714,2.767,0.435,2.974,2.869,,,,,
segment,ECHO,13.5,140.0,audio_segment,7,65,72,verse,Aメロ,8,,53,,,,,,,,,,,12.0,0.797,,,,,vocal,0.908,0.263,drum,bass,drum,bass,drums,0.491,other,0.151,drums,3.282,True,True,True,0.491,0.038,0.151,0.075,0.4,3.282,0.297,2.951,1.763,,,,,
segment,ECHO,13.5,140.0,audio_segment,8,73,75,verse,Aメロ,3,,10,,,,,,,,,,,6.333,0.329,,,,,vocal,0.393,0.0,drum,,drum,,drums,0.3,other,0.1,other,8.621,True,True,False,0.3,0.0,0.1,0.0,,3.367,0.0,8.621,,,,,,
segment,ECHO,13.5,140.0,chart_changepoint,0,2,12,,,11,,42,,,,,,,,,,,5.273,0.265,,,,,vocal,,,,,,,other,0.619,vocals,0.167,other,4.841,,,,0.0,0.0,0.619,0.167,0.25,0.0,,4.841,1.955,,,,,
segment,ECHO,13.5,140.0,chart_changepoint,1,13,29,,,17,,86,,,,,,,,,,,11.412,0.818,,,,,vocal,,,,,,,other,0.639,drums,0.593,other,3.9,,,,0.593,0.035,0.639,0.291,0.49,2.311,0.488,3.9,2.916,,,,,
segment,ECHO,13.5,140.0,chart_changepoint,2,30,45,,,16,,97,,,,,,,,,,,9.062,0.684,,,,,vocal,,,,,,,drums,0.567,other,0.412,other,3.835,,,,0.567,0.124,0.412,0.268,0.65,3.111,1.038,3.835,3.199,,,,,
segment,ECHO,13.5,140.0,chart_changepoint,3,46,64,,,19,,137,,,,,,,,,,,13.474,0.922,,,,,vocal,,,,,,,drums,0.708,other,0.219,other,3.713,,,,0.708,0.088,0.219,0.175,0.632,3.002,0.647,3.713,2.591,,,,,
segment,ECHO,13.5,140.0,chart_changepoint,4,65,75,,,11,,63,,,,,,,,,,,10.455,0.669,,,,,vocal,,,,,,,drums,0.476,other,0.143,drums,3.57,,,,0.476,0.032,0.143,0.064,0.4,3.57,0.293,3.526,2.027,,,,,
song,Endless World,13.0,142.0,,,,,,,66,398,300,0.0,-7.5,5.63,0.181,0.231,0.269,0.339,4,0.5,0.75,6.03,,8.941,0.158,2.263,1.663,vocal,,,,,,,,,,,,,,,,0.77,0.21,0.2,0.127,0.463,3.064,2.208,2.06,2.892,0.11,0.385,tail_kill,1.119,0.133
segment,Endless World,13.0,142.0,audio_segment,0,6,12,interlude,間奏,7,,24,,,,,,,,,,,3.571,0.505,,,,,vocal,0.069,0.105,drum,,drum,,drums,0.667,bass,0.208,other,8.258,True,True,False,0.667,0.208,0.083,0.042,0.25,3.995,5.973,8.258,2.075,,,,,
segment,Endless World,13.0,142.0,audio_segment,1,13,16,pre_chorus,Bメロ,4,,10,,,,,,,,,,,3.75,0.856,,,,,vocal,0.776,0.167,drum,hook,drum,hook,drums,1.0,vocals,0.4,vocals,9.216,True,True,False,1.0,0.1,0.3,0.4,0.8,4.278,0.856,1.508,9.216,,,,,
segment,Endless World,13.0,142.0,audio_segment,2,17,20,chorus,サビ,4,,10,,,,,,,,,,,4.5,0.981,,,,,vocal,0.976,0.118,drum,hook,drum,hook,drums,1.0,bass,0.1,drums,3.839,True,True,True,1.0,0.1,0.1,0.0,0.0,3.839,0.644,0.384,0.0,,,,,
segment,Endless World,13.0,142.0,audio_segment,3,21,28,chorus,サビ,8,,57,,,,,,,,,,,8.375,0.955,,,,,vocal,1.0,0.118,drum,hook,drum,hook,drums,0.632,other,0.632,other,2.456,True,True,False,0.632,0.21,0.632,0.035,0.25,2.425,1.689,2.456,1.006,,,,,
segment,Endless World,13.0,142.0,audio_segment,4,29,36,quiet_chorus,落ちサビ,8,,31,,,,,,,,,,,5.25,0.84,,,,,vocal,0.982,0.067,drum,bass,drum,bass,drums,0.806,bass,0.29,vocals,2.94,True,True,False,0.806,0.29,0.065,0.065,0.4,2.849,2.485,1.486,2.94,,,,,
segment,Endless World,13.0,142.0,audio_segment,5,37,44,chorus,サビ,8,,43,,,,,,,,,,,6.625,0.855,,,,,vocal,1.0,0.274,vocal,bass|vocal,drum,bass,drums,0.861,vocals,0.302,vocals,3.56,True,True,False,0.861,0.209,0.023,0.302,0.65,3.11,1.921,0.667,3.56,,,,,
segment,Endless World,13.0,142.0,audio_segment,6,45,52,pre_chorus,Bメロ,8,,45,,,,,,,,,,,7.125,0.761,,,,,vocal,1.0,0.226,drum,hook,drum,hook,drums,0.556,other,0.244,other,3.567,True,True,False,0.556,0.067,0.244,0.133,0.5,2.651,1.911,3.567,2.571,,,,,
segment,Endless World,13.0,142.0,audio_segment,7,53,60,quiet_chorus,落ちサビ,8,,42,,,,,,,,,,,6.375,0.85,,,,,vocal,0.987,0.167,drum,bass,drum,bass,drums,0.833,bass,0.333,bass,3.436,True,True,False,0.833,0.333,0.071,0.095,0.364,3.282,3.436,1.109,1.999,,,,,
segment,Endless World,13.0,142.0,audio_segment,8,61,71,verse,Aメロ,11,,38,,,,,,,,,,,6.364,0.794,,,,,vocal,0.941,0.14,bass,bass,drum,bass,drums,0.868,bass,0.237,vocals,3.843,True,True,False,0.868,0.237,0.0,0.158,0.462,3.349,2.741,0.0,3.843,,,,,
segment,Endless World,13.0,142.0,chart_changepoint,0,6,13,,,8,,25,,,,,,,,,,,3.25,0.53,,,,,vocal,,,,,,,drums,0.72,bass,0.2,other,9.054,,,,0.72,0.2,0.08,0.08,0.4,4.145,6.539,9.054,3.646,,,,,
segment,Endless World,13.0,142.0,chart_changepoint,1,14,20,,,7,,19,,,,,,,,,,,4.571,0.95,,,,,vocal,,,,,,,drums,1.0,other,0.21,drums,3.983,,,,1.0,0.105,0.21,0.158,0.375,3.983,0.683,0.814,3.971,,,,,
segment,Endless World,13.0,142.0,chart_changepoint,2,21,31,,,11,,72,,,,,,,,,,,8.091,0.926,,,,,vocal,,,,,,,drums,0.653,other,0.542,other,2.52,,,,0.653,0.194,0.542,0.042,0.3,2.45,1.773,2.52,1.312,,,,,
segment,Endless World,13.0,142.0,chart_changepoint,3,32,38,,,7,,25,,,,,,,,,,,4.714,0.839,,,,,vocal,,,,,,,drums,0.92,bass,0.36,vocals,5.379,,,,0.92,0.36,0.0,0.24,0.667,3.276,2.72,0.0,5.379,,,,,
segment,Endless World,13.0,142.0,chart_changepoint,4,39,71,,,33,,159,,,,,,,,,,,6.606,0.811,,,,,vocal,,,,,,,drums,0.774,bass,0.207,drums,3.099,,,,0.774,0.207,0.094,0.151,0.48,3.099,2.547,1.954,2.882,,,,,
song,FFT,14.0,180.0,,,,,,,95,849,516,0.0,2.5,7.19,0.461,0.444,0.488,0.404,34,0.75,0.75,8.937,,9.52,0.291,3.419,-1.761,instrumental,,,,,,,,,,,,,,,,0.643,0.116,0.304,0.124,0.52,2.97,2.308,2.697,2.169,0.227,0.588,tail_kill,1.175,0.717
segment,FFT,14.0,180.0,audio_segment,0,2,16,intro,イントロ,15,,80,,,,,,,,,,,6.4,0.386,,,,,instrumental,0.325,0.385,drum,,drum,,drums,0.287,vocals,0.125,bass,3.754,True,True,False,0.287,0.1,0.113,0.125,0.667,2.604,3.754,3.466,2.841,,,,,
segment,FFT,14.0,180.0,audio_segment,1,17,20,interlude,間奏,4,,23,,,,,,,,,,,9.25,0.695,,,,,instrumental,0.067,0.136,hook,hook,drum,hook,drums,0.739,other,0.348,drums,3.371,True,True,True,0.739,0.217,0.348,0.087,0.667,3.371,3.33,2.754,2.62,,,,,
segment,FFT,14.0,180.0,audio_segment,2,21,32,bridge,Cメロ,12,,77,,,,,,,,,,,9.833,0.777,,,,,instrumental,0.3,0.235,drum,hook,drum,hook,drums,0.766,other,0.26,vocals,3.022,True,True,False,0.766,0.143,0.26,0.208,0.842,2.956,2.612,1.956,3.022,,,,,
segment,FFT,14.0,180.0,audio_segment,3,33,48,chorus,サビ,16,,95,,,,,,,,,,,10.375,0.827,,,,,instrumental,0.466,0.347,vocal,hook|vocal,drum,hook,drums,0.705,other,0.4,drums,2.902,True,True,True,0.705,0.126,0.4,0.137,0.382,2.902,1.613,2.791,1.5,,,,,
segment,FFT,14.0,180.0,audio_segment,4,49,64,verse,Aメロ,16,,55,,,,,,,,,,,5.125,0.709,,,,,instrumental,0.731,0.059,hook,hook,drum,hook,drums,0.691,other,0.291,drums,3.969,True,True,True,0.691,0.018,0.291,0.018,0.25,3.969,1.625,3.38,1.625,,,,,
segment,FFT,14.0,180.0,audio_segment,5,65,72,verse,Aメロ,8,,50,,,,,,,,,,,9.625,0.698,,,,,instrumental,0.395,0.342,hook,hook,drum,hook,drums,0.56,other,0.56,other,2.98,True,True,False,0.56,0.04,0.56,0.14,0.538,2.91,1.036,2.98,1.985,,,,,
segment,FFT,14.0,180.0,audio_segment,6,73,80,bridge,Cメロ,8,,53,,,,,,,,,,,12.25,0.77,,,,,instrumental,0.298,0.2,drum,hook,drum,hook,drums,0.491,other,0.264,drums,1.844,True,True,True,0.491,0.075,0.264,0.094,0.455,1.844,1.38,1.755,1.572,,,,,
segment,FFT,14.0,180.0,audio_segment,7,81,86,final_chorus,ラスサビ,6,,33,,,,,,,,,,,11.5,0.848,,,,,instrumental,0.571,0.256,drum,hook,drum,hook,drums,0.758,other,0.455,other,3.599,True,True,False,0.758,0.151,0.455,0.091,0.3,2.987,2.962,3.599,1.258,,,,,
segment,FFT,14.0,180.0,audio_segment,8,87,96,interlude,間奏,10,,50,,,,,,,,,,,10.6,0.721,,,,,instrumental,0.123,0.2,drum,bass,drum,bass,drums,0.92,bass,0.24,drums,3.405,True,True,True,0.92,0.24,0.16,0.14,0.5,3.405,2.662,2.303,2.293,,,,,
segment,FFT,14.0,180.0,chart_changepoint,0,2,16,,,15,,80,,,,,,,,,,,6.4,0.386,,,,,instrumental,,,,,,,drums,0.287,vocals,0.125,bass,3.754,,,,0.287,0.1,0.113,0.125,0.667,2.604,3.754,3.466,2.841,,,,,
segment,FFT,14.0,180.0,chart_changepoint,1,17,49,,,33,,200,,,,,,,,,,,10.03,0.787,,,,,instrumental,,,,,,,drums,0.745,other,0.34,drums,3.042,,,,0.745,0.14,0.34,0.155,0.554,3.042,2.124,2.462,2.108,,,,,
segment,FFT,14.0,180.0,chart_changepoint,2,50,60,,,11,,26,,,,,,,,,,,2.818,0.649,,,,,instrumental,,,,,,,drums,0.538,other,0.423,other,4.711,,,,0.538,0.0,0.423,0.0,0.0,3.651,0.0,4.711,0.0,,,,,
segment,FFT,14.0,180.0,chart_changepoint,3,61,72,,,12,,74,,,,,,,,,,,9.833,0.76,,,,,instrumental,,,,,,,drums,0.635,other,0.419,drums,3.062,,,,0.635,0.041,0.419,0.108,0.5,3.062,1.101,2.875,1.856,,,,,
segment,FFT,14.0,180.0,chart_changepoint,4,73,96,,,24,,136,,,,,,,,,,,11.375,0.769,,,,,instrumental,,,,,,,drums,0.713,other,0.272,drums,2.694,,,,0.713,0.154,0.272,0.11,0.429,2.694,2.245,2.442,1.736,,,,,
song,FUJIN Rumble,14.5,192.0,,,,,,,96,1000,838,0.0,0.0,11.66,0.686,0.642,0.569,0.704,10,0.5,0.5,10.417,,9.625,0.007,4.311,-3.213,instrumental,,,,,,,,,,,,,,,,0.59,0.172,0.173,0.171,0.694,2.338,1.499,1.521,1.726,0.243,0.763,other,0.684,0.83
segment,FUJIN Rumble,14.5,192.0,audio_segment,0,2,4,intro,イントロ,3,,1,,,,,,,,,,,0.667,0.088,,,,,instrumental,0.393,,drum,,drum,,other,1.0,drums,0.0,other,63.001,False,True,False,0.0,0.0,1.0,0.0,,,,63.001,,,,,,
segment,FUJIN Rumble,14.5,192.0,audio_segment,1,5,16,interlude,間奏,12,,75,,,,,,,,,,,7.5,0.504,,,,,instrumental,0.08,0.375,hook,hook,drum,hook,drums,0.787,vocals,0.253,drums,3.144,True,True,True,0.787,0.027,0.24,0.253,0.704,3.144,0.754,1.662,2.475,,,,,
segment,FUJIN Rumble,14.5,192.0,audio_segment,2,17,24,interlude,間奏,8,,46,,,,,,,,,,,10.0,0.566,,,,,instrumental,0.0,0.553,hook,vocal,drum,vocal,drums,0.935,vocals,0.435,drums,3.804,True,True,True,0.935,0.087,0.174,0.435,0.769,3.804,0.703,1.025,3.01,,,,,
segment,FUJIN Rumble,14.5,192.0,audio_segment,3,25,28,pre_chorus,Bメロ,4,,24,,,,,,,,,,,6.75,0.395,,,,,instrumental,0.081,0.308,drum,,drum,,drums,0.458,bass,0.125,other,3.535,True,True,False,0.458,0.125,0.125,0.125,0.75,3.173,1.799,3.535,2.667,,,,,
segment,FUJIN Rumble,14.5,192.0,audio_segment,4,29,36,chorus,サビ,8,,84,,,,,,,,,,,11.625,0.878,,,,,instrumental,0.916,0.344,drum,hook,drum,hook,drums,0.571,bass,0.321,drums,1.864,True,True,True,0.571,0.321,0.167,0.119,0.476,1.864,1.742,1.348,1.006,,,,,
segment,FUJIN Rumble,14.5,192.0,audio_segment,5,37,48,quiet_chorus,落ちサビ,12,,54,,,,,,,,,,,7.25,0.647,,,,,instrumental,0.695,0.348,drum,,drum,,drums,0.87,other,0.296,drums,3.751,True,True,True,0.87,0.148,0.296,0.167,0.391,3.751,1.927,2.101,1.896,,,,,
segment,FUJIN Rumble,14.5,192.0,audio_segment,6,49,64,chorus,サビ,16,,193,,,,,,,,,,,13.062,0.856,,,,,instrumental,0.819,0.351,drum,hook,drum,hook,drums,0.503,bass,0.275,drums,1.735,True,True,True,0.503,0.275,0.13,0.145,0.7,1.735,1.396,1.336,1.283,,,,,
segment,FUJIN Rumble,14.5,192.0,audio_segment,7,65,80,quiet_chorus,落ちサビ,16,,187,,,,,,,,,,,13.5,0.837,,,,,instrumental,0.512,0.311,drum,vocal,drum,vocal,drums,0.583,bass,0.155,drums,1.942,True,True,True,0.583,0.155,0.107,0.144,0.73,1.942,1.203,1.168,1.374,,,,,
segment,FUJIN Rumble,14.5,192.0,audio_segment,8,81,96,interlude,間奏,16,,172,,,,,,,,,,,12.125,0.579,,,,,instrumental,0.068,0.317,hook,hook,drum,hook,drums,0.465,other,0.233,drums,2.133,True,True,True,0.465,0.105,0.233,0.145,0.962,2.133,1.178,2.106,1.937,,,,,
segment,FUJIN Rumble,14.5,192.0,audio_segment,9,97,97,interlude,間奏,1,,2,,,,,,,,,,,2.0,0.232,,,,,instrumental,0.0,1.0,drum,,drum,,drums,0.0,bass,0.0,drums,0.0,True,True,True,0.0,0.0,0.0,0.0,0.0,0.0,,,0.0,,,,,
segment,FUJIN Rumble,14.5,192.0,chart_changepoint,0,2,11,,,10,,38,,,,,,,,,,,4.4,0.311,,,,,instrumental,,,,,,,drums,0.632,vocals,0.237,drums,4.436,,,,0.632,0.0,0.21,0.237,0.692,4.436,0.0,2.687,3.915,,,,,
segment,FUJIN Rumble,14.5,192.0,chart_changepoint,1,12,36,,,25,,192,,,,,,,,,,,9.92,0.653,,,,,instrumental,,,,,,,drums,0.714,vocals,0.234,drums,2.683,,,,0.714,0.188,0.188,0.234,0.692,2.683,1.575,1.332,1.998,,,,,
segment,FUJIN Rumble,14.5,192.0,chart_changepoint,2,37,47,,,11,,44,,,,,,,,,,,6.636,0.648,,,,,instrumental,,,,,,,drums,0.932,other,0.318,drums,4.045,,,,0.932,0.182,0.318,0.159,0.35,4.045,2.176,2.373,1.904,,,,,
segment,FUJIN Rumble,14.5,192.0,chart_changepoint,3,48,87,,,40,,493,,,,,,,,,,,13.525,0.831,,,,,instrumental,,,,,,,drums,0.529,bass,0.191,drums,1.806,,,,0.529,0.191,0.136,0.146,0.75,1.806,1.225,1.3,1.342,,,,,
segment,FUJIN Rumble,14.5,192.0,chart_changepoint,4,88,97,,,10,,71,,,,,,,,,,,9.4,0.396,,,,,instrumental,,,,,,,drums,0.437,other,0.282,other,3.403,,,,0.437,0.085,0.282,0.141,0.909,2.981,1.999,3.403,2.739,,,,,
song,Jack-the-Ripper◆,14.1,210.0,,,,,,,127,933,754,0.0,20.0,11.66,0.34,0.269,0.288,0.202,76,0.5,0.75,7.346,,7.718,0.702,2.525,-1.526,instrumental,,,,,,,,,,,,,,,,0.589,0.233,0.223,0.049,0.661,2.581,2.198,2.491,2.007,0.237,0.666,tail_kill,1.276,-0.006
segment,Jack-the-Ripper◆,14.1,210.0,audio_segment,0,2,14,intro,イントロ,13,,93,,,,,,,,,,,8.0,0.436,,,,,instrumental,0.0,0.071,hook,,hook,,other,0.785,drums,0.14,other,2.97,True,True,True,0.14,0.0,0.785,0.011,1.0,1.307,0.0,2.97,2.668,,,,,
segment,Jack-the-Ripper◆,14.1,210.0,audio_segment,1,15,24,interlude,間奏,10,,77,,,,,,,,,,,8.3,0.708,,,,,instrumental,0.0,0.018,hook,bass,drum,bass,drums,0.701,other,0.403,drums,2.796,True,True,True,0.701,0.286,0.403,0.013,1.0,2.796,2.619,2.68,2.48,,,,,
segment,Jack-the-Ripper◆,14.1,210.0,audio_segment,2,25,28,interlude,間奏,4,,23,,,,,,,,,,,8.25,0.71,,,,,instrumental,0.0,0.0,drum,,drum,,drums,0.739,bass,0.435,drums,3.068,True,True,True,0.739,0.435,0.217,0.0,,3.068,2.59,2.477,,,,,,
segment,Jack-the-Ripper◆,14.1,210.0,audio_segment,3,29,44,interlude,間奏,16,,94,,,,,,,,,,,6.562,0.72,,,,,instrumental,0.137,0.067,drum,,drum,,drums,0.745,bass,0.298,bass,3.282,True,True,False,0.745,0.298,0.053,0.043,0.667,2.94,3.282,1.378,2.183,,,,,
segment,Jack-the-Ripper◆,14.1,210.0,audio_segment,4,45,52,interlude,間奏,8,,58,,,,,,,,,,,9.5,0.695,,,,,instrumental,0.097,0.13,drum,,drum,,drums,0.414,bass,0.362,bass,1.911,True,True,False,0.414,0.362,0.0,0.069,0.667,1.559,1.911,,1.786,,,,,
segment,Jack-the-Ripper◆,14.1,210.0,audio_segment,5,53,68,verse,Aメロ,16,,66,,,,,,,,,,,5.75,0.83,,,,,instrumental,0.008,0.033,drum,,drum,,drums,0.894,other,0.212,vocals,4.276,True,True,False,0.894,0.151,0.212,0.045,1.0,3.229,1.366,1.969,4.276,,,,,
segment,Jack-the-Ripper◆,14.1,210.0,audio_segment,6,69,88,interlude,間奏,20,,80,,,,,,,,,,,5.15,0.489,,,,,instrumental,0.155,0.35,drum,,drum,,drums,0.3,other,0.225,other,3.523,True,True,False,0.3,0.188,0.225,0.1,0.571,2.717,2.41,3.523,2.431,,,,,
segment,Jack-the-Ripper◆,14.1,210.0,audio_segment,7,89,114,drop,ドロップ,26,,168,,,,,,,,,,,8.154,0.899,,,,,instrumental,0.0,0.116,drum,bass,drum,bass,drums,0.696,bass,0.274,drums,2.421,True,True,True,0.696,0.274,0.054,0.083,0.824,2.421,2.054,1.393,2.166,,,,,
segment,Jack-the-Ripper◆,14.1,210.0,audio_segment,8,115,124,interlude,間奏,10,,79,,,,,,,,,,,8.8,0.692,,,,,instrumental,0.371,0.059,drum,,drum,,drums,0.633,bass,0.19,drums,2.658,True,True,True,0.633,0.19,0.114,0.025,0.667,2.658,2.074,1.999,1.595,,,,,
segment,Jack-the-Ripper◆,14.1,210.0,audio_segment,9,125,128,interlude,間奏,4,,17,,,,,,,,,,,9.25,0.744,,,,,instrumental,0.281,0.21,drum,,bass,,drums,0.882,bass,0.471,drums,3.998,False,True,False,0.882,0.471,0.176,0.0,0.0,3.998,2.484,3.45,0.0,,,,,
segment,Jack-the-Ripper◆,14.1,210.0,chart_changepoint,0,2,26,,,25,,184,,,,,,,,,,,8.32,0.567,,,,,instrumental,,,,,,,other,0.576,drums,0.418,other,2.816,,,,0.418,0.147,0.576,0.011,1.0,2.336,2.403,2.816,2.593,,,,,
segment,Jack-the-Ripper◆,14.1,210.0,chart_changepoint,1,27,39,,,13,,65,,,,,,,,,,,5.615,0.701,,,,,instrumental,,,,,,,drums,0.739,bass,0.262,bass,3.541,,,,0.739,0.262,0.077,0.061,0.667,3.037,3.541,1.944,2.571,,,,,
segment,Jack-the-Ripper◆,14.1,210.0,chart_changepoint,2,40,52,,,13,,96,,,,,,,,,,,9.231,0.721,,,,,instrumental,,,,,,,drums,0.562,bass,0.385,bass,2.147,,,,0.562,0.385,0.031,0.042,0.667,2.105,2.147,1.121,1.74,,,,,
segment,Jack-the-Ripper◆,14.1,210.0,chart_changepoint,3,53,87,,,35,,137,,,,,,,,,,,5.114,0.639,,,,,instrumental,,,,,,,drums,0.547,other,0.175,drums,2.964,,,,0.547,0.146,0.175,0.073,0.625,2.964,1.66,2.364,2.762,,,,,
segment,Jack-the-Ripper◆,14.1,210.0,chart_changepoint,4,88,128,,,41,,272,,,,,,,,,,,8.61,0.828,,,,,instrumental,,,,,,,drums,0.699,bass,0.276,drums,2.583,,,,0.699,0.276,0.11,0.062,0.68,2.583,2.09,2.024,1.816,,,,,
song,Like the Wind [Reborn],14.0,200.0,,,,,,,88,679,513,0.0,0.0,7.59,0.355,0.316,0.34,0.288,60,0.75,0.75,7.716,,8.568,0.44,3.211,-1.726,instrumental,,,,,,,,,,,,,,,,0.507,0.333,0.409,0.094,0.471,2.627,2.567,2.658,1.643,0.16,0.647,tail_kill,1.215,0.227
segment,Like the Wind [Reborn],14.0,200.0,audio_segment,0,2,16,intro,イントロ,15,,114,,,,,,,,,,,9.867,0.6,,,,,instrumental,0.19,0.164,drum,bass,drum,bass,drums,0.368,other,0.342,other,2.619,True,True,False,0.368,0.325,0.342,0.061,0.7,2.033,2.283,2.619,1.873,,,,,
segment,Like the Wind [Reborn],14.0,200.0,audio_segment,1,17,20,interlude,間奏,4,,26,,,,,,,,,,,10.0,0.606,,,,,instrumental,0.067,0.125,hook,hook,drum,hook,drums,0.462,other,0.423,other,3.037,True,True,False,0.462,0.308,0.423,0.0,0.0,2.546,2.209,3.037,0.0,,,,,
segment,Like the Wind [Reborn],14.0,200.0,audio_segment,2,21,32,interlude,間奏,12,,76,,,,,,,,,,,9.083,0.65,,,,,instrumental,0.078,0.122,hook,bass,drum,bass,drums,0.487,other,0.421,bass,2.657,True,True,False,0.487,0.408,0.421,0.04,0.5,2.636,2.657,2.463,1.599,,,,,
segment,Like the Wind [Reborn],14.0,200.0,audio_segment,3,33,40,chorus,サビ,8,,70,,,,,,,,,,,9.5,0.845,,,,,instrumental,0.88,0.828,vocal,vocal|hook,drum,vocal,other,0.529,drums,0.386,bass,2.403,False,True,False,0.386,0.386,0.529,0.271,0.792,2.327,2.403,2.39,1.949,,,,,
segment,Like the Wind [Reborn],14.0,200.0,audio_segment,4,41,44,chorus,サビ,4,,20,,,,,,,,,,,5.75,0.835,,,,,instrumental,0.845,0.286,drum,bass,drum,bass,drums,0.8,bass,0.35,drums,3.465,True,True,True,0.8,0.35,0.25,0.2,0.667,3.465,2.18,1.946,2.768,,,,,
segment,Like the Wind [Reborn],14.0,200.0,audio_segment,5,45,48,quiet_chorus,落ちサビ,4,,15,,,,,,,,,,,5.0,0.811,,,,,instrumental,0.842,0.318,bass,bass,drum,bass,drums,0.667,vocals,0.267,vocals,3.183,True,True,False,0.667,0.067,0.2,0.267,0.571,2.773,0.701,1.557,3.183,,,,,
segment,Like the Wind [Reborn],14.0,200.0,audio_segment,6,49,52,interlude,間奏,4,,11,,,,,,,,,,,5.5,0.535,,,,,instrumental,0.24,0.312,bass,hook,drum,hook,other,1.0,bass,0.636,bass,5.981,False,False,False,0.182,0.636,1.0,0.091,0.2,1.003,5.981,5.849,1.5,,,,,
segment,Like the Wind [Reborn],14.0,200.0,audio_segment,7,53,70,quiet_chorus,落ちサビ,18,,83,,,,,,,,,,,6.222,0.71,,,,,instrumental,0.583,0.411,drum,bass,drum,bass,drums,0.699,other,0.229,drums,3.807,True,True,True,0.699,0.205,0.229,0.096,0.267,3.807,1.948,2.285,1.206,,,,,
segment,Like the Wind [Reborn],14.0,200.0,audio_segment,8,71,76,interlude,間奏,6,,18,,,,,,,,,,,3.667,0.464,,,,,instrumental,0.248,0.111,drum,hook,drum,hook,other,0.667,drums,0.5,other,4.343,False,True,False,0.5,0.167,0.667,0.0,0.0,2.482,2.941,4.343,0.0,,,,,
segment,Like the Wind [Reborn],14.0,200.0,audio_segment,9,77,80,interlude,間奏,4,,17,,,,,,,,,,,5.25,0.526,,,,,instrumental,0.0,0.0,hook,hook,drum,hook,other,0.647,drums,0.529,bass,4.915,False,True,False,0.529,0.412,0.647,0.0,,2.504,4.915,4.03,,,,,,
segment,Like the Wind [Reborn],14.0,200.0,audio_segment,10,81,89,interlude,間奏,9,,63,,,,,,,,,,,9.556,0.635,,,,,instrumental,0.271,0.225,drum,hook,drum,hook,drums,0.54,other,0.444,other,2.809,True,True,False,0.54,0.413,0.444,0.032,0.222,2.708,2.609,2.809,0.651,,,,,
segment,Like the Wind [Reborn],14.0,200.0,chart_changepoint,0,2,40,,,39,,286,,,,,,,,,,,9.564,0.666,,,,,instrumental,,,,,,,drums,0.416,other,0.416,other,2.549,,,,0.416,0.36,0.416,0.101,0.691,2.322,2.414,2.549,1.934,,,,,
segment,Like the Wind [Reborn],14.0,200.0,chart_changepoint,1,41,61,,,21,,78,,,,,,,,,,,4.667,0.631,,,,,instrumental,,,,,,,drums,0.641,other,0.397,drums,3.323,,,,0.641,0.269,0.397,0.128,0.435,3.323,2.595,3.132,2.406,,,,,
segment,Like the Wind [Reborn],14.0,200.0,chart_changepoint,2,62,70,,,9,,51,,,,,,,,,,,8.778,0.917,,,,,instrumental,,,,,,,drums,0.745,bass,0.216,drums,3.58,,,,0.745,0.216,0.137,0.137,0.28,3.58,1.663,1.442,1.058,,,,,
segment,Like the Wind [Reborn],14.0,200.0,chart_changepoint,3,71,79,,,9,,27,,,,,,,,,,,3.667,0.471,,,,,instrumental,,,,,,,other,0.63,drums,0.518,other,4.371,,,,0.518,0.222,0.63,0.0,0.0,2.492,4.112,4.371,0.0,,,,,
segment,Like the Wind [Reborn],14.0,200.0,chart_changepoint,4,80,89,,,10,,71,,,,,,,,,,,9.6,0.636,,,,,instrumental,,,,,,,drums,0.535,other,0.479,other,2.835,,,,0.535,0.422,0.479,0.028,0.222,2.71,2.632,2.835,0.64,,,,,
song,MYTHOS,14.4,158.0,,,,,,,76,735,584,0.0,2.5,10.95,0.271,0.196,0.179,0.409,60,0.75,1.0,9.671,,11.696,0.116,4.384,-0.12,instrumental,,,,,,,,,,,,,,,,0.56,0.354,0.166,0.026,0.246,2.357,1.707,3.004,0.812,0.219,0.564,tail_kill,1.577,0.033
segment,MYTHOS,14.4,158.0,audio_segment,0,2,8,intro,イントロ,7,,1,,,,,,,,,,,0.286,0.156,,,,,instrumental,0.659,6.5,drum,,drum,,drums,0.0,bass,0.0,drums,0.0,True,True,True,0.0,0.0,0.0,0.0,0.0,0.0,0.0,,0.0,,,,,
segment,MYTHOS,14.4,158.0,audio_segment,1,9,20,chorus,サビ,12,,11,,,,,,,,,,,3.667,0.861,,,,,instrumental,0.993,0.314,drum,bass,drum,bass,drums,0.909,bass,0.0,drums,4.417,True,True,True,0.909,0.0,0.0,0.0,0.0,4.417,0.0,0.0,0.0,,,,,
segment,MYTHOS,14.4,158.0,audio_segment,2,21,24,verse,Aメロ,4,,9,,,,,,,,,,,6.5,0.758,,,,,instrumental,0.445,0.2,drum,bass,drum,bass,drums,0.889,other,0.222,other,11.363,True,True,False,0.889,0.0,0.222,0.111,0.167,3.467,0.0,11.363,1.931,,,,,
segment,MYTHOS,14.4,158.0,audio_segment,3,25,44,interlude,間奏,20,,159,,,,,,,,,,,11.05,0.837,,,,,instrumental,0.117,0.033,hook,hook,drum,hook,drums,0.598,bass,0.358,other,2.992,True,True,False,0.598,0.358,0.233,0.025,0.8,2.278,1.33,2.992,2.56,,,,,
segment,MYTHOS,14.4,158.0,audio_segment,4,45,56,final_chorus,ラスサビ,12,,184,,,,,,,,,,,15.417,0.918,,,,,instrumental,0.652,0.066,drum,bass,drum,bass,drums,0.56,bass,0.484,drums,1.901,True,True,True,0.56,0.484,0.12,0.022,0.571,1.901,1.869,1.64,0.954,,,,,
segment,MYTHOS,14.4,158.0,audio_segment,5,57,68,verse,Aメロ,12,,105,,,,,,,,,,,10.667,0.751,,,,,instrumental,0.327,0.063,hook,hook,drum,hook,drums,0.495,bass,0.267,other,2.438,True,True,False,0.495,0.267,0.2,0.029,0.6,2.163,1.584,2.438,1.75,,,,,
segment,MYTHOS,14.4,158.0,audio_segment,6,69,72,interlude,間奏,4,,33,,,,,,,,,,,9.5,0.68,,,,,instrumental,0.0,0.0,hook,bass,drum,bass,drums,0.545,other,0.242,other,2.851,True,True,False,0.545,0.151,0.242,0.0,,2.013,0.886,2.851,,,,,,
segment,MYTHOS,14.4,158.0,audio_segment,7,73,76,interlude,間奏,4,,59,,,,,,,,,,,16.5,0.729,,,,,instrumental,0.0,0.091,drum,bass,drum,bass,drums,0.475,bass,0.339,other,1.75,True,True,False,0.475,0.339,0.068,0.051,1.0,1.706,1.497,1.75,1.742,,,,,
segment,MYTHOS,14.4,158.0,audio_segment,8,77,77,interlude,間奏,1,,23,,,,,,,,,,,25.0,0.567,,,,,instrumental,0.067,0.0,drum,,drum,,drums,0.391,bass,0.348,bass,1.648,True,True,False,0.391,0.348,0.0,0.0,,1.308,1.648,0.0,,,,,,
segment,MYTHOS,14.4,158.0,chart_changepoint,0,2,21,,,20,,13,,,,,,,,,,,2.5,0.613,,,,,instrumental,,,,,,,drums,0.846,bass,0.0,drums,5.79,,,,0.846,0.0,0.0,0.0,0.0,5.79,0.0,0.0,0.0,,,,,
segment,MYTHOS,14.4,158.0,chart_changepoint,1,22,42,,,21,,135,,,,,,,,,,,10.048,0.818,,,,,instrumental,,,,,,,drums,0.644,bass,0.319,other,3.693,,,,0.644,0.319,0.274,0.03,0.5,2.466,1.246,3.693,1.984,,,,,
segment,MYTHOS,14.4,158.0,chart_changepoint,2,43,56,,,14,,216,,,,,,,,,,,15.5,0.911,,,,,instrumental,,,,,,,drums,0.551,bass,0.477,drums,1.905,,,,0.551,0.477,0.106,0.023,0.625,1.905,1.83,1.563,1.037,,,,,
segment,MYTHOS,14.4,158.0,chart_changepoint,3,57,69,,,13,,111,,,,,,,,,,,10.385,0.746,,,,,instrumental,,,,,,,drums,0.504,bass,0.261,other,2.402,,,,0.504,0.261,0.189,0.027,0.6,2.172,1.568,2.402,1.792,,,,,
segment,MYTHOS,14.4,158.0,chart_changepoint,4,70,77,,,8,,109,,,,,,,,,,,15.25,0.691,,,,,instrumental,,,,,,,drums,0.486,bass,0.294,vocals,1.872,,,,0.486,0.294,0.11,0.028,1.0,1.748,1.417,1.771,1.872,,,,,
song,Mare Maris,13.9,150.0,,,,,,,80,856,598,0.0,20.0,27.88,0.426,0.362,0.358,0.376,10,0.75,0.75,10.7,,11.424,0.148,2.963,-1.558,instrumental,,,,,,,,,,,,,,,,0.627,0.105,0.356,0.311,0.7,2.942,1.002,1.874,2.65,0.155,0.568,tail_kill,1.437,0.345
segment,Mare Maris,13.9,150.0,audio_segment,0,2,16,intro,イントロ,15,,90,,,,,,,,,,,8.0,0.603,,,,,instrumental,0.147,0.371,hook,hook,drum,hook,drums,0.633,other,0.5,drums,3.894,True,True,True,0.633,0.0,0.5,0.244,0.815,3.894,,3.035,3.745,,,,,
segment,Mare Maris,13.9,150.0,audio_segment,1,17,24,verse,Aメロ,8,,78,,,,,,,,,,,10.75,0.758,,,,,instrumental,0.599,0.861,drum,vocal,drum,vocal,drums,0.41,other,0.308,drums,2.642,True,True,True,0.41,0.064,0.308,0.308,0.8,2.642,1.986,2.588,2.345,,,,,
segment,Mare Maris,13.9,150.0,audio_segment,2,25,32,quiet_chorus,落ちサビ,8,,49,,,,,,,,,,,8.25,0.856,,,,,instrumental,0.335,0.51,drum,vocal,drum,vocal,drums,0.735,vocals,0.347,drums,3.58,True,True,True,0.735,0.184,0.286,0.347,0.68,3.58,0.821,2.403,3.137,,,,,
segment,Mare Maris,13.9,150.0,audio_segment,3,33,40,interlude,間奏,8,,47,,,,,,,,,,,8.125,0.823,,,,,instrumental,0.191,0.582,drum,vocal,drum,vocal,drums,0.787,vocals,0.489,vocals,3.513,True,True,False,0.787,0.149,0.362,0.489,0.719,3.464,0.677,2.524,3.513,,,,,
segment,Mare Maris,13.9,150.0,audio_segment,4,41,48,interlude,間奏,8,,76,,,,,,,,,,,11.5,0.842,,,,,instrumental,0.182,0.328,drum,vocal,vocal,vocal,drums,0.684,other,0.474,drums,2.791,False,False,False,0.684,0.105,0.474,0.237,0.85,2.791,0.543,2.542,2.647,,,,,
segment,Mare Maris,13.9,150.0,audio_segment,5,49,56,interlude,間奏,8,,42,,,,,,,,,,,12.0,0.807,,,,,instrumental,0.076,0.586,drum,,drum,,drums,0.714,vocals,0.429,drums,3.001,True,True,True,0.714,0.238,0.238,0.429,0.529,3.001,2.794,1.16,2.909,,,,,
segment,Mare Maris,13.9,150.0,audio_segment,6,57,60,interlude,間奏,4,,35,,,,,,,,,,,13.5,0.745,,,,,instrumental,0.0,0.593,hook,hook,drum,hook,drums,0.543,vocals,0.343,bass,2.624,True,True,False,0.543,0.257,0.314,0.343,0.75,2.428,2.624,1.62,2.461,,,,,
segment,Mare Maris,13.9,150.0,audio_segment,7,61,64,pre_chorus,Bメロ,4,,30,,,,,,,,,,,14.5,0.816,,,,,instrumental,0.0,0.526,drum,hook|vocal,drum,hook,drums,0.7,other,0.333,bass,2.717,True,True,False,0.7,0.1,0.333,0.333,0.5,2.336,2.717,1.789,1.95,,,,,
segment,Mare Maris,13.9,150.0,audio_segment,8,65,72,chorus,サビ,8,,68,,,,,,,,,,,10.5,0.94,,,,,instrumental,0.214,0.442,vocal,vocal,drum,vocal,drums,0.559,other,0.265,drums,2.54,True,True,True,0.559,0.044,0.265,0.162,0.458,2.54,0.746,0.958,1.52,,,,,
segment,Mare Maris,13.9,150.0,audio_segment,9,73,80,chorus,サビ,8,,81,,,,,,,,,,,16.0,0.923,,,,,instrumental,0.072,0.641,vocal,vocal,drum,vocal,drums,0.593,other,0.333,drums,2.694,True,True,True,0.593,0.086,0.333,0.333,0.788,2.694,0.812,1.125,2.326,,,,,
segment,Mare Maris,13.9,150.0,audio_segment,10,81,81,outro,アウトロ,1,,2,,,,,,,,,,,7.0,0.581,,,,,instrumental,0.0,0.333,drum,,drum,,drums,0.5,bass,0.5,vocals,6.92,True,True,False,0.5,0.5,0.5,0.5,0.5,2.925,4.699,4.699,6.92,,,,,
segment,Mare Maris,13.9,150.0,chart_changepoint,0,2,16,,,15,,90,,,,,,,,,,,8.0,0.603,,,,,instrumental,,,,,,,drums,0.633,other,0.5,drums,3.894,,,,0.633,0.0,0.5,0.244,0.815,3.894,,3.035,3.745,,,,,
segment,Mare Maris,13.9,150.0,chart_changepoint,1,17,45,,,29,,216,,,,,,,,,,,9.034,0.808,,,,,instrumental,,,,,,,drums,0.653,other,0.37,drums,3.144,,,,0.653,0.12,0.37,0.329,0.761,3.144,0.7,2.638,2.931,,,,,
segment,Mare Maris,13.9,150.0,chart_changepoint,2,46,65,,,20,,152,,,,,,,,,,,13.35,0.817,,,,,instrumental,,,,,,,drums,0.599,vocals,0.342,drums,2.471,,,,0.599,0.165,0.276,0.342,0.605,2.471,1.911,1.483,2.297,,,,,
segment,Mare Maris,13.9,150.0,chart_changepoint,3,66,73,,,8,,68,,,,,,,,,,,10.5,0.946,,,,,instrumental,,,,,,,drums,0.574,other,0.279,drums,2.524,,,,0.574,0.059,0.279,0.206,0.464,2.524,0.768,0.964,1.674,,,,,
segment,Mare Maris,13.9,150.0,chart_changepoint,4,74,81,,,8,,72,,,,,,,,,,,15.375,0.88,,,,,instrumental,,,,,,,drums,0.611,other,0.375,drums,2.874,,,,0.611,0.097,0.375,0.347,0.833,2.874,0.951,1.309,2.647,,,,,
song,Mysterious Destiny,13.3,140.0,,,,,,,64,372,187,0.0,-2.5,7.83,0.227,0.355,0.355,0.373,0,0.5,0.75,5.812,,10.509,-0.099,3.054,2.988,vocal,,,,,,,,,,,,,,,,0.738,0.519,0.556,0.112,0.196,2.773,3.531,2.804,1.946,0.011,0.237,tail_kill,1.054,0.714
segment,Mysterious Destiny,13.3,140.0,audio_segment,0,3,8,intro,イントロ,6,,13,,,,,,,,,,,4.0,0.786,,,,,vocal,0.771,0.2,drum,hook,drum,hook,bass,0.769,other,0.615,bass,5.466,False,False,False,0.462,0.769,0.615,0.231,0.273,1.632,5.466,3.421,3.713,,,,,
segment,Mysterious Destiny,13.3,140.0,audio_segment,1,9,24,chorus,サビ,16,,48,,,,,,,,,,,6.0,0.87,,,,,vocal,0.946,0.201,drum,hook,drum,hook,drums,0.688,bass,0.583,bass,3.763,True,True,False,0.688,0.583,0.583,0.083,0.138,2.544,3.763,2.842,1.356,,,,,
segment,Mysterious Destiny,13.3,140.0,audio_segment,2,25,32,verse,Aメロ,8,,32,,,,,,,,,,,8.0,0.829,,,,,vocal,0.903,0.225,drum,hook,drum,hook,drums,0.688,bass,0.656,bass,3.672,True,True,False,0.688,0.656,0.469,0.094,0.188,2.575,3.672,2.522,1.387,,,,,
segment,Mysterious Destiny,13.3,140.0,audio_segment,3,33,44,chorus,サビ,12,,33,,,,,,,,,,,5.5,0.867,,,,,vocal,1.0,0.151,drum,hook,drum,hook,drums,0.849,other,0.515,drums,3.191,True,True,True,0.849,0.333,0.515,0.121,0.25,3.191,2.551,2.686,2.659,,,,,
segment,Mysterious Destiny,13.3,140.0,audio_segment,4,45,52,verse,Aメロ,8,,18,,,,,,,,,,,4.375,0.827,,,,,vocal,1.0,0.242,bass,hook|vocal,drum,hook,other,0.778,drums,0.667,bass,4.133,False,True,False,0.667,0.556,0.778,0.222,0.25,2.658,4.133,3.959,3.287,,,,,
segment,Mysterious Destiny,13.3,140.0,audio_segment,5,53,64,quiet_chorus,落ちサビ,12,,40,,,,,,,,,,,6.667,0.828,,,,,vocal,1.0,0.146,drum,hook,drum,hook,drums,0.85,other,0.4,drums,3.276,True,True,True,0.85,0.375,0.4,0.05,0.133,3.276,2.618,2.112,1.168,,,,,
segment,Mysterious Destiny,13.3,140.0,audio_segment,6,65,66,outro,アウトロ,2,,3,,,,,,,,,,,3.5,0.411,,,,,vocal,0.465,0.429,drum,,drum,,other,1.0,drums,0.667,bass,9.861,False,True,False,0.667,0.667,1.0,0.333,0.333,5.782,9.861,7.654,6.517,,,,,
segment,Mysterious Destiny,13.3,140.0,chart_changepoint,0,3,18,,,16,,37,,,,,,,,,,,4.5,0.818,,,,,vocal,,,,,,,drums,0.649,other,0.595,bass,3.767,,,,0.649,0.513,0.595,0.081,0.136,2.401,3.767,3.169,1.726,,,,,
segment,Mysterious Destiny,13.3,140.0,chart_changepoint,1,19,33,,,15,,60,,,,,,,,,,,8.0,0.874,,,,,vocal,,,,,,,bass,0.667,drums,0.65,bass,3.746,,,,0.65,0.667,0.533,0.117,0.2,2.405,3.746,2.586,1.488,,,,,
segment,Mysterious Destiny,13.3,140.0,chart_changepoint,2,34,45,,,12,,32,,,,,,,,,,,5.333,0.859,,,,,vocal,,,,,,,drums,0.812,other,0.594,other,3.096,,,,0.812,0.406,0.594,0.156,0.278,3.08,3.05,3.096,3.055,,,,,
segment,Mysterious Destiny,13.3,140.0,chart_changepoint,3,46,54,,,9,,19,,,,,,,,,,,4.111,0.828,,,,,vocal,,,,,,,other,0.737,drums,0.579,other,3.89,,,,0.579,0.474,0.737,0.158,0.188,2.288,3.722,3.89,2.617,,,,,
segment,Mysterious Destiny,13.3,140.0,chart_changepoint,4,55,66,,,12,,39,,,,,,,,,,,6.583,0.758,,,,,vocal,,,,,,,drums,0.872,bass,0.41,drums,3.602,,,,0.872,0.41,0.41,0.077,0.2,3.602,2.968,2.28,1.797,,,,,
song,Paranoia,13.6,150.0,,,,,,,84,818,538,0.0,7.5,12.8,-0.121,-0.239,-0.194,-0.085,18,0.25,0.5,9.738,,9.808,1.157,3.7,-2.359,vocal,,,,,,,,,,,,,,,,0.699,0.552,0.608,0.204,0.516,2.676,2.641,2.119,2.228,0.037,0.472,tail_kill,1.232,-0.103
segment,Paranoia,13.6,150.0,audio_segment,0,2,8,intro,イントロ,7,,35,,,,,,,,,,,7.429,0.815,,,,,vocal,0.406,0.352,drum,hook,drum,hook,drums,0.886,bass,0.829,bass,4.202,True,True,False,0.886,0.829,0.114,0.2,0.368,3.526,4.202,0.335,2.067,,,,,
segment,Paranoia,13.6,150.0,audio_segment,1,9,18,quiet_chorus,落ちサビ,10,,42,,,,,,,,,,,6.8,0.69,,,,,vocal,0.936,0.48,vocal,bass,drum,bass,drums,0.833,bass,0.571,bass,3.536,True,True,False,0.833,0.571,0.357,0.286,0.333,3.399,3.536,1.948,2.263,,,,,
segment,Paranoia,13.6,150.0,audio_segment,2,19,24,interlude,間奏,6,,51,,,,,,,,,,,11.167,0.643,,,,,vocal,0.111,0.34,hook,hook,drum,hook,drums,0.706,other,0.647,drums,2.773,True,True,True,0.706,0.569,0.647,0.216,0.688,2.773,2.365,2.014,2.267,,,,,
segment,Paranoia,13.6,150.0,audio_segment,3,25,36,interlude,間奏,12,,89,,,,,,,,,,,10.417,0.72,,,,,vocal,0.213,0.25,drum,hook,drum,hook,other,0.809,drums,0.405,other,2.824,False,True,False,0.405,0.315,0.809,0.146,0.591,1.682,1.506,2.824,2.199,,,,,
segment,Paranoia,13.6,150.0,audio_segment,4,37,44,chorus,サビ,8,,38,,,,,,,,,,,6.875,0.884,,,,,vocal,0.964,0.396,drum,hook,drum,hook,drums,0.974,bass,0.789,vocals,3.05,True,True,False,0.974,0.789,0.658,0.474,0.5,2.804,2.857,1.831,3.05,,,,,
segment,Paranoia,13.6,150.0,audio_segment,5,45,52,interlude,間奏,8,,31,,,,,,,,,,,10.0,0.565,,,,,vocal,0.159,0.081,drum,hook,drum,hook,drums,1.0,other,0.968,bass,4.483,True,True,False,1.0,0.903,0.968,0.097,0.6,3.965,4.483,3.302,4.178,,,,,
segment,Paranoia,13.6,150.0,audio_segment,6,53,68,chorus,サビ,16,,89,,,,,,,,,,,10.625,0.81,,,,,vocal,1.0,0.504,vocal,hook|vocal,drum,hook,drums,0.899,bass,0.629,drums,3.445,True,True,True,0.899,0.629,0.506,0.371,0.508,3.445,3.152,1.938,2.624,,,,,
segment,Paranoia,13.6,150.0,audio_segment,7,69,76,interlude,間奏,8,,69,,,,,,,,,,,11.75,0.661,,,,,vocal,0.25,0.222,drum,hook,drum,hook,drums,0.739,other,0.609,vocals,2.966,True,True,False,0.739,0.551,0.609,0.188,0.929,2.891,2.423,1.967,2.966,,,,,
segment,Paranoia,13.6,150.0,audio_segment,8,77,84,interlude,間奏,8,,94,,,,,,,,,,,13.25,0.611,,,,,vocal,0.029,0.0,hook,hook,drum,hook,other,0.638,drums,0.383,other,2.339,False,True,False,0.383,0.34,0.638,0.0,,1.562,1.827,2.339,,,,,,
segment,Paranoia,13.6,150.0,audio_segment,9,85,85,outro,アウトロ,1,,0,,,,,,,,,,,1.0,0.189,,,,,vocal,0.0,0.0,drum,,drum,,drums,0.0,bass,0.0,drums,0.0,True,True,True,,,,,,,,,,,,,,
segment,Paranoia,13.6,150.0,chart_changepoint,0,2,15,,,14,,57,,,,,,,,,,,6.429,0.759,,,,,vocal,,,,,,,drums,0.912,bass,0.702,bass,4.001,,,,0.912,0.702,0.175,0.246,0.298,3.547,4.001,0.662,2.076,,,,,
segment,Paranoia,13.6,150.0,chart_changepoint,1,16,34,,,19,,154,,,,,,,,,,,11.211,0.675,,,,,vocal,,,,,,,other,0.721,drums,0.519,vocals,2.601,,,,0.519,0.429,0.721,0.169,0.765,2.235,2.063,2.492,2.601,,,,,
segment,Paranoia,13.6,150.0,chart_changepoint,2,35,43,,,9,,40,,,,,,,,,,,5.889,0.887,,,,,vocal,,,,,,,drums,0.975,bass,0.825,bass,2.941,,,,0.975,0.825,0.625,0.5,0.444,2.861,2.941,1.896,2.925,,,,,
segment,Paranoia,13.6,150.0,chart_changepoint,3,44,59,,,16,,64,,,,,,,,,,,9.062,0.649,,,,,vocal,,,,,,,drums,0.953,bass,0.719,bass,3.779,,,,0.953,0.719,0.688,0.203,0.371,3.605,3.779,2.707,2.579,,,,,
segment,Paranoia,13.6,150.0,chart_changepoint,4,60,85,,,26,,223,,,,,,,,,,,12.192,0.7,,,,,vocal,,,,,,,drums,0.641,other,0.614,drums,2.627,,,,0.641,0.502,0.614,0.166,0.712,2.627,2.437,2.107,2.296,,,,,
song,Signature,13.5,128.0,,,,,,,70,698,503,0.0,-17.5,0.63,0.535,0.652,0.674,0.772,40,0.5,0.75,9.971,,11.494,-0.108,2.341,-0.9,instrumental,,,,,,,,,,,,,,,,0.783,0.052,0.129,0.08,0.325,3.896,0.864,1.494,1.434,0.109,0.666,tail_kill,1.241,0.667
segment,Signature,13.5,128.0,audio_segment,0,2,8,intro,イントロ,7,,19,,,,,,,,,,,4.0,0.312,,,,,instrumental,0.321,0.071,drum,,drum,,drums,0.684,other,0.263,drums,11.859,True,True,True,0.684,0.0,0.263,0.0,0.0,11.859,,4.245,0.0,,,,,
segment,Signature,13.5,128.0,audio_segment,1,9,12,quiet_chorus,落ちサビ,4,,23,,,,,,,,,,,9.0,0.66,,,,,instrumental,0.641,0.192,drum,,drum,,drums,0.957,vocals,0.087,drums,4.924,True,True,True,0.957,0.0,0.0,0.087,0.4,4.924,,0.0,2.218,,,,,
segment,Signature,13.5,128.0,audio_segment,2,13,28,chorus,サビ,16,,122,,,,,,,,,,,11.625,0.85,,,,,instrumental,0.58,0.427,vocal,hook|vocal,drum,hook,drums,0.779,vocals,0.164,drums,3.732,True,True,True,0.779,0.066,0.156,0.164,0.4,3.732,0.778,1.47,1.723,,,,,
segment,Signature,13.5,128.0,audio_segment,3,29,36,final_chorus,ラスサビ,8,,67,,,,,,,,,,,11.0,0.881,,,,,instrumental,0.488,0.333,vocal,hook|vocal,drum,hook,drums,0.716,other,0.149,drums,2.97,True,True,True,0.716,0.045,0.149,0.045,0.13,2.97,0.884,1.174,0.509,,,,,
segment,Signature,13.5,128.0,audio_segment,4,37,46,verse,Aメロ,10,,77,,,,,,,,,,,10.0,0.771,,,,,instrumental,0.409,0.179,hook,hook,drum,hook,drums,0.961,other,0.117,drums,4.077,True,True,True,0.961,0.013,0.117,0.039,0.2,4.077,0.514,0.837,0.831,,,,,
segment,Signature,13.5,128.0,audio_segment,5,47,54,verse,Aメロ,8,,31,,,,,,,,,,,6.0,0.558,,,,,instrumental,0.976,0.323,drum,,drum,,drums,0.613,vocals,0.129,drums,5.256,True,True,True,0.613,0.0,0.032,0.129,0.4,5.256,0.0,2.032,3.291,,,,,
segment,Signature,13.5,128.0,audio_segment,6,55,62,interlude,間奏,8,,71,,,,,,,,,,,12.5,0.743,,,,,instrumental,0.067,0.045,hook,bass,drum,bass,drums,0.817,bass,0.099,drums,3.475,True,True,True,0.817,0.099,0.099,0.028,0.667,3.475,0.821,1.419,2.361,,,,,
segment,Signature,13.5,128.0,audio_segment,7,63,71,quiet_chorus,落ちサビ,9,,93,,,,,,,,,,,12.444,0.827,,,,,instrumental,0.501,0.21,drum,,drum,,drums,0.699,other,0.15,drums,2.952,True,True,True,0.699,0.075,0.15,0.065,0.375,2.952,0.643,2.304,1.167,,,,,
segment,Signature,13.5,128.0,chart_changepoint,0,2,8,,,7,,19,,,,,,,,,,,4.0,0.312,,,,,instrumental,,,,,,,drums,0.684,other,0.263,drums,11.859,,,,0.684,0.0,0.263,0.0,0.0,11.859,,4.245,0.0,,,,,
segment,Signature,13.5,128.0,chart_changepoint,1,9,20,,,12,,79,,,,,,,,,,,10.083,0.726,,,,,instrumental,,,,,,,drums,0.747,other,0.139,drums,4.023,,,,0.747,0.063,0.139,0.089,0.35,4.023,1.614,1.702,1.706,,,,,
segment,Signature,13.5,128.0,chart_changepoint,2,21,45,,,25,,205,,,,,,,,,,,11.28,0.867,,,,,instrumental,,,,,,,drums,0.854,other,0.132,drums,3.622,,,,0.854,0.034,0.132,0.102,0.3,3.622,0.562,1.057,1.195,,,,,
segment,Signature,13.5,128.0,chart_changepoint,3,46,52,,,7,,16,,,,,,,,,,,3.286,0.503,,,,,instrumental,,,,,,,drums,0.625,other,0.062,drums,6.262,,,,0.625,0.0,0.062,0.0,0.0,6.262,0.0,1.984,0.0,,,,,
segment,Signature,13.5,128.0,chart_changepoint,4,53,71,,,19,,184,,,,,,,,,,,12.842,0.787,,,,,instrumental,,,,,,,drums,0.745,other,0.114,drums,3.135,,,,0.745,0.076,0.114,0.065,0.462,3.135,0.703,1.889,1.522,,,,,
song,TRUST,13.1,190.0,,,,,,,95,729,448,0.0,5.0,12.48,0.345,0.363,0.402,0.302,20,0.5,0.75,7.674,,6.682,0.426,2.828,-2.095,vocal,,,,,,,,,,,,,,,,0.585,0.078,0.393,0.29,0.797,2.798,1.555,2.92,3.67,0.156,0.583,other,0.945,0.371
segment,TRUST,13.1,190.0,audio_segment,0,2,8,intro,イントロ,7,,36,,,,,,,,,,,6.0,0.479,,,,,vocal,0.0,0.0,hook,hook,drum,hook,other,0.333,drums,0.222,other,3.059,False,True,False,0.222,0.083,0.333,0.0,,1.933,1.796,3.059,,,,,,
segment,TRUST,13.1,190.0,audio_segment,1,9,16,interlude,間奏,8,,42,,,,,,,,,,,7.875,0.712,,,,,vocal,0.0,0.0,hook,hook,drum,hook,drums,0.691,other,0.452,other,3.544,True,True,False,0.691,0.095,0.452,0.0,,2.688,1.282,3.544,,,,,,
segment,TRUST,13.1,190.0,audio_segment,2,17,28,verse,Aメロ,12,,51,,,,,,,,,,,7.167,0.803,,,,,vocal,0.8,0.274,drum,hook,drum,hook,drums,0.961,vocals,0.275,drums,3.829,True,True,True,0.961,0.059,0.235,0.275,0.7,3.829,1.681,2.321,3.607,,,,,
segment,TRUST,13.1,190.0,audio_segment,3,29,32,verse,Aメロ,4,,17,,,,,,,,,,,7.75,0.803,,,,,vocal,0.95,0.25,drum,hook,drum,hook,drums,0.882,other,0.353,vocals,5.132,True,True,False,0.882,0.0,0.353,0.353,1.0,3.558,,3.152,5.132,,,,,
segment,TRUST,13.1,190.0,audio_segment,4,33,42,quiet_chorus,落ちサビ,10,,36,,,,,,,,,,,5.5,0.826,,,,,vocal,0.962,0.353,drum,hook,drum,hook,drums,0.694,other,0.556,vocals,4.068,True,True,False,0.694,0.111,0.556,0.333,0.667,3.228,2.98,4.058,4.068,,,,,
segment,TRUST,13.1,190.0,audio_segment,5,43,48,chorus,サビ,6,,26,,,,,,,,,,,6.833,0.894,,,,,vocal,1.0,0.571,vocal,hook|vocal,drum,hook,drums,0.577,vocals,0.5,vocals,4.203,True,True,False,0.577,0.0,0.269,0.5,0.812,2.902,0.0,2.263,4.203,,,,,
segment,TRUST,13.1,190.0,audio_segment,6,49,60,chorus,サビ,12,,63,,,,,,,,,,,9.083,0.9,,,,,vocal,1.0,0.645,vocal,hook|vocal,drum,hook,drums,0.603,vocals,0.524,vocals,3.577,True,True,False,0.603,0.095,0.365,0.524,0.825,2.772,2.053,2.899,3.577,,,,,
segment,TRUST,13.1,190.0,audio_segment,7,61,64,quiet_chorus,落ちサビ,4,,13,,,,,,,,,,,7.5,0.868,,,,,vocal,1.0,0.389,hook,hook,drum,hook,drums,0.692,vocals,0.462,vocals,5.786,True,True,False,0.692,0.0,0.308,0.462,0.857,3.597,0.0,2.009,5.786,,,,,
segment,TRUST,13.1,190.0,audio_segment,8,65,76,chorus,サビ,12,,62,,,,,,,,,,,8.5,0.891,,,,,vocal,1.0,0.441,vocal,hook|vocal,drum,hook,drums,0.452,other,0.403,vocals,3.958,True,True,False,0.452,0.048,0.403,0.387,0.923,2.168,0.839,2.576,3.958,,,,,
segment,TRUST,13.1,190.0,audio_segment,9,77,84,quiet_chorus,落ちサビ,8,,42,,,,,,,,,,,9.875,0.887,,,,,vocal,1.0,0.6,hook,hook,drum,hook,drums,0.476,other,0.333,vocals,2.844,True,True,False,0.476,0.191,0.333,0.333,0.667,2.538,2.77,2.176,2.844,,,,,
segment,TRUST,13.1,190.0,audio_segment,10,85,90,verse,Aメロ,6,,38,,,,,,,,,,,8.0,0.659,,,,,vocal,0.935,0.529,hook,hook,drum,hook,drums,0.395,other,0.368,drums,3.135,True,True,True,0.395,0.079,0.368,0.184,0.778,3.135,1.702,3.097,2.679,,,,,
segment,TRUST,13.1,190.0,audio_segment,11,91,96,interlude,間奏,6,,22,,,,,,,,,,,7.167,0.647,,,,,vocal,0.0,0.0,hook,hook,drum,hook,other,0.727,drums,0.364,other,4.748,False,True,False,0.364,0.045,0.727,0.0,,1.773,0.843,4.748,,,,,,
segment,TRUST,13.1,190.0,chart_changepoint,0,2,11,,,10,,51,,,,,,,,,,,6.0,0.556,,,,,vocal,,,,,,,other,0.392,drums,0.372,other,3.258,,,,0.372,0.098,0.392,0.0,,2.312,1.77,3.258,,,,,,
segment,TRUST,13.1,190.0,chart_changepoint,1,12,33,,,22,,101,,,,,,,,,,,7.727,0.776,,,,,vocal,,,,,,,drums,0.852,other,0.297,vocals,3.672,,,,0.852,0.05,0.297,0.208,0.778,3.411,1.374,2.797,3.672,,,,,
segment,TRUST,13.1,190.0,chart_changepoint,2,34,47,,,14,,49,,,,,,,,,,,5.429,0.857,,,,,vocal,,,,,,,drums,0.633,other,0.449,vocals,4.218,,,,0.633,0.061,0.449,0.408,0.667,3.031,1.32,3.457,4.218,,,,,
segment,TRUST,13.1,190.0,chart_changepoint,3,48,86,,,39,,200,,,,,,,,,,,9.051,0.885,,,,,vocal,,,,,,,drums,0.545,vocals,0.43,vocals,3.647,,,,0.545,0.095,0.37,0.43,0.835,2.663,1.577,2.545,3.647,,,,,
segment,TRUST,13.1,190.0,chart_changepoint,4,87,96,,,10,,47,,,,,,,,,,,7.0,0.627,,,,,vocal,,,,,,,other,0.532,drums,0.298,other,3.885,,,,0.298,0.043,0.532,0.021,0.333,1.848,1.141,3.885,1.504,,,,,
song,Urban Crusher [Remix],13.4,155.0,,,,,,,66,476,426,0.0,2.5,8.7,0.209,0.258,0.22,0.307,0,0.75,1.0,7.212,,9.492,0.38,1.87,-0.877,instrumental,,,,,,,,,,,,,,,,0.648,0.193,0.439,0.021,0.6,2.717,2.6,2.145,2.373,0.143,0.552,tail_kill,1.057,0.357
segment,Urban Crusher [Remix],13.4,155.0,audio_segment,0,3,10,intro,イントロ,8,,42,,,,,,,,,,,5.25,0.657,,,,,instrumental,0.252,0.033,drum,hook,drum,hook,drums,0.691,other,0.333,drums,2.699,True,True,True,0.691,0.024,0.333,0.0,,2.699,0.714,1.893,,,,,,
segment,Urban Crusher [Remix],13.4,155.0,audio_segment,1,11,18,quiet_chorus,落ちサビ,8,,59,,,,,,,,,,,8.375,0.549,,,,,instrumental,1.0,0.049,hook,hook,drum,hook,other,0.576,drums,0.407,other,3.272,False,True,False,0.407,0.203,0.576,0.0,0.0,2.258,2.902,3.272,0.0,,,,,
segment,Urban Crusher [Remix],13.4,155.0,audio_segment,2,19,34,interlude,間奏,16,,110,,,,,,,,,,,7.125,0.578,,,,,instrumental,0.202,0.035,drum,hook,drum,hook,drums,0.7,other,0.345,vocals,3.772,True,True,False,0.7,0.045,0.345,0.036,1.0,2.88,1.011,1.538,3.772,,,,,
segment,Urban Crusher [Remix],13.4,155.0,audio_segment,3,35,42,chorus,サビ,8,,53,,,,,,,,,,,8.5,0.842,,,,,instrumental,0.9,0.019,drum,hook,drum,hook,drums,0.736,bass,0.698,vocals,3.905,True,True,False,0.736,0.698,0.151,0.019,1.0,3.305,3.637,0.728,3.905,,,,,
segment,Urban Crusher [Remix],13.4,155.0,audio_segment,4,43,60,interlude,間奏,18,,109,,,,,,,,,,,6.889,0.544,,,,,instrumental,0.199,0.023,drum,hook,drum,hook,drums,0.661,other,0.596,bass,3.173,True,True,False,0.661,0.147,0.596,0.018,0.667,2.706,3.173,2.973,2.85,,,,,
segment,Urban Crusher [Remix],13.4,155.0,audio_segment,5,61,64,chorus,サビ,4,,26,,,,,,,,,,,8.0,0.708,,,,,instrumental,1.0,0.097,drum,hook,drum,hook,drums,0.615,other,0.538,bass,3.044,True,True,False,0.615,0.308,0.538,0.077,0.667,2.372,3.044,2.503,2.686,,,,,
segment,Urban Crusher [Remix],13.4,155.0,audio_segment,6,65,68,verse,Aメロ,4,,27,,,,,,,,,,,7.25,0.504,,,,,instrumental,0.679,0.0,drum,hook,drum,hook,drums,0.63,other,0.407,drums,2.736,True,True,True,0.63,0.074,0.407,0.0,,2.736,0.733,2.313,,,,,,
segment,Urban Crusher [Remix],13.4,155.0,chart_changepoint,0,3,10,,,8,,42,,,,,,,,,,,5.25,0.657,,,,,instrumental,,,,,,,drums,0.691,other,0.333,drums,2.699,,,,0.691,0.024,0.333,0.0,,2.699,0.714,1.893,,,,,,
segment,Urban Crusher [Remix],13.4,155.0,chart_changepoint,1,11,19,,,9,,71,,,,,,,,,,,8.778,0.562,,,,,instrumental,,,,,,,other,0.507,drums,0.451,other,2.444,,,,0.451,0.169,0.507,0.0,0.0,2.37,2.395,2.444,0.0,,,,,
segment,Urban Crusher [Remix],13.4,155.0,chart_changepoint,2,20,36,,,17,,107,,,,,,,,,,,6.471,0.584,,,,,instrumental,,,,,,,drums,0.682,other,0.346,vocals,4.123,,,,0.682,0.103,0.346,0.047,1.0,2.851,2.013,1.696,4.123,,,,,
segment,Urban Crusher [Remix],13.4,155.0,chart_changepoint,3,37,43,,,7,,60,,,,,,,,,,,10.857,0.884,,,,,instrumental,,,,,,,drums,0.767,bass,0.6,drums,3.171,,,,0.767,0.6,0.183,0.017,1.0,3.171,2.833,0.866,3.019,,,,,
segment,Urban Crusher [Remix],13.4,155.0,chart_changepoint,4,44,68,,,25,,146,,,,,,,,,,,6.76,0.554,,,,,instrumental,,,,,,,drums,0.651,other,0.603,other,2.994,,,,0.651,0.144,0.603,0.021,0.6,2.712,2.452,2.994,2.662,,,,,
song,Xevel,14.3,176.0,,,,,,,98,1169,897,0.0,2.5,7.6,0.408,0.362,0.419,0.538,0,0.25,0.75,11.929,,10.032,-0.627,4.693,-3.448,instrumental,,,,,,,,,,,,,,,,0.642,0.214,0.416,0.109,0.596,2.478,1.94,1.546,1.483,0.188,0.695,tail_kill,1.32,0.769
segment,Xevel,14.3,176.0,audio_segment,0,4,8,intro,イントロ,5,,3,,,,,,,,,,,2.4,0.477,,,,,instrumental,0.852,3.5,drum,,drum,,drums,0.0,bass,0.0,drums,0.0,True,True,True,0.0,0.0,0.0,0.0,0.0,0.0,,0.0,0.0,,,,,
segment,Xevel,14.3,176.0,audio_segment,1,9,12,pre_chorus,Bメロ,4,,17,,,,,,,,,,,6.0,0.689,,,,,instrumental,0.485,0.062,drum,,drum,,drums,0.647,bass,0.059,drums,3.876,True,True,True,0.647,0.059,0.059,0.0,0.0,3.876,1.747,0.276,0.0,,,,,
segment,Xevel,14.3,176.0,audio_segment,2,13,24,chorus,サビ,12,,101,,,,,,,,,,,11.417,0.903,,,,,instrumental,0.283,0.326,vocal,hook|vocal,drum,hook,drums,0.782,bass,0.247,drums,2.694,True,True,True,0.782,0.247,0.188,0.158,0.552,2.694,1.911,0.636,1.498,,,,,
segment,Xevel,14.3,176.0,audio_segment,3,25,32,interlude,間奏,8,,75,,,,,,,,,,,9.875,0.701,,,,,instrumental,0.129,0.697,drum,hook,drum,hook,drums,0.44,other,0.333,drums,2.533,True,True,True,0.44,0.133,0.333,0.307,1.0,2.533,2.374,1.305,2.463,,,,,
segment,Xevel,14.3,176.0,audio_segment,4,33,48,final_chorus,ラスサビ,16,,132,,,,,,,,,,,12.562,0.907,,,,,instrumental,0.917,0.205,drum,hook,drum,hook,drums,0.795,other,0.371,drums,2.589,True,True,True,0.795,0.303,0.371,0.136,0.692,2.589,1.875,1.518,1.883,,,,,
segment,Xevel,14.3,176.0,audio_segment,5,49,52,quiet_chorus,落ちサビ,4,,34,,,,,,,,,,,10.25,0.851,,,,,instrumental,0.596,0.1,bass,bass,drum,bass,drums,0.794,other,0.324,drums,2.709,True,True,True,0.794,0.176,0.324,0.029,0.333,2.709,1.264,1.501,0.863,,,,,
segment,Xevel,14.3,176.0,audio_segment,6,53,60,interlude,間奏,8,,65,,,,,,,,,,,9.75,0.725,,,,,instrumental,0.106,0.233,hook,hook,drum,hook,other,0.6,drums,0.569,drums,2.586,False,True,True,0.569,0.154,0.6,0.061,0.4,2.586,1.741,2.019,1.095,,,,,
segment,Xevel,14.3,176.0,audio_segment,7,61,68,verse,Aメロ,8,,81,,,,,,,,,,,12.125,0.751,,,,,instrumental,0.493,0.22,hook,hook,drum,hook,other,0.679,drums,0.444,bass,2.16,False,True,False,0.444,0.049,0.679,0.062,0.556,2.106,2.16,2.017,1.218,,,,,
segment,Xevel,14.3,176.0,audio_segment,8,69,84,quiet_chorus,落ちサビ,16,,189,,,,,,,,,,,15.875,0.867,,,,,instrumental,0.968,0.221,hook,hook,drum,hook,drums,0.661,other,0.439,drums,2.152,True,True,True,0.661,0.196,0.439,0.058,0.357,2.152,1.712,1.625,0.749,,,,,
segment,Xevel,14.3,176.0,audio_segment,9,85,88,verse,Aメロ,4,,48,,,,,,,,,,,14.25,0.83,,,,,instrumental,1.0,0.062,drum,hook,drum,hook,drums,0.562,other,0.438,drums,1.819,True,True,True,0.562,0.146,0.438,0.0,0.0,1.819,1.045,1.582,0.0,,,,,
segment,Xevel,14.3,176.0,audio_segment,10,89,100,verse,Aメロ,12,,150,,,,,,,,,,,15.083,0.827,,,,,instrumental,0.437,0.258,drum,bass,drum,bass,drums,0.58,other,0.433,bass,2.093,True,True,False,0.58,0.34,0.433,0.133,0.826,1.997,2.093,1.465,1.572,,,,,
segment,Xevel,14.3,176.0,audio_segment,11,101,101,interlude,間奏,1,,2,,,,,,,,,,,8.0,0.618,,,,,instrumental,0.009,0.0,drum,,drum,,drums,1.0,bass,0.5,drums,11.319,True,True,True,1.0,0.5,0.5,0.0,,11.319,11.063,2.96,,,,,,
segment,Xevel,14.3,176.0,chart_changepoint,0,4,13,,,10,,25,,,,,,,,,,,4.3,0.604,,,,,instrumental,,,,,,,drums,0.64,other,0.08,drums,6.031,,,,0.64,0.04,0.08,0.04,0.111,6.031,1.803,0.51,1.011,,,,,
segment,Xevel,14.3,176.0,chart_changepoint,1,14,30,,,17,,143,,,,,,,,,,,10.412,0.822,,,,,instrumental,,,,,,,drums,0.692,other,0.245,drums,2.786,,,,0.692,0.203,0.245,0.203,0.691,2.786,2.065,0.873,1.878,,,,,
segment,Xevel,14.3,176.0,chart_changepoint,2,31,50,,,20,,188,,,,,,,,,,,13.35,0.891,,,,,instrumental,,,,,,,drums,0.723,other,0.367,drums,2.389,,,,0.723,0.277,0.367,0.138,0.703,2.389,1.759,1.482,1.687,,,,,
segment,Xevel,14.3,176.0,chart_changepoint,3,51,64,,,14,,101,,,,,,,,,,,8.643,0.751,,,,,instrumental,,,,,,,drums,0.663,other,0.634,drums,2.888,,,,0.663,0.129,0.634,0.069,0.467,2.888,1.624,2.162,1.434,,,,,
segment,Xevel,14.3,176.0,chart_changepoint,4,65,101,,,37,,440,,,,,,,,,,,15.162,0.829,,,,,instrumental,,,,,,,drums,0.577,other,0.457,drums,2.047,,,,0.577,0.221,0.457,0.077,0.552,2.047,1.825,1.605,1.105,,,,,
song,おちゃめ機能,13.6,150.0,,,,,,,56,499,441,0.0,-2.5,12.26,-0.073,-0.026,0.086,0.201,4,0.25,0.25,8.911,,9.808,0.711,1.742,-0.974,vocal,,,,,,,,,,,,,,,,0.755,0.254,0.32,0.227,0.625,2.632,3.109,1.816,2.194,0.098,0.596,other,0.828,0.286
segment,おちゃめ機能,13.6,150.0,audio_segment,0,2,4,intro,イントロ,3,,28,,,,,,,,,,,9.0,0.493,,,,,vocal,0.015,0.042,drum,bass,drum,bass,other,0.75,drums,0.714,bass,3.191,False,True,False,0.714,0.643,0.75,0.0,0.0,2.756,3.191,2.07,0.0,,,,,
segment,おちゃめ機能,13.6,150.0,audio_segment,1,5,12,quiet_chorus,落ちサビ,8,,64,,,,,,,,,,,9.125,0.63,,,,,vocal,0.945,0.312,vocal,hook,drum,hook,drums,0.688,vocals,0.25,bass,3.109,True,True,False,0.688,0.156,0.109,0.25,0.8,2.653,3.109,1.222,2.794,,,,,
segment,おちゃめ機能,13.6,150.0,audio_segment,2,13,24,verse,Aメロ,12,,82,,,,,,,,,,,8.083,0.857,,,,,vocal,0.85,0.318,drum,hook|vocal,drum,hook,drums,0.793,other,0.488,bass,3.46,True,True,False,0.793,0.329,0.488,0.183,0.429,2.725,3.46,2.113,1.766,,,,,
segment,おちゃめ機能,13.6,150.0,audio_segment,3,25,38,chorus,サビ,14,,131,,,,,,,,,,,10.429,0.894,,,,,vocal,0.973,0.448,vocal,hook|vocal,drum,hook,drums,0.702,other,0.412,bass,2.669,True,True,False,0.702,0.206,0.412,0.244,0.571,2.468,2.669,2.068,1.754,,,,,
segment,おちゃめ機能,13.6,150.0,audio_segment,4,39,50,chorus,サビ,12,,93,,,,,,,,,,,8.75,0.707,,,,,vocal,1.0,0.311,vocal,hook|vocal,drum,hook,drums,0.753,vocals,0.237,bass,3.014,True,True,False,0.753,0.129,0.107,0.237,0.688,2.735,3.014,1.378,2.486,,,,,
segment,おちゃめ機能,13.6,150.0,audio_segment,5,51,54,verse,Aメロ,4,,26,,,,,,,,,,,7.5,0.684,,,,,vocal,0.92,0.275,drum,vocal,drum,vocal,drums,0.846,bass,0.462,bass,3.752,True,True,False,0.846,0.462,0.077,0.308,0.727,2.706,3.752,1.211,3.14,,,,,
segment,おちゃめ機能,13.6,150.0,audio_segment,6,55,57,interlude,間奏,3,,17,,,,,,,,,,,7.0,0.594,,,,,vocal,0.288,0.167,drum,,drum,,drums,0.941,other,0.353,bass,4.071,True,True,False,0.941,0.294,0.353,0.235,0.8,3.01,4.071,1.232,3.884,,,,,
segment,おちゃめ機能,13.6,150.0,chart_changepoint,0,2,23,,,22,,164,,,,,,,,,,,8.409,0.723,,,,,vocal,,,,,,,drums,0.75,other,0.396,bass,3.425,,,,0.75,0.317,0.396,0.183,0.566,2.735,3.425,1.941,2.118,,,,,
segment,おちゃめ機能,13.6,150.0,chart_changepoint,1,24,29,,,6,,58,,,,,,,,,,,11.333,0.905,,,,,vocal,,,,,,,drums,0.724,other,0.397,bass,2.926,,,,0.724,0.328,0.397,0.224,0.591,2.452,2.926,1.968,1.745,,,,,
segment,おちゃめ機能,13.6,150.0,chart_changepoint,2,30,35,,,6,,44,,,,,,,,,,,8.0,0.909,,,,,vocal,,,,,,,drums,0.75,other,0.455,bass,3.324,,,,0.75,0.182,0.455,0.25,0.524,2.618,3.324,2.313,2.033,,,,,
segment,おちゃめ機能,13.6,150.0,chart_changepoint,3,36,41,,,6,,63,,,,,,,,,,,11.5,0.768,,,,,vocal,,,,,,,drums,0.619,other,0.302,drums,2.478,,,,0.619,0.127,0.302,0.254,0.696,2.478,2.096,2.085,1.897,,,,,
segment,おちゃめ機能,13.6,150.0,chart_changepoint,4,42,57,,,16,,112,,,,,,,,,,,8.062,0.683,,,,,vocal,,,,,,,drums,0.839,vocals,0.268,bass,3.288,,,,0.839,0.223,0.125,0.268,0.732,2.8,3.288,1.07,2.924,,,,,
song,しねばいいのに,13.0,138.0,,,,,,,65,479,258,0.0,-25.0,2.46,0.22,0.296,0.294,0.239,36,0.25,0.75,7.369,,9.2,-0.266,4.216,0.365,vocal,,,,,,,,,,,,,,,,0.659,0.163,0.632,0.302,0.401,2.556,0.802,2.177,3.075,0.105,0.249,tail_kill,2.392,0.429
segment,しねばいいのに,13.0,138.0,audio_segment,0,2,12,intro,イントロ,11,,23,,,,,,,,,,,4.182,0.608,,,,,vocal,0.903,2.786,vocal,vocal,hook,vocal,other,0.652,vocals,0.478,drums,5.441,True,True,False,0.217,0.043,0.652,0.478,0.289,5.441,2.002,2.108,4.257,,,,,
segment,しねばいいのに,13.0,138.0,audio_segment,1,13,22,interlude,間奏,10,,33,,,,,,,,,,,5.1,0.758,,,,,vocal,0.009,0.0,hook,hook,drum,hook,drums,0.879,other,0.818,drums,3.012,True,True,True,0.879,0.091,0.818,0.0,0.0,3.012,0.385,2.828,0.0,,,,,
segment,しねばいいのに,13.0,138.0,audio_segment,2,23,28,chorus,サビ,6,,17,,,,,,,,,,,6.5,0.949,,,,,vocal,0.837,0.229,vocal,bass|vocal,drum,bass,drums,0.941,other,0.588,vocals,4.547,True,True,False,0.941,0.059,0.588,0.471,0.421,2.504,0.248,2.439,4.547,,,,,
segment,しねばいいのに,13.0,138.0,audio_segment,3,29,40,chorus,サビ,12,,37,,,,,,,,,,,5.083,0.939,,,,,vocal,1.0,0.438,vocal,bass|vocal,drum,bass,drums,0.784,other,0.73,vocals,3.825,True,True,False,0.784,0.027,0.73,0.54,0.377,2.668,0.116,3.17,3.825,,,,,
segment,しねばいいのに,13.0,138.0,audio_segment,4,41,48,verse,Aメロ,8,,22,,,,,,,,,,,4.375,0.867,,,,,vocal,0.981,0.806,drum,hook|vocal,drum,hook,drums,0.955,other,0.636,drums,7.628,True,True,True,0.955,0.136,0.636,0.318,0.28,7.628,0.691,2.204,3.113,,,,,
segment,しねばいいのに,13.0,138.0,audio_segment,5,49,56,quiet_chorus,落ちサビ,8,,20,,,,,,,,,,,7.25,0.898,,,,,vocal,1.0,0.346,drum,hook,drum,hook,drums,0.9,other,0.9,vocals,6.369,True,True,False,0.9,0.1,0.9,0.7,0.518,3.151,0.432,3.151,6.369,,,,,
segment,しねばいいのに,13.0,138.0,audio_segment,6,57,64,quiet_chorus,落ちサビ,8,,80,,,,,,,,,,,20.0,0.889,,,,,vocal,1.0,0.308,drum,hook,drum,hook,drums,0.475,other,0.463,vocals,1.853,True,True,False,0.475,0.312,0.463,0.175,0.565,1.663,1.371,1.637,1.853,,,,,
segment,しねばいいのに,13.0,138.0,audio_segment,7,65,66,verse,Aメロ,2,,26,,,,,,,,,,,14.5,0.882,,,,,vocal,0.468,0.125,hook,hook,drum,hook,other,0.5,drums,0.385,other,1.527,False,True,False,0.385,0.231,0.5,0.077,0.4,1.376,1.012,1.527,0.931,,,,,
segment,しねばいいのに,13.0,138.0,chart_changepoint,0,2,10,,,9,,18,,,,,,,,,,,3.556,0.574,,,,,vocal,,,,,,,other,0.556,vocals,0.5,vocals,4.092,,,,0.0,0.0,0.556,0.5,0.265,,0.0,1.774,4.092,,,,,
segment,しねばいいのに,13.0,138.0,chart_changepoint,1,11,36,,,26,,79,,,,,,,,,,,5.808,0.861,,,,,vocal,,,,,,,drums,0.873,other,0.747,vocals,3.97,,,,0.873,0.063,0.747,0.304,0.4,2.798,0.281,2.84,3.97,,,,,
segment,しねばいいのに,13.0,138.0,chart_changepoint,2,37,46,,,10,,28,,,,,,,,,,,3.2,0.884,,,,,vocal,,,,,,,drums,0.893,other,0.714,drums,5.082,,,,0.893,0.143,0.714,0.429,0.316,5.082,0.627,2.626,3.488,,,,,
segment,しねばいいのに,13.0,138.0,chart_changepoint,3,47,56,,,10,,27,,,,,,,,,,,7.5,0.895,,,,,vocal,,,,,,,drums,0.889,other,0.815,vocals,5.477,,,,0.889,0.074,0.815,0.556,0.484,3.428,0.354,2.969,5.477,,,,,
segment,しねばいいのに,13.0,138.0,chart_changepoint,4,57,66,,,10,,106,,,,,,,,,,,18.9,0.887,,,,,vocal,,,,,,,other,0.472,drums,0.462,vocals,1.742,,,,0.462,0.292,0.472,0.16,0.571,1.625,1.283,1.617,1.742,,,,,
song,どうしてこうなった,13.7,180.0,,,,,,,101,934,700,0.0,0.0,8.47,0.274,-0.061,-0.009,0.067,10,0.75,0.75,9.248,,8.173,1.002,3.655,-2.902,vocal,,,,,,,,,,,,,,,,0.874,0.254,0.133,0.15,0.556,2.828,2.363,1.913,1.84,0.066,0.677,tail_kill,1.216,-0.021
segment,どうしてこうなった,13.7,180.0,audio_segment,0,2,4,intro,イントロ,3,,20,,,,,,,,,,,6.667,0.046,,,,,vocal,0.0,0.21,hook,hook,drum,hook,other,1.0,drums,0.55,other,3.096,False,True,False,0.55,0.15,1.0,0.1,0.5,2.218,1.505,3.096,1.717,,,,,
segment,どうしてこうなった,13.7,180.0,audio_segment,1,5,12,verse,Aメロ,8,,59,,,,,,,,,,,7.5,0.514,,,,,vocal,0.454,0.254,drum,vocal,drum,vocal,drums,0.898,vocals,0.17,drums,3.01,True,True,True,0.898,0.119,0.085,0.17,0.625,3.01,1.567,2.195,1.969,,,,,
segment,どうしてこうなった,13.7,180.0,audio_segment,2,13,20,verse,Aメロ,8,,63,,,,,,,,,,,10.125,0.745,,,,,vocal,0.608,0.237,drum,hook|vocal,drum,hook,drums,0.825,other,0.682,bass,3.16,True,True,False,0.825,0.651,0.682,0.191,0.667,2.373,3.16,2.938,1.978,,,,,
segment,どうしてこうなった,13.7,180.0,audio_segment,3,21,24,verse,Aメロ,4,,29,,,,,,,,,,,9.25,0.722,,,,,vocal,0.639,0.29,drum,hook|vocal,drum,hook,drums,0.862,bass,0.724,drums,2.928,True,True,True,0.862,0.724,0.138,0.241,0.778,2.928,2.855,1.014,2.507,,,,,
segment,どうしてこうなった,13.7,180.0,audio_segment,4,25,28,chorus,サビ,4,,28,,,,,,,,,,,10.5,0.834,,,,,vocal,0.796,0.379,vocal,bass|vocal,drum,bass,drums,0.893,bass,0.786,drums,3.207,True,True,True,0.893,0.786,0.214,0.143,0.364,3.207,2.822,1.47,1.227,,,,,
segment,どうしてこうなった,13.7,180.0,audio_segment,5,29,32,chorus,サビ,4,,9,,,,,,,,,,,4.75,0.901,,,,,vocal,0.839,0.367,drum,bass,drum,bass,drums,0.778,bass,0.111,drums,2.715,True,True,True,0.778,0.111,0.0,0.111,0.1,2.715,0.817,0.0,1.044,,,,,
segment,どうしてこうなった,13.7,180.0,audio_segment,6,33,48,quiet_chorus,落ちサビ,16,,120,,,,,,,,,,,9.875,0.713,,,,,vocal,0.991,0.159,drum,,drum,,drums,0.9,vocals,0.125,drums,2.902,True,True,True,0.9,0.067,0.008,0.125,0.682,2.902,2.009,0.992,2.083,,,,,
segment,どうしてこうなった,13.7,180.0,audio_segment,7,49,56,verse,Aメロ,8,,44,,,,,,,,,,,7.375,0.7,,,,,vocal,0.623,0.298,drum,vocal,drum,vocal,drums,0.932,bass,0.614,bass,3.266,True,True,False,0.932,0.614,0.068,0.227,0.5,2.968,3.266,1.766,2.136,,,,,
segment,どうしてこうなった,13.7,180.0,audio_segment,8,57,64,quiet_chorus,落ちサビ,8,,51,,,,,,,,,,,7.25,0.771,,,,,vocal,0.802,0.318,bass,bass,drum,bass,drums,0.902,bass,0.726,drums,3.023,True,True,True,0.902,0.726,0.098,0.294,0.75,3.023,3.012,0.967,2.764,,,,,
segment,どうしてこうなった,13.7,180.0,audio_segment,9,65,70,chorus,サビ,6,,27,,,,,,,,,,,7.667,0.879,,,,,vocal,0.726,0.348,vocal,bass|vocal,drum,bass,drums,0.741,bass,0.333,drums,2.539,True,True,True,0.741,0.333,0.111,0.148,0.25,2.539,2.287,1.196,1.31,,,,,
segment,どうしてこうなった,13.7,180.0,audio_segment,10,71,84,quiet_chorus,落ちサビ,14,,105,,,,,,,,,,,11.286,0.734,,,,,vocal,1.0,0.161,drum,,drum,,drums,0.933,vocals,0.095,drums,2.957,True,True,True,0.933,0.0,0.009,0.095,0.526,2.957,0.0,0.992,1.608,,,,,
segment,どうしてこうなった,13.7,180.0,audio_segment,11,85,102,verse,Aメロ,18,,145,,,,,,,,,,,10.889,0.674,,,,,vocal,1.0,0.163,drum,,drum,,drums,0.848,vocals,0.097,other,2.765,True,True,False,0.848,0.014,0.014,0.097,0.583,2.758,1.846,2.765,1.658,,,,,
segment,どうしてこうなった,13.7,180.0,chart_changepoint,0,2,12,,,11,,79,,,,,,,,,,,7.273,0.386,,,,,vocal,,,,,,,drums,0.81,other,0.317,drums,2.843,,,,0.81,0.127,0.317,0.152,0.6,2.843,1.538,2.506,1.933,,,,,
segment,どうしてこうなった,13.7,180.0,chart_changepoint,1,13,36,,,24,,159,,,,,,,,,,,8.917,0.771,,,,,vocal,,,,,,,drums,0.849,bass,0.553,bass,2.853,,,,0.849,0.553,0.333,0.176,0.538,2.749,2.853,2.393,1.896,,,,,
segment,どうしてこうなった,13.7,180.0,chart_changepoint,2,37,49,,,13,,99,,,,,,,,,,,10.615,0.725,,,,,vocal,,,,,,,drums,0.919,vocals,0.111,drums,2.881,,,,0.919,0.061,0.01,0.111,0.611,2.881,2.532,0.978,1.839,,,,,
segment,どうしてこうなった,13.7,180.0,chart_changepoint,3,50,69,,,20,,103,,,,,,,,,,,6.75,0.777,,,,,vocal,,,,,,,drums,0.922,bass,0.68,bass,3.285,,,,0.922,0.68,0.107,0.272,0.509,3.067,3.285,1.271,2.335,,,,,
segment,どうしてこうなった,13.7,180.0,chart_changepoint,4,70,102,,,33,,260,,,,,,,,,,,11.121,0.702,,,,,vocal,,,,,,,drums,0.869,vocals,0.096,drums,2.805,,,,0.869,0.015,0.011,0.096,0.568,2.805,1.619,1.698,1.651,,,,,
song,キミノヨゾラ哨戒班,13.0,185.0,,,,,,,90,741,535,0.0,0.0,4.84,0.36,0.303,0.391,0.373,68,0.25,0.5,8.233,,6.863,0.689,3.666,-3.516,vocal,,,,,,,,,,,,,,,,0.703,0.237,0.355,0.146,0.561,3.207,2.226,2.904,2.092,0.073,0.745,tail_kill,1.123,0.793
segment,キミノヨゾラ哨戒班,13.0,185.0,audio_segment,0,3,28,intro,イントロ,26,,139,,,,,,,,,,,7.462,0.63,,,,,vocal,0.906,0.758,vocal,hook,drum,hook,other,0.791,drums,0.504,other,3.481,False,True,False,0.504,0.144,0.791,0.209,0.426,3.37,1.629,3.481,1.831,,,,,
segment,キミノヨゾラ哨戒班,13.0,185.0,audio_segment,1,29,44,chorus,サビ,16,,91,,,,,,,,,,,7.5,0.823,,,,,vocal,1.0,0.364,vocal,bass|vocal,drum,bass,drums,0.846,bass,0.33,drums,3.4,True,True,True,0.846,0.33,0.198,0.319,0.806,3.4,2.362,2.635,3.224,,,,,
segment,キミノヨゾラ哨戒班,13.0,185.0,audio_segment,2,45,48,quiet_chorus,落ちサビ,4,,27,,,,,,,,,,,7.0,0.712,,,,,vocal,1.0,0.0,drum,bass,drum,bass,drums,0.741,bass,0.407,drums,2.951,True,True,True,0.741,0.407,0.0,0.0,,2.951,2.919,0.0,,,,,,
segment,キミノヨゾラ哨戒班,13.0,185.0,audio_segment,3,49,52,verse,Aメロ,4,,27,,,,,,,,,,,7.0,0.527,,,,,vocal,0.456,0.045,drum,bass,drum,bass,drums,0.593,bass,0.407,bass,2.919,True,True,False,0.593,0.407,0.0,0.0,0.0,2.638,2.919,,0.0,,,,,
segment,キミノヨゾラ哨戒班,13.0,185.0,audio_segment,4,53,60,pre_chorus,Bメロ,8,,41,,,,,,,,,,,6.0,0.504,,,,,vocal,0.052,0.038,drum,hook,drum,hook,drums,0.854,other,0.756,other,4.024,True,True,False,0.854,0.244,0.756,0.0,0.0,3.235,1.883,4.024,0.0,,,,,
segment,キミノヨゾラ哨戒班,13.0,185.0,audio_segment,5,61,76,chorus,サビ,16,,101,,,,,,,,,,,9.562,0.751,,,,,vocal,1.0,0.337,drum,,drum,,drums,0.812,other,0.247,drums,3.579,True,True,True,0.812,0.188,0.247,0.198,0.667,3.579,2.265,2.888,2.384,,,,,
segment,キミノヨゾラ哨戒班,13.0,185.0,audio_segment,6,77,92,verse,Aメロ,16,,109,,,,,,,,,,,10.625,0.726,,,,,vocal,0.879,0.01,drum,,drum,,drums,0.697,bass,0.229,drums,2.852,True,True,True,0.697,0.229,0.055,0.0,0.0,2.852,2.521,2.408,0.0,,,,,
segment,キミノヨゾラ哨戒班,13.0,185.0,chart_changepoint,0,3,18,,,16,,103,,,,,,,,,,,8.375,0.638,,,,,vocal,,,,,,,other,0.806,drums,0.427,other,2.982,,,,0.427,0.087,0.806,0.204,0.404,2.858,1.052,2.982,1.461,,,,,
segment,キミノヨゾラ哨戒班,13.0,185.0,chart_changepoint,1,19,60,,,42,,222,,,,,,,,,,,6.762,0.675,,,,,vocal,,,,,,,drums,0.779,other,0.342,drums,3.431,,,,0.779,0.329,0.342,0.162,0.654,3.431,2.576,3.283,2.759,,,,,
segment,キミノヨゾラ哨戒班,13.0,185.0,chart_changepoint,2,61,74,,,14,,87,,,,,,,,,,,9.357,0.747,,,,,vocal,,,,,,,drums,0.839,other,0.241,drums,3.694,,,,0.839,0.184,0.241,0.218,0.704,3.694,2.155,2.933,2.559,,,,,
segment,キミノヨゾラ哨戒班,13.0,185.0,chart_changepoint,3,75,83,,,9,,65,,,,,,,,,,,11.444,0.746,,,,,vocal,,,,,,,drums,0.692,bass,0.246,drums,3.055,,,,0.692,0.246,0.092,0.015,0.25,3.055,2.52,2.612,0.756,,,,,
segment,キミノヨゾラ哨戒班,13.0,185.0,chart_changepoint,4,84,92,,,9,,58,,,,,,,,,,,9.889,0.719,,,,,vocal,,,,,,,drums,0.672,bass,0.207,bass,2.621,,,,0.672,0.207,0.069,0.0,,2.609,2.621,2.271,,,,,,
song,キレキャリオン,13.1,170.0,,,,,,,86,715,446,0.0,-5.0,7.18,0.035,0.004,0.046,0.118,28,0.5,0.75,8.314,,7.468,0.847,3.437,-2.385,vocal,,,,,,,,,,,,,,,,0.785,0.054,0.09,0.24,0.594,3.618,1.481,1.995,2.787,0.152,0.617,tail_kill,1.353,0.075
segment,キレキャリオン,13.1,170.0,audio_segment,0,4,12,intro,イントロ,9,,59,,,,,,,,,,,8.222,0.538,,,,,vocal,0.0,0.045,drum,,drum,,drums,0.695,other,0.051,drums,3.704,True,True,True,0.695,0.017,0.051,0.034,1.0,3.704,0.906,2.179,3.606,,,,,
segment,キレキャリオン,13.1,170.0,audio_segment,1,13,20,chorus,サビ,8,,41,,,,,,,,,,,8.0,0.92,,,,,vocal,0.864,0.589,vocal,hook|vocal,drum,hook,drums,0.805,vocals,0.439,bass,3.722,True,True,False,0.805,0.098,0.39,0.439,0.545,3.128,3.722,2.3,2.73,,,,,
segment,キレキャリオン,13.1,170.0,audio_segment,2,21,24,verse,Aメロ,4,,19,,,,,,,,,,,7.5,0.823,,,,,vocal,0.57,0.148,drum,,drum,,drums,0.895,vocals,0.21,vocals,5.06,True,True,False,0.895,0.0,0.105,0.21,1.0,3.588,0.0,2.034,5.06,,,,,
segment,キレキャリオン,13.1,170.0,audio_segment,3,25,40,quiet_chorus,落ちサビ,16,,94,,,,,,,,,,,8.562,0.877,,,,,vocal,0.946,0.51,vocal,vocal,drum,vocal,drums,0.692,vocals,0.436,vocals,3.321,True,True,False,0.692,0.085,0.011,0.436,0.774,2.865,1.378,1.007,3.321,,,,,
segment,キレキャリオン,13.1,170.0,audio_segment,4,41,48,chorus,サビ,8,,39,,,,,,,,,,,10.125,0.89,,,,,vocal,1.0,0.512,vocal,vocal,drum,vocal,drums,0.769,vocals,0.256,drums,3.767,True,True,True,0.769,0.026,0.0,0.256,0.455,3.767,1.622,0.0,2.325,,,,,
segment,キレキャリオン,13.1,170.0,audio_segment,5,49,56,quiet_chorus,落ちサビ,8,,34,,,,,,,,,,,8.0,0.835,,,,,vocal,0.881,0.364,drum,,drum,,drums,0.941,vocals,0.235,drums,4.515,True,True,True,0.941,0.088,0.059,0.235,0.5,4.515,2.121,3.72,2.888,,,,,
segment,キレキャリオン,13.1,170.0,audio_segment,6,57,62,interlude,間奏,6,,21,,,,,,,,,,,7.0,0.718,,,,,vocal,0.0,0.0,drum,,drum,,drums,1.0,other,0.143,drums,4.337,True,True,True,1.0,0.095,0.143,0.0,,4.337,1.27,2.089,,,,,,
segment,キレキャリオン,13.1,170.0,audio_segment,7,63,80,verse,Aメロ,18,,74,,,,,,,,,,,6.833,0.791,,,,,vocal,0.954,0.623,drum,vocal,drum,vocal,drums,0.797,vocals,0.284,drums,4.796,True,True,True,0.797,0.041,0.162,0.284,0.438,4.796,1.737,2.943,2.648,,,,,
segment,キレキャリオン,13.1,170.0,audio_segment,8,81,89,outro,アウトロ,9,,65,,,,,,,,,,,11.111,0.676,,,,,vocal,0.074,0.035,drum,,drum,,drums,0.785,bass,0.031,drums,3.325,True,True,True,0.785,0.031,0.015,0.031,1.0,3.325,0.946,1.637,3.273,,,,,
segment,キレキャリオン,13.1,170.0,chart_changepoint,0,4,39,,,36,,204,,,,,,,,,,,8.139,0.796,,,,,vocal,,,,,,,drums,0.73,vocals,0.324,drums,3.193,,,,0.73,0.064,0.108,0.324,0.717,3.193,1.62,1.919,3.143,,,,,
segment,キレキャリオン,13.1,170.0,chart_changepoint,1,40,48,,,9,,48,,,,,,,,,,,10.333,0.886,,,,,vocal,,,,,,,drums,0.771,vocals,0.208,drums,3.425,,,,0.771,0.021,0.0,0.208,0.455,3.425,1.113,0.0,2.111,,,,,
segment,キレキャリオン,13.1,170.0,chart_changepoint,2,49,60,,,12,,48,,,,,,,,,,,7.667,0.804,,,,,vocal,,,,,,,drums,0.958,vocals,0.167,drums,4.42,,,,0.958,0.083,0.104,0.167,0.5,4.42,1.513,2.726,3.025,,,,,
segment,キレキャリオン,13.1,170.0,chart_changepoint,3,61,69,,,9,,22,,,,,,,,,,,3.889,0.656,,,,,vocal,,,,,,,drums,0.818,other,0.409,drums,6.606,,,,0.818,0.136,0.409,0.273,0.333,6.606,3.678,3.975,3.347,,,,,
segment,キレキャリオン,13.1,170.0,chart_changepoint,4,70,89,,,20,,124,,,,,,,,,,,10.1,0.788,,,,,vocal,,,,,,,drums,0.79,vocals,0.137,drums,3.563,,,,0.79,0.024,0.032,0.137,0.531,3.563,0.961,3.052,2.086,,,,,
song,コトバ・カラフル,13.7,169.0,,,,,,,60,575,310,0.0,-5.0,5.42,-0.246,-0.239,-0.208,0.197,12,0.25,0.5,9.583,,8.705,0.677,2.813,-1.983,vocal,,,,,,,,,,,,,,,,0.848,0.416,0.465,0.284,0.677,3.513,2.359,3.134,3.193,0.032,0.601,other,0.887,-0.393
segment,コトバ・カラフル,13.7,169.0,audio_segment,0,3,8,intro,イントロ,6,,37,,,,,,,,,,,11.333,0.775,,,,,vocal,0.086,0.021,drum,hook,drum,hook,drums,0.919,other,0.703,drums,3.589,True,True,True,0.919,0.351,0.703,0.0,0.0,3.589,2.35,3.583,0.0,,,,,
segment,コトバ・カラフル,13.7,169.0,audio_segment,1,9,12,pre_chorus,Bメロ,4,,24,,,,,,,,,,,12.5,0.883,,,,,vocal,0.477,0.346,drum,hook,drum,hook,drums,0.75,bass,0.542,drums,3.123,True,True,True,0.75,0.542,0.417,0.208,0.556,3.123,2.612,2.844,2.297,,,,,
segment,コトバ・カラフル,13.7,169.0,audio_segment,2,13,24,chorus,サビ,12,,48,,,,,,,,,,,7.917,0.969,,,,,vocal,0.865,0.425,vocal,bass|vocal,drum,bass,drums,0.833,bass,0.562,vocals,3.752,True,True,False,0.833,0.562,0.375,0.458,0.595,3.158,2.197,2.79,3.752,,,,,
segment,コトバ・カラフル,13.7,169.0,audio_segment,3,25,34,quiet_chorus,落ちサビ,10,,52,,,,,,,,,,,9.1,0.901,,,,,vocal,0.92,0.474,vocal,bass,drum,bass,drums,0.808,bass,0.577,drums,3.774,True,True,True,0.808,0.577,0.462,0.308,0.593,3.774,2.976,3.65,2.854,,,,,
segment,コトバ・カラフル,13.7,169.0,audio_segment,4,35,44,chorus,サビ,10,,56,,,,,,,,,,,10.4,0.936,,,,,vocal,0.953,0.55,vocal,bass|vocal,drum,bass,drums,0.875,vocals,0.429,drums,3.908,True,True,True,0.875,0.304,0.321,0.429,0.727,3.908,2.208,2.278,3.293,,,,,
segment,コトバ・カラフル,13.7,169.0,audio_segment,5,45,52,quiet_chorus,落ちサビ,8,,44,,,,,,,,,,,9.375,0.915,,,,,vocal,1.0,0.434,bass,hook,drum,hook,drums,0.818,vocals,0.432,vocals,3.775,True,True,False,0.818,0.341,0.364,0.432,0.826,3.351,2.981,2.645,3.775,,,,,
segment,コトバ・カラフル,13.7,169.0,audio_segment,6,53,62,interlude,間奏,10,,49,,,,,,,,,,,9.2,0.685,,,,,vocal,0.126,0.0,hook,hook,drum,hook,drums,0.837,other,0.653,other,4.628,True,True,False,0.837,0.286,0.653,0.0,,4.035,2.195,4.628,,,,,,
segment,コトバ・カラフル,13.7,169.0,chart_changepoint,0,3,12,,,10,,61,,,,,,,,,,,11.8,0.818,,,,,vocal,,,,,,,drums,0.853,other,0.59,drums,3.414,,,,0.853,0.426,0.59,0.082,0.5,3.414,2.462,3.341,1.981,,,,,
segment,コトバ・カラフル,13.7,169.0,chart_changepoint,1,13,29,,,17,,75,,,,,,,,,,,8.118,0.944,,,,,vocal,,,,,,,drums,0.84,bass,0.627,drums,3.431,,,,0.84,0.627,0.413,0.4,0.577,3.431,2.559,3.181,3.299,,,,,
segment,コトバ・カラフル,13.7,169.0,chart_changepoint,2,30,50,,,21,,113,,,,,,,,,,,9.81,0.928,,,,,vocal,,,,,,,drums,0.867,vocals,0.407,drums,3.694,,,,0.867,0.327,0.354,0.407,0.754,3.694,2.46,2.591,3.525,,,,,
segment,コトバ・カラフル,13.7,169.0,chart_changepoint,3,51,56,,,6,,38,,,,,,,,,,,11.333,0.847,,,,,vocal,,,,,,,drums,0.816,other,0.553,drums,3.397,,,,0.816,0.395,0.553,0.158,0.857,3.397,2.073,3.303,3.283,,,,,
segment,コトバ・カラフル,13.7,169.0,chart_changepoint,4,57,62,,,6,,23,,,,,,,,,,,7.5,0.593,,,,,vocal,,,,,,,drums,0.783,other,0.652,other,5.478,,,,0.783,0.174,0.652,0.0,,4.52,2.146,5.478,,,,,,
song,ジングルベル,14.4,100.0,,,,,,,38,648,545,0.0,-2.5,4.54,-0.205,-0.183,-0.349,-0.04,6,0.5,0.5,17.053,,18.48,0.989,4.837,-3.622,vocal,,,,,,,,,,,,,,,,0.538,0.079,0.237,0.053,0.583,2.413,1.923,2.1,1.667,0.367,0.714,tail_kill,1.114,0.0
segment,ジングルベル,14.4,100.0,audio_segment,0,2,14,intro,イントロ,13,,173,,,,,,,,,,,15.308,0.845,,,,,vocal,0.914,0.14,drum,hook,drum,hook,drums,0.607,other,0.11,drums,2.654,True,True,True,0.607,0.104,0.11,0.064,0.579,2.654,2.133,1.786,1.772,,,,,
segment,ジングルベル,14.4,100.0,audio_segment,1,15,18,chorus,サビ,4,,47,,,,,,,,,,,19.0,0.818,,,,,vocal,1.0,0.125,drum,,drum,,drums,0.617,bass,0.085,bass,3.447,True,True,False,0.617,0.085,0.085,0.021,0.2,2.789,3.447,2.312,0.692,,,,,
segment,ジングルベル,14.4,100.0,audio_segment,2,19,28,interlude,間奏,10,,136,,,,,,,,,,,16.6,0.712,,,,,vocal,0.141,0.051,hook,hook,drum,hook,drums,0.522,other,0.404,vocals,2.96,True,True,False,0.522,0.044,0.404,0.037,1.0,2.424,1.626,2.519,2.96,,,,,
segment,ジングルベル,14.4,100.0,audio_segment,3,29,39,chorus,サビ,11,,189,,,,,,,,,,,18.818,0.865,,,,,vocal,0.916,0.19,drum,,hook,,drums,0.46,other,0.27,drums,2.264,False,True,False,0.46,0.079,0.27,0.064,0.579,2.264,1.703,1.884,1.502,,,,,
segment,ジングルベル,14.4,100.0,chart_changepoint,0,2,6,,,5,,63,,,,,,,,,,,13.4,0.813,,,,,vocal,,,,,,,drums,0.603,other,0.175,drums,2.68,,,,0.603,0.143,0.175,0.048,0.375,2.68,2.453,2.029,1.214,,,,,
segment,ジングルベル,14.4,100.0,chart_changepoint,1,7,14,,,8,,110,,,,,,,,,,,16.5,0.865,,,,,vocal,,,,,,,drums,0.6,bass,0.082,drums,2.599,,,,0.6,0.082,0.073,0.073,0.727,2.599,1.911,1.588,2.152,,,,,
segment,ジングルベル,14.4,100.0,chart_changepoint,2,15,18,,,4,,47,,,,,,,,,,,19.0,0.818,,,,,vocal,,,,,,,drums,0.617,bass,0.085,bass,3.447,,,,0.617,0.085,0.085,0.021,0.2,2.789,3.447,2.312,0.692,,,,,
segment,ジングルベル,14.4,100.0,chart_changepoint,3,19,22,,,4,,50,,,,,,,,,,,13.75,0.664,,,,,vocal,,,,,,,drums,0.46,other,0.42,other,2.8,,,,0.46,0.08,0.42,0.0,,2.176,2.6,2.8,,,,,,
segment,ジングルベル,14.4,100.0,chart_changepoint,4,23,39,,,17,,275,,,,,,,,,,,18.706,0.822,,,,,vocal,,,,,,,drums,0.487,other,0.309,drums,2.337,,,,0.487,0.062,0.309,0.062,0.667,2.337,1.588,2.035,1.783,,,,,
song,ソーラン☆節,13.4,145.0,,,,,,,54,414,333,0.0,2.5,4.43,0.351,0.333,0.284,0.372,2,0.25,0.5,7.667,,10.146,0.105,2.812,1.122,vocal,,,,,,,,,,,,,,,,0.742,0.126,0.411,0.165,0.372,2.983,2.34,2.76,1.716,0.15,0.553,tail_kill,1.37,0.179
segment,ソーラン☆節,13.4,145.0,audio_segment,0,2,8,intro,イントロ,7,,38,,,,,,,,,,,7.714,0.599,,,,,vocal,0.33,0.263,hook,hook,drum,hook,drums,0.684,other,0.474,bass,5.135,True,True,False,0.684,0.105,0.474,0.0,0.0,3.83,5.135,2.934,0.0,,,,,
segment,ソーラン☆節,13.4,145.0,audio_segment,1,9,12,verse,Aメロ,4,,14,,,,,,,,,,,4.0,0.901,,,,,vocal,0.906,0.235,drum,hook,drum,hook,drums,1.0,bass,0.214,drums,3.771,True,True,True,1.0,0.214,0.214,0.143,0.25,3.771,1.686,1.588,2.043,,,,,
segment,ソーラン☆節,13.4,145.0,audio_segment,2,13,24,verse,Aメロ,12,,70,,,,,,,,,,,6.5,0.893,,,,,vocal,0.806,0.356,drum,hook,drum,hook,drums,0.857,other,0.257,drums,3.179,True,True,True,0.857,0.186,0.257,0.257,0.486,3.179,2.371,2.432,2.432,,,,,
segment,ソーラン☆節,13.4,145.0,audio_segment,3,25,36,chorus,サビ,12,,65,,,,,,,,,,,8.417,0.892,,,,,vocal,1.0,0.417,drum,hook,drum,hook,drums,0.8,other,0.431,bass,4.126,True,True,False,0.8,0.277,0.431,0.246,0.4,3.178,4.126,3.255,2.163,,,,,
segment,ソーラン☆節,13.4,145.0,audio_segment,4,37,42,verse,Aメロ,6,,45,,,,,,,,,,,8.0,0.841,,,,,vocal,0.981,0.316,hook,hook,drum,hook,drums,0.644,other,0.444,drums,3.142,True,True,True,0.644,0.0,0.444,0.089,0.333,3.142,,2.332,1.271,,,,,
segment,ソーラン☆節,13.4,145.0,audio_segment,5,43,54,final_chorus,ラスサビ,12,,100,,,,,,,,,,,9.25,0.943,,,,,vocal,0.963,0.38,drum,hook,drum,hook,drums,0.63,other,0.48,other,3.084,True,True,False,0.63,0.02,0.48,0.15,0.395,2.416,1.113,3.084,1.383,,,,,
segment,ソーラン☆節,13.4,145.0,audio_segment,6,55,55,verse,Aメロ,1,,1,,,,,,,,,,,6.0,0.722,,,,,vocal,0.37,0.375,drum,,drum,,drums,1.0,other,1.0,drums,5.116,True,True,True,1.0,0.0,1.0,0.0,0.0,5.116,0.0,4.462,0.0,,,,,
segment,ソーラン☆節,13.4,145.0,chart_changepoint,0,2,8,,,7,,38,,,,,,,,,,,7.714,0.599,,,,,vocal,,,,,,,drums,0.684,other,0.474,bass,5.135,,,,0.684,0.105,0.474,0.0,0.0,3.83,5.135,2.934,0.0,,,,,
segment,ソーラン☆節,13.4,145.0,chart_changepoint,1,9,14,,,6,,25,,,,,,,,,,,4.333,0.911,,,,,vocal,,,,,,,drums,0.92,vocals,0.24,drums,3.412,,,,0.92,0.2,0.2,0.24,0.333,3.412,1.941,1.482,2.329,,,,,
segment,ソーラン☆節,13.4,145.0,chart_changepoint,2,15,29,,,15,,74,,,,,,,,,,,6.933,0.871,,,,,vocal,,,,,,,drums,0.851,other,0.324,drums,3.334,,,,0.851,0.243,0.324,0.27,0.513,3.334,3.269,2.797,3.005,,,,,
segment,ソーラン☆節,13.4,145.0,chart_changepoint,3,30,47,,,18,,124,,,,,,,,,,,8.111,0.895,,,,,vocal,,,,,,,drums,0.702,other,0.371,bass,3.052,,,,0.702,0.097,0.371,0.202,0.397,2.804,3.052,2.821,1.692,,,,,
segment,ソーラン☆節,13.4,145.0,chart_changepoint,4,48,55,,,8,,72,,,,,,,,,,,10.5,0.934,,,,,vocal,,,,,,,drums,0.625,other,0.597,other,2.797,,,,0.625,0.042,0.597,0.056,0.222,2.588,1.17,2.797,0.709,,,,,
song,ロストワンの号哭,13.6,162.0,,,,,,,87,946,689,0.0,5.0,-3.24,-0.294,-0.501,-0.358,-0.508,28,0.75,0.75,10.874,,9.081,1.556,4.902,-4.83,vocal,,,,,,,,,,,,,,,,0.457,0.126,0.078,0.2,0.622,2.484,1.939,1.975,2.018,0.366,0.694,tail_kill,1.288,-0.85
segment,ロストワンの号哭,13.6,162.0,audio_segment,0,2,10,intro,イントロ,9,,89,,,,,,,,,,,12.111,0.262,,,,,vocal,0.0,0.0,drum,bass,drum,bass,drums,0.573,bass,0.202,drums,2.747,True,True,True,0.573,0.202,0.124,0.0,,2.747,1.976,2.559,,,,,,
segment,ロストワンの号哭,13.6,162.0,audio_segment,1,11,26,verse,Aメロ,16,,131,,,,,,,,,,,10.375,0.501,,,,,vocal,0.793,0.476,drum,vocal,drum,vocal,drums,0.458,vocals,0.221,drums,2.444,True,True,True,0.458,0.092,0.03,0.221,0.744,2.444,1.691,1.356,2.355,,,,,
segment,ロストワンの号哭,13.6,162.0,audio_segment,2,27,34,verse,Aメロ,8,,54,,,,,,,,,,,9.125,0.662,,,,,vocal,0.91,1.0,drum,vocal,drum,vocal,vocals,0.444,drums,0.333,vocals,2.811,False,True,False,0.333,0.111,0.093,0.444,0.706,2.108,1.744,1.876,2.811,,,,,
segment,ロストワンの号哭,13.6,162.0,audio_segment,3,35,42,chorus,サビ,8,,51,,,,,,,,,,,9.5,0.824,,,,,vocal,1.0,0.976,vocal,vocal,drum,vocal,vocals,0.353,drums,0.255,vocals,1.925,False,True,False,0.255,0.039,0.0,0.353,0.45,1.36,0.988,0.0,1.925,,,,,
segment,ロストワンの号哭,13.6,162.0,audio_segment,4,43,56,quiet_chorus,落ちサビ,14,,103,,,,,,,,,,,10.571,0.616,,,,,vocal,1.0,0.789,drum,vocal,drum,vocal,drums,0.34,vocals,0.282,vocals,2.307,True,True,False,0.34,0.087,0.019,0.282,0.644,2.235,2.201,2.247,2.307,,,,,
segment,ロストワンの号哭,13.6,162.0,audio_segment,5,57,68,chorus,サビ,12,,81,,,,,,,,,,,9.833,0.769,,,,,vocal,1.0,0.729,vocal,vocal|hook,drum,vocal,drums,0.506,vocals,0.284,bass,2.837,True,True,False,0.506,0.185,0.185,0.284,0.535,2.804,2.837,2.054,2.102,,,,,
segment,ロストワンの号哭,13.6,162.0,audio_segment,6,69,76,quiet_chorus,落ちサビ,8,,62,,,,,,,,,,,10.875,0.601,,,,,vocal,0.933,0.625,vocal,vocal,drum,vocal,drums,0.355,vocals,0.21,other,3.202,True,True,False,0.355,0.129,0.032,0.21,0.65,2.373,1.764,3.202,2.178,,,,,
segment,ロストワンの号哭,13.6,162.0,audio_segment,7,77,84,interlude,間奏,8,,79,,,,,,,,,,,14.125,0.328,,,,,vocal,0.0,0.018,drum,,drum,,drums,0.658,bass,0.101,drums,2.708,True,True,True,0.658,0.101,0.051,0.013,1.0,2.708,1.228,2.526,2.507,,,,,
segment,ロストワンの号哭,13.6,162.0,audio_segment,8,85,88,interlude,間奏,4,,39,,,,,,,,,,,14.0,0.341,,,,,vocal,0.0,0.0,hook,bass,drum,bass,drums,0.487,other,0.282,drums,2.784,True,True,True,0.487,0.179,0.282,0.0,,2.784,2.061,2.287,,,,,,
segment,ロストワンの号哭,13.6,162.0,chart_changepoint,0,2,11,,,10,,99,,,,,,,,,,,12.3,0.27,,,,,vocal,,,,,,,drums,0.596,bass,0.202,drums,2.763,,,,0.596,0.202,0.111,0.01,0.5,2.763,2.021,2.55,1.252,,,,,
segment,ロストワンの号哭,13.6,162.0,chart_changepoint,1,12,27,,,16,,128,,,,,,,,,,,10.312,0.508,,,,,vocal,,,,,,,drums,0.438,vocals,0.227,drums,2.442,,,,0.438,0.094,0.039,0.227,0.744,2.442,1.658,1.423,2.41,,,,,
segment,ロストワンの号哭,13.6,162.0,chart_changepoint,2,28,39,,,12,,76,,,,,,,,,,,8.5,0.745,,,,,vocal,,,,,,,vocals,0.474,drums,0.289,vocals,2.584,,,,0.289,0.053,0.053,0.474,0.6,1.738,1.14,1.444,2.584,,,,,
segment,ロストワンの号哭,13.6,162.0,chart_changepoint,3,40,76,,,37,,268,,,,,,,,,,,10.459,0.68,,,,,vocal,,,,,,,drums,0.392,vocals,0.265,drums,2.371,,,,0.392,0.123,0.071,0.265,0.592,2.371,2.185,1.886,2.152,,,,,
segment,ロストワンの号哭,13.6,162.0,chart_changepoint,4,77,88,,,12,,118,,,,,,,,,,,14.083,0.332,,,,,vocal,,,,,,,drums,0.602,bass,0.127,drums,2.723,,,,0.602,0.127,0.127,0.009,1.0,2.723,1.513,2.28,2.515,,,,,
song,ワールズエンド・ダンスホール,13.0,171.0,,,,,,,68,464,357,0.0,7.5,6.47,0.132,0.26,0.238,0.249,10,0.5,0.75,6.824,,7.425,0.286,1.842,-1.333,vocal,,,,,,,,,,,,,,,,0.591,0.168,0.532,0.403,0.724,2.707,1.574,2.743,3.383,0.101,0.524,other,0.989,0.25
segment,ワールズエンド・ダンスホール,13.0,171.0,audio_segment,0,4,28,intro,イントロ,25,,116,,,,,,,,,,,6.12,0.851,,,,,vocal,0.574,0.432,hook,hook,drum,hook,drums,0.621,other,0.509,vocals,3.743,True,True,False,0.621,0.259,0.509,0.405,0.702,2.681,1.977,2.942,3.743,,,,,
segment,ワールズエンド・ダンスホール,13.0,171.0,audio_segment,1,29,34,pre_chorus,Bメロ,6,,18,,,,,,,,,,,4.5,0.775,,,,,vocal,0.0,0.0,drum,hook,drum,hook,drums,0.556,other,0.556,other,2.582,True,True,False,0.556,0.111,0.556,0.0,,2.455,0.799,2.582,,,,,,
segment,ワールズエンド・ダンスホール,13.0,171.0,audio_segment,2,35,44,chorus,サビ,10,,62,,,,,,,,,,,6.7,0.947,,,,,vocal,0.904,0.706,vocal,vocal|hook,drum,vocal,other,0.645,drums,0.597,drums,3.046,False,True,True,0.597,0.145,0.645,0.355,0.611,3.046,1.38,2.379,2.488,,,,,
segment,ワールズエンド・ダンスホール,13.0,171.0,audio_segment,3,45,48,chorus,サビ,4,,26,,,,,,,,,,,8.25,0.929,,,,,vocal,1.0,0.773,vocal,vocal|hook,drum,vocal,drums,0.654,other,0.462,drums,3.121,True,True,True,0.654,0.115,0.462,0.423,0.647,3.121,1.408,2.118,2.546,,,,,
segment,ワールズエンド・ダンスホール,13.0,171.0,audio_segment,4,49,52,quiet_chorus,落ちサビ,4,,26,,,,,,,,,,,8.75,0.833,,,,,vocal,1.0,0.947,drum,hook,drum,hook,drums,0.615,other,0.538,drums,3.349,True,True,True,0.615,0.038,0.538,0.462,0.667,3.349,0.419,2.798,2.637,,,,,
segment,ワールズエンド・ダンスホール,13.0,171.0,audio_segment,5,53,66,quiet_chorus,落ちサビ,14,,77,,,,,,,,,,,8.286,0.805,,,,,vocal,0.977,0.787,drum,vocal,drum,vocal,vocals,0.662,drums,0.545,vocals,4.018,False,True,False,0.545,0.039,0.442,0.662,0.864,2.665,1.001,3.177,4.018,,,,,
segment,ワールズエンド・ダンスホール,13.0,171.0,audio_segment,6,67,71,interlude,間奏,5,,32,,,,,,,,,,,6.6,0.707,,,,,vocal,0.187,0.071,hook,hook,drum,hook,other,0.625,drums,0.5,other,3.248,False,True,False,0.5,0.375,0.625,0.031,0.5,2.349,2.629,3.248,1.843,,,,,
segment,ワールズエンド・ダンスホール,13.0,171.0,chart_changepoint,0,4,11,,,8,,25,,,,,,,,,,,4.0,0.799,,,,,vocal,,,,,,,drums,0.88,other,0.56,vocals,7.505,,,,0.88,0.36,0.56,0.04,1.0,3.302,2.29,2.728,7.505,,,,,
segment,ワールズエンド・ダンスホール,13.0,171.0,chart_changepoint,1,12,27,,,16,,88,,,,,,,,,,,7.25,0.881,,,,,vocal,,,,,,,drums,0.568,vocals,0.523,vocals,3.233,,,,0.568,0.227,0.477,0.523,0.697,2.607,1.965,3.081,3.233,,,,,
segment,ワールズエンド・ダンスホール,13.0,171.0,chart_changepoint,2,28,35,,,8,,23,,,,,,,,,,,4.5,0.786,,,,,vocal,,,,,,,other,0.565,drums,0.522,other,2.644,,,,0.522,0.174,0.565,0.0,0.0,2.349,1.174,2.644,0.0,,,,,
segment,ワールズエンド・ダンスホール,13.0,171.0,chart_changepoint,3,36,64,,,29,,179,,,,,,,,,,,8.069,0.874,,,,,vocal,,,,,,,drums,0.575,other,0.525,vocals,3.043,,,,0.575,0.078,0.525,0.497,0.736,2.954,1.101,2.616,3.043,,,,,
segment,ワールズエンド・ダンスホール,13.0,171.0,chart_changepoint,4,65,71,,,7,,42,,,,,,,,,,,6.571,0.73,,,,,vocal,,,,,,,other,0.619,drums,0.548,other,3.392,,,,0.548,0.286,0.619,0.167,0.7,2.472,2.608,3.392,2.813,,,,,
song,僕は空気が嫁ない,13.5,192.0,,,,,,,89,770,464,0.0,7.5,11.0,0.49,0.401,0.378,0.425,10,0.5,1.0,8.652,,7.663,0.549,3.329,-3.047,instrumental,,,,,,,,,,,,,,,,0.532,0.05,0.224,0.179,0.659,2.83,1.19,2.503,2.693,0.265,0.608,other,0.722,0.217
segment,僕は空気が嫁ない,13.5,192.0,audio_segment,0,2,10,intro,イントロ,9,,43,,,,,,,,,,,6.444,0.555,,,,,instrumental,0.867,1.45,vocal,,vocal,,other,0.488,vocals,0.419,other,3.205,False,True,False,0.233,0.0,0.488,0.419,0.621,2.299,0.0,3.205,2.921,,,,,
segment,僕は空気が嫁ない,13.5,192.0,audio_segment,1,11,20,interlude,間奏,10,,54,,,,,,,,,,,7.7,0.541,,,,,instrumental,0.062,0.023,drum,,drum,,drums,0.556,bass,0.093,other,3.261,True,True,False,0.556,0.093,0.093,0.0,0.0,2.918,1.333,3.261,0.0,,,,,
segment,僕は空気が嫁ない,13.5,192.0,audio_segment,2,21,26,interlude,間奏,6,,31,,,,,,,,,,,7.333,0.512,,,,,instrumental,0.0,0.038,drum,,drum,,drums,0.581,other,0.161,other,4.113,True,True,False,0.581,0.032,0.161,0.0,0.0,3.092,0.592,4.113,0.0,,,,,
segment,僕は空気が嫁ない,13.5,192.0,audio_segment,3,27,40,chorus,サビ,14,,70,,,,,,,,,,,8.357,0.834,,,,,instrumental,0.96,0.5,vocal,hook|vocal,drum,hook,drums,0.614,other,0.386,drums,3.406,True,True,True,0.614,0.043,0.386,0.3,0.724,3.406,2.522,3.237,3.17,,,,,
segment,僕は空気が嫁ない,13.5,192.0,audio_segment,4,41,50,quiet_chorus,落ちサビ,10,,40,,,,,,,,,,,8.5,0.768,,,,,instrumental,0.866,0.229,drum,,drum,,drums,0.625,other,0.375,vocals,4.375,True,True,False,0.625,0.15,0.375,0.225,0.818,3.037,2.159,4.302,4.375,,,,,
segment,僕は空気が嫁ない,13.5,192.0,audio_segment,5,51,64,final_chorus,ラスサビ,14,,74,,,,,,,,,,,11.643,0.889,,,,,instrumental,1.0,0.667,vocal,vocal|hook,drum,vocal,drums,0.432,vocals,0.297,drums,2.326,True,True,True,0.432,0.041,0.243,0.297,0.55,2.326,1.095,2.095,2.32,,,,,
segment,僕は空気が嫁ない,13.5,192.0,audio_segment,6,65,82,interlude,間奏,18,,112,,,,,,,,,,,9.778,0.55,,,,,instrumental,0.285,0.171,drum,,drum,,drums,0.509,vocals,0.116,vocals,3.167,True,True,False,0.509,0.027,0.089,0.116,0.929,2.591,0.851,2.437,3.167,,,,,
segment,僕は空気が嫁ない,13.5,192.0,audio_segment,7,83,88,interlude,間奏,6,,26,,,,,,,,,,,5.0,0.646,,,,,instrumental,0.079,0.03,hook,hook,drum,hook,drums,0.846,bass,0.038,drums,3.647,True,True,True,0.846,0.038,0.038,0.0,0.0,3.647,0.821,0.302,0.0,,,,,
segment,僕は空気が嫁ない,13.5,192.0,audio_segment,8,89,90,interlude,間奏,2,,14,,,,,,,,,,,10.0,0.513,,,,,instrumental,0.0,0.0,drum,,drum,,drums,0.714,other,0.143,drums,3.079,True,True,True,0.714,0.071,0.143,0.0,,3.079,1.028,0.924,,,,,,
segment,僕は空気が嫁ない,13.5,192.0,chart_changepoint,0,2,11,,,10,,46,,,,,,,,,,,6.2,0.562,,,,,instrumental,,,,,,,other,0.457,vocals,0.391,other,3.302,,,,0.239,0.0,0.457,0.391,0.6,2.198,0.0,3.302,2.918,,,,,
segment,僕は空気が嫁ない,13.5,192.0,chart_changepoint,1,12,48,,,37,,183,,,,,,,,,,,8.027,0.696,,,,,instrumental,,,,,,,drums,0.596,other,0.279,other,3.446,,,,0.596,0.066,0.279,0.147,0.711,3.125,1.399,3.446,3.067,,,,,
segment,僕は空気が嫁ない,13.5,192.0,chart_changepoint,2,49,66,,,18,,106,,,,,,,,,,,12.0,0.853,,,,,instrumental,,,,,,,drums,0.434,vocals,0.283,vocals,2.356,,,,0.434,0.057,0.207,0.283,0.625,2.259,1.208,1.959,2.356,,,,,
segment,僕は空気が嫁ない,13.5,192.0,chart_changepoint,3,67,81,,,15,,79,,,,,,,,,,,8.867,0.51,,,,,instrumental,,,,,,,drums,0.57,other,0.089,vocals,3.429,,,,0.57,0.038,0.089,0.076,0.857,3.033,1.502,2.813,3.429,,,,,
segment,僕は空気が嫁ない,13.5,192.0,chart_changepoint,4,82,90,,,9,,50,,,,,,,,,,,6.889,0.631,,,,,instrumental,,,,,,,drums,0.72,other,0.06,drums,3.076,,,,0.72,0.04,0.06,0.04,0.667,3.076,0.702,0.499,2.52,,,,,
song,初音ミクの消失,13.9,240.0,,,,,,,133,961,761,0.0,2.5,8.87,0.421,0.373,0.357,0.427,36,0.5,1.0,7.226,,7.14,0.016,3.101,-1.767,vocal,,,,,,,,,,,,,,,,0.558,0.238,0.075,0.202,0.595,1.918,1.643,1.91,1.822,0.258,0.496,other,0.9,0.211
segment,初音ミクの消失,13.9,240.0,audio_segment,0,3,18,intro,イントロ,16,,111,,,,,,,,,,,7.812,0.78,,,,,vocal,0.891,0.686,drum,,drum,,drums,0.631,vocals,0.279,drums,2.311,True,True,True,0.631,0.198,0.099,0.279,0.534,2.311,1.753,1.938,1.429,,,,,
segment,初音ミクの消失,13.9,240.0,audio_segment,1,19,34,interlude,間奏,16,,61,,,,,,,,,,,5.25,0.622,,,,,vocal,0.044,0.011,drum,bass,drum,bass,drums,0.77,bass,0.492,other,2.84,True,True,False,0.77,0.492,0.115,0.0,0.0,2.69,2.305,2.84,0.0,,,,,
segment,初音ミクの消失,13.9,240.0,audio_segment,2,35,50,verse,Aメロ,16,,43,,,,,,,,,,,4.75,0.747,,,,,vocal,0.932,0.337,bass,bass,drum,bass,drums,0.674,vocals,0.442,vocals,4.288,True,True,False,0.674,0.349,0.163,0.442,0.655,2.446,2.159,2.976,4.288,,,,,
segment,初音ミクの消失,13.9,240.0,audio_segment,3,51,60,chorus,サビ,10,,32,,,,,,,,,,,4.6,0.781,,,,,vocal,1.0,0.31,drum,bass,drum,bass,drums,0.719,vocals,0.5,vocals,4.884,True,True,False,0.719,0.438,0.062,0.5,0.889,2.446,2.31,2.635,4.884,,,,,
segment,初音ミクの消失,13.9,240.0,audio_segment,4,61,64,quiet_chorus,落ちサビ,4,,19,,,,,,,,,,,6.75,0.771,,,,,vocal,1.0,0.417,drum,vocal,drum,vocal,drums,0.579,vocals,0.474,vocals,3.401,True,True,False,0.579,0.263,0.0,0.474,0.9,1.915,2.327,0.0,3.401,,,,,
segment,初音ミクの消失,13.9,240.0,audio_segment,5,65,68,verse,Aメロ,4,,28,,,,,,,,,,,7.25,0.735,,,,,vocal,1.0,0.167,drum,bass,drum,bass,drums,0.464,bass,0.214,other,3.247,True,True,False,0.464,0.214,0.143,0.143,1.0,1.536,1.895,3.247,2.453,,,,,
segment,初音ミクの消失,13.9,240.0,audio_segment,6,69,80,chorus,サビ,12,,42,,,,,,,,,,,4.917,0.873,,,,,vocal,1.0,0.261,drum,bass,drum,bass,drums,0.786,vocals,0.286,other,4.004,True,True,False,0.786,0.191,0.214,0.286,0.522,2.207,1.186,4.004,2.63,,,,,
segment,初音ミクの消失,13.9,240.0,audio_segment,7,81,90,chorus,サビ,10,,104,,,,,,,,,,,10.7,0.866,,,,,vocal,1.0,0.492,vocal,bass|vocal,drum,bass,drums,0.375,vocals,0.202,vocals,1.226,True,True,False,0.375,0.144,0.048,0.202,0.7,1.224,1.075,1.026,1.226,,,,,
segment,初音ミクの消失,13.9,240.0,audio_segment,8,91,96,final_chorus,ラスサビ,6,,72,,,,,,,,,,,12.0,0.974,,,,,vocal,1.0,0.34,drum,bass,drum,bass,drums,0.639,vocals,0.167,drums,1.704,True,True,True,0.639,0.153,0.083,0.167,0.75,1.704,0.977,1.084,1.127,,,,,
segment,初音ミクの消失,13.9,240.0,audio_segment,9,97,102,quiet_chorus,落ちサビ,6,,40,,,,,,,,,,,9.333,0.773,,,,,vocal,1.0,0.655,vocal,vocal,drum,vocal,drums,0.625,vocals,0.225,other,2.525,True,True,False,0.625,0.075,0.05,0.225,0.474,2.483,1.109,2.525,1.3,,,,,
segment,初音ミクの消失,13.9,240.0,audio_segment,10,103,106,quiet_chorus,落ちサビ,4,,28,,,,,,,,,,,8.5,0.772,,,,,vocal,1.0,0.556,vocal,vocal,drum,vocal,drums,0.571,bass,0.179,drums,2.415,True,True,True,0.571,0.179,0.036,0.143,0.4,2.415,1.792,2.399,1.026,,,,,
segment,初音ミクの消失,13.9,240.0,audio_segment,11,107,110,verse,Aメロ,4,,28,,,,,,,,,,,9.25,0.75,,,,,vocal,1.0,0.263,drum,,drum,,drums,0.536,vocals,0.071,drums,2.16,True,True,True,0.536,0.0,0.0,0.071,0.4,2.16,0.0,,0.989,,,,,
segment,初音ミクの消失,13.9,240.0,audio_segment,12,111,114,verse,Aメロ,4,,40,,,,,,,,,,,11.25,0.757,,,,,vocal,1.0,0.5,drum,vocal,drum,vocal,drums,0.375,bass,0.175,drums,1.758,True,True,True,0.375,0.175,0.025,0.125,0.625,1.758,1.756,1.679,1.105,,,,,
segment,初音ミクの消失,13.9,240.0,audio_segment,13,115,122,interlude,間奏,8,,49,,,,,,,,,,,6.25,0.599,,,,,vocal,0.167,0.026,drum,bass,drum,bass,drums,0.653,bass,0.408,vocals,2.731,True,True,False,0.653,0.408,0.0,0.02,1.0,2.575,2.227,0.0,2.731,,,,,
segment,初音ミクの消失,13.9,240.0,audio_segment,14,123,135,verse,Aメロ,13,,64,,,,,,,,,,,8.769,0.56,,,,,vocal,0.427,0.377,drum,,drum,,bass,0.266,vocals,0.078,other,3.393,False,False,False,0.047,0.266,0.016,0.078,0.192,0.172,2.437,3.393,0.691,,,,,
segment,初音ミクの消失,13.9,240.0,chart_changepoint,0,3,18,,,16,,111,,,,,,,,,,,7.812,0.78,,,,,vocal,,,,,,,drums,0.631,vocals,0.279,drums,2.311,,,,0.631,0.198,0.099,0.279,0.534,2.311,1.753,1.938,1.429,,,,,
segment,初音ミクの消失,13.9,240.0,chart_changepoint,1,19,82,,,64,,233,,,,,,,,,,,5.188,0.75,,,,,vocal,,,,,,,drums,0.704,bass,0.348,vocals,3.414,,,,0.704,0.348,0.124,0.27,0.716,2.313,2.015,2.887,3.414,,,,,
segment,初音ミクの消失,13.9,240.0,chart_changepoint,2,83,98,,,16,,192,,,,,,,,,,,12.0,0.893,,,,,vocal,,,,,,,drums,0.464,vocals,0.198,drums,1.447,,,,0.464,0.13,0.062,0.198,0.76,1.447,0.98,1.073,1.158,,,,,
segment,初音ミクの消失,13.9,240.0,chart_changepoint,3,99,114,,,16,,112,,,,,,,,,,,9.25,0.76,,,,,vocal,,,,,,,drums,0.562,vocals,0.134,drums,2.436,,,,0.562,0.125,0.027,0.134,0.429,2.436,1.73,2.394,1.089,,,,,
segment,初音ミクの消失,13.9,240.0,chart_changepoint,4,115,135,,,21,,113,,,,,,,,,,,7.81,0.575,,,,,vocal,,,,,,,bass,0.336,drums,0.319,bass,2.436,,,,0.319,0.336,0.009,0.053,0.222,1.2,2.436,1.037,0.715,,,,,
song,初音ミクの激唱,14.5,200.0,,,,,,,119,834,721,0.0,-5.0,4.07,0.599,0.602,0.592,0.441,20,0.5,0.5,7.008,,9.24,-0.286,4.226,0.405,vocal,,,,,,,,,,,,,,,,0.44,0.147,0.093,0.194,0.711,1.964,1.666,2.483,2.425,0.402,0.556,other,0.82,0.578
segment,初音ミクの激唱,14.5,200.0,audio_segment,0,2,12,intro,イントロ,11,,18,,,,,,,,,,,2.091,0.511,,,,,vocal,0.654,0.0,drum,,drum,,drums,0.389,other,0.389,other,10.89,True,True,False,0.389,0.111,0.389,0.0,,2.102,1.584,10.89,,,,,,
segment,初音ミクの激唱,14.5,200.0,audio_segment,1,13,16,interlude,間奏,4,,18,,,,,,,,,,,6.25,0.433,,,,,vocal,0.104,0.0,drum,,bass,,bass,0.444,other,0.222,bass,4.67,True,True,True,0.167,0.444,0.222,0.0,,2.307,4.67,4.556,,,,,,
segment,初音ミクの激唱,14.5,200.0,audio_segment,2,17,22,verse,Aメロ,6,,17,,,,,,,,,,,4.5,0.688,,,,,vocal,0.849,0.387,hook,hook|vocal,drum,hook,drums,0.588,other,0.529,other,5.563,True,True,False,0.588,0.353,0.529,0.412,0.583,2.584,2.299,5.563,4.327,,,,,
segment,初音ミクの激唱,14.5,200.0,audio_segment,3,23,30,pre_chorus,Bメロ,8,,29,,,,,,,,,,,5.25,0.828,,,,,vocal,1.0,0.413,bass,vocal,drum,vocal,drums,0.552,bass,0.414,other,3.984,True,True,False,0.552,0.414,0.241,0.379,0.579,2.208,1.957,3.984,3.388,,,,,
segment,初音ミクの激唱,14.5,200.0,audio_segment,4,31,40,quiet_chorus,落ちサビ,10,,37,,,,,,,,,,,3.9,0.812,,,,,vocal,1.0,0.322,drum,hook,drum,hook,other,0.595,drums,0.568,vocals,5.07,False,True,False,0.568,0.189,0.595,0.46,0.895,2.222,1.61,3.803,5.07,,,,,
segment,初音ミクの激唱,14.5,200.0,audio_segment,5,41,44,verse,Aメロ,4,,17,,,,,,,,,,,4.25,0.725,,,,,vocal,1.0,0.667,bass,vocal,drum,vocal,drums,0.588,vocals,0.412,other,4.765,True,True,False,0.588,0.353,0.118,0.412,0.583,2.92,3.709,4.765,2.956,,,,,
segment,初音ミクの激唱,14.5,200.0,audio_segment,6,45,48,verse,Aメロ,4,,7,,,,,,,,,,,2.25,0.679,,,,,vocal,0.496,0.278,drum,,drum,,drums,0.571,vocals,0.571,other,11.5,True,True,False,0.571,0.0,0.143,0.571,0.8,2.836,0.0,11.5,9.431,,,,,
segment,初音ミクの激唱,14.5,200.0,audio_segment,7,49,56,pre_chorus,Bメロ,8,,20,,,,,,,,,,,3.5,0.698,,,,,vocal,0.982,0.222,drum,,drum,,drums,0.7,vocals,0.4,vocals,6.602,True,True,False,0.7,0.1,0.1,0.4,0.8,2.855,5.383,5.383,6.602,,,,,
segment,初音ミクの激唱,14.5,200.0,audio_segment,8,57,74,chorus,サビ,18,,130,,,,,,,,,,,8.722,0.843,,,,,vocal,1.0,0.3,drum,,drum,,drums,0.462,vocals,0.131,other,2.808,True,True,False,0.462,0.123,0.077,0.131,0.63,2.087,1.766,2.808,1.81,,,,,
segment,初音ミクの激唱,14.5,200.0,audio_segment,9,75,80,quiet_chorus,落ちサビ,6,,30,,,,,,,,,,,5.0,0.81,,,,,vocal,1.0,0.632,drum,vocal,drum,vocal,drums,0.367,vocals,0.333,other,4.017,True,True,False,0.367,0.067,0.033,0.333,0.833,2.504,1.367,4.017,3.503,,,,,
segment,初音ミクの激唱,14.5,200.0,audio_segment,10,81,104,chorus,サビ,24,,269,,,,,,,,,,,11.917,0.936,,,,,vocal,1.0,0.309,vocal,vocal,drum,vocal,drums,0.461,vocals,0.156,drums,1.561,True,True,True,0.461,0.119,0.0,0.156,0.808,1.561,1.42,,1.521,,,,,
segment,初音ミクの激唱,14.5,200.0,audio_segment,11,105,108,chorus,サビ,4,,34,,,,,,,,,,,10.0,0.924,,,,,vocal,1.0,0.346,drum,bass,drum,bass,drums,0.382,vocals,0.147,vocals,1.382,True,True,False,0.382,0.088,0.0,0.147,0.556,1.378,0.751,,1.382,,,,,
segment,初音ミクの激唱,14.5,200.0,audio_segment,12,109,112,quiet_chorus,落ちサビ,4,,59,,,,,,,,,,,16.25,0.83,,,,,vocal,1.0,0.3,drum,,drum,,drums,0.254,vocals,0.102,vocals,1.407,True,True,False,0.254,0.085,0.0,0.102,1.0,1.149,1.399,,1.407,,,,,
segment,初音ミクの激唱,14.5,200.0,audio_segment,13,113,120,verse,Aメロ,8,,36,,,,,,,,,,,5.75,0.423,,,,,vocal,0.656,2.0,drum,,drum,,bass,0.139,drums,0.111,bass,4.514,False,True,False,0.111,0.139,0.056,0.083,0.214,2.596,4.514,1.806,0.995,,,,,
segment,初音ミクの激唱,14.5,200.0,chart_changepoint,0,2,63,,,62,,187,,,,,,,,,,,3.919,0.694,,,,,vocal,,,,,,,drums,0.578,vocals,0.326,other,4.985,,,,0.578,0.23,0.289,0.326,0.726,2.68,2.398,4.985,4.98,,,,,
segment,初音ミクの激唱,14.5,200.0,chart_changepoint,1,64,79,,,16,,123,,,,,,,,,,,8.812,0.852,,,,,vocal,,,,,,,drums,0.398,vocals,0.163,other,2.643,,,,0.398,0.146,0.081,0.163,0.69,1.93,1.585,2.643,1.877,,,,,
segment,初音ミクの激唱,14.5,200.0,chart_changepoint,2,80,95,,,16,,252,,,,,,,,,,,15.812,0.945,,,,,vocal,,,,,,,drums,0.413,vocals,0.127,drums,1.475,,,,0.413,0.115,0.004,0.127,0.821,1.475,1.328,1.272,1.107,,,,,
segment,初音ミクの激唱,14.5,200.0,chart_changepoint,3,96,107,,,12,,54,,,,,,,,,,,6.333,0.907,,,,,vocal,,,,,,,drums,0.574,vocals,0.315,vocals,3.445,,,,0.574,0.056,0.0,0.315,0.739,1.906,0.769,,3.445,,,,,
segment,初音ミクの激唱,14.5,200.0,chart_changepoint,4,108,120,,,13,,105,,,,,,,,,,,9.308,0.589,,,,,vocal,,,,,,,drums,0.209,bass,0.124,bass,2.208,,,,0.209,0.124,0.019,0.095,0.455,1.809,2.208,1.0,1.174,,,,,
song,前前前世,13.0,190.0,,,,,,,84,697,466,0.0,-7.5,-3.32,-0.021,-0.047,-0.092,-0.102,36,0.25,0.25,8.298,,6.682,1.497,3.024,-2.567,vocal,,,,,,,,,,,,,,,,0.646,0.112,0.109,0.129,0.472,3.214,2.046,2.111,1.865,0.27,0.642,tail_kill,1.1,-0.018
segment,前前前世,13.0,190.0,audio_segment,0,2,4,intro,イントロ,3,,17,,,,,,,,,,,8.333,0.546,,,,,vocal,0.0,0.0,drum,,drum,,drums,0.706,bass,0.118,other,3.745,True,True,False,0.706,0.118,0.059,0.0,,3.55,1.917,3.745,,,,,,
segment,前前前世,13.0,190.0,audio_segment,1,5,8,interlude,間奏,4,,25,,,,,,,,,,,9.0,0.618,,,,,vocal,0.0,0.0,drum,,drum,,drums,0.6,bass,0.08,drums,3.282,True,True,True,0.6,0.08,0.04,0.0,,3.282,1.724,1.704,,,,,,
segment,前前前世,13.0,190.0,audio_segment,2,9,16,interlude,間奏,8,,36,,,,,,,,,,,9.75,0.695,,,,,vocal,0.0,0.0,drum,,drum,,drums,0.861,bass,0.25,other,4.762,True,True,False,0.861,0.25,0.167,0.0,,3.985,4.337,4.762,,,,,,
segment,前前前世,13.0,190.0,audio_segment,3,17,36,verse,Aメロ,20,,102,,,,,,,,,,,6.75,0.875,,,,,vocal,0.728,0.441,drum,hook,drum,hook,drums,0.657,other,0.382,drums,3.632,True,True,True,0.657,0.039,0.382,0.128,0.351,3.632,0.61,2.315,1.515,,,,,
segment,前前前世,13.0,190.0,audio_segment,4,37,56,chorus,サビ,20,,117,,,,,,,,,,,9.05,0.899,,,,,vocal,0.951,0.483,vocal,vocal,drum,vocal,drums,0.581,vocals,0.188,drums,3.05,True,True,True,0.581,0.128,0.026,0.188,0.488,3.05,2.314,2.172,1.937,,,,,
segment,前前前世,13.0,190.0,audio_segment,5,57,72,final_chorus,ラスサビ,16,,90,,,,,,,,,,,8.375,0.926,,,,,vocal,0.98,0.537,vocal,vocal,drum,vocal,drums,0.6,vocals,0.278,drums,2.838,True,True,True,0.6,0.089,0.0,0.278,0.581,2.838,2.183,,2.318,,,,,
segment,前前前世,13.0,190.0,audio_segment,6,73,76,quiet_chorus,落ちサビ,4,,16,,,,,,,,,,,6.75,0.744,,,,,vocal,0.532,0.105,drum,,drum,,drums,0.812,bass,0.25,bass,5.389,True,True,False,0.812,0.25,0.0,0.0,0.0,4.023,5.389,0.0,0.0,,,,,
segment,前前前世,13.0,190.0,audio_segment,7,77,80,interlude,間奏,4,,27,,,,,,,,,,,9.25,0.668,,,,,vocal,0.0,0.0,drum,,drum,,drums,0.63,bass,0.185,drums,2.978,True,True,True,0.63,0.185,0.0,0.0,,2.978,2.322,,,,,,,
segment,前前前世,13.0,190.0,audio_segment,8,81,84,interlude,間奏,4,,31,,,,,,,,,,,9.25,0.656,,,,,vocal,0.0,0.0,drum,,drum,,drums,0.581,bass,0.097,bass,2.765,True,True,False,0.581,0.097,0.032,0.0,,2.526,2.765,2.733,,,,,,
segment,前前前世,13.0,190.0,audio_segment,9,85,85,interlude,間奏,1,,5,,,,,,,,,,,7.0,0.53,,,,,vocal,0.0,0.0,drum,,drum,,drums,0.6,bass,0.0,drums,2.838,True,True,True,0.6,0.0,0.0,0.0,,2.838,,,,,,,,
segment,前前前世,13.0,190.0,chart_changepoint,0,2,16,,,15,,78,,,,,,,,,,,9.267,0.644,,,,,vocal,,,,,,,drums,0.756,bass,0.167,drums,3.71,,,,0.756,0.167,0.103,0.0,,3.71,3.008,3.65,,,,,,
segment,前前前世,13.0,190.0,chart_changepoint,1,17,29,,,13,,59,,,,,,,,,,,5.692,0.879,,,,,vocal,,,,,,,drums,0.695,other,0.458,drums,3.756,,,,0.695,0.034,0.458,0.068,0.21,3.756,0.421,2.434,1.011,,,,,
segment,前前前世,13.0,190.0,chart_changepoint,2,30,53,,,24,,130,,,,,,,,,,,8.458,0.889,,,,,vocal,,,,,,,drums,0.623,vocals,0.185,drums,3.321,,,,0.623,0.115,0.108,0.185,0.462,3.321,2.217,2.42,1.888,,,,,
segment,前前前世,13.0,190.0,chart_changepoint,3,54,64,,,11,,74,,,,,,,,,,,10.182,0.924,,,,,vocal,,,,,,,drums,0.513,vocals,0.284,bass,3.157,,,,0.513,0.054,0.0,0.284,0.625,2.553,3.157,0.0,2.199,,,,,
segment,前前前世,13.0,190.0,chart_changepoint,4,65,85,,,21,,125,,,,,,,,,,,8.048,0.77,,,,,vocal,,,,,,,drums,0.64,bass,0.144,drums,3.002,,,,0.64,0.144,0.008,0.088,0.5,3.002,2.521,1.772,1.813,,,,,
song,咲キ誇レ常世ノ華,13.5,170.0,,,,,,,109,804,479,0.0,5.0,-3.74,0.346,0.221,0.298,0.367,58,0.75,0.75,7.376,,7.255,0.373,2.803,-1.726,vocal,,,,,,,,,,,,,,,,0.702,0.081,0.117,0.221,0.582,3.317,1.345,2.243,2.701,0.152,0.564,tail_kill,1.254,0.238
segment,咲キ誇レ常世ノ華,13.5,170.0,audio_segment,0,3,12,intro,イントロ,10,,17,,,,,,,,,,,3.3,0.34,,,,,vocal,0.898,,vocal,,vocal,,other,0.588,vocals,0.412,other,8.948,False,True,False,0.0,0.0,0.588,0.412,0.304,,,8.948,4.422,,,,,
segment,咲キ誇レ常世ノ華,13.5,170.0,audio_segment,1,13,16,quiet_chorus,落ちサビ,4,,12,,,,,,,,,,,4.75,0.429,,,,,vocal,1.0,9.0,drum,,drum,,other,0.417,vocals,0.417,other,6.861,False,False,False,0.0,0.0,0.417,0.417,0.556,,,6.861,4.645,,,,,
segment,咲キ誇レ常世ノ華,13.5,170.0,audio_segment,2,17,20,verse,Aメロ,4,,27,,,,,,,,,,,9.5,0.71,,,,,vocal,0.781,0.042,drum,,drum,,drums,0.704,other,0.185,vocals,2.84,True,True,False,0.704,0.111,0.185,0.037,1.0,2.604,0.708,2.445,2.84,,,,,
segment,咲キ誇レ常世ノ華,13.5,170.0,audio_segment,3,21,28,interlude,間奏,8,,47,,,,,,,,,,,10.125,0.672,,,,,vocal,0.014,0.023,drum,,drum,,drums,0.723,bass,0.085,drums,2.942,True,True,True,0.723,0.085,0.064,0.0,0.0,2.942,1.222,1.977,0.0,,,,,
segment,咲キ誇レ常世ノ華,13.5,170.0,audio_segment,4,29,52,chorus,サビ,24,,90,,,,,,,,,,,6.458,0.906,,,,,vocal,0.967,0.44,vocal,vocal,drum,vocal,drums,0.767,vocals,0.467,vocals,3.471,True,True,False,0.767,0.078,0.144,0.467,0.636,2.741,1.186,1.907,3.471,,,,,
segment,咲キ誇レ常世ノ華,13.5,170.0,audio_segment,5,53,56,chorus,サビ,4,,15,,,,,,,,,,,8.25,0.941,,,,,vocal,1.0,0.458,vocal,vocal,drum,vocal,drums,0.933,vocals,0.267,drums,3.454,True,True,True,0.933,0.0,0.067,0.267,0.364,3.454,0.0,1.727,1.984,,,,,
segment,咲キ誇レ常世ノ華,13.5,170.0,audio_segment,6,57,76,quiet_chorus,落ちサビ,20,,86,,,,,,,,,,,7.75,0.823,,,,,vocal,0.987,0.361,drum,,drum,,drums,0.826,vocals,0.302,drums,3.673,True,True,True,0.826,0.07,0.023,0.302,0.743,3.673,1.191,1.784,3.444,,,,,
segment,咲キ誇レ常世ノ華,13.5,170.0,audio_segment,7,77,88,interlude,間奏,12,,76,,,,,,,,,,,9.583,0.687,,,,,vocal,0.015,0.0,drum,,drum,,drums,0.684,other,0.132,drums,2.693,True,True,True,0.684,0.118,0.132,0.0,,2.693,0.994,2.38,,,,,,
segment,咲キ誇レ常世ノ華,13.5,170.0,audio_segment,8,89,92,interlude,間奏,4,,24,,,,,,,,,,,9.5,0.759,,,,,vocal,0.008,0.04,drum,,drum,,drums,0.75,bass,0.083,drums,2.681,True,True,True,0.75,0.083,0.083,0.0,0.0,2.681,1.312,1.312,0.0,,,,,
segment,咲キ誇レ常世ノ華,13.5,170.0,audio_segment,9,93,100,quiet_chorus,落ちサビ,8,,29,,,,,,,,,,,4.375,0.606,,,,,vocal,0.952,0.765,drum,,drum,,drums,0.276,vocals,0.241,bass,4.465,True,True,False,0.276,0.172,0.103,0.241,0.538,2.613,4.465,1.804,2.952,,,,,
segment,咲キ誇レ常世ノ華,13.5,170.0,audio_segment,10,101,106,chorus,サビ,6,,28,,,,,,,,,,,8.5,0.841,,,,,vocal,0.98,0.68,vocal,vocal,drum,vocal,drums,0.821,vocals,0.393,drums,4.181,True,True,True,0.821,0.071,0.0,0.393,0.647,4.181,1.669,0.0,2.842,,,,,
segment,咲キ誇レ常世ノ華,13.5,170.0,audio_segment,11,107,111,verse,Aメロ,5,,28,,,,,,,,,,,10.2,0.75,,,,,vocal,0.599,0.03,drum,,drum,,drums,0.964,bass,0.036,vocals,3.419,True,True,False,0.964,0.036,0.0,0.036,1.0,3.293,1.719,0.0,3.419,,,,,
segment,咲キ誇レ常世ノ華,13.5,170.0,chart_changepoint,0,3,16,,,14,,29,,,,,,,,,,,3.714,0.365,,,,,vocal,,,,,,,other,0.552,vocals,0.414,other,8.581,,,,0.0,0.0,0.552,0.414,0.375,,,8.581,4.491,,,,,
segment,咲キ誇レ常世ノ華,13.5,170.0,chart_changepoint,1,17,27,,,11,,71,,,,,,,,,,,10.091,0.677,,,,,vocal,,,,,,,drums,0.704,other,0.099,vocals,2.958,,,,0.704,0.085,0.099,0.014,1.0,2.788,0.813,2.115,2.958,,,,,
segment,咲キ誇レ常世ノ華,13.5,170.0,chart_changepoint,2,28,67,,,40,,154,,,,,,,,,,,6.875,0.881,,,,,vocal,,,,,,,drums,0.792,vocals,0.377,vocals,3.213,,,,0.792,0.078,0.104,0.377,0.611,3.029,1.139,1.893,3.213,,,,,
segment,咲キ誇レ常世ノ華,13.5,170.0,chart_changepoint,3,68,91,,,24,,137,,,,,,,,,,,9.208,0.754,,,,,vocal,,,,,,,drums,0.752,vocals,0.102,drums,2.959,,,,0.752,0.095,0.095,0.102,0.778,2.959,1.057,2.331,2.647,,,,,
segment,咲キ誇レ常世ノ華,13.5,170.0,chart_changepoint,4,92,111,,,20,,88,,,,,,,,,,,7.25,0.716,,,,,vocal,,,,,,,drums,0.682,vocals,0.239,drums,3.64,,,,0.682,0.091,0.034,0.239,0.656,3.64,2.71,0.945,2.962,,,,,
song,夜咄ディセイブ,13.8,260.0,,,,,,,123,635,467,0.0,10.0,14.44,0.273,0.236,0.206,0.304,22,1.0,1.0,5.163,,6.591,0.465,1.386,-0.215,vocal,,,,,,,,,,,,,,,,0.644,0.186,0.163,0.221,0.652,2.7,2.176,2.066,2.732,0.203,0.487,other,0.993,0.189
segment,夜咄ディセイブ,13.8,260.0,audio_segment,0,3,26,intro,イントロ,24,,81,,,,,,,,,,,3.75,0.54,,,,,vocal,0.002,0.013,hook,,hook,,drums,0.518,other,0.37,vocals,4.565,False,True,False,0.518,0.296,0.37,0.012,1.0,2.723,2.479,2.548,4.565,,,,,
segment,夜咄ディセイブ,13.8,260.0,audio_segment,1,27,36,chorus,サビ,10,,46,,,,,,,,,,,5.7,0.898,,,,,vocal,1.0,0.824,drum,hook,drum,hook,drums,0.522,vocals,0.391,drums,2.703,True,True,True,0.522,0.152,0.304,0.391,0.643,2.703,1.193,1.829,2.352,,,,,
segment,夜咄ディセイブ,13.8,260.0,audio_segment,2,37,42,chorus,サビ,6,,28,,,,,,,,,,,5.833,0.939,,,,,vocal,1.0,0.708,drum,hook,drum,hook,drums,0.5,vocals,0.5,vocals,2.822,True,True,False,0.5,0.179,0.25,0.5,0.778,2.107,1.359,1.571,2.822,,,,,
segment,夜咄ディセイブ,13.8,260.0,audio_segment,3,43,52,verse,Aメロ,10,,29,,,,,,,,,,,4.6,0.856,,,,,vocal,0.983,0.643,drum,vocal,drum,vocal,vocals,0.552,drums,0.517,vocals,3.548,False,True,False,0.517,0.103,0.069,0.552,0.615,2.211,2.705,0.919,3.548,,,,,
segment,夜咄ディセイブ,13.8,260.0,audio_segment,4,53,56,final_chorus,ラスサビ,4,,16,,,,,,,,,,,5.0,0.967,,,,,vocal,1.0,0.37,drum,bass,drum,bass,drums,0.875,bass,0.375,bass,3.076,True,True,False,0.875,0.375,0.0,0.375,0.6,2.464,3.076,,2.5,,,,,
segment,夜咄ディセイブ,13.8,260.0,audio_segment,5,57,72,quiet_chorus,落ちサビ,16,,62,,,,,,,,,,,5.812,0.851,,,,,vocal,0.943,0.425,drum,,drum,,drums,0.887,vocals,0.387,other,4.003,True,True,False,0.887,0.21,0.065,0.387,0.706,3.197,2.823,4.003,3.001,,,,,
segment,夜咄ディセイブ,13.8,260.0,audio_segment,6,73,76,interlude,間奏,4,,25,,,,,,,,,,,7.5,0.659,,,,,vocal,0.169,0.059,drum,,drum,,drums,0.6,other,0.2,drums,2.486,True,True,True,0.6,0.0,0.2,0.0,0.0,2.486,,2.153,0.0,,,,,
segment,夜咄ディセイブ,13.8,260.0,audio_segment,7,77,84,interlude,間奏,8,,32,,,,,,,,,,,6.625,0.568,,,,,vocal,0.027,0.033,drum,,drum,,drums,0.5,other,0.156,drums,2.311,True,True,True,0.5,0.031,0.156,0.0,0.0,2.311,1.939,1.453,0.0,,,,,
segment,夜咄ディセイブ,13.8,260.0,audio_segment,8,85,88,verse,Aメロ,4,,10,,,,,,,,,,,2.75,0.523,,,,,vocal,0.509,0.375,drum,,drum,,drums,0.5,vocals,0.2,vocals,4.203,True,True,False,0.5,0.1,0.0,0.2,0.667,4.102,3.127,0.0,4.203,,,,,
segment,夜咄ディセイブ,13.8,260.0,audio_segment,9,89,96,pre_chorus,Bメロ,8,,27,,,,,,,,,,,5.25,0.836,,,,,vocal,1.0,0.415,drum,vocal,drum,vocal,drums,0.704,vocals,0.407,vocals,3.158,True,True,False,0.704,0.185,0.0,0.407,0.647,2.484,1.993,,3.158,,,,,
segment,夜咄ディセイブ,13.8,260.0,audio_segment,10,97,104,quiet_chorus,落ちサビ,8,,28,,,,,,,,,,,5.25,0.815,,,,,vocal,0.946,0.545,vocal,vocal,drum,vocal,drums,0.821,vocals,0.357,drums,3.493,True,True,True,0.821,0.25,0.0,0.357,0.556,3.493,2.494,0.0,2.625,,,,,
segment,夜咄ディセイブ,13.8,260.0,audio_segment,11,105,108,interlude,間奏,4,,22,,,,,,,,,,,6.75,0.579,,,,,vocal,0.0,0.0,drum,,drum,,drums,0.273,bass,0.091,other,2.843,True,True,False,0.273,0.091,0.091,0.0,,1.539,0.846,2.843,,,,,,
segment,夜咄ディセイブ,13.8,260.0,audio_segment,12,109,116,interlude,間奏,8,,28,,,,,,,,,,,5.375,0.648,,,,,vocal,0.0,0.0,drum,,drum,,drums,0.786,bass,0.25,drums,2.893,True,True,True,0.786,0.25,0.0,0.0,,2.893,2.691,0.0,,,,,,
segment,夜咄ディセイブ,13.8,260.0,audio_segment,13,117,120,interlude,間奏,4,,16,,,,,,,,,,,5.75,0.711,,,,,vocal,0.0,0.0,drum,,drum,,drums,0.875,other,0.125,other,3.909,True,True,False,0.875,0.062,0.125,0.0,,2.911,3.877,3.909,,,,,,
segment,夜咄ディセイブ,13.8,260.0,audio_segment,14,121,124,interlude,間奏,4,,16,,,,,,,,,,,5.25,0.714,,,,,vocal,0.0,0.043,drum,,drum,,drums,0.812,bass,0.25,bass,3.973,True,True,False,0.812,0.25,0.25,0.0,0.0,2.605,3.973,2.325,0.0,,,,,
segment,夜咄ディセイブ,13.8,260.0,audio_segment,15,125,125,outro,アウトロ,1,,1,,,,,,,,,,,2.0,0.325,,,,,vocal,0.0,0.0,drum,,hook,,drums,0.0,bass,0.0,drums,0.0,False,False,False,0.0,0.0,0.0,0.0,,0.0,0.0,,,,,,,
segment,夜咄ディセイブ,13.8,260.0,chart_changepoint,0,3,26,,,24,,81,,,,,,,,,,,3.75,0.54,,,,,vocal,,,,,,,drums,0.518,other,0.37,vocals,4.565,,,,0.518,0.296,0.37,0.012,1.0,2.723,2.479,2.548,4.565,,,,,
segment,夜咄ディセイブ,13.8,260.0,chart_changepoint,1,27,71,,,45,,178,,,,,,,,,,,5.4,0.885,,,,,vocal,,,,,,,drums,0.668,vocals,0.444,vocals,2.923,,,,0.668,0.191,0.152,0.444,0.693,2.676,2.071,1.827,2.923,,,,,
segment,夜咄ディセイブ,13.8,260.0,chart_changepoint,2,72,85,,,14,,66,,,,,,,,,,,6.929,0.608,,,,,vocal,,,,,,,drums,0.53,other,0.151,drums,2.316,,,,0.53,0.015,0.151,0.0,0.0,2.316,1.639,1.631,0.0,,,,,
segment,夜咄ディセイブ,13.8,260.0,chart_changepoint,3,86,104,,,19,,59,,,,,,,,,,,4.684,0.778,,,,,vocal,,,,,,,drums,0.797,vocals,0.39,drums,3.327,,,,0.797,0.22,0.0,0.39,0.605,3.327,2.497,0.0,3.198,,,,,
segment,夜咄ディセイブ,13.8,260.0,chart_changepoint,4,105,125,,,21,,83,,,,,,,,,,,5.524,0.644,,,,,vocal,,,,,,,drums,0.675,bass,0.169,other,2.643,,,,0.675,0.169,0.096,0.0,0.0,2.556,2.265,2.643,0.0,,,,,
song,幸せになれる隠しコマンドがあるらしい,14.0,142.0,,,,,,,86,850,495,0.0,-12.5,-0.74,0.029,0.055,0.139,0.176,24,0.75,1.0,9.884,,12.068,0.533,3.166,-1.199,vocal,,,,,,,,,,,,,,,,0.764,0.042,0.125,0.238,0.393,3.073,0.553,2.318,2.024,0.156,0.442,other,0.86,0.168
segment,幸せになれる隠しコマンドがあるらしい,14.0,142.0,audio_segment,0,2,12,intro,イントロ,11,,45,,,,,,,,,,,5.909,0.642,,,,,vocal,0.6,0.417,drum,hook,drum,hook,drums,0.978,other,0.667,other,6.078,True,True,False,0.978,0.0,0.667,0.378,0.378,3.349,,6.078,2.795,,,,,
segment,幸せになれる隠しコマンドがあるらしい,14.0,142.0,audio_segment,1,13,16,verse,Aメロ,4,,21,,,,,,,,,,,9.0,0.492,,,,,vocal,0.65,1.0,drum,hook|vocal,drum,hook,drums,0.476,vocals,0.429,bass,5.389,True,True,False,0.476,0.048,0.191,0.429,0.45,2.8,5.389,2.779,2.635,,,,,
segment,幸せになれる隠しコマンドがあるらしい,14.0,142.0,audio_segment,2,17,24,chorus,サビ,8,,31,,,,,,,,,,,9.5,0.883,,,,,vocal,0.881,0.494,vocal,bass|vocal,drum,bass,drums,0.935,vocals,0.355,drums,3.163,True,True,True,0.935,0.0,0.0,0.355,0.275,3.163,0.0,0.0,2.182,,,,,
segment,幸せになれる隠しコマンドがあるらしい,14.0,142.0,audio_segment,3,25,32,verse,Aメロ,8,,29,,,,,,,,,,,8.75,0.656,,,,,vocal,0.72,0.638,drum,hook|vocal,drum,hook,drums,0.966,vocals,0.621,drums,4.255,True,True,True,0.966,0.0,0.0,0.621,0.486,4.255,0.0,0.0,4.099,,,,,
segment,幸せになれる隠しコマンドがあるらしい,14.0,142.0,audio_segment,4,33,40,verse,Aメロ,8,,80,,,,,,,,,,,13.875,0.604,,,,,vocal,0.891,0.271,drum,vocal,drum,vocal,drums,0.662,vocals,0.15,drums,2.876,True,True,True,0.662,0.013,0.062,0.15,0.75,2.876,0.241,2.379,2.189,,,,,
segment,幸せになれる隠しコマンドがあるらしい,14.0,142.0,audio_segment,5,41,44,verse,Aメロ,4,,41,,,,,,,,,,,13.75,0.602,,,,,vocal,0.569,0.059,hook,hook,drum,hook,drums,0.39,other,0.317,other,2.91,True,True,False,0.39,0.122,0.317,0.024,0.5,1.498,1.119,2.91,1.386,,,,,
segment,幸せになれる隠しコマンドがあるらしい,14.0,142.0,audio_segment,6,45,52,pre_chorus,Bメロ,8,,36,,,,,,,,,,,7.5,0.69,,,,,vocal,0.658,0.612,drum,hook|vocal,drum,hook,drums,0.778,other,0.222,drums,2.986,True,True,True,0.778,0.0,0.222,0.194,0.175,2.986,,1.679,1.196,,,,,
segment,幸せになれる隠しコマンドがあるらしい,14.0,142.0,audio_segment,7,53,60,chorus,サビ,8,,49,,,,,,,,,,,12.75,0.795,,,,,vocal,0.977,0.59,vocal,bass|vocal,drum,bass,drums,0.735,vocals,0.388,drums,3.098,True,True,True,0.735,0.102,0.02,0.388,0.513,3.098,0.794,0.585,2.561,,,,,
segment,幸せになれる隠しコマンドがあるらしい,14.0,142.0,audio_segment,8,61,68,quiet_chorus,落ちサビ,8,,44,,,,,,,,,,,8.625,0.607,,,,,vocal,0.942,0.49,drum,vocal,drum,vocal,drums,0.682,vocals,0.136,drums,3.489,True,True,True,0.682,0.045,0.0,0.136,0.25,3.489,0.706,0.0,1.35,,,,,
segment,幸せになれる隠しコマンドがあるらしい,14.0,142.0,audio_segment,9,69,76,quiet_chorus,落ちサビ,8,,74,,,,,,,,,,,13.25,0.689,,,,,vocal,1.0,0.221,drum,bass,drum,bass,drums,0.811,vocals,0.122,drums,3.113,True,True,True,0.811,0.041,0.0,0.122,0.6,3.113,0.477,,1.889,,,,,
segment,幸せになれる隠しコマンドがあるらしい,14.0,142.0,audio_segment,10,77,86,chorus,サビ,10,,44,,,,,,,,,,,9.9,0.702,,,,,vocal,1.0,0.287,vocal,bass|vocal,drum,bass,drums,0.864,vocals,0.136,drums,3.493,True,True,True,0.864,0.091,0.0,0.136,0.261,3.493,0.758,0.0,1.739,,,,,
segment,幸せになれる隠しコマンドがあるらしい,14.0,142.0,audio_segment,11,87,87,outro,アウトロ,1,,1,,,,,,,,,,,1.0,0.164,,,,,vocal,0.041,,drum,,drum,,drums,0.0,bass,0.0,drums,0.0,True,True,True,0.0,0.0,0.0,0.0,0.0,,,,0.0,,,,,
segment,幸せになれる隠しコマンドがあるらしい,14.0,142.0,chart_changepoint,0,2,15,,,14,,54,,,,,,,,,,,5.857,0.611,,,,,vocal,,,,,,,drums,0.963,other,0.593,other,5.866,,,,0.963,0.0,0.593,0.426,0.377,3.594,,5.866,2.972,,,,,
segment,幸せになれる隠しコマンドがあるらしい,14.0,142.0,chart_changepoint,1,16,32,,,17,,72,,,,,,,,,,,9.706,0.753,,,,,vocal,,,,,,,drums,0.833,vocals,0.458,drums,3.248,,,,0.833,0.0,0.028,0.458,0.407,3.248,0.0,0.546,2.945,,,,,
segment,幸せになれる隠しコマンドがあるらしい,14.0,142.0,chart_changepoint,2,33,45,,,13,,132,,,,,,,,,,,14.308,0.603,,,,,vocal,,,,,,,drums,0.545,other,0.159,other,2.728,,,,0.545,0.045,0.159,0.099,0.722,2.303,0.689,2.728,2.053,,,,,
segment,幸せになれる隠しコマンドがあるらしい,14.0,142.0,chart_changepoint,3,46,54,,,9,,42,,,,,,,,,,,7.444,0.707,,,,,vocal,,,,,,,drums,0.738,vocals,0.381,bass,4.048,,,,0.738,0.048,0.143,0.381,0.291,2.95,4.048,1.241,1.953,,,,,
segment,幸せになれる隠しコマンドがあるらしい,14.0,142.0,chart_changepoint,4,55,87,,,33,,195,,,,,,,,,,,10.606,0.681,,,,,vocal,,,,,,,drums,0.821,vocals,0.164,drums,3.516,,,,0.821,0.061,0.0,0.164,0.377,3.516,0.609,0.0,1.878,,,,,
song,幻想のサテライト,14.1,230.0,,,,,,,124,850,541,0.0,7.5,7.12,0.482,0.536,0.594,0.553,78,0.75,1.0,6.855,,7.45,0.133,2.431,-0.984,vocal,,,,,,,,,,,,,,,,0.499,0.096,0.407,0.331,0.537,2.488,2.827,3.157,2.295,0.181,0.509,fade_out,0.62,0.604
segment,幻想のサテライト,14.1,230.0,audio_segment,0,3,10,intro,イントロ,8,,11,,,,,,,,,,,3.0,0.655,,,,,vocal,0.809,3.454,drum,,drum,,drums,0.636,bass,0.455,bass,10.769,True,True,False,0.636,0.455,0.364,0.273,0.081,9.176,10.769,6.508,1.168,,,,,
segment,幻想のサテライト,14.1,230.0,audio_segment,1,11,24,verse,Aメロ,14,,70,,,,,,,,,,,7.143,0.687,,,,,vocal,0.823,0.951,drum,vocal,drum,vocal,vocals,0.4,drums,0.343,other,2.962,False,True,False,0.343,0.0,0.3,0.4,0.718,2.212,0.0,2.962,2.703,,,,,
segment,幻想のサテライト,14.1,230.0,audio_segment,2,25,40,verse,Aメロ,16,,75,,,,,,,,,,,7.688,0.868,,,,,vocal,0.974,0.512,drum,hook|vocal,drum,hook,drums,0.773,other,0.387,drums,3.095,True,True,True,0.773,0.067,0.387,0.347,0.634,3.095,1.72,2.024,2.53,,,,,
segment,幻想のサテライト,14.1,230.0,audio_segment,3,41,48,verse,Aメロ,8,,29,,,,,,,,,,,6.625,0.864,,,,,vocal,0.892,0.261,drum,,drum,,drums,0.793,other,0.379,bass,3.514,True,True,False,0.793,0.172,0.379,0.207,0.5,2.817,3.514,2.833,2.504,,,,,
segment,幻想のサテライト,14.1,230.0,audio_segment,4,49,62,chorus,サビ,14,,74,,,,,,,,,,,9.143,0.884,,,,,vocal,1.0,0.869,vocal,vocal|hook,drum,vocal,vocals,0.46,drums,0.405,other,2.985,False,True,False,0.405,0.0,0.378,0.46,0.641,1.829,,2.985,2.349,,,,,
segment,幻想のサテライト,14.1,230.0,audio_segment,5,63,64,interlude,間奏,2,,5,,,,,,,,,,,6.0,0.81,,,,,vocal,1.0,0.5,hook,vocal,drum,vocal,other,0.4,vocals,0.4,other,2.987,False,False,False,0.2,0.0,0.4,0.4,0.4,0.8,,2.987,2.987,,,,,
segment,幻想のサテライト,14.1,230.0,audio_segment,6,65,72,pre_chorus,Bメロ,8,,56,,,,,,,,,,,8.625,0.637,,,,,vocal,0.024,0.121,drum,hook,drum,hook,other,0.5,drums,0.393,other,2.578,False,True,False,0.393,0.0,0.5,0.054,0.75,1.861,,2.578,1.89,,,,,
segment,幻想のサテライト,14.1,230.0,audio_segment,7,73,76,quiet_chorus,落ちサビ,4,,9,,,,,,,,,,,7.0,0.802,,,,,vocal,1.0,0.632,drum,vocal,drum,vocal,drums,0.556,vocals,0.556,vocals,3.506,True,True,False,0.556,0.0,0.333,0.556,0.417,2.325,,3.482,3.506,,,,,
segment,幻想のサテライト,14.1,230.0,audio_segment,8,77,80,quiet_chorus,落ちサビ,4,,10,,,,,,,,,,,3.25,0.782,,,,,vocal,1.0,0.389,drum,hook,drum,hook,drums,0.9,vocals,0.7,vocals,7.312,True,True,False,0.9,0.0,0.6,0.7,1.0,3.948,,5.523,7.312,,,,,
segment,幻想のサテライト,14.1,230.0,audio_segment,9,81,88,pre_chorus,Bメロ,8,,29,,,,,,,,,,,4.125,0.723,,,,,vocal,1.0,1.591,drum,,drum,,drums,0.414,bass,0.345,bass,4.536,True,True,False,0.414,0.345,0.345,0.276,0.229,2.829,4.536,4.536,1.24,,,,,
segment,幻想のサテライト,14.1,230.0,audio_segment,10,89,96,chorus,サビ,8,,44,,,,,,,,,,,7.875,0.923,,,,,vocal,1.0,0.682,drum,hook,drum,hook,drums,0.773,other,0.341,drums,2.85,True,True,True,0.773,0.227,0.341,0.25,0.367,2.85,1.78,2.546,1.289,,,,,
segment,幻想のサテライト,14.1,230.0,audio_segment,11,97,112,chorus,サビ,16,,79,,,,,,,,,,,9.125,0.885,,,,,vocal,1.0,0.722,vocal,vocal|hook,drum,vocal,vocals,0.544,drums,0.392,bass,3.127,False,True,False,0.392,0.089,0.354,0.544,0.754,1.588,3.127,3.082,2.939,,,,,
segment,幻想のサテライト,14.1,230.0,audio_segment,12,113,116,interlude,間奏,4,,16,,,,,,,,,,,4.0,0.18,,,,,vocal,0.042,0.0,hook,,hook,,other,0.688,drums,0.062,other,4.701,True,True,True,0.062,0.0,0.688,0.0,,4.379,,4.701,,,,,,
segment,幻想のサテライト,14.1,230.0,audio_segment,13,117,126,interlude,間奏,10,,35,,,,,,,,,,,4.2,0.268,,,,,vocal,0.0,0.0,hook,,hook,,other,0.543,bass,0.286,bass,4.662,True,True,False,0.257,0.286,0.543,0.0,,3.325,4.662,4.569,,,,,,
segment,幻想のサテライト,14.1,230.0,chart_changepoint,0,3,23,,,21,,71,,,,,,,,,,,5.429,0.675,,,,,vocal,,,,,,,vocals,0.394,drums,0.366,other,3.861,,,,0.366,0.07,0.324,0.394,0.384,3.033,3.709,3.861,2.177,,,,,
segment,幻想のサテライト,14.1,230.0,chart_changepoint,1,24,74,,,51,,253,,,,,,,,,,,8.059,0.826,,,,,vocal,,,,,,,drums,0.561,other,0.403,other,2.56,,,,0.561,0.04,0.403,0.32,0.653,2.359,1.968,2.56,2.454,,,,,
segment,幻想のサテライト,14.1,230.0,chart_changepoint,2,75,87,,,13,,39,,,,,,,,,,,3.846,0.752,,,,,vocal,,,,,,,drums,0.59,other,0.462,bass,5.334,,,,0.59,0.231,0.462,0.41,0.348,3.027,5.334,4.978,2.228,,,,,
segment,幻想のサテライト,14.1,230.0,chart_changepoint,3,88,111,,,24,,126,,,,,,,,,,,8.958,0.903,,,,,vocal,,,,,,,drums,0.532,vocals,0.421,other,2.981,,,,0.532,0.143,0.349,0.421,0.609,2.098,2.202,2.981,2.236,,,,,
segment,幻想のサテライト,14.1,230.0,chart_changepoint,4,112,126,,,15,,52,,,,,,,,,,,4.0,0.272,,,,,vocal,,,,,,,other,0.596,drums,0.192,bass,4.657,,,,0.192,0.192,0.596,0.0,0.0,2.738,4.657,4.625,0.0,,,,,
song,炉心融解,13.2,165.0,,,,,,,64,416,269,0.0,-5.0,8.74,0.413,0.401,0.305,0.517,18,0.25,0.75,6.5,,7.695,0.196,1.868,-0.278,vocal,,,,,,,,,,,,,,,,0.81,0.494,0.323,0.238,0.646,3.637,3.115,3.823,3.791,0.037,0.536,other,0.769,0.943
segment,炉心融解,13.2,165.0,audio_segment,0,2,10,intro,イントロ,9,,28,,,,,,,,,,,4.333,0.424,,,,,vocal,0.0,0.0,hook,,hook,,other,0.714,drums,0.536,other,6.598,True,True,True,0.536,0.321,0.714,0.0,,3.927,4.059,6.598,,,,,,
segment,炉心融解,13.2,165.0,audio_segment,1,11,24,chorus,サビ,14,,76,,,,,,,,,,,7.571,0.928,,,,,vocal,0.918,0.433,vocal,hook|vocal,drum,hook,drums,0.789,bass,0.421,vocals,3.391,True,True,False,0.789,0.421,0.368,0.395,0.714,3.176,2.639,2.849,3.391,,,,,
segment,炉心融解,13.2,165.0,audio_segment,2,25,32,chorus,サビ,8,,36,,,,,,,,,,,6.75,0.924,,,,,vocal,1.0,0.423,vocal,hook|vocal,drum,hook,drums,0.75,other,0.333,drums,3.189,True,True,True,0.75,0.278,0.333,0.306,0.5,3.189,1.88,2.756,2.849,,,,,
segment,炉心融解,13.2,165.0,audio_segment,3,33,36,quiet_chorus,落ちサビ,4,,15,,,,,,,,,,,5.25,0.731,,,,,vocal,0.778,0.6,vocal,hook,drum,hook,drums,0.733,other,0.4,drums,5.117,True,True,True,0.733,0.133,0.4,0.333,0.556,5.117,1.915,5.051,3.761,,,,,
segment,炉心融解,13.2,165.0,audio_segment,4,37,64,verse,Aメロ,28,,113,,,,,,,,,,,6.857,0.788,,,,,vocal,0.537,0.138,drum,bass,drum,bass,drums,0.911,bass,0.699,other,4.232,True,True,False,0.911,0.699,0.177,0.15,0.654,3.751,3.569,4.232,4.003,,,,,
segment,炉心融解,13.2,165.0,audio_segment,5,65,65,verse,Aメロ,1,,1,,,,,,,,,,,4.0,0.403,,,,,vocal,0.344,,drum,,drum,,bass,1.0,drums,0.0,bass,24.746,False,True,False,0.0,1.0,0.0,0.0,,,24.746,,,,,,,
segment,炉心融解,13.2,165.0,chart_changepoint,0,2,8,,,7,,19,,,,,,,,,,,3.857,0.32,,,,,vocal,,,,,,,other,0.684,drums,0.474,other,7.178,,,,0.474,0.21,0.684,0.0,,4.969,4.076,7.178,,,,,,
segment,炉心融解,13.2,165.0,chart_changepoint,1,9,26,,,18,,94,,,,,,,,,,,7.444,0.915,,,,,vocal,,,,,,,drums,0.787,bass,0.415,vocals,3.268,,,,0.787,0.415,0.404,0.34,0.667,3.118,2.627,3.052,3.268,,,,,
segment,炉心融解,13.2,165.0,chart_changepoint,2,27,35,,,9,,37,,,,,,,,,,,5.667,0.862,,,,,vocal,,,,,,,drums,0.73,vocals,0.378,drums,3.695,,,,0.73,0.27,0.324,0.378,0.583,3.695,2.041,3.242,3.632,,,,,
segment,炉心融解,13.2,165.0,chart_changepoint,3,36,52,,,17,,82,,,,,,,,,,,8.118,0.838,,,,,vocal,,,,,,,drums,0.878,bass,0.683,vocals,3.819,,,,0.878,0.683,0.207,0.207,0.739,3.606,3.588,3.391,3.819,,,,,
segment,炉心融解,13.2,165.0,chart_changepoint,4,53,65,,,13,,37,,,,,,,,,,,5.077,0.684,,,,,vocal,,,,,,,drums,0.973,bass,0.649,other,7.166,,,,0.973,0.649,0.135,0.027,0.25,4.438,3.632,7.166,2.143,,,,,
song,炭★坑★節,13.3,112.0,,,,,,,45,356,286,0.0,17.5,7.21,-0.252,-0.444,-0.441,-0.357,10,1.0,1.0,7.911,,13.136,2.361,4.02,2.697,vocal,,,,,,,,,,,,,,,,0.661,0.283,0.112,0.119,0.222,2.993,2.809,2.054,1.281,0.182,0.474,other,0.995,-0.9
segment,炭★坑★節,13.3,112.0,audio_segment,0,2,12,intro,イントロ,11,,37,,,,,,,,,,,3.727,0.897,,,,,vocal,0.909,0.336,drum,bass,drum,bass,drums,0.865,other,0.216,drums,3.541,True,True,True,0.865,0.135,0.216,0.108,0.108,3.541,1.364,2.684,1.203,,,,,
segment,炭★坑★節,13.3,112.0,audio_segment,1,13,20,verse,Aメロ,8,,72,,,,,,,,,,,10.5,0.835,,,,,vocal,0.928,0.359,hook,hook,drum,hook,drums,0.569,bass,0.306,bass,3.066,True,True,False,0.569,0.306,0.236,0.111,0.348,2.837,3.066,2.446,1.437,,,,,
segment,炭★坑★節,13.3,112.0,audio_segment,2,21,28,chorus,サビ,8,,45,,,,,,,,,,,6.375,0.909,,,,,vocal,1.0,0.514,vocal,bass|vocal,drum,bass,drums,0.711,bass,0.311,drums,3.273,True,True,True,0.711,0.311,0.0,0.178,0.222,3.273,3.121,0.0,1.502,,,,,
segment,炭★坑★節,13.3,112.0,audio_segment,3,29,36,quiet_chorus,落ちサビ,8,,73,,,,,,,,,,,11.5,0.832,,,,,vocal,0.98,0.456,drum,bass,drum,bass,drums,0.466,bass,0.26,other,2.956,True,True,False,0.466,0.26,0.041,0.082,0.231,2.617,2.788,2.956,0.945,,,,,
segment,炭★坑★節,13.3,112.0,audio_segment,4,37,46,chorus,サビ,10,,59,,,,,,,,,,,8.8,0.881,,,,,vocal,1.0,0.341,vocal,bass|vocal,drum,bass,drums,0.797,bass,0.339,drums,3.542,True,True,True,0.797,0.339,0.051,0.136,0.258,3.542,3.445,1.423,1.631,,,,,
segment,炭★坑★節,13.3,112.0,chart_changepoint,0,2,12,,,11,,37,,,,,,,,,,,3.727,0.897,,,,,vocal,,,,,,,drums,0.865,other,0.216,drums,3.541,,,,0.865,0.135,0.216,0.108,0.108,3.541,1.364,2.684,1.203,,,,,
segment,炭★坑★節,13.3,112.0,chart_changepoint,1,13,20,,,8,,72,,,,,,,,,,,10.5,0.835,,,,,vocal,,,,,,,drums,0.569,bass,0.306,bass,3.066,,,,0.569,0.306,0.236,0.111,0.348,2.837,3.066,2.446,1.437,,,,,
segment,炭★坑★節,13.3,112.0,chart_changepoint,2,21,29,,,9,,52,,,,,,,,,,,6.556,0.902,,,,,vocal,,,,,,,drums,0.692,bass,0.288,drums,3.213,,,,0.692,0.288,0.019,0.154,0.21,3.213,2.874,2.07,1.38,,,,,
segment,炭★坑★節,13.3,112.0,chart_changepoint,3,30,35,,,6,,65,,,,,,,,,,,13.833,0.832,,,,,vocal,,,,,,,drums,0.462,bass,0.277,bass,2.614,,,,0.462,0.277,0.046,0.092,0.25,2.3,2.614,2.496,0.871,,,,,
segment,炭★坑★節,13.3,112.0,chart_changepoint,4,36,46,,,11,,60,,,,,,,,,,,8.091,0.876,,,,,vocal,,,,,,,drums,0.783,bass,0.333,drums,3.788,,,,0.783,0.333,0.05,0.133,0.258,3.788,3.708,1.536,1.757,,,,,
song,脳漿炸裂ガール,14.1,155.0,,,,,,,66,678,618,0.0,2.5,12.72,0.101,-0.031,-0.078,0.059,16,0.75,0.75,10.273,,11.055,0.876,2.896,-2.003,vocal,,,,,,,,,,,,,,,,0.589,0.183,0.17,0.15,0.397,1.911,1.513,2.136,1.156,0.194,0.591,other,0.998,-0.017
segment,脳漿炸裂ガール,14.1,155.0,audio_segment,0,2,4,intro,イントロ,3,,28,,,,,,,,,,,10.0,0.107,,,,,vocal,0.0,0.0,hook,hook,drum,hook,other,0.643,drums,0.286,other,2.706,False,True,False,0.286,0.0,0.643,0.0,,0.914,,2.706,,,,,,
segment,脳漿炸裂ガール,14.1,155.0,audio_segment,1,5,12,interlude,間奏,8,,78,,,,,,,,,,,10.375,0.611,,,,,vocal,0.014,0.078,hook,hook,drum,hook,drums,0.487,other,0.372,other,2.667,True,True,False,0.487,0.295,0.372,0.038,0.5,1.565,1.754,2.667,1.343,,,,,
segment,脳漿炸裂ガール,14.1,155.0,audio_segment,2,13,24,chorus,サビ,12,,103,,,,,,,,,,,9.167,0.836,,,,,vocal,0.976,0.504,vocal,vocal,drum,vocal,drums,0.738,vocals,0.311,drums,2.166,True,True,True,0.738,0.291,0.097,0.311,0.492,2.166,1.705,1.631,1.641,,,,,
segment,脳漿炸裂ガール,14.1,155.0,audio_segment,3,25,32,final_chorus,ラスサビ,8,,82,,,,,,,,,,,10.125,0.895,,,,,vocal,1.0,0.589,drum,bass,drum,bass,drums,0.72,bass,0.232,drums,2.036,True,True,True,0.72,0.232,0.098,0.232,0.358,2.036,1.286,1.599,1.023,,,,,
segment,脳漿炸裂ガール,14.1,155.0,audio_segment,4,33,40,verse,Aメロ,8,,99,,,,,,,,,,,13.125,0.602,,,,,vocal,1.0,1.068,drum,hook,drum,hook,drums,0.313,vocals,0.242,other,1.661,True,True,False,0.313,0.02,0.131,0.242,0.511,1.631,1.4,1.661,1.191,,,,,
segment,脳漿炸裂ガール,14.1,155.0,audio_segment,5,41,56,quiet_chorus,落ちサビ,16,,125,,,,,,,,,,,9.75,0.648,,,,,vocal,1.0,0.381,drum,,drum,,drums,0.72,other,0.152,drums,2.404,True,True,True,0.72,0.104,0.152,0.104,0.232,2.404,1.354,2.102,0.82,,,,,
segment,脳漿炸裂ガール,14.1,155.0,audio_segment,6,57,62,quiet_chorus,落ちサビ,6,,58,,,,,,,,,,,10.667,0.698,,,,,vocal,0.985,0.085,bass,bass,drum,bass,drums,0.603,bass,0.259,other,2.678,True,True,False,0.603,0.259,0.017,0.017,0.2,1.905,1.735,2.678,0.543,,,,,
segment,脳漿炸裂ガール,14.1,155.0,audio_segment,7,63,66,verse,Aメロ,4,,40,,,,,,,,,,,11.0,0.471,,,,,vocal,0.46,0.053,drum,bass,drum,bass,drums,0.5,bass,0.25,other,2.606,True,True,False,0.5,0.25,0.05,0.025,0.5,1.623,1.741,2.606,1.303,,,,,
segment,脳漿炸裂ガール,14.1,155.0,audio_segment,8,67,67,outro,アウトロ,1,,5,,,,,,,,,,,5.0,0.161,,,,,vocal,0.0,0.0,drum,,drum,,other,0.6,drums,0.2,other,5.467,False,True,False,0.2,0.2,0.6,0.0,,1.393,2.682,5.467,,,,,,
segment,脳漿炸裂ガール,14.1,155.0,chart_changepoint,0,2,20,,,19,,185,,,,,,,,,,,10.474,0.651,,,,,vocal,,,,,,,drums,0.573,other,0.27,other,2.423,,,,0.573,0.254,0.27,0.162,0.484,1.776,1.769,2.423,1.365,,,,,
segment,脳漿炸裂ガール,14.1,155.0,chart_changepoint,1,21,32,,,12,,106,,,,,,,,,,,8.75,0.835,,,,,vocal,,,,,,,drums,0.708,bass,0.236,drums,2.014,,,,0.708,0.236,0.141,0.226,0.387,2.014,1.319,1.757,1.248,,,,,
segment,脳漿炸裂ガール,14.1,155.0,chart_changepoint,2,33,41,,,9,,112,,,,,,,,,,,13.111,0.595,,,,,vocal,,,,,,,drums,0.321,vocals,0.241,drums,1.69,,,,0.321,0.027,0.134,0.241,0.5,1.69,1.05,1.623,1.162,,,,,
segment,脳漿炸裂ガール,14.1,155.0,chart_changepoint,3,42,56,,,15,,112,,,,,,,,,,,9.533,0.656,,,,,vocal,,,,,,,drums,0.768,other,0.161,drums,2.501,,,,0.768,0.107,0.161,0.089,0.204,2.501,1.437,2.303,0.751,,,,,
segment,脳漿炸裂ガール,14.1,155.0,chart_changepoint,4,57,67,,,11,,103,,,,,,,,,,,10.273,0.567,,,,,vocal,,,,,,,drums,0.563,bass,0.252,other,2.785,,,,0.563,0.252,0.058,0.019,0.286,1.881,1.796,2.785,0.797,,,,,
song,超絶！Superlative,13.2,200.0,,,,,,,87,448,325,0.0,-22.5,-16.96,0.174,0.129,0.186,0.191,2,0.25,0.5,5.149,,6.348,0.584,2.066,-0.23,instrumental,,,,,,,,,,,,,,,,0.594,0.052,0.194,0.339,0.464,2.782,1.662,2.809,2.63,0.274,0.377,other,0.874,0.333
segment,超絶！Superlative,13.2,200.0,audio_segment,0,3,12,intro,イントロ,10,,34,,,,,,,,,,,3.4,0.145,,,,,instrumental,1.0,1.364,drum,,drum,,other,0.294,vocals,0.176,other,5.496,False,False,False,0.118,0.029,0.294,0.176,0.462,2.412,1.976,5.496,2.804,,,,,
segment,超絶！Superlative,13.2,200.0,audio_segment,1,13,20,chorus,サビ,8,,45,,,,,,,,,,,6.0,0.869,,,,,instrumental,1.0,0.467,drum,,drum,,drums,0.667,vocals,0.289,other,2.918,True,True,False,0.667,0.044,0.244,0.289,0.65,2.719,1.8,2.918,2.459,,,,,
segment,超絶！Superlative,13.2,200.0,audio_segment,2,21,28,quiet_chorus,落ちサビ,8,,23,,,,,,,,,,,5.125,0.837,,,,,instrumental,1.0,0.6,drum,,drum,,drums,0.652,vocals,0.609,vocals,4.208,True,True,False,0.652,0.0,0.174,0.609,0.56,2.948,0.0,1.827,4.208,,,,,
segment,超絶！Superlative,13.2,200.0,audio_segment,3,29,36,quiet_chorus,落ちサビ,8,,46,,,,,,,,,,,7.0,0.8,,,,,instrumental,1.0,0.409,drum,,drum,,drums,0.783,vocals,0.326,bass,3.5,True,True,False,0.783,0.043,0.087,0.326,0.833,3.255,3.5,1.783,3.065,,,,,
segment,超絶！Superlative,13.2,200.0,audio_segment,4,37,44,verse,Aメロ,8,,33,,,,,,,,,,,5.25,0.751,,,,,instrumental,1.0,0.595,drum,,drum,,drums,0.576,vocals,0.364,other,3.728,True,True,False,0.576,0.0,0.182,0.364,0.545,2.858,,3.728,2.831,,,,,
segment,超絶！Superlative,13.2,200.0,audio_segment,5,45,48,chorus,サビ,4,,11,,,,,,,,,,,3.75,0.857,,,,,instrumental,1.0,0.429,drum,,drum,,drums,0.727,bass,0.455,bass,6.291,True,True,False,0.727,0.455,0.455,0.364,0.444,3.025,6.291,3.031,3.417,,,,,
segment,超絶！Superlative,13.2,200.0,audio_segment,6,49,68,verse,Aメロ,20,,74,,,,,,,,,,,5.35,0.727,,,,,instrumental,1.0,0.611,drum,,drum,,drums,0.581,vocals,0.311,drums,2.884,True,True,True,0.581,0.027,0.176,0.311,0.418,2.884,0.734,2.512,2.419,,,,,
segment,超絶！Superlative,13.2,200.0,audio_segment,7,69,89,verse,Aメロ,21,,59,,,,,,,,,,,5.0,0.751,,,,,instrumental,1.0,0.629,drum,,drum,,drums,0.627,vocals,0.373,drums,3.157,True,True,True,0.627,0.068,0.152,0.373,0.379,3.157,1.39,3.128,2.891,,,,,
segment,超絶！Superlative,13.2,200.0,chart_changepoint,0,3,16,,,14,,47,,,,,,,,,,,3.571,0.338,,,,,instrumental,,,,,,,other,0.277,drums,0.234,other,5.303,,,,0.234,0.021,0.277,0.234,0.478,2.167,1.5,5.303,2.968,,,,,
segment,超絶！Superlative,13.2,200.0,chart_changepoint,1,17,36,,,20,,101,,,,,,,,,,,6.45,0.839,,,,,instrumental,,,,,,,drums,0.723,vocals,0.376,drums,3.079,,,,0.723,0.04,0.168,0.376,0.717,3.079,2.0,2.066,3.032,,,,,
segment,超絶！Superlative,13.2,200.0,chart_changepoint,2,37,50,,,14,,49,,,,,,,,,,,4.429,0.793,,,,,instrumental,,,,,,,drums,0.612,vocals,0.367,bass,4.516,,,,0.612,0.143,0.265,0.367,0.5,2.877,4.516,2.788,3.045,,,,,
segment,超絶！Superlative,13.2,200.0,chart_changepoint,3,51,76,,,26,,94,,,,,,,,,,,5.769,0.727,,,,,instrumental,,,,,,,drums,0.575,vocals,0.308,drums,2.895,,,,0.575,0.032,0.17,0.308,0.392,2.895,0.889,2.768,2.326,,,,,
segment,超絶！Superlative,13.2,200.0,chart_changepoint,4,77,89,,,13,,34,,,,,,,,,,,4.385,0.749,,,,,instrumental,,,,,,,drums,0.706,vocals,0.412,drums,3.477,,,,0.706,0.059,0.118,0.412,0.412,3.477,1.122,3.118,3.359,,,,,
song,響縁,13.0,180.0,,,,,,,89,674,422,0.0,0.0,2.76,-0.062,0.011,0.047,0.116,14,0.75,0.75,7.573,,7.053,0.884,2.945,-2.228,vocal,,,,,,,,,,,,,,,,0.822,0.294,0.095,0.232,0.476,3.349,2.886,1.519,2.323,0.102,0.524,tail_kill,1.073,0.233
segment,響縁,13.0,180.0,audio_segment,0,3,8,intro,イントロ,6,,23,,,,,,,,,,,4.667,0.502,,,,,vocal,0.0,0.0,drum,,drum,,bass,0.13,drums,0.087,other,2.92,False,True,False,0.087,0.13,0.043,0.0,,0.377,0.712,2.92,,,,,,
segment,響縁,13.0,180.0,audio_segment,1,9,16,verse,Aメロ,8,,13,,,,,,,,,,,4.5,0.643,,,,,vocal,0.76,0.7,drum,vocal,drum,vocal,vocals,0.615,drums,0.231,vocals,3.443,False,True,False,0.231,0.077,0.077,0.615,0.229,0.941,1.558,0.844,3.443,,,,,
segment,響縁,13.0,180.0,audio_segment,2,17,26,interlude,間奏,10,,52,,,,,,,,,,,7.6,0.559,,,,,vocal,0.168,0.061,drum,bass,drum,bass,drums,0.923,bass,0.25,drums,3.64,True,True,True,0.923,0.25,0.038,0.019,0.25,3.64,2.442,0.874,1.078,,,,,
segment,響縁,13.0,180.0,audio_segment,3,27,44,chorus,サビ,18,,95,,,,,,,,,,,6.833,0.801,,,,,vocal,0.812,0.649,vocal,vocal,drum,vocal,drums,0.853,vocals,0.284,drums,3.959,True,True,True,0.853,0.137,0.19,0.284,0.429,3.959,2.35,1.475,1.95,,,,,
segment,響縁,13.0,180.0,audio_segment,4,45,48,quiet_chorus,落ちサビ,4,,12,,,,,,,,,,,6.25,0.647,,,,,vocal,1.0,0.684,vocal,vocal,drum,vocal,drums,0.833,bass,0.333,bass,5.107,True,True,False,0.833,0.333,0.083,0.25,0.231,4.33,5.107,2.511,1.837,,,,,
segment,響縁,13.0,180.0,audio_segment,5,49,70,final_chorus,ラスサビ,22,,93,,,,,,,,,,,8.273,0.865,,,,,vocal,0.968,0.645,vocal,vocal,drum,vocal,drums,0.86,vocals,0.613,vocals,3.609,True,True,False,0.86,0.161,0.097,0.613,0.626,3.433,2.625,1.869,3.609,,,,,
segment,響縁,13.0,180.0,audio_segment,6,71,84,interlude,間奏,14,,107,,,,,,,,,,,10.714,0.62,,,,,vocal,0.048,0.0,drum,bass,drum,bass,drums,0.897,bass,0.486,drums,3.158,True,True,True,0.897,0.486,0.028,0.0,,3.158,2.813,2.195,,,,,,
segment,響縁,13.0,180.0,audio_segment,7,85,88,interlude,間奏,4,,19,,,,,,,,,,,9.0,0.578,,,,,vocal,0.0,0.0,drum,bass,drum,bass,bass,0.895,drums,0.842,bass,4.081,False,True,False,0.842,0.895,0.105,0.0,,3.321,4.081,2.392,,,,,,
segment,響縁,13.0,180.0,audio_segment,8,89,91,interlude,間奏,3,,8,,,,,,,,,,,6.0,0.31,,,,,vocal,0.0,0.0,drum,,drum,,drums,0.875,bass,0.75,bass,6.633,True,True,False,0.875,0.75,0.125,0.0,,5.753,6.633,2.147,,,,,,
segment,響縁,13.0,180.0,chart_changepoint,0,3,16,,,14,,36,,,,,,,,,,,4.571,0.582,,,,,vocal,,,,,,,vocals,0.222,drums,0.139,vocals,2.088,,,,0.139,0.111,0.056,0.222,0.229,0.581,1.017,0.938,2.088,,,,,
segment,響縁,13.0,180.0,chart_changepoint,1,17,25,,,9,,48,,,,,,,,,,,7.778,0.546,,,,,vocal,,,,,,,drums,0.917,bass,0.271,drums,3.641,,,,0.917,0.271,0.021,0.021,0.25,3.641,2.493,0.473,1.052,,,,,
segment,響縁,13.0,180.0,chart_changepoint,2,26,34,,,9,,38,,,,,,,,,,,5.333,0.793,,,,,vocal,,,,,,,drums,1.0,other,0.474,drums,5.395,,,,1.0,0.026,0.474,0.184,0.304,5.395,2.645,2.002,1.696,,,,,
segment,響縁,13.0,180.0,chart_changepoint,3,35,70,,,36,,166,,,,,,,,,,,8.0,0.822,,,,,vocal,,,,,,,drums,0.843,vocals,0.488,drums,3.467,,,,0.843,0.187,0.066,0.488,0.562,3.467,2.584,1.743,2.962,,,,,
segment,響縁,13.0,180.0,chart_changepoint,4,71,91,,,21,,134,,,,,,,,,,,9.714,0.567,,,,,vocal,,,,,,,drums,0.895,bass,0.56,drums,3.434,,,,0.895,0.56,0.045,0.0,,3.434,3.224,1.764,,,,,,
song,魔法少女になるしかねぇ,14.0,165.0,,,,,,,90,956,676,0.0,0.0,9.09,0.151,0.113,0.134,0.198,14,0.5,0.75,10.622,,10.385,0.615,3.45,-2.647,vocal,,,,,,,,,,,,,,,,0.59,0.223,0.496,0.317,0.608,2.562,1.403,2.044,2.103,0.101,0.55,other,0.93,0.059
segment,魔法少女になるしかねぇ,14.0,165.0,audio_segment,0,2,10,intro,イントロ,9,,41,,,,,,,,,,,8.333,0.713,,,,,vocal,0.788,0.717,drum,hook,drum,hook,drums,0.732,other,0.537,drums,3.926,True,True,True,0.732,0.024,0.537,0.439,0.545,3.926,0.142,2.111,3.128,,,,,
segment,魔法少女になるしかねぇ,14.0,165.0,audio_segment,1,11,20,verse,Aメロ,10,,56,,,,,,,,,,,10.3,0.789,,,,,vocal,0.914,0.507,drum,hook|vocal,drum,hook,drums,0.661,other,0.518,drums,2.736,True,True,True,0.661,0.214,0.518,0.286,0.471,2.736,1.265,1.969,2.183,,,,,
segment,魔法少女になるしかねぇ,14.0,165.0,audio_segment,2,21,24,interlude,間奏,4,,51,,,,,,,,,,,13.0,0.593,,,,,vocal,0.264,0.235,drum,hook,drum,hook,other,0.667,drums,0.647,other,2.2,False,True,False,0.647,0.333,0.667,0.118,0.75,2.188,1.789,2.2,1.486,,,,,
segment,魔法少女になるしかねぇ,14.0,165.0,audio_segment,3,25,36,verse,Aメロ,12,,65,,,,,,,,,,,8.417,0.697,,,,,vocal,0.98,0.642,bass,hook|vocal,drum,hook,drums,0.831,vocals,0.431,drums,3.418,True,True,True,0.831,0.354,0.323,0.431,0.538,3.418,2.372,1.94,2.632,,,,,
segment,魔法少女になるしかねぇ,14.0,165.0,audio_segment,4,37,48,quiet_chorus,落ちサビ,12,,78,,,,,,,,,,,11.583,0.824,,,,,vocal,0.991,0.726,drum,bass,drum,bass,drums,0.667,vocals,0.41,drums,2.658,True,True,True,0.667,0.282,0.308,0.41,0.525,2.658,1.536,1.651,2.169,,,,,
segment,魔法少女になるしかねぇ,14.0,165.0,audio_segment,5,49,64,quiet_chorus,落ちサビ,16,,122,,,,,,,,,,,11.062,0.718,,,,,vocal,1.0,0.644,vocal,hook,drum,hook,other,0.607,drums,0.549,drums,2.652,False,True,True,0.549,0.156,0.607,0.336,0.707,2.652,1.054,2.232,2.42,,,,,
segment,魔法少女になるしかねぇ,14.0,165.0,audio_segment,6,65,72,verse,Aメロ,8,,92,,,,,,,,,,,13.0,0.609,,,,,vocal,0.252,0.375,drum,hook|vocal,drum,hook,drums,0.554,other,0.5,drums,2.21,True,True,True,0.554,0.272,0.5,0.163,0.714,2.21,1.492,2.091,1.589,,,,,
segment,魔法少女になるしかねぇ,14.0,165.0,audio_segment,7,73,80,pre_chorus,Bメロ,8,,79,,,,,,,,,,,12.5,0.79,,,,,vocal,0.994,0.625,drum,hook|vocal,drum,hook,other,0.62,drums,0.456,other,2.178,False,True,False,0.456,0.139,0.62,0.304,0.8,2.078,1.002,2.178,2.12,,,,,
segment,魔法少女になるしかねぇ,14.0,165.0,audio_segment,8,81,84,chorus,サビ,4,,33,,,,,,,,,,,9.25,0.919,,,,,vocal,1.0,1.053,vocal,vocal|hook,drum,vocal,drums,0.364,other,0.364,drums,2.044,True,True,True,0.364,0.151,0.364,0.333,0.55,2.044,1.302,1.45,1.789,,,,,
segment,魔法少女になるしかねぇ,14.0,165.0,audio_segment,9,85,88,final_chorus,ラスサビ,4,,40,,,,,,,,,,,11.0,0.934,,,,,vocal,1.0,1.0,vocal,vocal|hook,drum,vocal,vocals,0.45,drums,0.425,vocals,1.794,False,True,False,0.425,0.225,0.4,0.45,0.643,1.695,1.674,1.387,1.794,,,,,
segment,魔法少女になるしかねぇ,14.0,165.0,audio_segment,10,89,91,verse,Aメロ,3,,19,,,,,,,,,,,8.0,0.327,,,,,vocal,0.942,0.583,drum,,drum,,drums,0.474,bass,0.368,bass,4.652,True,True,False,0.474,0.368,0.368,0.21,0.667,3.687,4.652,3.537,2.659,,,,,
segment,魔法少女になるしかねぇ,14.0,165.0,chart_changepoint,0,2,14,,,13,,56,,,,,,,,,,,8.385,0.742,,,,,vocal,,,,,,,drums,0.696,other,0.482,drums,3.737,,,,0.696,0.036,0.482,0.446,0.51,3.737,0.231,1.999,3.1,,,,,
segment,魔法少女になるしかねぇ,14.0,165.0,chart_changepoint,1,15,23,,,9,,84,,,,,,,,,,,12.556,0.714,,,,,vocal,,,,,,,drums,0.667,other,0.655,drums,2.292,,,,0.667,0.286,0.655,0.119,0.5,2.292,1.42,2.069,1.359,,,,,
segment,魔法少女になるしかねぇ,14.0,165.0,chart_changepoint,2,24,62,,,39,,232,,,,,,,,,,,9.795,0.741,,,,,vocal,,,,,,,drums,0.707,other,0.453,drums,3.075,,,,0.707,0.272,0.453,0.431,0.585,3.075,1.686,2.154,2.605,,,,,
segment,魔法少女になるしかねぇ,14.0,165.0,chart_changepoint,3,63,71,,,9,,131,,,,,,,,,,,15.667,0.627,,,,,vocal,,,,,,,drums,0.481,other,0.473,other,1.913,,,,0.481,0.221,0.473,0.153,0.769,1.774,1.264,1.913,1.359,,,,,
segment,魔法少女になるしかねぇ,14.0,165.0,chart_changepoint,4,72,91,,,20,,173,,,,,,,,,,,10.55,0.77,,,,,vocal,,,,,,,other,0.491,drums,0.433,drums,2.208,,,,0.433,0.191,0.491,0.335,0.682,2.208,1.543,1.947,2.085,,,,,
song,麒麟,14.1,220.0,,,,,,,116,837,562,0.0,7.5,10.63,0.634,0.583,0.57,0.592,46,0.0,0.25,7.216,,7.789,-0.271,3.036,-1.345,instrumental,,,,,,,,,,,,,,,,0.635,0.278,0.237,0.123,0.67,2.5,2.732,2.546,2.554,0.192,0.577,other,0.797,0.6
segment,麒麟,14.1,220.0,audio_segment,0,3,18,intro,イントロ,16,,36,,,,,,,,,,,3.562,0.528,,,,,instrumental,0.628,0.328,drum,,drum,,drums,0.75,vocals,0.361,other,8.095,True,True,False,0.75,0.333,0.028,0.361,0.65,3.965,4.209,8.095,5.435,,,,,
segment,麒麟,14.1,220.0,audio_segment,1,19,32,bridge,Cメロ,14,,74,,,,,,,,,,,7.429,0.765,,,,,instrumental,0.264,0.095,bass,bass,drum,bass,drums,0.919,bass,0.324,drums,2.95,True,True,True,0.919,0.324,0.0,0.068,0.556,2.95,2.667,0.0,1.945,,,,,
segment,麒麟,14.1,220.0,audio_segment,2,33,42,quiet_chorus,落ちサビ,10,,51,,,,,,,,,,,8.2,0.73,,,,,instrumental,1.0,0.146,drum,hook,drum,hook,other,0.49,drums,0.431,other,3.223,False,True,False,0.431,0.098,0.49,0.098,0.833,2.137,2.277,3.223,3.02,,,,,
segment,麒麟,14.1,220.0,audio_segment,3,43,68,chorus,サビ,26,,123,,,,,,,,,,,7.731,0.844,,,,,instrumental,0.579,0.099,drum,bass,drum,bass,drums,0.789,bass,0.406,bass,2.954,True,True,False,0.789,0.406,0.195,0.089,0.688,2.732,2.954,1.982,2.687,,,,,
segment,麒麟,14.1,220.0,audio_segment,4,69,78,interlude,間奏,10,,24,,,,,,,,,,,3.2,0.55,,,,,instrumental,0.173,0.0,hook,hook,drum,hook,other,1.0,drums,0.417,other,5.18,False,True,False,0.417,0.042,1.0,0.0,,1.704,1.103,5.18,,,,,,
segment,麒麟,14.1,220.0,audio_segment,5,79,86,pre_chorus,Bメロ,8,,37,,,,,,,,,,,6.5,0.646,,,,,instrumental,0.254,0.2,hook,hook,drum,hook,other,0.757,drums,0.46,other,3.017,False,True,False,0.46,0.108,0.757,0.108,0.444,1.727,1.264,3.017,1.802,,,,,
segment,麒麟,14.1,220.0,audio_segment,6,87,100,chorus,サビ,14,,123,,,,,,,,,,,12.0,0.838,,,,,instrumental,0.434,0.231,drum,bass,drum,bass,drums,0.471,bass,0.268,bass,1.845,True,True,False,0.471,0.268,0.187,0.114,0.778,1.787,1.845,1.583,1.667,,,,,
segment,麒麟,14.1,220.0,audio_segment,7,101,108,quiet_chorus,落ちサビ,8,,52,,,,,,,,,,,9.25,0.823,,,,,instrumental,0.485,0.26,drum,bass,drum,bass,drums,0.673,bass,0.231,other,2.379,True,True,False,0.673,0.231,0.096,0.154,0.615,2.314,2.092,2.379,1.799,,,,,
segment,麒麟,14.1,220.0,audio_segment,8,109,116,interlude,間奏,8,,19,,,,,,,,,,,4.125,0.455,,,,,instrumental,0.266,0.333,drum,,drum,,drums,0.474,bass,0.21,bass,5.21,True,True,False,0.474,0.21,0.0,0.21,0.667,4.069,5.21,,5.21,,,,,
segment,麒麟,14.1,220.0,audio_segment,9,117,118,verse,Aメロ,2,,23,,,,,,,,,,,17.0,0.617,,,,,instrumental,0.348,0.462,drum,,drum,,drums,0.565,bass,0.217,drums,1.88,True,True,True,0.565,0.217,0.043,0.13,0.5,1.88,1.429,0.812,0.858,,,,,
segment,麒麟,14.1,220.0,chart_changepoint,0,3,14,,,12,,16,,,,,,,,,,,2.333,0.441,,,,,instrumental,,,,,,,drums,0.625,bass,0.062,other,13.668,,,,0.625,0.062,0.062,0.062,0.25,4.453,2.304,13.668,3.44,,,,,
segment,麒麟,14.1,220.0,chart_changepoint,1,15,66,,,52,,268,,,,,,,,,,,7.923,0.807,,,,,instrumental,,,,,,,drums,0.761,bass,0.347,bass,2.721,,,,0.761,0.347,0.187,0.123,0.702,2.617,2.721,2.246,2.539,,,,,
segment,麒麟,14.1,220.0,chart_changepoint,2,67,82,,,16,,36,,,,,,,,,,,3.25,0.555,,,,,instrumental,,,,,,,other,1.0,drums,0.389,other,5.287,,,,0.389,0.028,1.0,0.0,,1.818,0.749,5.287,,,,,,
segment,麒麟,14.1,220.0,chart_changepoint,3,83,97,,,15,,132,,,,,,,,,,,11.933,0.819,,,,,instrumental,,,,,,,drums,0.477,other,0.28,bass,1.833,,,,0.477,0.25,0.28,0.114,0.682,1.748,1.833,1.806,1.466,,,,,
segment,麒麟,14.1,220.0,chart_changepoint,4,98,118,,,21,,110,,,,,,,,,,,7.905,0.658,,,,,instrumental,,,,,,,drums,0.6,bass,0.255,bass,2.687,,,,0.6,0.255,0.082,0.173,0.633,2.651,2.687,2.273,2.286,,,,,
