chart,simai_id,title,difficulty,level,level_band,bpm_main,bpm_band,n_bpm,bpm_main_share,bpm_median_time,bpm_band_median,bpm_segments,n_bars,seconds,n_notes,n_slots,nps,notes_per_bar,each_ratio,slide_ratio,hold_ratio,break_ratio,touch_ratio,main_divisor,vocab,vocab_main,div4,div8,div12,div16,div24,div32,config_list,main_config_list
1022-炉心融解-mas,1022,炉心融解,mas,13.2,13.0-13.2,165.0,140-169,1,1.0,165.0,140-169,165@93.1s,62,90.18,416,269,4.613,6.71,0.625,0.1803,0.1058,0.0457,0.0,8.0,15,3,0.1707,0.7452,0.0096,0.0168,0.0,0.0,子弹:0.15/5; 连续双押:0.11/4; 出张:0.11/6; 错位:0.08/5; 一笔画:0.06/3; 反手:0.05/2; 同起点拍滑:0.05/1; 二连扫:0.03/1; CYCLES型星星:0.03/2; 连续拍滑:0.03/2; 挥手段:0.03/2; 三叉戟:0.03/2; 跳拍:0.03/2; 井字星星:0.02/1; 拆弹:0.02/1,出张; 子弹; 连续双押
103-ウサテイ-mas,103,ウサテイ,mas,14.0,13.9-14.1,190.0,170-199,1,1.0,190.0,170-199,190@106.1s,81,102.32,646,545,6.314,7.975,0.3127,0.1006,0.0248,0.0248,0.0,16.0,13,5,0.0666,0.4598,0.0,0.4706,0.0,0.0,子弹:0.43/20; 二连扫:0.15/3; 出张:0.15/8; 跳拍:0.12/10; 单双/双单:0.11/1; 一笔画:0.07/6; 绕圈星星:0.07/6; 井字星星:0.07/6; 连续拍滑:0.07/3; 反手:0.06/3; 纵连:0.05/3; 大宇宙:0.05/1; 夹键拍滑:0.05/1,二连扫; 出张; 单双/双单; 子弹; 跳拍
104-炭★坑★節-mas,104,炭★坑★節,mas,13.3,13.3-13.5,112.0,<140,1,1.0,112.0,<140,112@98.6s,45,96.43,356,286,3.692,7.911,0.3596,0.0618,0.0365,0.0169,0.0,24.0,8,4,0.0871,0.2331,0.0,0.0646,0.6124,0.0,跳拍:0.31/6; 子弹:0.29/5; 出张:0.13/5; 侧边双押:0.11/4; 错位:0.07/1; 纵连:0.04/1; 普通交互:0.04/1; 井字星星:0.02/1,侧边双押; 出张; 子弹; 跳拍
1047-人里に下ったアタイがいつの間にか社畜になっていた件-mas,1047,人里に下ったアタイがいつの間にか社畜になっていた件,mas,14.0,13.9-14.1,180.0,170-199,1,1.0,180.0,170-199,180@133.0s,96,128.0,913,641,7.133,9.51,0.5465,0.103,0.0832,0.0832,0.0,8.0,23,5,0.1698,0.4984,0.1019,0.1522,0.0,0.035,子弹:0.28/15; 连续双押:0.25/16; 出张:0.14/10; 纵连:0.10/3; 单双/双单:0.10/6; 普通交互:0.07/3; N+1:0.06/1; 跳拍:0.06/2; 一笔画:0.04/2; 轴交互:0.04/1; 二连扫:0.03/2; 定拍:0.03/1; 反手:0.03/2; 绕圈星星:0.03/1; 错位:0.02/2; 双押纵:0.02/2; 逆楼梯/方向盘:0.02/1; 大宇宙:0.02/1; 同起点拍滑:0.01/1; CYCLES型星星:0.01/1; 双压连续拍滑:0.01/1; 三角交互:0.01/1; 井字星星:0.01/1,出张; 单双/双单; 子弹; 纵连; 连续双押
1048-初音ミクの消失-mas,1048,初音ミクの消失,mas,13.9,13.9-14.1,240.0,>=200,1,1.0,240.0,>=200,240@136.6s,128,128.0,961,761,7.508,7.508,0.3881,0.1082,0.0354,0.0406,0.0,8.0,20,3,0.2383,0.4797,0.2331,0.0187,0.0062,0.0062,子弹:0.21/11; 反手:0.12/8; 出张:0.12/12; 纵连:0.09/7; 三角交互:0.08/2; 连续双押:0.07/4; 长纵连:0.05/1; 双押纵:0.05/2; 一笔画:0.05/4; 普通交互:0.05/2; 二连扫:0.05/5; 连续拍滑:0.04/3; 单双/双单:0.04/1; 定拍:0.04/1; 绕圈星星:0.03/4; 大宇宙:0.02/1; 夹键拍滑:0.02/1; 井字星星:0.02/2; 散点:0.02/1; 跳拍:0.01/1,出张; 反手; 子弹
105-ソーラン☆節-mas,105,ソーラン☆節,mas,13.4,13.3-13.5,145.0,140-169,1,1.0,145.0,140-169,145@94.3s,54,89.38,414,333,4.632,7.667,0.3188,0.1111,0.0821,0.0483,0.0,16.0,11,7,0.2391,0.2971,0.0,0.4565,0.0,0.0,跳拍:0.26/7; 子弹:0.19/6; 反手:0.19/4; 二连扫:0.17/5; 错位:0.13/6; 出张:0.13/4; 绕圈星星:0.11/3; 纵连:0.09/3; 一笔画:0.07/2; 侧边双押:0.07/3; 连续双押:0.04/1,二连扫; 出张; 反手; 子弹; 绕圈星星; 跳拍; 错位
106-トルコ行進曲 - オワタ＼(^o^)／-mas,106,トルコ行進曲 - オワタ＼(^o^)／,mas,13.8,13.6-13.8,120.0,<140,1,1.0,120.0,<140,120@118.0s,57,114.0,609,540,5.342,10.684,0.2036,0.0279,0.0345,0.0525,0.0,16.0,15,8,0.0131,0.064,0.0,0.8686,0.0,0.0,子弹:0.46/12; 连续双押:0.23/5; 反手:0.23/2; 跳拍:0.19/6; 三角交互:0.18/8; 二连扫:0.12/4; 轴交互:0.12/2; 侧边双押:0.11/5; 出张:0.05/3; 绕圈星星:0.05/3; 2+1:0.04/1; 一笔画:0.04/2; 普通交互:0.04/2; 大宇宙:0.02/1; 纵连:0.02/1,三角交互; 二连扫; 侧边双押; 反手; 子弹; 跳拍; 轴交互; 连续双押
1069-渦状銀河のシンフォニエッタ-mas,1069,渦状銀河のシンフォニエッタ,mas,14.3,14.2-14.5,238.0,>=200,1,1.0,238.0,>=200,238@151.8s,136,137.14,931,606,6.789,6.846,0.6316,0.1708,0.0763,0.0226,0.0,4.0,18,3,0.4178,0.2965,0.0129,0.1837,0.0,0.0,子弹:0.16/7; 出张:0.14/12; 连续双押:0.11/5; 单双/双单:0.09/7; 连续拍滑:0.07/5; 绕圈星星:0.06/3; 跳拍:0.05/6; 轴交互:0.04/4; 普通交互:0.04/4; 3+1:0.04/1; 一笔画:0.04/3; 纵连:0.03/1; 二连扫:0.03/3; 错位:0.02/3; 反手:0.02/2; 定拍:0.01/1; 散点:0.01/1; 同起点拍滑:0.01/1,出张; 子弹; 连续双押
111-Quartet Theme [Reborn]-mas,111,Quartet Theme [Reborn],mas,13.0,13.0-13.2,137.0,<140,1,1.0,137.0,<140,137@126.1s,69,120.88,502,431,4.153,7.275,0.2789,0.0697,0.1912,0.002,0.0,16.0,10,5,0.0,0.0,0.0,0.9821,0.0,0.0159,反手:0.29/10; 子弹:0.20/4; 跳拍:0.20/7; 连续双押:0.14/7; 出张:0.10/7; 纵连:0.09/3; 二连扫:0.09/3; 三角交互:0.04/2; 连续拍滑:0.03/2; 散点:0.01/1,出张; 反手; 子弹; 跳拍; 连续双押
112-Mysterious Destiny-mas,112,Mysterious Destiny,mas,13.3,13.3-13.5,140.0,140-169,1,1.0,140.0,140-169,140@111.4s,64,109.71,372,187,3.391,5.812,0.9946,0.4973,0.0,0.0054,0.0,4.0,10,7,0.6505,0.172,0.0,0.129,0.0,0.0,一笔画:0.48/8; 出张:0.42/10; 绕圈星星:0.30/8; 连续拍滑:0.30/3; 井字星星:0.12/2; 二连扫:0.12/1; 反手:0.11/2; 鼓动段:0.08/1; 轴交互:0.06/1; 错位:0.02/1,一笔画; 二连扫; 井字星星; 出张; 反手; 绕圈星星; 连续拍滑
113-Urban Crusher [Remix]-mas,113,Urban Crusher [Remix],mas,13.4,13.3-13.5,155.0,140-169,1,1.0,155.0,140-169,155@103.7s,65,100.65,476,426,4.729,7.323,0.2101,0.0525,0.0966,0.0189,0.0,8.0,10,4,0.0,0.5672,0.0,0.4307,0.0,0.0,跳拍:0.35/17; 子弹:0.31/9; 出张:0.15/8; 二连扫:0.14/1; 反手:0.09/4; 2+1:0.09/1; 连续双押:0.06/2; 连续拍滑:0.06/2; 错位:0.05/3; 侧边双押:0.02/1,二连扫; 出张; 子弹; 跳拍
1139-AFTER PANDORA-mas,1139,AFTER PANDORA,mas,14.2,14.2-14.5,56.667,<140,2,0.9263,56.667,<140,56.6667@141.9s; 85@11.3s,33,134.12,576,404,4.295,17.455,0.467,0.1771,0.0365,0.0434,0.0,12.0,19,10,0.0312,0.0069,0.4306,0.0,0.1892,0.0,出张:0.48/6; 子弹:0.33/5; 连续双押:0.30/5; 三叉戟:0.24/1; 错位:0.18/4; 双押纵:0.18/2; 挥手段:0.18/1; 轴交互:0.15/3; 拆弹:0.15/1; 普通交互:0.12/2; 连续拍滑:0.09/2; 纵连:0.09/2; 跳拍:0.06/2; 井字星星:0.06/2; 3+1:0.06/1; 绕圈星星:0.06/1; 2+1:0.03/1; 大宇宙:0.03/1; 反手:0.03/1,三叉戟; 出张; 双押纵; 子弹; 拆弹; 挥手段; 普通交互; 轴交互; 连续双押; 错位
115-Beat Of Mind-remas,115,Beat Of Mind,remas,14.2,14.2-14.5,140.0,140-169,1,1.0,140.0,140-169,140@102.1s,56,96.0,777,487,8.094,13.875,0.6242,0.166,0.0541,0.0142,0.0,16.0,17,9,0.0,0.3681,0.0,0.5251,0.0,0.0,错位:0.55/11; 出张:0.36/13; 子弹:0.30/9; 一笔画:0.25/5; 连续双押:0.16/5; 2+1:0.14/1; 单双/双单:0.12/3; 穿心:0.12/1; CYCLES型星星:0.11/2; 跳拍:0.09/5; 拆弹:0.07/4; 连续拍滑:0.07/3; 三叉戟:0.07/1; 纵连:0.05/3; 挥手段:0.05/1; 井字星星:0.04/2; 反手:0.02/1,2+1; CYCLES型星星; 一笔画; 出张; 单双/双单; 子弹; 穿心; 连续双押; 错位
118-檄！帝国華撃団(改)-remas,118,檄！帝国華撃団(改),remas,13.1,13.0-13.2,144.0,140-169,1,1.0,144.0,140-169,144@101.5s,53,88.33,473,272,5.355,8.925,0.7569,0.1459,0.0655,0.093,0.0,8.0,14,6,0.2241,0.4186,0.0,0.2304,0.0,0.0042,连续双押:0.55/10; 出张:0.25/10; 子弹:0.13/7; 跳拍:0.11/6; 一笔画:0.11/4; 绕圈星星:0.11/4; 错位:0.09/4; 单双/双单:0.08/1; 侧边双押:0.04/1; 二连扫:0.04/1; 普通交互:0.04/1; 楼梯交互:0.02/1; CYCLES型星星:0.02/1; 井字星星:0.02/1,一笔画; 出张; 子弹; 绕圈星星; 跳拍; 连续双押
119-Black Out-mas,119,Black Out,mas,13.3,13.3-13.5,142.0,140-169,1,1.0,142.0,140-169,142@81.1s,44,74.37,339,269,4.559,7.705,0.413,0.1091,0.1268,0.0826,0.0,16.0,10,8,0.0796,0.0295,0.0,0.885,0.0,0.0,纵连:0.30/4; 子弹:0.23/3; 跳拍:0.20/2; 反手:0.16/2; 一笔画:0.16/1; 绕圈星星:0.16/1; 连续双押:0.11/5; 出张:0.11/4; 侧边双押:0.05/1; 单双/双单:0.05/1,一笔画; 出张; 反手; 子弹; 纵连; 绕圈星星; 跳拍; 连续双押
1199-僕は空気が嫁ない-mas,1199,僕は空気が嫁ない,mas,13.5,13.3-13.5,192.0,170-199,1,1.0,192.0,170-199,192@113.8s,89,111.25,771,464,6.93,8.663,0.7082,0.1751,0.0246,0.0454,0.0,8.0,24,7,0.1868,0.6459,0.0,0.1518,0.0,0.013,子弹:0.42/19; 连续双押:0.29/14; 出张:0.25/12; 跳拍:0.15/11; 同起点拍滑:0.15/4; 一笔画:0.11/6; 单双/双单:0.10/5; 三叉戟:0.09/4; 错位:0.08/5; 连续拍滑:0.08/3; 三角交互:0.03/1; 挥手段:0.03/1; 鼓动段:0.03/1; 纵连:0.02/1; 反手:0.02/1; 双压连续拍滑:0.02/2; CYCLES型星星:0.01/1; 绕圈星星:0.01/1; 散点:0.01/1; 二连扫:0.01/1; 井字星星:0.01/1; 双押纵:0.01/1; 轴交互:0.01/1; 普通交互:0.01/1,一笔画; 出张; 单双/双单; 同起点拍滑; 子弹; 跳拍; 连续双押
120-超絶！Superlative-mas,120,超絶！Superlative,mas,13.2,13.0-13.2,200.0,>=200,1,1.0,200.0,>=200,200@111.6s,83,99.6,448,325,4.498,5.398,0.5223,0.1629,0.0871,0.0536,0.0,8.0,12,2,0.0714,0.9107,0.0,0.0,0.0,0.0,出张:0.16/10; 连续双押:0.11/5; 跳拍:0.07/2; 子弹:0.07/6; 穿心:0.07/3; 连续拍滑:0.07/3; 单双/双单:0.07/2; 二连扫:0.06/3; 反手:0.05/2; 轴交互:0.02/1; 三角交互:0.02/1; 井字星星:0.01/1,出张; 连续双押
121-采配の刻 Power of order-mas,121,采配の刻 Power of order,mas,13.2,13.0-13.2,185.0,170-199,1,1.0,185.0,170-199,185@104.4s,80,103.78,512,329,4.933,6.4,0.6562,0.1855,0.1309,0.0469,0.0,8.0,12,6,0.0,0.7969,0.0,0.0938,0.0,0.0,出张:0.23/11; 跳拍:0.16/6; 连续双押:0.15/7; 单双/双单:0.12/3; 子弹:0.11/4; 一笔画:0.10/4; 反手:0.07/5; 二连扫:0.06/3; 纵连:0.06/1; 错位:0.05/3; 井字星星:0.03/1; 连续拍滑:0.01/1,一笔画; 出张; 单双/双单; 子弹; 跳拍; 连续双押
1212-Halcyon-mas,1212,Halcyon,mas,14.3,14.2-14.5,191.0,170-199,7,0.8253,191.0,170-199,191@129.1s; 95.5@20.7s; 69@1.7s; 78@1.5s; 87@1.4s; 61@1.0s; 63@1.0s,108,147.58,1080,807,7.318,10.0,0.4565,0.1074,0.0611,0.0454,0.0,16.0,21,5,0.037,0.2611,0.0056,0.5685,0.0,0.0611,出张:0.28/16; 反手:0.26/11; 子弹:0.21/14; 连续拍滑:0.20/6; 连续双押:0.17/10; 纵连:0.07/5; 一笔画:0.07/5; 三角交互:0.07/6; 错位:0.06/6; 二连扫:0.05/4; 单双/双单:0.05/2; 井字星星:0.05/4; 轴交互:0.05/2; 大宇宙:0.04/2; 跳拍:0.04/4; 鼓动段:0.04/1; 绕圈星星:0.03/2; 普通交互:0.03/2; N+1:0.03/1; 散点:0.01/1; 楼梯交互:0.01/1,出张; 反手; 子弹; 连续双押; 连续拍滑
122-Endless World-mas,122,Endless World,mas,13.0,13.0-13.2,142.0,140-169,1,1.0,142.0,140-169,142@120.0s,66,111.55,398,300,3.568,6.03,0.4472,0.1884,0.1432,0.0302,0.0,8.0,12,4,0.0352,0.5176,0.0,0.3291,0.0,0.0,跳拍:0.27/7; 反手:0.23/6; 出张:0.18/4; 子弹:0.15/4; 单双/双单:0.09/3; 绕圈星星:0.06/3; 纵连:0.06/2; 一笔画:0.05/2; 长纵连:0.03/1; 错位:0.02/1; 侧边双押:0.02/1; 连续双押:0.02/1,出张; 反手; 子弹; 跳拍
123-泣き虫O'clock-mas,123,泣き虫O'clock,mas,13.2,13.0-13.2,152.0,140-169,1,1.0,152.0,140-169,152@132.6s,78,123.16,469,340,3.808,6.013,0.5053,0.1642,0.1237,0.0213,0.0,8.0,11,2,0.2601,0.4776,0.0,0.2217,0.0,0.0,出张:0.31/14; 连续双押:0.14/8; 子弹:0.09/3; 二连扫:0.08/3; 纵连:0.05/2; 跳拍:0.05/4; 侧边双押:0.04/2; 错位:0.03/2; 连续拍滑:0.03/2; 绕圈星星:0.03/1; 反手:0.01/1,出张; 连续双押
125-Link-remas,125,Link,remas,13.5,13.3-13.5,132.0,<140,1,1.0,132.0,<140,132@83.6s,43,78.18,475,277,6.076,11.047,0.7474,0.1768,0.0611,0.0842,0.0,8.0,16,9,0.0484,0.44,0.0484,0.4316,0.0232,0.0,连续双押:0.51/6; 出张:0.49/9; 错位:0.33/7; 纵连:0.23/3; 一笔画:0.21/3; 子弹:0.19/4; 连续拍滑:0.16/3; 跳拍:0.14/4; 井字星星:0.12/5; 侧边双押:0.09/2; 反手:0.05/2; 双押纵:0.05/2; 绕圈星星:0.05/1; 穿心:0.05/1; 单双/双单:0.05/1; 二连扫:0.02/1,一笔画; 井字星星; 出张; 子弹; 纵连; 跳拍; 连续双押; 连续拍滑; 错位
126-Feel My Fire-mas,126,Feel My Fire,mas,13.2,13.0-13.2,123.0,<140,1,1.0,123.0,<140,123@82.0s,40,78.05,309,235,3.959,7.725,0.4725,0.1748,0.11,0.0097,0.0,16.0,12,9,0.0,0.2945,0.0,0.7055,0.0,0.0,出张:0.50/7; 连续拍滑:0.20/2; 三叉戟:0.20/1; 一笔画:0.20/1; 子弹:0.17/2; 跳拍:0.15/5; 反手:0.15/2; 连续双押:0.12/3; 鼓动段:0.10/2; 纵连:0.07/2; 错位:0.05/2; N+1:0.05/1,一笔画; 三叉戟; 出张; 反手; 子弹; 跳拍; 连续双押; 连续拍滑; 鼓动段
1260-Back 2 Back-mas,1260,Back 2 Back,mas,13.7,13.6-13.8,150.0,140-169,1,1.0,150.0,140-169,150@107.2s,66,105.6,381,190,3.608,5.773,0.9921,0.4961,0.0,0.0052,0.0,4.0,11,6,0.5249,0.4751,0.0,0.0,0.0,0.0,一笔画:0.89/6; 出张:0.27/4; 绕圈星星:0.18/2; 连续拍滑:0.17/4; 轴交互:0.12/1; 鼓动段:0.12/1; 三叉戟:0.06/1; 挥手段:0.06/1; 反手:0.06/1; 同起点拍滑:0.05/3; 错位:0.02/1,一笔画; 出张; 绕圈星星; 轴交互; 连续拍滑; 鼓动段
127-Night Fly-mas,127,Night Fly,mas,13.2,13.0-13.2,127.0,<140,1,1.0,127.0,<140,127@81.3s,42,79.37,286,216,3.603,6.81,0.4895,0.2343,0.1049,0.0315,0.0,16.0,10,5,0.1154,0.2168,0.0,0.6399,0.0,0.0,跳拍:0.29/4; 穿心:0.21/5; 纵连:0.21/2; 连续拍滑:0.19/4; 夹键拍滑:0.19/4; 出张:0.10/4; 错位:0.05/2; 二连扫:0.02/1; 子弹:0.02/1; 连续双押:0.02/1,夹键拍滑; 穿心; 纵连; 跳拍; 连续拍滑
127-Night Fly-remas,127,Night Fly,remas,13.4,13.3-13.5,127.0,<140,1,1.0,127.0,<140,127@86.9s,43,81.26,387,288,4.763,9.0,0.4703,0.1473,0.0594,0.0388,0.0,16.0,11,6,0.1059,0.2842,0.0,0.5736,0.0,0.0,一笔画:0.42/4; 出张:0.35/8; 跳拍:0.28/4; 子弹:0.21/2; 连续双押:0.16/4; 错位:0.14/2; 绕圈星星:0.09/2; 二连扫:0.07/2; 反手:0.02/1; 纵连:0.02/1; 普通交互:0.02/1,一笔画; 出张; 子弹; 跳拍; 连续双押; 错位
129-Sprintrances-mas,129,Sprintrances,mas,13.3,13.3-13.5,178.0,170-199,1,1.0,178.0,170-199,178@80.9s,55,74.16,353,281,4.76,6.418,0.3569,0.1331,0.1246,0.0142,0.0,8.0,12,3,0.0907,0.7649,0.0,0.0878,0.0,0.0,子弹:0.31/5; 出张:0.16/8; 跳拍:0.15/1; 井字星星:0.09/5; 连续双押:0.07/2; 反手:0.07/3; 二连扫:0.05/2; 错位:0.05/3; 三角交互:0.04/1; 侧边双押:0.04/1; 一笔画:0.02/1; 绕圈星星:0.02/1,出张; 子弹; 跳拍
130-JUMPIN' JUMPIN'-mas,130,JUMPIN' JUMPIN',mas,13.3,13.3-13.5,163.0,140-169,1,1.0,163.0,140-169,163@122.2s,78,114.85,591,415,5.146,7.577,0.5364,0.1574,0.0491,0.0609,0.0,16.0,20,3,0.181,0.3198,0.0,0.4653,0.0,0.0,连续双押:0.17/8; 跳拍:0.14/6; 出张:0.13/9; 一笔画:0.09/6; 三角交互:0.08/4; 连续拍滑:0.08/5; 穿心:0.06/3; 绕圈星星:0.05/3; 单双/双单:0.05/2; 反手:0.04/2; 轴交互:0.04/2; 大宇宙:0.04/2; 逆楼梯/方向盘:0.03/2; 楼梯交互:0.03/2; 错位:0.03/2; 子弹:0.03/1; 普通交互:0.03/1; 侧边双押:0.03/2; 二连扫:0.01/1; 井字星星:0.01/1,出张; 跳拍; 连续双押
1301-After Burner-mas,1301,After Burner,mas,13.7,13.6-13.8,155.0,140-169,1,1.0,155.0,140-169,155@134.9s,84,130.06,915,604,7.035,10.893,0.6251,0.0852,0.0295,0.0393,0.0,16.0,17,4,0.0,0.1311,0.0033,0.8546,0.0,0.0,连续双押:0.49/9; 跳拍:0.46/5; 出张:0.17/7; 单双/双单:0.14/4; 普通交互:0.10/8; 子弹:0.08/4; 反手:0.07/3; 同起点拍滑:0.05/1; 错位:0.05/4; 一笔画:0.05/3; 三角交互:0.04/2; 侧边双押:0.02/1; CYCLES型星星:0.02/2; 拆弹:0.02/2; 纵连:0.02/1; 连续拍滑:0.02/1; 鼓动段:0.02/1,出张; 单双/双单; 跳拍; 连续双押
131-L'épilogue-mas,131,L'épilogue,mas,13.7,13.6-13.8,145.0,140-169,1,1.0,145.0,140-169,145@129.1s,76,125.79,763,621,6.066,10.039,0.3552,0.0786,0.0406,0.0236,0.0,16.0,15,6,0.0616,0.1284,0.0,0.81,0.0,0.0,跳拍:0.59/11; 反手:0.26/8; 出张:0.24/8; 子弹:0.14/7; 连续双押:0.12/4; 纵连:0.11/2; 一笔画:0.09/1; N+1:0.05/1; 单双/双单:0.05/2; 轴交互:0.05/1; 绕圈星星:0.03/1; 散点:0.03/1; 二连扫:0.03/1; 连续拍滑:0.01/1; 井字星星:0.01/1,出张; 反手; 子弹; 纵连; 跳拍; 连续双押
132-LUCIA-mas,132,LUCIA,mas,13.2,13.0-13.2,154.0,140-169,1,1.0,154.0,140-169,154@120.0s,73,113.77,534,398,4.694,7.315,0.4775,0.1442,0.0449,0.0318,0.0,16.0,13,5,0.2865,0.0843,0.0,0.6105,0.0,0.0,出张:0.40/10; 跳拍:0.23/4; 子弹:0.19/4; 反手:0.14/6; 连续双押:0.11/4; 一笔画:0.08/3; 绕圈星星:0.08/4; 2+1:0.07/1; 大风车:0.04/1; 连续拍滑:0.04/2; 二连扫:0.03/1; 单双/双单:0.01/1; 三角交互:0.01/1,出张; 反手; 子弹; 跳拍; 连续双押
132-LUCIA-remas,132,LUCIA,remas,13.7,13.6-13.8,154.0,140-169,1,1.0,154.0,140-169,154@121.6s,73,113.77,698,539,6.135,9.562,0.437,0.0702,0.063,0.0473,0.0,16.0,13,6,0.0372,0.0702,0.0,0.8596,0.0,0.0,跳拍:0.23/7; 子弹:0.19/4; 出张:0.18/11; 连续双押:0.16/7; 反手:0.15/7; 一笔画:0.12/2; 三角交互:0.10/6; 错位:0.08/3; 纵连:0.07/4; 单双/双单:0.05/2; 绕圈星星:0.05/1; CYCLES型星星:0.01/1; 逆楼梯/方向盘:0.01/1,一笔画; 出张; 反手; 子弹; 跳拍; 连续双押
133-BREAK YOU!!-mas,133,BREAK YOU!!,mas,13.7,13.6-13.8,167.0,140-169,1,1.0,167.0,140-169,167@132.2s,90,129.34,772,571,5.969,8.578,0.4482,0.1399,0.0544,0.044,0.0,8.0,15,3,0.0181,0.5596,0.0,0.4197,0.0,0.0,出张:0.21/11; 一笔画:0.13/10; 连续双押:0.11/7; 反手:0.09/4; 纵连:0.07/4; 三角交互:0.06/2; 井字星星:0.06/5; 错位:0.03/3; 普通交互:0.03/1; 3+1:0.02/1; 侧边双押:0.02/2; 子弹:0.02/1; 轴交互:0.02/1; 连续拍滑:0.01/1; 散点:0.01/1,一笔画; 出张; 连续双押
1334-Candy Tall Woman-mas,1334,Candy Tall Woman,mas,13.8,13.6-13.8,216.0,>=200,2,0.9308,216.0,>=200,216@118.9s; 190@8.8s,106,118.54,741,531,6.251,6.991,0.5385,0.108,0.058,0.0364,0.0,12.0,17,4,0.2901,0.0513,0.5816,0.0,0.0445,0.0,跳拍:0.25/17; 连续双押:0.18/12; 单双/双单:0.17/5; 出张:0.16/9; 反手:0.08/3; 一笔画:0.07/4; 绕圈星星:0.05/3; 纵连:0.05/3; 2+1:0.05/1; N+1:0.04/1; 大宇宙:0.03/1; 连续拍滑:0.03/1; 大风车:0.03/1; 二连扫:0.03/1; 普通交互:0.02/2; 三角交互:0.01/1; CYCLES型星星:0.01/1,出张; 单双/双单; 跳拍; 连续双押
134-Death Scythe-mas,134,Death Scythe,mas,13.8,13.6-13.8,182.0,170-199,1,1.0,182.0,170-199,182@122.6s,88,116.04,763,613,6.575,8.67,0.3827,0.1324,0.021,0.021,0.0,16.0,15,6,0.0079,0.3971,0.0,0.5924,0.0,0.0,出张:0.23/14; 二连扫:0.20/8; 跳拍:0.15/6; 绕圈星星:0.12/7; 一笔画:0.11/6; 错位:0.10/8; 连续拍滑:0.07/6; 反手:0.06/5; 单双/双单:0.05/1; 夹键拍滑:0.05/4; 子弹:0.03/3; 侧边双押:0.02/2; 死镰段:0.02/1; 穿心:0.02/1; 井字星星:0.02/2,一笔画; 二连扫; 出张; 绕圈星星; 跳拍; 错位
134-Death Scythe-remas,134,Death Scythe,remas,14.2,14.2-14.5,182.0,170-199,1,1.0,182.0,170-199,182@124.0s,89,117.36,976,718,8.316,10.966,0.4928,0.0912,0.0328,0.0451,0.0,8.0,18,6,0.0164,0.4836,0.0,0.4283,0.0246,0.0389,跳拍:0.29/12; 错位:0.24/12; 反手:0.21/10; 单双/双单:0.19/9; 连续双押:0.18/6; 子弹:0.13/7; 井字星星:0.07/6; 出张:0.07/6; 二连扫:0.06/3; 三角交互:0.06/5; 轴交互:0.04/4; 散点:0.04/4; 死镰段:0.03/1; 连续拍滑:0.02/2; 楼梯交互:0.01/1; 纵连:0.01/1; 混fr:0.01/1; 一笔画:0.01/1,单双/双单; 反手; 子弹; 跳拍; 连续双押; 错位
1354-GO BACK 2 YOUR RAVE-mas,1354,GO BACK 2 YOUR RAVE,mas,13.9,13.9-14.1,170.0,170-199,1,1.0,170.0,170-199,170@142.6s,97,136.94,999,722,7.295,10.299,0.5135,0.1011,0.0511,0.033,0.0,16.0,21,6,0.0711,0.3864,0.0,0.4745,0.0,0.018,反手:0.22/8; 子弹:0.18/8; 出张:0.16/8; 连续双押:0.16/9; 跳拍:0.14/8; 二连扫:0.11/6; 三角交互:0.09/7; 单双/双单:0.07/2; 一笔画:0.06/2; 连续拍滑:0.04/1; 绕圈星星:0.04/2; 普通交互:0.04/3; 楼梯交互:0.04/4; 纵连:0.03/2; 大宇宙:0.03/2; 定拍:0.03/1; 鼓动段:0.02/1; 错位:0.02/2; 侧边双押:0.02/1; 散点:0.01/1; 井字星星:0.01/1,二连扫; 出张; 反手; 子弹; 跳拍; 连续双押
1364-Last Brave ～ Go to zero-mas,1364,Last Brave ～ Go to zero,mas,13.8,13.6-13.8,132.0,<140,1,1.0,132.0,<140,132@131.8s,71,129.09,841,560,6.515,11.845,0.6183,0.126,0.0535,0.0262,0.0,16.0,20,7,0.0107,0.1474,0.0,0.8276,0.0,0.0,连续双押:0.46/15; 跳拍:0.42/17; 子弹:0.24/8; 单双/双单:0.17/5; 连续拍滑:0.17/8; 纵连:0.13/2; 出张:0.11/5; 绕圈星星:0.10/5; 错位:0.10/6; 一笔画:0.10/4; 轴交互:0.08/3; 双押纵:0.06/3; 大宇宙:0.06/2; 普通交互:0.06/2; 鼓动段:0.06/1; 井字星星:0.01/1; 散点:0.01/1; 二连扫:0.01/1; 三角交互:0.01/1; 反手:0.01/1,出张; 单双/双单; 子弹; 纵连; 跳拍; 连续双押; 连续拍滑
1366-Life Feels Good-mas,1366,Life Feels Good,mas,13.7,13.6-13.8,180.0,170-199,1,1.0,180.0,170-199,180@115.7s,85,113.33,693,522,6.115,8.153,0.4719,0.1039,0.0245,0.0144,0.0,16.0,16,7,0.0909,0.4257,0.0,0.4444,0.0,0.0,连续双押:0.22/9; 子弹:0.20/9; 二连扫:0.19/7; 出张:0.16/9; 单双/双单:0.13/4; 一笔画:0.12/5; 跳拍:0.11/6; 反手:0.08/7; 连续拍滑:0.04/3; 夹键拍滑:0.04/3; 错位:0.04/2; CYCLES型星星:0.04/1; 井字星星:0.02/2; 侧边双押:0.02/2; 绕圈星星:0.01/1; 纵连:0.01/1,一笔画; 二连扫; 出张; 单双/双单; 子弹; 跳拍; 连续双押
1368-Limit Break-mas,1368,Limit Break,mas,13.4,13.3-13.5,153.0,140-169,1,1.0,153.0,140-169,153@123.9s,74,116.08,755,507,6.504,10.203,0.5815,0.1258,0.0278,0.0662,0.0,16.0,14,6,0.1113,0.0914,0.0,0.7841,0.0,0.0,子弹:0.41/11; 跳拍:0.28/9; 单双/双单:0.27/10; 出张:0.26/10; 连续双押:0.15/9; 错位:0.11/8; 纵连:0.09/5; 一笔画:0.08/6; 长纵连:0.05/2; CYCLES型星星:0.03/2; 连续拍滑:0.03/1; 双押纵:0.03/2; 双压连续拍滑:0.01/1; 穿心:0.01/1,出张; 单双/双单; 子弹; 跳拍; 连续双押; 错位
1368-Limit Break-remas,1368,Limit Break,remas,13.7,13.6-13.8,153.0,140-169,1,1.0,153.0,140-169,153@119.3s,74,116.08,825,612,7.107,11.149,0.4703,0.0909,0.0558,0.0788,0.0,16.0,15,7,0.1018,0.0279,0.0,0.8339,0.0,0.0,子弹:0.51/10; 跳拍:0.46/12; 连续双押:0.26/11; 错位:0.19/9; 单双/双单:0.16/5; 出张:0.15/8; 反手:0.14/7; 连续拍滑:0.09/3; 鼓动段:0.04/1; 长纵连:0.03/1; 定拍:0.03/1; 绕圈星星:0.03/1; 二连扫:0.03/2; 纵连:0.01/1; 双押纵:0.01/1,出张; 单双/双单; 反手; 子弹; 跳拍; 连续双押; 错位
1380-Paranoia-mas,1380,Paranoia,mas,13.6,13.6-13.8,150.0,140-169,1,1.0,150.0,140-169,150@132.9s,84,134.4,818,538,6.086,9.738,0.5954,0.1443,0.0403,0.1076,0.0,16.0,17,7,0.165,0.3374,0.0,0.4731,0.0196,0.0,子弹:0.50/14; 连续双押:0.32/13; 出张:0.25/16; 跳拍:0.15/8; 连续拍滑:0.12/6; 单双/双单:0.11/4; 错位:0.11/8; 2+1:0.10/1; 一笔画:0.06/4; 反手:0.06/5; 三叉戟:0.05/3; N+1:0.04/1; 绕圈星星:0.02/1; 纵连:0.02/2; CYCLES型星星:0.01/1; 双压连续拍滑:0.01/1; 挥手段:0.01/1,出张; 单双/双单; 子弹; 跳拍; 连续双押; 连续拍滑; 错位
1385-Believe the Rainbow-mas,1385,Believe the Rainbow,mas,13.4,13.3-13.5,133.0,<140,1,1.0,133.0,<140,133@138.7s,69,124.51,445,184,3.574,6.449,0.9933,0.5438,0.0,0.0157,0.0,8.0,11,3,0.4697,0.5124,0.0,0.018,0.0,0.0,出张:0.30/15; 一笔画:0.19/11; 连续拍滑:0.17/5; 井字星星:0.06/4; 绕圈星星:0.06/3; CYCLES型星星:0.01/1; 双压连续拍滑:0.01/1; 鼓动段:0.01/1; 挥手段:0.01/1; 三叉戟:0.01/1; 拆弹:0.01/1,一笔画; 出张; 连续拍滑
139-魔理沙は大変なものを盗んでいきました-mas,139,魔理沙は大変なものを盗んでいきました,mas,13.3,13.3-13.5,170.0,170-199,1,1.0,170.0,170-199,170@122.8s,80,112.94,584,484,5.171,7.3,0.3253,0.1147,0.0788,0.0205,0.0,16.0,16,3,0.0856,0.399,0.0,0.5,0.0,0.0137,子弹:0.19/8; 跳拍:0.12/7; 反手:0.11/6; 出张:0.09/6; 轴交互:0.06/3; 二连扫:0.06/2; 单双/双单:0.05/2; 连续拍滑:0.05/1; N+1:0.04/1; 井字星星:0.04/2; 鼓动段:0.04/1; 2+1:0.03/1; 一笔画:0.03/2; 绕圈星星:0.03/2; 连续双押:0.01/1; 纵连:0.01/1,反手; 子弹; 跳拍
141-カゲロウデイズ-mas,141,カゲロウデイズ,mas,13.2,13.0-13.2,200.0,>=200,1,1.0,200.0,>=200,200@106.8s,87,104.4,501,413,4.799,5.759,0.3413,0.0599,0.1397,0.0419,0.0,8.0,10,6,0.0,1.0,0.0,0.0,0.0,0.0,二连扫:0.20/7; 反手:0.18/5; 单双/双单:0.15/6; 子弹:0.14/9; 出张:0.13/7; 连续双押:0.11/6; 纵连:0.09/2; 跳拍:0.08/6; 三角交互:0.02/1; 穿心:0.01/1,二连扫; 出张; 单双/双单; 反手; 子弹; 连续双押
141-カゲロウデイズ-remas,141,カゲロウデイズ,remas,14.1,13.9-14.1,200.0,>=200,1,1.0,200.0,>=200,200@109.5s,88,105.6,876,549,8.295,9.955,0.6233,0.1929,0.0091,0.0126,0.0,8.0,23,6,0.0537,0.8459,0.0,0.097,0.0,0.0,子弹:0.34/13; 连续拍滑:0.26/4; 跳拍:0.18/15; 夹键拍滑:0.18/2; 纵连:0.16/4; 错位:0.11/8; 长纵连:0.09/1; 连续双押:0.08/5; 定拍:0.07/1; 反手:0.07/1; 井字星星:0.06/4; N+1:0.05/1; 一笔画:0.05/4; 双压连续拍滑:0.03/1; 单双/双单:0.03/1; 出张:0.03/1; 三角交互:0.03/1; 挥手段:0.02/1; 三叉戟:0.02/1; 双押纵:0.02/1; CYCLES型星星:0.02/2; 二连扫:0.01/1; 侧边双押:0.01/1,夹键拍滑; 子弹; 纵连; 跳拍; 连续拍滑; 错位
1412-華の集落、秋のお届け-mas,1412,華の集落、秋のお届け,mas,13.9,13.9-14.1,165.0,140-169,1,1.0,165.0,140-169,165@133.8s,88,128.0,836,633,6.531,9.5,0.451,0.0921,0.0718,0.0311,0.0,16.0,16,5,0.128,0.4031,0.0,0.451,0.0,0.0144,子弹:0.32/14; 反手:0.22/10; 出张:0.19/12; 跳拍:0.14/9; 连续双押:0.12/6; 错位:0.09/7; 一笔画:0.07/3; 轴交互:0.06/3; 普通交互:0.05/2; 井字星星:0.05/1; 二连扫:0.03/1; 大宇宙:0.03/1; 单双/双单:0.02/1; 绕圈星星:0.01/1; 双押纵:0.01/1; 连续拍滑:0.01/1,出张; 反手; 子弹; 跳拍; 连续双押
142-夜咄ディセイブ-mas,142,夜咄ディセイブ,mas,13.8,13.6-13.8,260.0,>=200,1,1.0,260.0,>=200,260@114.5s,122,112.62,635,467,5.639,5.205,0.5118,0.2142,0.0362,0.022,0.0,8.0,11,2,0.0205,0.9291,0.0,0.0472,0.0,0.0,二连扫:0.17/7; 出张:0.14/13; 一笔画:0.09/11; 连续拍滑:0.08/5; 绕圈星星:0.07/6; 跳拍:0.06/7; 反手:0.04/2; 连续双押:0.02/1; 子弹:0.02/1; 楼梯交互:0.01/1; 三角交互:0.01/1,二连扫; 出张
143-Crush On You-remas,143,Crush On You,remas,13.7,13.6-13.8,125.0,<140,1,1.0,125.0,<140,125@101.8s,52,99.84,555,325,5.559,10.673,0.6793,0.1964,0.1604,0.0288,0.0,16.0,19,7,0.2108,0.0234,0.0,0.7622,0.0,0.0,出张:0.27/9; 子弹:0.23/11; 跳拍:0.21/6; 错位:0.17/7; 单双/双单:0.15/1; 连续双押:0.13/6; 挥手段:0.13/2; 三叉戟:0.10/3; 长纵连:0.08/2; 双压连续拍滑:0.04/2; 二连扫:0.04/1; 穿心:0.04/1; 连续拍滑:0.04/2; 井字星星:0.02/1; 反手:0.02/1; 双押纵:0.02/1; 一笔画:0.02/1; 2+1:0.02/1; 拆弹:0.02/1,出张; 单双/双单; 子弹; 挥手段; 跳拍; 连续双押; 错位
1439-プリズム△▽リズム-mas,1439,プリズム△▽リズム,mas,13.2,13.0-13.2,155.0,140-169,1,1.0,155.0,140-169,155@143.8s,90,139.35,685,470,4.916,7.611,0.5664,0.1708,0.0832,0.019,0.0,8.0,13,7,0.0642,0.8292,0.0,0.0131,0.0058,0.0,单双/双单:0.31/6; 一笔画:0.13/5; 出张:0.13/9; 连续双押:0.11/3; 反手:0.10/5; 长纵连:0.10/1; 子弹:0.10/6; 跳拍:0.09/3; 连续拍滑:0.07/2; CYCLES型星星:0.03/3; 绕圈星星:0.03/2; 侧边双押:0.02/1; 纵连:0.01/1,一笔画; 出张; 单双/双单; 反手; 子弹; 连续双押; 长纵连
144-Sun Dance-remas,144,Sun Dance,remas,14.0,13.9-14.1,102.0,<140,1,1.0,102.0,<140,102@101.2s,42,98.82,535,426,5.414,12.738,0.3925,0.0542,0.1346,0.0991,0.0,24.0,15,7,0.0243,0.185,0.0,0.0523,0.6561,0.0673,跳拍:0.33/9; 单双/双单:0.31/4; 反手:0.26/6; 子弹:0.19/4; 连续双押:0.17/4; 拆弹:0.14/4; 出张:0.14/3; 井字星星:0.10/2; 纵连:0.10/2; 错位:0.10/2; 三角交互:0.05/1; 一笔画:0.02/1; 二连扫:0.02/1; 长纵连:0.02/1; 双押纵:0.02/1,出张; 单双/双单; 反手; 子弹; 拆弹; 跳拍; 连续双押
1442-ブリキノダンス-remas,1442,ブリキノダンス,remas,13.4,13.3-13.5,172.0,170-199,1,1.0,172.0,170-199,172@129.1s,89,124.19,900,639,7.247,10.112,0.5578,0.1033,0.0356,0.0133,0.0,8.0,18,7,0.2033,0.5422,0.0,0.2178,0.0067,0.0,连续双押:0.34/19; 子弹:0.33/17; 单双/双单:0.21/6; 连续拍滑:0.19/5; 夹键拍滑:0.17/4; 纵连:0.10/6; 反手:0.10/1; 侧边双押:0.07/5; 楼梯交互:0.07/2; 出张:0.06/5; 三角交互:0.04/1; 双押纵:0.04/2; 错位:0.03/3; 跳拍:0.03/3; 轴交互:0.03/2; 大宇宙:0.03/2; 井字星星:0.02/1; 绕圈星星:0.01/1,单双/双单; 反手; 夹键拍滑; 子弹; 纵连; 连续双押; 连续拍滑
1457-KISS CANDY FLAVOR-mas,1457,KISS CANDY FLAVOR,mas,13.4,13.3-13.5,146.0,140-169,1,1.0,146.0,140-169,146@138.1s,83,136.44,730,517,5.35,8.795,0.5164,0.163,0.0534,0.0192,0.0,8.0,16,6,0.1644,0.6425,0.0,0.1164,0.0658,0.0,二连扫:0.29/7; 跳拍:0.28/16; 出张:0.27/14; 子弹:0.16/9; 连续双押:0.16/10; 反手:0.13/5; 连续拍滑:0.08/2; 一笔画:0.07/4; 井字星星:0.04/3; 三角交互:0.04/3; 轴交互:0.02/1; 绕圈星星:0.02/2; 散点:0.02/2; CYCLES型星星:0.01/1; 普通交互:0.01/1; 错位:0.01/1,二连扫; 出张; 反手; 子弹; 跳拍; 连续双押
1473-Magical Flavor-mas,1473,Magical Flavor,mas,13.3,13.3-13.5,98.0,<140,1,1.0,98.0,<140,98@129.7s,49,120.0,593,367,4.942,12.102,0.6627,0.1265,0.0455,0.0236,0.0,8.0,15,10,0.0472,0.6341,0.0,0.0,0.285,0.0,连续双押:0.45/7; 出张:0.43/9; 跳拍:0.33/7; 错位:0.33/7; 子弹:0.31/7; 单双/双单:0.29/4; 连续拍滑:0.24/4; 鼓动段:0.18/3; 大宇宙:0.12/3; 挥手段:0.10/1; 同起点拍滑:0.08/1; 一笔画:0.06/2; 绕圈星星:0.04/1; 反手:0.04/2; 纵连:0.02/1,出张; 单双/双单; 大宇宙; 子弹; 挥手段; 跳拍; 连续双押; 连续拍滑; 错位; 鼓动段
148-Beat of getting entangled-mas,148,Beat of getting entangled,mas,13.8,13.6-13.8,140.0,140-169,1,1.0,140.0,140-169,140@121.7s,68,116.57,586,462,5.027,8.618,0.3959,0.0734,0.1382,0.0836,0.0,16.0,12,6,0.0051,0.0375,0.1109,0.8191,0.0,0.0273,子弹:0.38/7; 跳拍:0.25/13; 出张:0.24/12; 反手:0.16/4; 单双/双单:0.13/3; 连续双押:0.13/8; 错位:0.09/2; 二连扫:0.04/3; 轴交互:0.03/1; 侧边双押:0.03/2; 纵连:0.01/1; 连续拍滑:0.01/1,出张; 单双/双单; 反手; 子弹; 跳拍; 连续双押
148-Beat of getting entangled-remas,148,Beat of getting entangled,remas,14.5,14.2-14.5,140.0,140-169,1,1.0,140.0,140-169,140@124.3s,69,118.29,857,666,7.245,12.42,0.4072,0.0922,0.0677,0.0327,0.0,16.0,17,7,0.0047,0.0373,0.1085,0.7328,0.014,0.1004,子弹:0.55/14; 跳拍:0.35/7; 出张:0.25/7; 错位:0.19/4; 连续双押:0.16/3; 三角交互:0.12/3; 2+1:0.12/2; 散点:0.07/1; 反手:0.07/2; 纵连:0.04/3; 一笔画:0.04/2; 长纵连:0.03/1; 双押纵:0.03/2; 定拍:0.03/1; 二连扫:0.01/1; 单双/双单:0.01/1; CYCLES型星星:0.01/1,2+1; 三角交互; 出张; 子弹; 跳拍; 连续双押; 错位
1482-スリップフリップ-mas,1482,スリップフリップ,mas,13.8,13.6-13.8,143.0,140-169,1,1.0,143.0,140-169,143@137.6s,80,134.27,832,418,6.197,10.4,0.7728,0.2825,0.0481,0.024,0.0,4.0,18,6,0.5781,0.3077,0.0,0.0853,0.0,0.0288,出张:0.29/13; 连续拍滑:0.24/6; 一笔画:0.15/6; 绕圈星星:0.14/8; 连续双押:0.11/5; 井字星星:0.10/6; 错位:0.09/4; 反手:0.06/3; 夹键拍滑:0.05/3; 二连扫:0.04/3; 子弹:0.04/2; 三角交互:0.03/2; 三叉戟:0.03/2; 普通交互:0.01/1; 跳拍:0.01/1; 单双/双单:0.01/1; 楼梯交互:0.01/1; 挥手段:0.01/1,一笔画; 井字星星; 出张; 绕圈星星; 连续双押; 连续拍滑
149-Blew Moon-mas,149,Blew Moon,mas,13.4,13.3-13.5,180.0,170-199,1,1.0,180.0,170-199,180@121.3s,89,118.67,608,516,5.124,6.831,0.2993,0.0641,0.0822,0.0987,0.0,8.0,13,5,0.028,0.5609,0.1924,0.2023,0.0,0.0,反手:0.22/10; 出张:0.18/11; 跳拍:0.12/4; 子弹:0.10/6; 二连扫:0.10/5; 连续双押:0.08/6; 纵连:0.08/4; 穿心:0.06/3; 散点:0.03/2; 侧边双押:0.03/3; 单双/双单:0.02/1; 三角交互:0.02/1; 连续拍滑:0.01/1,二连扫; 出张; 反手; 子弹; 跳拍
1497-共感覚おばけ-mas,1497,共感覚おばけ,mas,13.2,13.0-13.2,184.0,170-199,1,1.0,184.0,170-199,184@130.4s,95,123.91,682,416,5.504,7.179,0.6496,0.2258,0.0748,0.022,0.0,8.0,16,4,0.1246,0.6716,0.0,0.0073,0.0,0.0,出张:0.34/18; 单双/双单:0.22/7; 连续拍滑:0.15/8; 跳拍:0.11/10; 同起点拍滑:0.08/2; 夹键拍滑:0.08/5; 子弹:0.06/5; 井字星星:0.05/2; 三叉戟:0.04/1; 连续双押:0.04/4; 一笔画:0.03/3; CYCLES型星星:0.02/2; 二连扫:0.02/2; 纵连:0.01/1; 错位:0.01/1; 绕圈星星:0.01/1,出张; 单双/双单; 跳拍; 连续拍滑
150-ココロスキャンのうた-mas,150,ココロスキャンのうた,mas,13.8,13.6-13.8,203.0,>=200,1,1.0,203.0,>=200,203@118.2s,96,113.5,624,514,5.498,6.5,0.3301,0.0673,0.0897,0.0256,0.0,8.0,15,7,0.2115,0.7372,0.0,0.0513,0.0,0.0,子弹:0.20/10; 反手:0.16/9; 二连扫:0.15/7; 跳拍:0.12/7; 出张:0.12/12; 单双/双单:0.12/3; 连续双押:0.12/5; 侧边双押:0.07/4; 连续拍滑:0.03/2; 散点:0.03/1; 同起点拍滑:0.02/1; 鼓动段:0.02/1; 大宇宙:0.02/1; 三角交互:0.02/2; 穿心:0.01/1,二连扫; 出张; 单双/双单; 反手; 子弹; 跳拍; 连续双押
151-Rooftop Run＿ Act1-remas,151,Rooftop Run＿ Act1,remas,13.2,13.0-13.2,152.0,140-169,1,1.0,152.0,140-169,152@117.4s,71,112.11,623,451,5.557,8.775,0.5441,0.1252,0.1862,0.0241,0.0,8.0,12,7,0.0546,0.7095,0.0,0.2071,0.0048,0.0,连续拍滑:0.27/7; 错位:0.23/6; 连续双押:0.21/13; 单双/双单:0.18/3; 三叉戟:0.18/6; 大宇宙:0.17/6; 反手:0.14/5; 子弹:0.08/2; 井字星星:0.06/2; 跳拍:0.06/1; 出张:0.03/2; 二连扫:0.03/2,三叉戟; 单双/双单; 反手; 大宇宙; 连续双押; 连续拍滑; 错位
1536-このピアノでお前を8759632145回ぶん殴る-mas,1536,このピアノでお前を8759632145回ぶん殴る,mas,13.4,13.3-13.5,200.0,>=200,1,1.0,200.0,>=200,200@139.9s,112,134.4,967,638,7.195,8.634,0.6401,0.1251,0.0155,0.0228,0.0,8.0,14,4,0.0176,0.8428,0.0,0.1396,0.0,0.0,连续双押:0.28/23; 连续拍滑:0.24/11; 子弹:0.24/17; 单双/双单:0.12/6; 出张:0.09/6; 鼓动段:0.08/4; 夹键拍滑:0.08/2; 普通交互:0.05/6; 错位:0.05/6; 跳拍:0.04/5; 纵连:0.04/5; 井字星星:0.04/3; 2+1:0.04/1; 三角交互:0.01/1,单双/双单; 子弹; 连续双押; 连续拍滑
154-放課後ストライド-mas,154,放課後ストライド,mas,13.3,13.3-13.5,225.0,>=200,1,1.0,225.0,>=200,225@136.5s,124,132.27,708,469,5.353,5.71,0.6511,0.2895,0.0395,0.065,0.0,8.0,9,4,0.3319,0.6681,0.0,0.0,0.0,0.0,出张:0.25/18; 跳拍:0.16/16; 连续拍滑:0.14/5; 井字星星:0.10/5; 绕圈星星:0.10/6; 一笔画:0.08/5; 二连扫:0.06/4; 反手:0.05/2; 子弹:0.02/2,井字星星; 出张; 跳拍; 连续拍滑
156-全人類ノ非想天則-mas,156,全人類ノ非想天則,mas,13.2,13.0-13.2,168.0,140-169,1,1.0,168.0,140-169,168@115.7s,78,111.43,586,445,5.259,7.513,0.4471,0.099,0.0819,0.1007,0.0,16.0,12,5,0.0137,0.2321,0.0,0.7543,0.0,0.0,连续双押:0.23/8; 出张:0.22/7; 子弹:0.19/8; 跳拍:0.18/8; 反手:0.13/8; 一笔画:0.09/2; 绕圈星星:0.08/1; 单双/双单:0.06/2; 错位:0.05/2; 二连扫:0.05/4; 纵连:0.04/3; 井字星星:0.03/1,出张; 反手; 子弹; 跳拍; 连续双押
157-ローリンガール-mas,157,ローリンガール,mas,13.2,13.0-13.2,195.0,170-199,1,1.0,195.0,170-199,195@120.6s,92,113.23,543,380,4.796,5.902,0.5599,0.1455,0.14,0.0184,0.0,8.0,11,6,0.0368,0.9337,0.0,0.0295,0.0,0.0,一笔画:0.21/10; 绕圈星星:0.16/10; 出张:0.16/11; 连续双押:0.13/8; 反手:0.11/7; 单双/双单:0.11/4; 二连扫:0.07/3; 子弹:0.03/3; 纵连:0.02/2; 侧边双押:0.02/2; 错位:0.01/1,一笔画; 出张; 单双/双单; 反手; 绕圈星星; 连续双押
1578-L4TS＿2018 (feat. あひる & KTA)-mas,1578,L4TS＿2018 (feat. あひる & KTA),mas,13.3,13.3-13.5,190.0,170-199,1,1.0,190.0,170-199,190@109.9s,80,101.05,574,342,5.68,7.175,0.7195,0.216,0.0401,0.0627,0.0,4.0,9,4,0.5662,0.3763,0.0,0.0279,0.0052,0.0,出张:0.39/15; 跳拍:0.19/9; 子弹:0.14/5; 连续双押:0.11/7; 一笔画:0.05/4; 绕圈星星:0.03/2; 逆楼梯/方向盘:0.03/2; CYCLES型星星:0.01/1; 错位:0.01/1,出张; 子弹; 跳拍; 连续双押
1636-電車で電車でOPA!OPA!OPA! -GMT mashup--mas,1636,電車で電車でOPA!OPA!OPA! -GMT mashup-,mas,13.8,13.6-13.8,134.0,<140,1,1.0,134.0,<140,134@125.5s,65,116.42,572,377,4.913,8.8,0.6748,0.2955,0.0245,0.0455,0.0,8.0,23,7,0.1154,0.5402,0.014,0.3077,0.0,0.014,连续拍滑:0.35/8; 出张:0.20/8; 鼓动段:0.17/5; 纵连:0.17/6; 错位:0.12/6; 反手:0.11/4; 一笔画:0.11/3; 夹键拍滑:0.09/2; 跳拍:0.08/3; 单双/双单:0.06/3; 绕圈星星:0.06/2; 同起点拍滑:0.05/2; 连续双押:0.05/3; 大宇宙:0.05/1; 普通交互:0.05/1; 子弹:0.03/2; 双押纵:0.03/2; 楼梯交互:0.03/1; 三角交互:0.03/1; 三叉戟:0.03/2; 穿心:0.02/1; 拆弹:0.02/1; 二连扫:0.02/1,一笔画; 出张; 反手; 纵连; 连续拍滑; 错位; 鼓动段
165-Burning Hearts ～炎のANGEL～-remas,165,Burning Hearts ～炎のANGEL～,remas,13.8,13.6-13.8,155.0,140-169,1,1.0,155.0,140-169,155@103.7s,65,100.65,557,387,5.534,8.569,0.5637,0.1759,0.0664,0.0898,0.0,8.0,16,5,0.1131,0.614,0.0,0.0467,0.0,0.0,出张:0.20/6; 二连扫:0.18/2; 连续拍滑:0.17/3; 连续双押:0.11/6; 单双/双单:0.11/4; 一笔画:0.09/4; 反手:0.08/2; 鼓动段:0.08/2; 错位:0.08/4; 子弹:0.06/4; 绕圈星星:0.06/3; 三叉戟:0.03/1; 夹键拍滑:0.03/1; CYCLES型星星:0.03/2; 跳拍:0.02/1; 同起点拍滑:0.02/1,二连扫; 出张; 单双/双单; 连续双押; 连续拍滑
166-awake-mas,166,awake,mas,13.2,13.0-13.2,170.0,170-199,1,1.0,170.0,170-199,170@88.9s,55,77.65,391,281,5.036,7.109,0.5627,0.1662,0.0742,0.0332,0.0,8.0,13,6,0.0205,0.9668,0.0,0.0077,0.0,0.0,跳拍:0.31/8; 出张:0.18/4; 纵连:0.16/2; 单双/双单:0.15/1; 子弹:0.15/1; 反手:0.13/2; 连续双押:0.07/3; 井字星星:0.07/1; 错位:0.07/4; 一笔画:0.04/2; 绕圈星星:0.04/2; 连续拍滑:0.04/1; 侧边双押:0.04/2,出张; 单双/双单; 反手; 子弹; 纵连; 跳拍
167-Terminal Storm-mas,167,Terminal Storm,mas,13.4,13.3-13.5,160.0,140-169,1,1.0,160.0,140-169,160@92.2s,60,90.0,483,397,5.367,8.05,0.352,0.0994,0.058,0.0663,0.0,8.0,12,5,0.0373,0.4928,0.0,0.4369,0.0,0.0331,出张:0.27/7; 子弹:0.25/3; 二连扫:0.18/3; 绕圈星星:0.12/2; 跳拍:0.12/2; 错位:0.07/2; 反手:0.07/1; 侧边双押:0.05/2; 连续拍滑:0.05/1; 纵连:0.03/1; 井字星星:0.03/1; 单双/双单:0.02/1,二连扫; 出张; 子弹; 绕圈星星; 跳拍
169-Save This World νMIX-mas,169,Save This World νMIX,mas,13.3,13.3-13.5,143.0,140-169,1,1.0,143.0,140-169,143@129.2s,69,115.8,348,239,3.005,5.043,0.5977,0.2557,0.1724,0.0086,0.0,8.0,13,4,0.0632,0.6006,0.0,0.319,0.0,0.0,出张:0.23/9; 子弹:0.16/2; 跳拍:0.10/2; 反手:0.10/3; 2+1:0.07/1; 一笔画:0.07/3; 连续拍滑:0.06/4; 侧边双押:0.06/1; 纵连:0.03/2; 同起点拍滑:0.03/2; 连续双押:0.01/1; 绕圈星星:0.01/1; 错位:0.01/1,出张; 反手; 子弹; 跳拍
1701-しねばいいのに-mas,1701,しねばいいのに,mas,13.0,13.0-13.2,138.0,<140,1,1.0,138.0,<140,138@118.3s,65,113.04,479,258,4.237,7.369,0.8246,0.1461,0.1315,0.0522,0.0,4.0,12,2,0.3591,0.023,0.0,0.0397,0.0,0.3507,连续双押:0.35/7; 出张:0.12/5; 单双/双单:0.09/2; 子弹:0.08/3; 绕圈星星:0.06/1; 逆楼梯/方向盘:0.06/1; 错位:0.05/2; 双押纵:0.05/2; 反手:0.05/1; 纵连:0.03/1; 散点:0.02/1; 二连扫:0.02/1,出张; 连续双押
172-円舞曲、君に-mas,172,円舞曲、君に,mas,13.3,13.3-13.5,128.0,<140,1,1.0,128.0,<140,128@114.3s,56,105.0,394,284,3.752,7.036,0.5102,0.1218,0.1193,0.0152,0.0,12.0,17,5,0.0102,0.0,0.9442,0.0,0.0,0.0,跳拍:0.23/5; 出张:0.14/6; 连续双押:0.12/3; 连续拍滑:0.11/3; 如龙段:0.11/2; 单双/双单:0.09/2; 普通交互:0.07/1; 井字星星:0.07/4; 2+1:0.07/1; 反手:0.05/2; 错位:0.05/2; 纵连:0.04/1; 子弹:0.04/1; 夹键拍滑:0.04/1; 侧边双押:0.02/1; 一笔画:0.02/1; 绕圈星星:0.02/1,出张; 如龙段; 跳拍; 连续双押; 连续拍滑
1732-おても☆Yan-mas,1732,おても☆Yan,mas,13.0,13.0-13.2,90.0,<140,1,1.0,90.0,<140,90@125.3s,42,112.0,529,408,4.723,12.595,0.4461,0.0246,0.1096,0.0548,0.0,24.0,12,5,0.034,0.0851,0.0,0.0,0.8526,0.0,子弹:0.57/10; 跳拍:0.43/8; 连续双押:0.29/3; 单双/双单:0.21/3; 反手:0.17/5; 出张:0.10/2; 侧边双押:0.10/1; 错位:0.05/2; 一笔画:0.05/2; 双押纵:0.05/1; CYCLES型星星:0.02/1; 连续拍滑:0.02/1,单双/双单; 反手; 子弹; 跳拍; 连续双押
1733-Garden Of The Dragon-mas,1733,Garden Of The Dragon,mas,13.5,13.3-13.5,120.0,<140,1,1.0,120.0,<140,120@114.0s,53,106.0,676,507,6.377,12.755,0.4734,0.0991,0.0163,0.0991,0.0,16.0,17,7,0.0888,0.0,0.0,0.787,0.0089,0.0473,连续双押:0.30/12; 跳拍:0.23/11; 反手:0.17/5; 2+1:0.17/1; 散点:0.11/4; 普通交互:0.11/4; 子弹:0.11/5; 楼梯交互:0.09/5; CYCLES型星星:0.08/3; 一笔画:0.08/3; 三角交互:0.08/4; 错位:0.08/4; 单双/双单:0.08/2; 出张:0.06/3; 二连扫:0.04/2; 大宇宙:0.02/1; 绕圈星星:0.02/1,2+1; 反手; 子弹; 散点; 普通交互; 跳拍; 连续双押
1785-ドクハク-mas,1785,ドクハク,mas,13.4,13.3-13.5,208.0,>=200,1,1.0,208.0,>=200,208@131.2s,109,125.77,641,438,5.097,5.881,0.5616,0.1435,0.1186,0.0031,0.0,4.0,12,5,0.6303,0.2746,0.0281,0.0,0.0,0.0,单双/双单:0.25/8; 出张:0.22/6; 连续双押:0.16/6; 定拍:0.10/2; 反手:0.10/3; 跳拍:0.06/4; 散点:0.04/1; 子弹:0.03/3; 二连扫:0.02/2; 纵连:0.02/2; 错位:0.01/1; 轴交互:0.01/1,出张; 单双/双单; 反手; 定拍; 连续双押
1787-ユビキリ-mas,1787,ユビキリ,mas,13.3,13.3-13.5,174.0,170-199,1,1.0,174.0,170-199,174@120.5s,84,115.86,642,334,5.541,7.643,0.8178,0.3037,0.0202,0.0592,0.0,4.0,19,6,0.4657,0.3193,0.0,0.0498,0.0,0.0,出张:0.31/9; 连续拍滑:0.18/5; 鼓动段:0.18/5; 子弹:0.13/9; 一笔画:0.13/5; 连续双押:0.13/6; 井字星星:0.10/4; 二连扫:0.07/3; 单双/双单:0.07/2; 错位:0.06/3; 反手:0.06/3; 绕圈星星:0.05/2; CYCLES型星星:0.05/1; 定拍:0.04/1; 穿心:0.02/1; 侧边双押:0.02/2; 挥手段:0.02/1; 三叉戟:0.02/1; 散点:0.01/1,一笔画; 出张; 子弹; 连续双押; 连续拍滑; 鼓动段
1789-咲キ誇レ常世ノ華-mas,1789,咲キ誇レ常世ノ華,mas,13.5,13.3-13.5,210.0,>=200,6,0.8517,210.0,>=200,210@116.9s; 170@18.4s; 92@0.7s; 115@0.5s; 137@0.4s; 159@0.4s,107,125.61,804,479,6.401,7.514,0.6953,0.1928,0.0522,0.0348,0.0,4.0,16,7,0.5012,0.3097,0.0373,0.0597,0.0,0.0,出张:0.35/14; 单双/双单:0.34/11; 反手:0.18/10; 子弹:0.18/14; 连续双押:0.16/8; 错位:0.10/3; 连续拍滑:0.10/5; 二连扫:0.07/3; 一笔画:0.07/4; 绕圈星星:0.06/4; 跳拍:0.04/2; 夹键拍滑:0.04/2; 井字星星:0.02/2; 同起点拍滑:0.02/2; CYCLES型星星:0.01/1; 普通交互:0.01/1,出张; 单双/双单; 反手; 子弹; 连续双押; 连续拍滑; 错位
1793-デッドレッドガールズ-mas,1793,デッドレッドガールズ,mas,13.8,13.6-13.8,230.0,>=200,1,1.0,230.0,>=200,230@134.7s,126,131.48,917,617,6.975,7.278,0.6205,0.1483,0.024,0.0164,0.0,8.0,19,5,0.3141,0.6183,0.0,0.0153,0.0349,0.0076,连续拍滑:0.22/9; 出张:0.15/12; 井字星星:0.13/7; 连续双押:0.13/9; 子弹:0.11/11; 错位:0.08/9; 绕圈星星:0.06/3; 双押纵:0.05/4; 大宇宙:0.05/2; 单双/双单:0.05/3; 一笔画:0.04/5; 反手:0.03/4; 定拍:0.02/1; 跳拍:0.02/3; 鼓动段:0.02/1; 散点:0.02/2; 二连扫:0.02/2; 三角交互:0.02/1; CYCLES型星星:0.01/1,井字星星; 出张; 子弹; 连续双押; 连续拍滑
1823-キレキャリオン-mas,1823,キレキャリオン,mas,13.1,13.0-13.2,170.0,170-199,1,1.0,170.0,170-199,170@127.1s,85,120.0,715,446,5.958,8.412,0.6923,0.1245,0.0741,0.0238,0.0,8.0,17,4,0.2629,0.5622,0.0,0.1413,0.0,0.0,连续双押:0.49/13; 子弹:0.41/10; 出张:0.15/7; 单双/双单:0.14/5; 跳拍:0.09/8; 错位:0.08/6; 侧边双押:0.07/6; 2+1:0.04/1; 井字星星:0.04/3; 一笔画:0.04/3; 连续拍滑:0.04/3; 反手:0.02/2; 挥手段:0.02/2; 三叉戟:0.02/2; CYCLES型星星:0.01/1; 二连扫:0.01/1; 拆弹:0.01/1,出张; 单双/双单; 子弹; 连续双押
1826-どういうことなの！？-mas,1826,どういうことなの！？,mas,13.4,13.3-13.5,175.0,170-199,7,0.9605,175.0,170-199,175@110.4s; 162@1.5s; 157@1.0s; 166@0.7s; 172@0.7s; 160@0.4s; 201@0.3s,84,115.6,594,441,5.139,7.071,0.4562,0.1162,0.1094,0.0135,0.0,8.0,14,5,0.0354,0.9108,0.0,0.0488,0.0,0.0,出张:0.24/8; 单双/双单:0.19/10; 跳拍:0.14/12; 纵连:0.13/4; 子弹:0.11/4; 一笔画:0.10/6; 反手:0.08/5; 连续双押:0.07/3; 二连扫:0.06/3; 绕圈星星:0.05/3; 散点:0.05/2; CYCLES型星星:0.02/2; 井字星星:0.02/1; 错位:0.02/1,出张; 单双/双单; 子弹; 纵连; 跳拍
1836-曖昧mind-mas,1836,曖昧mind,mas,13.4,13.3-13.5,135.0,<140,1,1.0,135.0,<140,135@120.9s,68,120.89,709,469,5.865,10.426,0.5938,0.1354,0.0762,0.0268,0.0,8.0,19,7,0.0987,0.488,0.0,0.292,0.0212,0.0451,连续双押:0.34/8; 出张:0.24/7; 子弹:0.15/8; 连续拍滑:0.13/2; 鼓动段:0.12/2; 错位:0.12/5; 跳拍:0.10/7; 单双/双单:0.09/4; 一笔画:0.07/2; 绕圈星星:0.07/2; 二连扫:0.06/4; 侧边双押:0.06/4; 同起点拍滑:0.06/2; 轴交互:0.04/3; 夹键拍滑:0.03/1; 楼梯交互:0.01/1; 三角交互:0.01/1; 逆楼梯/方向盘:0.01/1; 普通交互:0.01/1,出张; 子弹; 跳拍; 连续双押; 连续拍滑; 错位; 鼓动段
1839-オモイヨシノ-mas,1839,オモイヨシノ,mas,13.3,13.3-13.5,168.0,140-169,1,1.0,168.0,140-169,168@132.3s,91,130.0,675,500,5.192,7.418,0.443,0.163,0.083,0.0178,0.0,8.0,17,3,0.2874,0.563,0.0,0.0711,0.0178,0.0,跳拍:0.22/14; 子弹:0.19/12; 出张:0.15/9; 连续双押:0.09/6; 二连扫:0.08/4; 一笔画:0.08/6; 绕圈星星:0.08/5; 普通交互:0.07/4; 反手:0.07/3; 纵连:0.04/2; CYCLES型星星:0.04/4; 三角交互:0.02/2; 井字星星:0.02/2; 穿心:0.01/1; 连续拍滑:0.01/1; 拆弹:0.01/1; 错位:0.01/1,出张; 子弹; 跳拍
203-Garakuta Doll Play-mas,203,Garakuta Doll Play,mas,14.2,14.2-14.5,256.0,>=200,1,1.0,256.0,>=200,256@126.6s,129,120.94,877,595,7.252,6.798,0.5929,0.1528,0.0068,0.0217,0.0,8.0,16,4,0.2292,0.707,0.0,0.057,0.0,0.0,连续拍滑:0.31/5; 连续双押:0.21/19; 出张:0.16/18; 子弹:0.14/15; 穿心:0.09/2; 纵连:0.08/10; 夹键拍滑:0.06/1; 井字星星:0.05/7; 3+1:0.05/3; 鼓动段:0.04/1; 侧边双押:0.02/2; 一笔画:0.02/1; 跳拍:0.02/2; 反手:0.02/1; 二连扫:0.02/2; 三角交互:0.01/1,出张; 子弹; 连续双押; 连续拍滑
204-System “Z”-mas,204,System “Z”,mas,14.4,14.2-14.5,147.0,140-169,1,1.0,147.0,140-169,147@111.0s,65,106.12,777,552,7.322,11.954,0.5225,0.1647,0.0219,0.0077,0.0,16.0,21,7,0.0,0.0,0.0,0.9588,0.0412,0.0,跳拍:0.32/14; 反手:0.31/10; 连续双押:0.28/7; 出张:0.22/7; 错位:0.18/8; 一笔画:0.18/5; 子弹:0.15/9; 拆弹:0.08/5; 纵连:0.08/4; 挥手段:0.06/1; 二连扫:0.05/3; 井字星星:0.05/2; 轴交互:0.05/2; 2+1:0.03/1; 双押纵:0.03/2; 三叉戟:0.03/1; 绕圈星星:0.03/1; 散点:0.03/1; 三角交互:0.03/2; 侧边双押:0.02/1; 大宇宙:0.02/1,一笔画; 出张; 反手; 子弹; 跳拍; 连续双押; 错位
204-System “Z”-remas,204,System “Z”,remas,14.2,14.2-14.5,147.0,140-169,1,1.0,147.0,140-169,147@109.4s,65,106.12,753,556,7.096,11.585,0.4781,0.1726,0.0199,0.0066,0.0,16.0,17,9,0.0691,0.0345,0.0,0.7517,0.0744,0.0598,子弹:0.31/8; 错位:0.18/9; 一笔画:0.17/6; 跳拍:0.15/9; 出张:0.14/6; 二连扫:0.14/7; 连续双押:0.12/6; 反手:0.11/4; 绕圈星星:0.11/4; 连续拍滑:0.08/3; 拆弹:0.06/4; 三角交互:0.05/3; CYCLES型星星:0.03/2; 大宇宙:0.02/1; 夹键拍滑:0.02/1; 侧边双押:0.02/1; 散点:0.02/1,一笔画; 二连扫; 出张; 反手; 子弹; 绕圈星星; 跳拍; 连续双押; 错位
205-セガサターン起動音[H.][Remix]-mas,205,セガサターン起動音[H.][Remix],mas,13.0,13.0-13.2,148.0,140-169,1,1.0,148.0,140-169,148@81.1s,45,72.97,368,280,5.043,8.178,0.462,0.1957,0.0109,0.0571,0.0,4.0,16,7,0.4103,0.0543,0.1114,0.2935,0.0652,0.0652,出张:0.24/7; 反手:0.22/3; 绕圈星星:0.22/2; 大宇宙:0.20/2; 井字星星:0.18/1; 子弹:0.16/7; 一笔画:0.11/2; 二连扫:0.07/1; 连续双押:0.07/3; 普通交互:0.07/2; 楼梯交互:0.07/3; 连续拍滑:0.07/2; 双押纵:0.04/2; 纵连:0.04/2; 错位:0.04/1; 三角交互:0.02/1,一笔画; 井字星星; 出张; 反手; 大宇宙; 子弹; 绕圈星星
207-裏表ラバーズ-mas,207,裏表ラバーズ,mas,13.9,13.9-14.1,159.0,140-169,1,1.0,159.0,140-169,159@110.2s,71,107.17,651,532,6.074,9.169,0.3564,0.126,0.0031,0.0169,0.0,16.0,18,6,0.0292,0.1244,0.0,0.8418,0.0,0.0,跳拍:0.28/6; 反手:0.28/4; 子弹:0.20/5; 出张:0.14/5; 连续拍滑:0.14/4; 轴交互:0.11/2; 侧边双押:0.08/2; 一笔画:0.08/5; 井字星星:0.03/2; 拆弹:0.03/2; 错位:0.03/2; 单双/双单:0.03/1; 连续双押:0.03/1; 纵连:0.01/1; 逆楼梯/方向盘:0.01/1; 绕圈星星:0.01/1; 同起点拍滑:0.01/1; 三角交互:0.01/1,出张; 反手; 子弹; 跳拍; 轴交互; 连续拍滑
208-ぽっぴっぽー-mas,208,ぽっぴっぽー,mas,13.3,13.3-13.5,150.0,140-169,1,1.0,150.0,140-169,150@99.2s,61,97.6,507,404,5.195,8.311,0.4043,0.073,0.071,0.0079,0.0,16.0,13,4,0.0,0.1874,0.0,0.8126,0.0,0.0,子弹:0.46/12; 跳拍:0.25/5; 连续双押:0.18/5; 反手:0.11/2; 二连扫:0.10/1; 纵连:0.07/1; 侧边双押:0.07/2; 单双/双单:0.03/1; 连续拍滑:0.03/1; 一笔画:0.02/1; 三角交互:0.02/1; 双押纵:0.02/1; 散点:0.02/1,反手; 子弹; 跳拍; 连续双押
217-DADDY MULK -Groove remix--mas,217,DADDY MULK -Groove remix-,mas,13.8,13.6-13.8,154.0,140-169,1,1.0,154.0,140-169,154@126.2s,76,118.44,785,656,6.628,10.329,0.3159,0.0484,0.0076,0.0025,0.0,16.0,14,4,0.0242,0.1962,0.0293,0.7503,0.0,0.0,跳拍:0.36/10; 反手:0.20/8; 连续双押:0.14/5; 出张:0.11/6; 子弹:0.08/4; 二连扫:0.05/2; 三角交互:0.05/3; 普通交互:0.04/2; 散点:0.04/2; 轴交互:0.03/2; 单双/双单:0.03/1; 纵连:0.01/1; 楼梯交互:0.01/1; 逆楼梯/方向盘:0.01/1,出张; 反手; 跳拍; 连续双押
217-DADDY MULK -Groove remix--remas,217,DADDY MULK -Groove remix-,remas,13.8,13.6-13.8,154.0,140-169,1,1.0,154.0,140-169,154@123.1s,77,120.0,901,671,7.508,11.701,0.4806,0.0788,0.0244,0.0111,0.0,16.0,22,7,0.0133,0.3851,0.0,0.5882,0.0,0.0,出张:0.38/13; 跳拍:0.26/9; 连续双押:0.26/9; 反手:0.18/6; 子弹:0.17/5; 单双/双单:0.16/6; 2+1:0.10/3; 纵连:0.06/4; 错位:0.05/4; 挥手段:0.05/1; 连续拍滑:0.04/3; N+1:0.04/1; 长纵连:0.04/2; 三角交互:0.04/2; 二连扫:0.03/2; 双押纵:0.03/2; 轴交互:0.03/1; 一笔画:0.03/2; 普通交互:0.01/1; 散点:0.01/1; 大宇宙:0.01/1; 楼梯交互:0.01/1,2+1; 出张; 单双/双单; 反手; 子弹; 跳拍; 连续双押
226-Nyan Cat EX-mas,226,Nyan Cat EX,mas,13.8,13.6-13.8,150.0,140-169,1,1.0,150.0,140-169,150@102.4s,59,94.4,710,645,7.521,12.034,0.1803,0.0563,0.0,0.0563,0.0,16.0,12,7,0.0,0.0789,0.0,0.9211,0.0,0.0,普通交互:0.44/7; 三角交互:0.32/12; 跳拍:0.29/7; 纵连:0.27/12; 轴交互:0.20/4; 子弹:0.19/5; 反手:0.12/7; N+1:0.08/2; 连续双押:0.05/1; 2+1:0.03/1; 单双/双单:0.03/1; 双押纵:0.02/1,三角交互; 反手; 子弹; 普通交互; 纵连; 跳拍; 轴交互
227-セツナトリップ-mas,227,セツナトリップ,mas,13.3,13.3-13.5,145.0,140-169,1,1.0,145.0,140-169,145@115.9s,66,109.24,673,511,6.161,10.197,0.4428,0.0802,0.0342,0.049,0.0,16.0,18,5,0.0,0.0951,0.0,0.9049,0.0,0.0,跳拍:0.41/10; 连续双押:0.35/12; 反手:0.20/8; 出张:0.18/8; 错位:0.12/7; 子弹:0.09/4; 侧边双押:0.09/3; 普通交互:0.06/3; 一笔画:0.06/4; 三角交互:0.06/3; 连续拍滑:0.05/1; 穿心:0.03/2; 拆弹:0.03/2; 轴交互:0.02/1; 绕圈星星:0.02/1; 大宇宙:0.02/1; 楼梯交互:0.02/1; 逆楼梯/方向盘:0.02/1,出张; 反手; 跳拍; 连续双押; 错位
235-天ノ弱-mas,235,天ノ弱,mas,13.3,13.3-13.5,200.0,>=200,4,0.518,200.0,>=200,200@65.7s; 205@29.6s; 201@27.5s; 204@4.1s,101,120.31,588,392,4.887,5.822,0.5986,0.233,0.0646,0.0272,0.0,8.0,14,3,0.3452,0.619,0.0085,0.0,0.0,0.0,出张:0.30/18; 一笔画:0.14/5; 连续拍滑:0.12/6; 井字星星:0.07/4; 跳拍:0.05/5; 反手:0.05/2; 单双/双单:0.05/2; 二连扫:0.03/2; 错位:0.02/2; 绕圈星星:0.02/1; 夹键拍滑:0.02/2; 连续双押:0.02/1; CYCLES型星星:0.02/1; 三角交互:0.01/1,一笔画; 出张; 连续拍滑
241-コトバ・カラフル-mas,241,コトバ・カラフル,mas,13.7,13.6-13.8,169.0,140-169,1,1.0,169.0,140-169,169@87.3s,59,83.79,575,310,6.863,9.746,0.8817,0.0922,0.0052,0.1043,0.0,8.0,11,4,0.0487,0.9165,0.0,0.0,0.0,0.007,连续双押:0.75/10; 子弹:0.15/5; 跳拍:0.10/6; 错位:0.10/2; 出张:0.08/5; 侧边双押:0.07/3; 纵连:0.05/1; 一笔画:0.03/1; 绕圈星星:0.03/1; 单双/双单:0.02/1; 双押纵:0.02/1,子弹; 跳拍; 连续双押; 错位
243-sweet little sister-mas,243,sweet little sister,mas,13.4,13.3-13.5,168.0,140-169,14,0.8073,168.0,140-169,168@102.9s; 190@6.0s; 176@4.1s; 175@2.7s; 184@1.5s; 177@1.4s; 185@1.3s; 186@1.3s; 187@1.3s; 188@1.3s; 189@1.3s; 183@1.1s; 181@0.7s; 182@0.7s,87,122.67,617,440,5.03,7.092,0.5559,0.154,0.0665,0.0486,0.0,8.0,13,5,0.3387,0.4603,0.0972,0.0551,0.0,0.0,连续双押:0.18/6; 反手:0.13/5; 二连扫:0.11/4; 出张:0.10/7; 连续拍滑:0.10/5; 错位:0.06/2; 子弹:0.05/4; 三角交互:0.05/2; 大宇宙:0.03/1; 鼓动段:0.02/1; 普通交互:0.02/1; 穿心:0.01/1; 跳拍:0.01/1,二连扫; 出张; 反手; 连续双押; 连续拍滑
256-MYTHOS-mas,256,MYTHOS,mas,14.4,14.2-14.5,158.0,140-169,1,1.0,158.0,140-169,158@120.0s,68,103.29,735,584,7.116,10.809,0.3537,0.1088,0.0082,0.0218,0.0,16.0,21,6,0.0327,0.0286,0.0,0.7769,0.0463,0.0231,反手:0.21/8; 出张:0.18/9; 轴交互:0.18/4; 一笔画:0.15/5; 连续双押:0.15/7; 跳拍:0.13/6; CYCLES型星星:0.07/4; 三角交互:0.07/4; 错位:0.06/4; 二连扫:0.06/3; 大宇宙:0.06/2; 散点:0.06/2; 普通交互:0.04/1; 子弹:0.03/2; 连续拍滑:0.03/1; 夹键拍滑:0.03/1; 单双/双单:0.01/1; 纵连:0.01/1; 楼梯交互:0.01/1; 双押纵:0.01/1; 井字星星:0.01/1,一笔画; 出张; 反手; 跳拍; 轴交互; 连续双押
257-キズナの物語-mas,257,キズナの物語,mas,13.2,13.0-13.2,128.0,<140,1,1.0,128.0,<140,128@123.8s,62,116.25,356,176,3.062,5.742,0.9073,0.3933,0.0281,0.0281,0.0,4.0,14,5,0.6348,0.1545,0.0,0.0815,0.0,0.0,出张:0.35/9; 连续拍滑:0.21/4; 错位:0.16/4; 反手:0.11/3; 一笔画:0.11/4; 连续双押:0.10/3; 三叉戟:0.10/4; 绕圈星星:0.06/2; 二连扫:0.06/1; 挥手段:0.06/2; 单双/双单:0.03/2; 井字星星:0.03/2; 鼓动段:0.03/1; CYCLES型星星:0.02/1,一笔画; 出张; 反手; 连续拍滑; 错位
258-CYCLES-mas,258,CYCLES,mas,13.3,13.3-13.5,135.0,<140,1,1.0,135.0,<140,135@119.1s,65,115.56,496,221,4.292,7.631,0.9113,0.4375,0.0161,0.0383,0.0,4.0,14,7,0.7863,0.1573,0.0,0.0,0.0,0.0,一笔画:0.55/11; 出张:0.46/9; 绕圈星星:0.17/4; 三叉戟:0.17/3; 二连扫:0.12/1; CYCLES型星星:0.12/6; 同起点拍滑:0.11/3; 纵连:0.09/1; 连续拍滑:0.06/2; 鼓动段:0.06/2; 反手:0.06/2; 死镰段:0.05/1; 双压连续拍滑:0.03/2; 错位:0.02/1,CYCLES型星星; 一笔画; 三叉戟; 二连扫; 出张; 同起点拍滑; 绕圈星星
278-幻想のサテライト-mas,278,幻想のサテライト,mas,14.1,13.9-14.1,230.0,>=200,1,1.0,230.0,>=200,230@131.5s,120,125.22,850,541,6.788,7.083,0.7035,0.1988,0.0482,0.0224,0.0,16.0,15,5,0.0,0.0,0.0,0.56,0.44,0.0,一笔画:0.33/9; 单双/双单:0.23/16; 连续双押:0.23/11; 拆弹:0.15/18; 出张:0.13/7; 子弹:0.07/5; 二连扫:0.07/3; 反手:0.07/2; 死镰段:0.05/2; 绕圈星星:0.04/3; 错位:0.03/4; 井字星星:0.03/4; 双押纵:0.02/1; 连续拍滑:0.02/2; CYCLES型星星:0.01/1,一笔画; 出张; 单双/双单; 拆弹; 连续双押
285-Jack-the-Ripper◆-mas,285,Jack-the-Ripper◆,mas,14.1,13.9-14.1,210.0,>=200,3,0.5479,210.0,>=200,210@78.1s; 240@47.3s; 228@17.2s,126,135.7,933,754,6.875,7.405,0.3751,0.1008,0.0911,0.0139,0.0,8.0,15,4,0.2036,0.5723,0.0,0.1801,0.0193,0.0204,出张:0.17/13; 反手:0.14/7; 一笔画:0.13/3; 普通交互:0.10/7; 跳拍:0.10/6; 连续双押:0.09/6; 二连扫:0.06/5; 绕圈星星:0.06/3; 错位:0.04/4; 散点:0.04/1; 单双/双单:0.03/2; 轴交互:0.02/2; 子弹:0.02/1; 井字星星:0.02/1; 三角交互:0.01/1,一笔画; 出张; 反手; 普通交互
290-B.B.K.K.B.K.K-mas,290,B.B.K.K.B.K.K,mas,14.0,13.9-14.1,170.0,170-199,1,1.0,170.0,170-199,170@125.6s,88,124.24,904,580,7.277,10.273,0.656,0.1283,0.0133,0.01,0.0,8.0,15,5,0.1239,0.4347,0.0066,0.4347,0.0,0.0,连续双押:0.31/14; 出张:0.27/11; 跳拍:0.20/7; 一笔画:0.17/7; 单双/双单:0.17/4; 连续拍滑:0.08/4; 反手:0.07/4; 错位:0.07/4; 侧边双押:0.06/3; 子弹:0.05/4; 井字星星:0.03/3; 普通交互:0.03/2; 散点:0.02/1; 定拍:0.01/1; 轴交互:0.01/1,一笔画; 出张; 单双/双单; 跳拍; 连续双押
292-FUJIN Rumble-mas,292,FUJIN Rumble,mas,14.5,14.2-14.5,192.0,170-199,2,0.9975,192.0,170-199,192@123.5s; 96@0.3s,87,110.0,1000,838,9.091,11.494,0.322,0.005,0.003,0.01,0.0,16.0,13,5,0.07,0.236,0.073,0.582,0.0,0.033,跳拍:0.32/8; 连续双押:0.25/6; 二连扫:0.18/11; 反手:0.17/9; 单双/双单:0.16/4; 子弹:0.09/3; 普通交互:0.08/5; 纵连:0.07/2; 散点:0.05/2; 三角交互:0.05/2; 错位:0.03/2; 逆楼梯/方向盘:0.02/2; 大宇宙:0.02/2,二连扫; 单双/双单; 反手; 跳拍; 连续双押
302-Ignis Danse-mas,302,Ignis Danse,mas,14.5,14.2-14.5,246.0,>=200,1,1.0,246.0,>=200,246@123.4s,120,117.07,999,812,8.533,8.325,0.3744,0.1041,0.017,0.0991,0.0,12.0,20,6,0.008,0.1882,0.7988,0.0,0.002,0.0,跳拍:0.33/14; 反手:0.27/15; 连续拍滑:0.24/3; 夹键拍滑:0.24/3; 鼓动段:0.22/3; 三角交互:0.13/7; 单双/双单:0.08/4; 轴交互:0.08/4; 出张:0.07/5; 大宇宙:0.05/3; 连续双押:0.03/2; 错位:0.03/4; 子弹:0.03/4; 井字星星:0.03/2; 三叉戟:0.03/1; 大风车:0.03/1; 普通交互:0.02/1; 二连扫:0.02/1; 散点:0.02/1; 楼梯交互:0.01/1,三角交互; 反手; 夹键拍滑; 跳拍; 连续拍滑; 鼓动段
311-Caliburne ～Story of the Legendary sword～-mas,311,Caliburne ～Story of the Legendary sword～,mas,14.3,14.2-14.5,190.0,170-199,1,1.0,190.0,170-199,190@137.7s,105,132.63,956,566,7.208,9.105,0.6914,0.2176,0.0105,0.0042,0.0,8.0,23,5,0.1328,0.6799,0.0,0.1297,0.022,0.0251,连续拍滑:0.17/3; 三叉戟:0.11/1; 连续双押:0.10/6; 鼓动段:0.10/2; 一笔画:0.10/5; 子弹:0.08/5; 夹键拍滑:0.08/2; 出张:0.08/3; 三角交互:0.07/5; 反手:0.06/4; 挥手段:0.06/1; 普通交互:0.05/3; 绕圈星星:0.05/4; 拆弹:0.04/2; 散点:0.04/2; 错位:0.04/4; 井字星星:0.04/1; 单双/双单:0.04/2; 跳拍:0.03/3; 双押纵:0.01/1; 二连扫:0.01/1; 穿心:0.01/1; 楼梯交互:0.01/1,一笔画; 三叉戟; 连续双押; 连续拍滑; 鼓动段
312-Outlaw's Lullaby-mas,312,Outlaw's Lullaby,mas,14.0,13.9-14.1,145.0,140-169,1,1.0,145.0,140-169,145@106.5s,63,104.28,694,525,6.655,11.016,0.4524,0.0605,0.0922,0.0605,0.0,16.0,18,6,0.0058,0.1153,0.0303,0.8069,0.0346,0.0058,连续双押:0.37/6; 跳拍:0.37/6; 单双/双单:0.17/3; 子弹:0.16/3; 反手:0.14/6; 出张:0.13/6; 井字星星:0.10/6; 轴交互:0.10/5; 如龙段:0.08/1; 纵连:0.06/2; 侧边双押:0.06/3; 绕圈星星:0.03/1; 逆楼梯/方向盘:0.03/1; 三角交互:0.03/1; 3+1:0.03/1; 二连扫:0.03/1; 大宇宙:0.02/1; 楼梯交互:0.02/1,出张; 单双/双单; 反手; 子弹; 跳拍; 连续双押
314-FLOWER-mas,314,FLOWER,mas,13.9,13.9-14.1,173.0,170-199,1,1.0,173.0,170-199,173@119.3s,82,113.76,812,613,7.138,9.902,0.4569,0.0961,0.069,0.0369,0.0,16.0,17,7,0.1022,0.1084,0.0,0.7106,0.0591,0.0,跳拍:0.40/10; 出张:0.20/8; 连续双押:0.20/8; 子弹:0.15/11; 单双/双单:0.13/6; 反手:0.11/6; 一笔画:0.11/4; CYCLES型星星:0.07/2; 侧边双押:0.05/3; 错位:0.04/2; 普通交互:0.04/2; 绕圈星星:0.02/1; 散点:0.02/1; 二连扫:0.02/1; 楼梯交互:0.01/1; 三角交互:0.01/1; 纵连:0.01/1,一笔画; 出张; 单双/双单; 反手; 子弹; 跳拍; 连续双押
314-FLOWER-remas,314,FLOWER,remas,14.2,14.2-14.5,173.0,170-199,1,1.0,173.0,170-199,173@121.9s,83,115.14,961,770,8.346,11.578,0.3788,0.0572,0.0947,0.0458,0.0,16.0,13,7,0.0458,0.0916,0.0,0.7305,0.0323,0.0884,跳拍:0.52/13; 子弹:0.30/10; 反手:0.27/9; 连续双押:0.23/7; 出张:0.22/12; 错位:0.20/13; 单双/双单:0.11/5; 二连扫:0.10/7; 三角交互:0.05/2; 散点:0.04/2; 侧边双押:0.04/3; 绕圈星星:0.02/1; 井字星星:0.01/1,出张; 单双/双单; 反手; 子弹; 跳拍; 连续双押; 错位
315-DRAGONLADY-mas,315,DRAGONLADY,mas,13.9,13.9-14.1,150.0,140-169,1,1.0,150.0,140-169,150@88.0s,53,84.8,642,581,7.571,12.113,0.1885,0.0296,0.0,0.0218,0.0,16.0,13,4,0.0,0.0187,0.0,0.9813,0.0,0.0,跳拍:0.43/8; 子弹:0.42/5; 反手:0.19/3; 纵连:0.13/4; 出张:0.08/4; 轴交互:0.08/4; 三角交互:0.08/3; 连续双押:0.06/2; 楼梯交互:0.06/2; 错位:0.04/2; 定拍:0.04/1; 普通交互:0.02/1; 双押纵:0.02/1,反手; 子弹; 纵连; 跳拍
316-Got more raves？-mas,316,Got more raves？,mas,14.1,13.9-14.1,266.0,>=200,1,1.0,266.0,>=200,266@120.3s,132,119.1,902,716,7.574,6.833,0.4113,0.0898,0.0277,0.0377,0.0,8.0,18,5,0.0,0.9512,0.0,0.041,0.0,0.0,子弹:0.29/15; 反手:0.23/8; 连续双押:0.16/8; 连续拍滑:0.12/6; 轴交互:0.11/5; 夹键拍滑:0.06/2; 纵连:0.05/4; 跳拍:0.05/6; 普通交互:0.04/3; 大宇宙:0.04/2; 出张:0.04/2; 三角交互:0.03/3; 二连扫:0.02/1; 双押纵:0.02/2; 单双/双单:0.02/1; 井字星星:0.02/1; 楼梯交互:0.01/1; 侧边双押:0.01/1,反手; 子弹; 轴交互; 连续双押; 连续拍滑
317-Windy Hill -Zone 1-mas,317,Windy Hill -Zone 1,mas,13.4,13.3-13.5,194.0,170-199,1,1.0,194.0,170-199,194@121.5s,97,120.0,741,534,6.175,7.639,0.5425,0.0337,0.0283,0.0175,0.0,8.0,13,3,0.0,0.8623,0.0,0.1377,0.0,0.0,连续双押:0.26/8; 子弹:0.20/9; 纵连:0.15/10; 跳拍:0.08/5; 轴交互:0.04/2; 连续拍滑:0.04/4; 单双/双单:0.03/2; 双押纵:0.01/1; 双压连续拍滑:0.01/1; 三叉戟:0.01/1; 普通交互:0.01/1; 错位:0.01/1; 侧边双押:0.01/1,子弹; 纵连; 连续双押
318-Scars of FAUNA-mas,318,Scars of FAUNA,mas,13.8,13.6-13.8,165.0,140-169,1,1.0,165.0,140-169,165@116.7s,79,114.91,777,480,6.762,9.835,0.668,0.1184,0.027,0.0116,0.0,16.0,14,5,0.103,0.3243,0.0,0.4582,0.094,0.0206,连续双押:0.48/8; 一笔画:0.24/11; 错位:0.16/6; 长纵连:0.14/1; 出张:0.14/7; 单双/双单:0.09/1; 子弹:0.08/4; 反手:0.04/3; 双押纵:0.04/1; 侧边双押:0.03/2; 跳拍:0.03/2; 纵连:0.01/1; CYCLES型星星:0.01/1; 井字星星:0.01/1,一笔画; 出张; 连续双押; 错位; 长纵连
319-きたさいたま2000-mas,319,きたさいたま2000,mas,14.2,14.2-14.5,222.0,>=200,1,1.0,222.0,>=200,222@119.7s,108,116.76,840,686,7.194,7.778,0.3417,0.106,0.0321,0.0321,0.0,8.0,17,5,0.0321,0.7405,0.0,0.1381,0.0286,0.0,子弹:0.37/13; 纵连:0.16/7; 反手:0.15/10; 二连扫:0.13/6; 三叉戟:0.10/4; 挥手段:0.09/5; 长纵连:0.07/4; 连续双押:0.06/3; 出张:0.05/5; 单双/双单:0.05/3; N+1:0.04/1; 普通交互:0.02/1; 轴交互:0.02/2; 跳拍:0.01/1; 错位:0.01/1; 一笔画:0.01/1; 井字星星:0.01/1,三叉戟; 二连扫; 反手; 子弹; 纵连
323-Cosmic Magic Shooter-mas,323,Cosmic Magic Shooter,mas,13.9,13.9-14.1,163.0,140-169,1,1.0,163.0,140-169,163@106.0s,72,106.01,763,421,7.197,10.597,0.7641,0.1756,0.0301,0.0275,0.0,16.0,16,3,0.0944,0.3132,0.0,0.5924,0.0,0.0,连续双押:0.42/13; 出张:0.25/10; 子弹:0.17/12; 连续拍滑:0.08/3; 单双/双单:0.07/2; 错位:0.07/4; 跳拍:0.07/5; 二连扫:0.06/4; 一笔画:0.06/4; CYCLES型星星:0.04/3; 穿心:0.03/1; 绕圈星星:0.03/1; 井字星星:0.03/2; 三叉戟:0.01/1; 侧边双押:0.01/1; 普通交互:0.01/1,出张; 子弹; 连续双押
325-ロストワンの号哭-mas,325,ロストワンの号哭,mas,13.6,13.6-13.8,162.0,140-169,1,1.0,162.0,140-169,162@128.2s,87,128.89,946,689,7.34,10.874,0.5085,0.0719,0.0275,0.0254,0.0,16.0,11,5,0.0106,0.0317,0.0,0.9577,0.0,0.0,跳拍:0.33/12; 连续双押:0.25/7; 出张:0.23/15; 子弹:0.14/12; 单双/双单:0.14/2; 反手:0.06/4; 错位:0.06/4; 连续拍滑:0.01/1; 鼓动段:0.01/1; 挥手段:0.01/1; 三叉戟:0.01/1,出张; 单双/双单; 子弹; 跳拍; 连续双押
325-ロストワンの号哭-remas,325,ロストワンの号哭,remas,14.2,14.2-14.5,162.0,140-169,1,1.0,162.0,140-169,162@128.1s,87,128.89,946,594,7.34,10.874,0.6459,0.1712,0.0529,0.0116,0.0,16.0,23,9,0.1533,0.1216,0.0,0.7252,0.0,0.0,子弹:0.31/14; 跳拍:0.25/15; 出张:0.22/12; 连续双押:0.21/14; 一笔画:0.18/8; 反手:0.16/8; 轴交互:0.10/2; 连续拍滑:0.10/2; 错位:0.10/5; 鼓动段:0.09/1; 三叉戟:0.07/3; 绕圈星星:0.07/3; CYCLES型星星:0.06/5; 挥手段:0.05/1; 普通交互:0.05/3; 侧边双押:0.05/4; 纵连:0.05/2; 单双/双单:0.05/2; 双压连续拍滑:0.05/4; 井字星星:0.02/2; 三角交互:0.01/1; 穿心:0.01/1; 双押纵:0.01/1,一笔画; 出张; 反手; 子弹; 跳拍; 轴交互; 连续双押; 连续拍滑; 错位
326-ケロ⑨destiny-mas,326,ケロ⑨destiny,mas,13.0,13.0-13.2,172.0,170-199,1,1.0,172.0,170-199,172@117.4s,84,117.21,622,474,5.307,7.405,0.4582,0.0997,0.1125,0.0514,0.0,16.0,17,5,0.1093,0.2797,0.0,0.6061,0.0,0.0,子弹:0.36/18; 单双/双单:0.17/4; 二连扫:0.14/6; 连续双押:0.14/9; 反手:0.13/8; 连续拍滑:0.06/3; 大宇宙:0.04/1; 鼓动段:0.04/1; 井字星星:0.04/1; 出张:0.04/2; 大风车:0.02/1; 跳拍:0.02/2; 楼梯交互:0.02/1; 轴交互:0.02/1; 错位:0.01/1; CYCLES型星星:0.01/1; 一笔画:0.01/1,二连扫; 单双/双单; 反手; 子弹; 连续双押
327-L9-mas,327,L9,mas,13.7,13.6-13.8,252.0,>=200,2,0.6386,252.0,>=200,252@76.2s; 256@43.1s,126,119.32,835,654,6.998,6.627,0.4216,0.1365,0.0431,0.0108,0.0,8.0,16,7,0.3078,0.6802,0.0072,0.0024,0.0,0.0,反手:0.26/12; 轴交互:0.25/7; 出张:0.21/11; 连续双押:0.16/6; 一笔画:0.13/4; 子弹:0.12/12; 绕圈星星:0.11/2; 二连扫:0.10/5; 普通交互:0.07/4; 井字星星:0.06/8; 楼梯交互:0.06/6; 纵连:0.03/3; 大宇宙:0.03/2; 穿心:0.02/1; 跳拍:0.01/1; 三角交互:0.01/1,一笔画; 出张; 反手; 子弹; 绕圈星星; 轴交互; 连续双押
33-Reach For The Stars-mas,33,Reach For The Stars,mas,13.9,13.9-14.1,203.0,>=200,1,1.0,203.0,>=200,203@92.2s,67,79.21,549,373,6.931,8.194,0.5938,0.0911,0.0528,0.0255,0.0,8.0,14,5,0.1457,0.7668,0.0,0.0146,0.0,0.0,连续双押:0.22/4; 出张:0.16/6; 鼓动段:0.10/3; 连续拍滑:0.10/3; 单双/双单:0.10/2; 反手:0.09/3; 纵连:0.09/3; 跳拍:0.04/2; 错位:0.03/2; 井字星星:0.03/2; 子弹:0.03/1; 同起点拍滑:0.01/1; 双压连续拍滑:0.01/1; 三叉戟:0.01/1,出张; 单双/双单; 连续双押; 连续拍滑; 鼓动段
330-二息歩行-mas,330,二息歩行,mas,13.3,13.3-13.5,180.0,170-199,1,1.0,180.0,170-199,180@108.7s,79,105.33,542,355,5.146,6.861,0.6089,0.1697,0.0738,0.0148,0.0,8.0,17,5,0.1347,0.8376,0.0,0.0277,0.0,0.0,单双/双单:0.29/9; 出张:0.27/15; 子弹:0.16/7; 跳拍:0.16/13; 连续双押:0.10/4; 一笔画:0.09/5; 侧边双押:0.08/1; 纵连:0.06/5; 连续拍滑:0.06/3; 定拍:0.06/1; 反手:0.04/2; N+1:0.04/1; 绕圈星星:0.03/2; CYCLES型星星:0.03/1; 错位:0.03/2; 井字星星:0.01/1; 二连扫:0.01/1,出张; 单双/双单; 子弹; 跳拍; 连续双押
336-ウミユリ海底譚-mas,336,ウミユリ海底譚,mas,13.4,13.3-13.5,120.0,<140,1,1.0,120.0,<140,120@132.0s,66,132.0,759,519,5.75,11.5,0.5718,0.1001,0.0277,0.0184,0.0,8.0,19,8,0.0,0.8999,0.0,0.1001,0.0,0.0,子弹:0.33/13; 错位:0.27/4; 连续拍滑:0.27/5; 连续双押:0.23/9; 三叉戟:0.23/4; 单双/双单:0.21/3; 鼓动段:0.20/4; 大宇宙:0.15/4; 跳拍:0.09/3; 纵连:0.08/3; 绕圈星星:0.08/2; 挥手段:0.06/1; 出张:0.06/1; 2+1:0.05/1; 夹键拍滑:0.05/2; 三角交互:0.05/1; 二连扫:0.03/1; 反手:0.03/1; 普通交互:0.03/1,三叉戟; 单双/双单; 大宇宙; 子弹; 连续双押; 连续拍滑; 错位; 鼓动段
337-クローバー♣クラブ-mas,337,クローバー♣クラブ,mas,13.3,13.3-13.5,150.0,140-169,1,1.0,150.0,140-169,150@128.0s,80,128.0,569,322,4.445,7.112,0.7083,0.2566,0.0404,0.0351,0.0,8.0,13,6,0.0,0.9701,0.0,0.0053,0.0,0.0,出张:0.34/13; 一笔画:0.30/12; 连续双押:0.25/13; 拆弹:0.12/6; 二连扫:0.11/6; 错位:0.10/8; 绕圈星星:0.09/4; 子弹:0.07/6; 纵连:0.07/1; 侧边双押:0.05/4; 跳拍:0.04/3; CYCLES型星星:0.03/2; 反手:0.01/1,一笔画; 二连扫; 出张; 拆弹; 连续双押; 错位
34-Like the Wind [Reborn]-mas,34,Like the Wind [Reborn],mas,14.0,13.9-14.1,200.0,>=200,1,1.0,200.0,>=200,200@111.6s,87,104.4,679,513,6.504,7.805,0.4624,0.1031,0.0295,0.0795,0.0,8.0,14,7,0.1001,0.6524,0.0,0.215,0.0,0.025,连续双押:0.18/9; 二连扫:0.15/6; 跳拍:0.15/10; 出张:0.14/8; 侧边双押:0.14/5; 子弹:0.13/8; 单双/双单:0.13/4; 错位:0.08/6; 连续拍滑:0.07/3; 反手:0.05/2; 普通交互:0.03/2; 一笔画:0.03/1; 夹键拍滑:0.03/2; 大风车:0.02/1,二连扫; 侧边双押; 出张; 单双/双单; 子弹; 跳拍; 连续双押
345-Oshama Scramble!-mas,345,Oshama Scramble!,mas,14.5,14.2-14.5,190.0,170-199,1,1.0,190.0,170-199,190@125.1s,93,117.47,1111,832,9.457,11.946,0.4446,0.0612,0.0,0.0891,0.0,8.0,18,5,0.144,0.4365,0.0054,0.2349,0.0603,0.0846,连续双押:0.24/10; 跳拍:0.19/13; 子弹:0.13/11; 二连扫:0.12/5; 单双/双单:0.12/5; 连续拍滑:0.09/4; 反手:0.08/5; 出张:0.06/4; 混fr:0.05/4; 普通交互:0.04/3; 穿心:0.04/2; 井字星星:0.04/4; 三角交互:0.03/2; 双压连续拍滑:0.03/3; 散点:0.02/2; 三叉戟:0.02/2; 纵连:0.02/1; 大宇宙:0.01/1,二连扫; 单双/双单; 子弹; 跳拍; 连续双押
349-どうしてこうなった-mas,349,どうしてこうなった,mas,13.7,13.6-13.8,180.0,170-199,1,1.0,180.0,170-199,180@134.7s,99,132.0,934,700,7.076,9.434,0.4625,0.0899,0.0749,0.0482,0.0,8.0,20,5,0.0,0.8555,0.0,0.1445,0.0,0.0,连续双押:0.24/12; 子弹:0.23/16; 反手:0.16/11; 跳拍:0.13/13; 三角交互:0.11/6; 单双/双单:0.08/3; 出张:0.08/7; 大宇宙:0.06/5; 连续拍滑:0.06/4; 错位:0.06/5; 夹键拍滑:0.05/3; 二连扫:0.04/3; 双押纵:0.03/3; 普通交互:0.02/2; 一笔画:0.02/2; 纵连:0.02/2; 绕圈星星:0.02/2; 鼓动段:0.02/1; 轴交互:0.02/1; 井字星星:0.01/1,三角交互; 反手; 子弹; 跳拍; 连续双押
35-Lionheart-mas,35,Lionheart,mas,13.4,13.3-13.5,132.0,<140,1,1.0,132.0,<140,132@83.6s,44,80.0,464,347,5.8,10.545,0.4698,0.1315,0.0086,0.0345,0.0,16.0,17,7,0.0733,0.278,0.0,0.6487,0.0,0.0,子弹:0.48/5; 出张:0.43/9; 跳拍:0.27/8; 2+1:0.18/2; 井字星星:0.18/1; 连续拍滑:0.16/1; 连续双押:0.14/1; 纵连:0.09/1; 错位:0.09/4; 鼓动段:0.07/1; 夹键拍滑:0.07/1; 单双/双单:0.05/1; 定拍:0.05/1; 轴交互:0.05/1; 普通交互:0.05/1; 楼梯交互:0.05/2; 一笔画:0.05/1,2+1; 井字星星; 出张; 子弹; 跳拍; 连续双押; 连续拍滑
350-キャプテン・ムラサのケツアンカー-mas,350,キャプテン・ムラサのケツアンカー,mas,13.4,13.3-13.5,190.0,170-199,1,1.0,190.0,170-199,190@90.4s,67,84.63,573,366,6.771,8.552,0.6213,0.1623,0.0279,0.0593,0.0,4.0,18,8,0.4921,0.3508,0.0,0.1518,0.0,0.0,出张:0.34/9; 连续双押:0.24/7; 单双/双单:0.22/3; 子弹:0.16/6; 普通交互:0.13/5; 三角交互:0.13/4; 错位:0.10/5; N+1:0.10/1; 连续拍滑:0.09/1; 挥手段:0.09/1; 跳拍:0.07/3; 轴交互:0.06/2; 绕圈星星:0.06/2; 三叉戟:0.04/1; 一笔画:0.04/1; 楼梯交互:0.03/1; 井字星星:0.03/2; 双押纵:0.01/1,N+1; 三角交互; 出张; 单双/双单; 子弹; 普通交互; 连续双押; 错位
352-鼓動-mas,352,鼓動,mas,13.3,13.3-13.5,121.0,<140,1,1.0,121.0,<140,121@89.5s,46,91.24,436,301,4.779,9.478,0.6101,0.172,0.0619,0.039,0.0,8.0,18,6,0.1055,0.6651,0.0,0.2294,0.0,0.0,连续双押:0.20/1; 连续拍滑:0.17/4; 反手:0.15/3; 出张:0.13/4; 井字星星:0.11/2; 纵连:0.11/3; 跳拍:0.09/2; 鼓动段:0.07/2; 子弹:0.07/2; 2+1:0.07/1; 单双/双单:0.07/1; 轴交互:0.04/1; 侧边双押:0.04/1; 错位:0.04/2; 夹键拍滑:0.04/1; 同起点拍滑:0.02/1; 三叉戟:0.02/1; 挥手段:0.02/1,井字星星; 出张; 反手; 纵连; 连续双押; 连续拍滑
354-待チ人ハ来ズ。-mas,354,待チ人ハ来ズ。,mas,13.2,13.0-13.2,160.0,140-169,1,1.0,160.0,140-169,160@132.0s,84,126.0,693,510,5.5,8.25,0.4892,0.1212,0.0635,0.0303,0.0,8.0,17,5,0.0779,0.5281,0.0,0.3939,0.0,0.0,出张:0.21/7; 跳拍:0.19/9; 反手:0.18/6; 单双/双单:0.12/3; 子弹:0.11/6; 连续拍滑:0.08/3; 鼓动段:0.07/2; 连续双押:0.07/3; 一笔画:0.06/2; 纵连:0.05/3; 轴交互:0.05/1; 错位:0.04/2; 三角交互:0.04/2; 逆楼梯/方向盘:0.02/1; 楼梯交互:0.02/1; 绕圈星星:0.01/1; 大宇宙:0.01/1,出张; 单双/双单; 反手; 子弹; 跳拍
357-Aiolos-mas,357,Aiolos,mas,14.3,14.2-14.5,205.0,>=200,1,1.0,205.0,>=200,205@130.2s,106,124.1,1100,821,8.864,10.377,0.4864,0.0555,0.0182,0.0273,0.0,16.0,18,4,0.06,0.2018,0.0,0.7145,0.0,0.0145,连续双押:0.36/17; 反手:0.13/6; 二连扫:0.11/7; 跳拍:0.10/8; 普通交互:0.09/7; 出张:0.08/6; 纵连:0.08/6; 单双/双单:0.06/2; 轴交互:0.05/3; 连续拍滑:0.04/2; 长纵连:0.04/2; 三角交互:0.03/2; 子弹:0.02/2; 楼梯交互:0.02/2; 散点:0.02/1; 错位:0.02/2; 逆楼梯/方向盘:0.01/1; 井字星星:0.01/1,二连扫; 反手; 跳拍; 连续双押
369-LANCE-mas,369,LANCE,mas,13.8,13.6-13.8,156.0,140-169,1,1.0,156.0,140-169,156@127.7s,81,124.62,855,615,6.861,10.556,0.5064,0.1275,0.0327,0.0164,0.0,16.0,19,6,0.0,0.3696,0.0,0.6129,0.0,0.0164,出张:0.33/15; 连续双押:0.20/10; 跳拍:0.20/9; 纵连:0.12/4; 子弹:0.12/9; 反手:0.11/6; 单双/双单:0.10/3; 错位:0.09/4; 绕圈星星:0.07/2; 一笔画:0.05/1; 连续拍滑:0.05/2; 三叉戟:0.05/1; 普通交互:0.04/2; 楼梯交互:0.04/2; 双押纵:0.02/2; N+1:0.02/1; 挥手段:0.02/2; 大宇宙:0.01/1; 三角交互:0.01/1,出张; 反手; 子弹; 纵连; 跳拍; 连续双押
37-千本桜-mas,37,千本桜,mas,13.4,13.3-13.5,154.0,140-169,1,1.0,154.0,140-169,154@110.6s,69,107.53,637,421,5.924,9.232,0.6311,0.0706,0.0424,0.0141,0.0,16.0,15,7,0.0848,0.3469,0.0,0.5683,0.0,0.0,连续双押:0.51/11; 反手:0.22/6; 子弹:0.16/6; 出张:0.13/6; 侧边双押:0.10/6; 跳拍:0.10/7; 轴交互:0.10/2; 单双/双单:0.09/3; 二连扫:0.06/3; 错位:0.06/3; 一笔画:0.03/2; 绕圈星星:0.03/2; 纵连:0.03/1; 连续拍滑:0.01/1; 双押纵:0.01/1,侧边双押; 出张; 反手; 子弹; 跳拍; 轴交互; 连续双押
371-Axeria-mas,371,Axeria,mas,14.5,14.2-14.5,193.0,170-199,1,1.0,193.0,170-199,193@113.2s,87,108.19,888,657,8.208,10.207,0.4707,0.1498,0.0597,0.0023,0.0,8.0,18,7,0.0158,0.6194,0.009,0.3322,0.0158,0.0,跳拍:0.30/13; 错位:0.17/9; 出张:0.17/10; 反手:0.15/3; 二连扫:0.13/4; 轴交互:0.13/2; 连续双押:0.11/9; 井字星星:0.08/3; 连续拍滑:0.07/2; 死镰段:0.05/1; 拆弹:0.03/3; 一笔画:0.03/2; 单双/双单:0.02/1; 绕圈星星:0.02/1; 大宇宙:0.02/1; 楼梯交互:0.02/1; 三角交互:0.02/1; 子弹:0.01/1,二连扫; 出张; 反手; 跳拍; 轴交互; 连续双押; 错位
373-緋色のDance-mas,373,緋色のDance,mas,13.3,13.3-13.5,155.0,140-169,1,1.0,155.0,140-169,155@105.2s,65,100.65,598,476,5.942,9.2,0.4064,0.097,0.01,0.0201,0.0,16.0,12,5,0.0,0.3161,0.0,0.6839,0.0,0.0,跳拍:0.26/7; 普通交互:0.17/3; 子弹:0.12/5; 出张:0.12/5; 错位:0.12/2; 一笔画:0.09/1; 反手:0.06/3; 连续双押:0.05/2; 轴交互:0.03/1; 绕圈星星:0.03/1; 三角交互:0.03/1; 侧边双押:0.02/1,出张; 子弹; 普通交互; 跳拍; 错位
373-緋色のDance-remas,373,緋色のDance,remas,13.7,13.6-13.8,155.0,140-169,1,1.0,155.0,140-169,155@105.3s,64,99.1,484,199,4.884,7.562,0.9504,0.4731,0.0,0.0537,0.0,4.0,13,10,0.5331,0.314,0.0,0.0537,0.0,0.0,挥手段:0.30/3; 三叉戟:0.30/3; 连续拍滑:0.25/4; 井字星星:0.23/2; 出张:0.23/3; 一笔画:0.16/3; 绕圈星星:0.16/2; 反手:0.12/5; 二连扫:0.11/1; 拆弹:0.11/1; 死镰段:0.06/1; CYCLES型星星:0.03/2; 跳拍:0.02/1,一笔画; 三叉戟; 二连扫; 井字星星; 出张; 反手; 拆弹; 挥手段; 绕圈星星; 连续拍滑
374-Party 4U ”holy nite mix”-mas,374,Party 4U ”holy nite mix”,mas,13.7,13.6-13.8,159.0,140-169,1,1.0,159.0,140-169,159@92.0s,59,89.06,695,477,7.804,11.78,0.5194,0.118,0.0201,0.0403,0.0,16.0,20,11,0.0115,0.0,0.0,0.9424,0.0,0.0201,子弹:0.37/3; 连续双押:0.32/4; 单双/双单:0.31/3; 绕圈星星:0.29/2; 错位:0.29/6; 跳拍:0.24/10; 普通交互:0.17/2; 出张:0.17/8; N+1:0.15/1; 三叉戟:0.14/1; 挥手段:0.12/2; 反手:0.07/4; 三角交互:0.05/2; 逆楼梯/方向盘:0.05/3; 纵连:0.02/1; 二连扫:0.02/1; 双押纵:0.02/1; 井字星星:0.02/1; CYCLES型星星:0.02/1; 一笔画:0.02/1,N+1; 三叉戟; 出张; 单双/双单; 子弹; 挥手段; 普通交互; 绕圈星星; 跳拍; 连续双押; 错位
375-7thSense-mas,375,7thSense,mas,14.4,14.2-14.5,150.0,140-169,1,1.0,150.0,140-169,150@128.6s,78,124.8,859,612,6.883,11.013,0.4983,0.1118,0.0536,0.0896,0.0,16.0,19,8,0.0454,0.1013,0.014,0.6915,0.0396,0.1083,连续双押:0.42/11; 二连扫:0.23/10; 子弹:0.22/8; 出张:0.21/9; 反手:0.15/6; 一笔画:0.14/5; 跳拍:0.13/10; 轴交互:0.10/5; 普通交互:0.09/5; 绕圈星星:0.06/2; 三角交互:0.04/2; 错位:0.04/3; 双押纵:0.04/2; 大风车:0.04/1; 散点:0.03/1; 纵连:0.03/2; 挥手段:0.03/1; 三叉戟:0.03/1; CYCLES型星星:0.01/1,一笔画; 二连扫; 出张; 反手; 子弹; 跳拍; 轴交互; 连续双押
376-Live & Learn-mas,376,Live & Learn,mas,13.3,13.3-13.5,172.0,170-199,1,1.0,172.0,170-199,172@109.2s,74,103.26,660,460,6.392,8.919,0.5439,0.0939,0.0591,0.1136,0.0,8.0,15,1,0.0,0.8045,0.0,0.1924,0.0,0.0,单双/双单:0.30/9; 出张:0.09/7; 连续双押:0.09/4; 二连扫:0.07/3; 连续拍滑:0.07/4; 反手:0.05/2; 三叉戟:0.04/2; 挥手段:0.04/2; 跳拍:0.04/3; 错位:0.04/2; 子弹:0.03/1; 三角交互:0.03/1; 纵连:0.01/1; 井字星星:0.01/1; 轴交互:0.01/1,单双/双单
378-METATRON-mas,378,METATRON,mas,14.1,13.9-14.1,190.0,170-199,1,1.0,190.0,170-199,190@114.9s,89,112.42,925,725,8.228,10.393,0.4032,0.0886,0.0216,0.0173,0.0,16.0,19,3,0.0551,0.453,0.0,0.4703,0.0,0.0173,连续双押:0.28/7; 子弹:0.18/12; 二连扫:0.16/3; 跳拍:0.09/2; 出张:0.09/5; 轴交互:0.09/5; 一笔画:0.09/4; 普通交互:0.08/3; 散点:0.08/4; 反手:0.08/4; 绕圈星星:0.06/3; 大宇宙:0.04/2; 三角交互:0.04/2; 井字星星:0.03/3; 错位:0.03/2; 纵连:0.02/2; 单双/双单:0.02/1; 楼梯交互:0.02/2; 双押纵:0.01/1,二连扫; 子弹; 连续双押
379-Contrapasso -paradiso--mas,379,Contrapasso -paradiso-,mas,14.4,14.2-14.5,243.0,>=200,1,1.0,243.0,>=200,243@127.8s,124,122.47,1024,596,8.361,8.258,0.7305,0.2041,0.0234,0.0146,0.0,8.0,22,5,0.0967,0.835,0.0,0.0518,0.0,0.0088,连续拍滑:0.27/10; 子弹:0.24/21; 连续双押:0.23/12; 出张:0.16/14; 单双/双单:0.13/5; 鼓动段:0.10/5; 纵连:0.10/10; 三叉戟:0.06/2; 挥手段:0.05/1; 夹键拍滑:0.05/3; 跳拍:0.04/5; 井字星星:0.03/4; 穿心:0.03/2; 双押纵:0.03/4; 错位:0.02/2; 三角交互:0.02/2; 反手:0.02/1; 楼梯交互:0.02/1; 散点:0.02/1; 普通交互:0.01/1; 二连扫:0.01/1; 双压连续拍滑:0.01/1,出张; 单双/双单; 子弹; 连续双押; 连续拍滑
38-JACKY [Remix]-mas,38,JACKY [Remix],mas,13.7,13.6-13.8,135.0,<140,1,1.0,135.0,<140,135@91.6s,49,87.11,386,300,4.431,7.878,0.4326,0.1891,0.0078,0.0311,0.0,16.0,9,7,0.0415,0.1503,0.0,0.7435,0.0,0.0415,子弹:0.24/9; 跳拍:0.24/10; 反手:0.20/7; 出张:0.18/7; 连续拍滑:0.18/7; 错位:0.10/3; 井字星星:0.10/4; 二连扫:0.04/1; 一笔画:0.02/1,井字星星; 出张; 反手; 子弹; 跳拍; 连续拍滑; 错位
38-JACKY [Remix]-remas,38,JACKY [Remix],remas,14.0,13.9-14.1,135.0,<140,1,1.0,135.0,<140,135@93.8s,49,87.11,546,429,6.268,11.143,0.4267,0.1081,0.0311,0.0842,0.0,16.0,17,10,0.0549,0.1978,0.0,0.7308,0.0,0.0147,跳拍:0.61/8; 子弹:0.41/11; 反手:0.20/7; 连续双押:0.18/3; 错位:0.16/7; 出张:0.16/6; 长纵连:0.10/2; 三叉戟:0.10/2; 挥手段:0.10/2; 单双/双单:0.10/1; 二连扫:0.08/2; 连续拍滑:0.08/2; 双押纵:0.08/2; 纵连:0.06/3; 2+1:0.06/1; 一笔画:0.04/2; 井字星星:0.02/1,三叉戟; 出张; 单双/双单; 反手; 子弹; 挥手段; 跳拍; 连续双押; 错位; 长纵连
380-儚きもの人間-mas,380,儚きもの人間,mas,13.8,13.6-13.8,180.0,170-199,1,1.0,180.0,170-199,180@118.3s,85,113.33,902,609,7.959,10.612,0.5953,0.1319,0.0288,0.0233,0.0,8.0,21,6,0.0,0.5732,0.0,0.4268,0.0,0.0,连续双押:0.29/6; 单双/双单:0.18/2; 2+1:0.14/1; 跳拍:0.13/5; 出张:0.12/9; 轴交互:0.12/2; 错位:0.09/5; 子弹:0.09/7; 二连扫:0.08/1; 连续拍滑:0.08/1; 纵连:0.07/1; 普通交互:0.07/2; 鼓动段:0.07/1; 挥手段:0.06/1; 三叉戟:0.06/1; 如龙段:0.05/1; 大宇宙:0.05/1; 井字星星:0.02/2; 反手:0.02/1; 三角交互:0.02/2; 侧边双押:0.01/1,2+1; 出张; 单双/双单; 跳拍; 轴交互; 连续双押
382-Nitrous Fury-mas,382,Nitrous Fury,mas,14.0,13.9-14.1,144.0,140-169,1,1.0,144.0,140-169,144@111.0s,63,105.0,752,748,7.162,11.937,0.008,0.0027,0.008,0.0066,0.0,16.0,9,6,0.0106,0.0,0.0,0.8378,0.0532,0.0745,子弹:0.52/10; 三角交互:0.40/4; 跳拍:0.35/7; 纵连:0.25/5; 反手:0.19/4; 轴交互:0.14/1; 3+1:0.08/2; N+1:0.06/2; 楼梯交互:0.02/1,三角交互; 反手; 子弹; 纵连; 跳拍; 轴交互
390-四月の雨-mas,390,四月の雨,mas,13.9,13.9-14.1,79.0,<140,1,1.0,79.0,<140,79@126.1s,40,121.52,634,456,5.217,15.85,0.5379,0.2618,0.0505,0.0063,0.0,16.0,19,14,0.0047,0.0,0.0,0.7839,0.0,0.2019,出张:0.35/5; 错位:0.35/6; 连续拍滑:0.33/4; 一笔画:0.25/5; 夹键拍滑:0.20/1; 鼓动段:0.20/4; 纵连:0.15/2; 普通交互:0.15/4; 反手:0.12/3; 子弹:0.12/4; 井字星星:0.12/4; 绕圈星星:0.12/3; 同起点拍滑:0.12/2; 跳拍:0.10/3; 拆弹:0.03/1; 大宇宙:0.03/1; 三角交互:0.03/1; 单双/双单:0.03/1; 逆楼梯/方向盘:0.03/1,一笔画; 井字星星; 出张; 反手; 同起点拍滑; 夹键拍滑; 子弹; 普通交互; 纵连; 绕圈星星; 跳拍; 连续拍滑; 错位; 鼓动段
393-Panopticon-mas,393,Panopticon,mas,14.4,14.2-14.5,110.0,<140,1,1.0,110.0,<140,110@128.7s,58,126.55,900,598,7.112,15.517,0.5656,0.1556,0.0578,0.0644,0.0,16.0,25,9,0.0033,0.1289,0.0089,0.7656,0.0033,0.0578,子弹:0.29/9; 错位:0.29/6; 出张:0.28/6; 连续双押:0.22/6; 跳拍:0.19/4; 单双/双单:0.19/4; 三叉戟:0.17/5; 一笔画:0.14/5; 挥手段:0.10/3; 反手:0.09/4; 连续拍滑:0.07/4; 双押纵:0.07/2; 井字星星:0.07/3; 三角交互:0.05/3; 纵连:0.05/2; 夹键拍滑:0.05/3; 拆弹:0.05/1; 绕圈星星:0.05/2; 二连扫:0.05/3; 侧边双押:0.03/1; 双压连续拍滑:0.03/1; 逆楼梯/方向盘:0.03/1; 轴交互:0.02/1; 散点:0.02/1; CYCLES型星星:0.02/1,一笔画; 三叉戟; 出张; 单双/双单; 子弹; 挥手段; 跳拍; 连续双押; 错位
393-Panopticon-remas,393,Panopticon,remas,14.3,14.2-14.5,110.0,<140,1,1.0,110.0,<140,110@130.5s,58,126.55,909,667,7.183,15.672,0.4928,0.121,0.0825,0.0176,0.0,16.0,16,10,0.0055,0.0561,0.0132,0.6205,0.0066,0.022,错位:0.24/7; 纵连:0.24/5; 子弹:0.24/8; 出张:0.21/6; 三叉戟:0.19/4; 跳拍:0.17/5; 连续双押:0.16/5; 单双/双单:0.16/2; 连续拍滑:0.14/5; 挥手段:0.10/2; 鼓动段:0.09/3; 反手:0.09/3; 大宇宙:0.05/2; 侧边双押:0.05/2; 一笔画:0.03/2; 井字星星:0.03/1,三叉戟; 出张; 单双/双单; 子弹; 挥手段; 纵连; 跳拍; 连续双押; 连续拍滑; 错位
397-夢花火-mas,397,夢花火,mas,13.7,13.6-13.8,186.0,170-199,1,1.0,186.0,170-199,186@135.5s,103,132.9,943,608,7.095,9.155,0.6522,0.141,0.0265,0.0817,0.0,8.0,15,3,0.1336,0.631,0.0,0.1739,0.0,0.0424,出张:0.20/12; 连续双押:0.19/10; 子弹:0.17/7; 一笔画:0.10/6; 单双/双单:0.10/3; 绕圈星星:0.09/5; 跳拍:0.09/7; 普通交互:0.06/4; 反手:0.06/6; 错位:0.03/3; 轴交互:0.02/1; 散点:0.02/2; 二连扫:0.02/2; 纵连:0.01/1; CYCLES型星星:0.01/1,出张; 子弹; 连续双押
399-Maxi-mas,399,Maxi,mas,14.0,13.9-14.1,180.0,170-199,1,1.0,180.0,170-199,180@114.7s,84,112.0,914,623,8.161,10.881,0.605,0.0864,0.0624,0.0777,0.0,8.0,17,5,0.0481,0.4595,0.0,0.4551,0.0,0.0175,单双/双单:0.36/5; 连续双押:0.32/11; 跳拍:0.20/10; 反手:0.15/8; 出张:0.14/9; 子弹:0.10/7; 双押纵:0.07/2; 错位:0.06/3; 二连扫:0.06/5; 一笔画:0.05/1; 普通交互:0.02/2; 轴交互:0.02/1; 纵连:0.01/1; 楼梯交互:0.01/1; 长纵连:0.01/1; 井字星星:0.01/1; 三角交互:0.01/1,出张; 单双/双单; 反手; 跳拍; 连续双押
400-ECHO-mas,400,ECHO,mas,13.5,13.3-13.5,140.0,140-169,1,1.0,140.0,140-169,140@130.3s,74,126.86,768,425,6.054,10.378,0.75,0.1628,0.0391,0.0078,0.0,8.0,15,8,0.0,0.9479,0.0,0.0521,0.0,0.0,出张:0.36/6; 单双/双单:0.27/3; 连续拍滑:0.24/3; 连续双押:0.19/4; 错位:0.14/4; 鼓动段:0.12/1; 夹键拍滑:0.11/3; 三叉戟:0.11/1; 子弹:0.07/2; 跳拍:0.07/2; 绕圈星星:0.07/2; 一笔画:0.05/2; 井字星星:0.05/2; 纵连:0.03/2; 反手:0.01/1,三叉戟; 出张; 单双/双单; 夹键拍滑; 连续双押; 连续拍滑; 错位; 鼓动段
401-Selector-mas,401,Selector,mas,13.8,13.6-13.8,148.0,140-169,1,1.0,148.0,140-169,148@128.1s,77,124.86,718,287,5.75,9.325,0.9178,0.3412,0.0084,0.0571,0.0,4.0,15,7,0.8078,0.1337,0.0,0.0585,0.0,0.0,出张:0.31/11; 一笔画:0.26/11; 连续双押:0.22/6; 绕圈星星:0.18/7; CYCLES型星星:0.17/5; 连续拍滑:0.13/6; 同起点拍滑:0.10/3; 子弹:0.05/2; 单双/双单:0.04/1; 跳拍:0.04/1; 错位:0.03/2; 三叉戟:0.03/2; 夹键拍滑:0.01/1; 井字星星:0.01/1; 挥手段:0.01/1,CYCLES型星星; 一笔画; 出张; 同起点拍滑; 绕圈星星; 连续双押; 连续拍滑
"402-Endless, Sleepless Night-mas",402,"Endless, Sleepless Night",mas,13.3,13.3-13.5,165.0,140-169,1,1.0,165.0,140-169,165@120.7s,81,117.82,684,465,5.806,8.444,0.598,0.133,0.0365,0.0278,0.0,8.0,11,4,0.3553,0.4795,0.0,0.1652,0.0,0.0,连续双押:0.27/5; 出张:0.23/10; 跳拍:0.16/2; 一笔画:0.15/9; 反手:0.10/5; 单双/双单:0.07/3; 绕圈星星:0.07/5; 错位:0.06/5; 子弹:0.04/3; CYCLES型星星:0.04/3; 侧边双押:0.01/1,一笔画; 出张; 跳拍; 连续双押
403-最終鬼畜妹・一部声-mas,403,最終鬼畜妹・一部声,mas,13.9,13.9-14.1,200.0,>=200,1,1.0,200.0,>=200,200@133.2s,105,126.0,841,507,6.675,8.01,0.673,0.195,0.044,0.0499,0.0,4.0,12,3,0.4887,0.4828,0.0,0.0285,0.0,0.0,单双/双单:0.25/3; 出张:0.18/13; 跳拍:0.11/4; 子弹:0.09/6; 连续双押:0.07/1; 错位:0.06/6; 绕圈星星:0.04/2; 二连扫:0.04/4; 死镰段:0.03/3; 三角交互:0.02/2; 普通交互:0.02/2; 井字星星:0.02/2,出张; 单双/双单; 跳拍
404-四次元跳躍機関-mas,404,四次元跳躍機関,mas,13.4,13.3-13.5,135.0,<140,1,1.0,135.0,<140,135@120.4s,64,113.78,636,478,5.59,9.938,0.4544,0.0676,0.0597,0.0283,0.0,16.0,17,7,0.2013,0.3931,0.0,0.4057,0.0,0.0,跳拍:0.19/3; 出张:0.17/4; 连续双押:0.17/2; 二连扫:0.16/3; 反手:0.14/4; 楼梯交互:0.12/3; 侧边双押:0.11/2; 子弹:0.06/2; 三角交互:0.06/1; 单双/双单:0.06/1; 连续拍滑:0.05/2; 长纵连:0.05/1; 普通交互:0.03/1; 错位:0.03/2; 夹键拍滑:0.03/1; 井字星星:0.03/1; 一笔画:0.02/1,二连扫; 侧边双押; 出张; 反手; 楼梯交互; 跳拍; 连续双押
405-東方スイーツ！～鬼畜姉妹と受難メイド～-mas,405,東方スイーツ！～鬼畜姉妹と受難メイド～,mas,13.2,13.0-13.2,179.0,170-199,1,1.0,179.0,170-199,179@108.6s,76,101.9,552,343,5.417,7.263,0.6739,0.1866,0.0543,0.0236,0.0,8.0,11,2,0.3913,0.4946,0.0,0.1141,0.0,0.0,出张:0.24/11; 连续双押:0.22/5; 子弹:0.08/5; 连续拍滑:0.08/3; 反手:0.07/2; 跳拍:0.05/1; 纵连:0.05/1; 一笔画:0.04/3; 单双/双单:0.03/2; 井字星星:0.01/1; 错位:0.01/1,出张; 连续双押
407-響縁-mas,407,響縁,mas,13.0,13.0-13.2,180.0,170-199,1,1.0,180.0,170-199,180@120.7s,89,118.67,674,422,5.68,7.573,0.6617,0.1855,0.0297,0.0326,0.0,8.0,11,4,0.316,0.6142,0.0,0.0697,0.0,0.0,出张:0.20/13; 子弹:0.18/8; 错位:0.13/6; 一笔画:0.12/8; 纵连:0.09/1; 绕圈星星:0.08/3; 连续双押:0.08/4; 跳拍:0.07/1; 单双/双单:0.07/3; CYCLES型星星:0.02/1; 井字星星:0.01/1,一笔画; 出张; 子弹; 错位
41-Streak-mas,41,Streak,mas,13.7,13.6-13.8,150.0,140-169,1,1.0,150.0,140-169,150@81.6s,48,76.8,332,239,4.323,6.917,0.509,0.2139,0.1054,0.012,0.0,16.0,11,4,0.2108,0.1265,0.0211,0.503,0.0542,0.0,出张:0.44/12; 一笔画:0.33/5; 绕圈星星:0.15/4; 纵连:0.12/4; 单双/双单:0.08/1; 跳拍:0.08/2; 反手:0.08/3; 子弹:0.06/1; 同起点拍滑:0.04/2; 连续拍滑:0.04/2; 连续双押:0.04/1,一笔画; 出张; 纵连; 绕圈星星
411-Still-mas,411,Still,mas,13.4,13.3-13.5,176.0,170-199,1,1.0,176.0,170-199,176@142.7s,101,137.73,793,511,5.758,7.851,0.6469,0.1753,0.0542,0.029,0.0,8.0,17,2,0.0492,0.7982,0.0,0.0984,0.0504,0.0,连续双押:0.17/12; 出张:0.12/7; 连续拍滑:0.10/4; 子弹:0.10/10; 跳拍:0.09/8; 单双/双单:0.08/4; 一笔画:0.07/5; 绕圈星星:0.05/3; 反手:0.04/3; 错位:0.04/3; 井字星星:0.03/3; CYCLES型星星:0.03/3; 大宇宙:0.03/1; 二连扫:0.03/1; 侧边双押:0.02/2; 双压连续拍滑:0.02/2; 纵连:0.01/1,出张; 连续双押
413-TRUST-mas,413,TRUST,mas,13.1,13.0-13.2,190.0,170-199,1,1.0,190.0,170-199,190@124.7s,94,118.74,729,448,6.14,7.755,0.69,0.1331,0.0425,0.0219,0.0,8.0,16,6,0.2442,0.7298,0.0,0.0192,0.0,0.0,连续双押:0.29/6; 定拍:0.17/1; 出张:0.15/14; 单双/双单:0.15/11; 错位:0.13/12; 一笔画:0.11/9; 连续拍滑:0.07/7; 绕圈星星:0.05/4; 轴交互:0.04/1; 子弹:0.04/4; 长纵连:0.04/2; 双押纵:0.02/1; 纵连:0.02/1; 二连扫:0.01/1; 反手:0.01/1; 跳拍:0.01/1,一笔画; 出张; 单双/双单; 定拍; 连续双押; 错位
419-エピクロスの虹はもう見えない-remas,419,エピクロスの虹はもう見えない,remas,13.2,13.0-13.2,155.0,140-169,1,1.0,155.0,140-169,155@111.9s,70,108.39,444,296,4.096,6.343,0.6194,0.2117,0.2928,0.036,0.0,8.0,12,5,0.2635,0.6554,0.0,0.0631,0.0,0.0,出张:0.50/15; 反手:0.17/8; 连续双押:0.16/7; 二连扫:0.11/3; 穿心:0.11/4; 连续拍滑:0.09/4; 一笔画:0.07/5; 侧边双押:0.06/4; 绕圈星星:0.06/4; 井字星星:0.03/2; 跳拍:0.03/2; 错位:0.01/1,二连扫; 出张; 反手; 穿心; 连续双押
420-麒麟-mas,420,麒麟,mas,14.1,13.9-14.1,220.0,>=200,1,1.0,220.0,>=200,220@129.8s,108,117.82,837,562,7.104,7.75,0.6045,0.1792,0.0311,0.0108,0.0,8.0,18,5,0.0478,0.6022,0.0,0.2903,0.0,0.0,出张:0.31/14; 子弹:0.15/12; 绕圈星星:0.13/3; 反手:0.12/11; 一笔画:0.11/2; 二连扫:0.08/9; 连续双押:0.08/7; 错位:0.06/7; 连续拍滑:0.06/6; 三叉戟:0.06/2; 同起点拍滑:0.05/5; 跳拍:0.03/1; 单双/双单:0.02/1; 三角交互:0.02/1; 井字星星:0.02/2; 纵连:0.02/1; 大宇宙:0.02/1; 普通交互:0.02/1,一笔画; 出张; 反手; 子弹; 绕圈星星
422-Hyper Active-mas,422,Hyper Active,mas,13.9,13.9-14.1,160.0,140-169,1,1.0,160.0,140-169,160@139.0s,90,135.0,1064,824,7.881,11.822,0.4239,0.0987,0.0733,0.0207,0.0,16.0,14,7,0.0075,0.0573,0.0,0.8346,0.0,0.0959,跳拍:0.34/13; 子弹:0.24/10; 反手:0.22/8; 出张:0.14/8; 二连扫:0.13/6; 单双/双单:0.13/3; 连续双押:0.10/7; 连续拍滑:0.07/5; 一笔画:0.07/1; 普通交互:0.06/2; 错位:0.04/4; 散点:0.02/2; 夹键拍滑:0.02/1; 侧边双押:0.02/1,二连扫; 出张; 单双/双单; 反手; 子弹; 跳拍; 连续双押
423-チュルリラ・チュルリラ・ダッダッダ！-mas,423,チュルリラ・チュルリラ・ダッダッダ！,mas,13.3,13.3-13.5,220.0,>=200,1,1.0,220.0,>=200,220@132.0s,120,130.91,840,517,6.417,7.0,0.6488,0.2012,0.0429,0.0298,0.0,4.0,13,4,0.4643,0.0,0.3643,0.0,0.0,0.0,出张:0.31/20; 跳拍:0.28/15; 单双/双单:0.21/6; 连续双押:0.17/12; 连续拍滑:0.09/3; 错位:0.07/8; 井字星星:0.04/5; 侧边双押:0.04/4; 双压连续拍滑:0.03/2; 反手:0.03/1; 一笔画:0.03/2; 绕圈星星:0.02/1; 穿心:0.02/1,出张; 单双/双单; 跳拍; 连续双押
424-エンドマークに希望と涙を添えて-mas,424,エンドマークに希望と涙を添えて,mas,14.3,14.2-14.5,257.0,>=200,1,1.0,257.0,>=200,257@137.3s,143,133.54,1105,833,8.275,7.727,0.4606,0.124,0.038,0.0253,0.0,8.0,22,5,0.3448,0.4063,0.0706,0.1538,0.0,0.0,出张:0.17/8; 子弹:0.15/13; 一笔画:0.12/4; 二连扫:0.11/10; 连续双押:0.10/8; 连续拍滑:0.09/6; 单双/双单:0.08/7; 错位:0.08/7; 散点:0.08/5; 鼓动段:0.06/4; 跳拍:0.06/9; 纵连:0.04/3; 三角交互:0.04/2; 反手:0.04/2; 普通交互:0.03/2; 轴交互:0.03/1; 夹键拍滑:0.03/1; 长纵连:0.03/1; 绕圈星星:0.02/2; 井字星星:0.02/3; 定拍:0.01/1; 同起点拍滑:0.01/2,一笔画; 二连扫; 出张; 子弹; 连续双押
425-デスパレイト-mas,425,デスパレイト,mas,13.9,13.9-14.1,145.0,140-169,1,1.0,145.0,140-169,145@121.7s,71,117.52,685,426,5.829,9.648,0.6467,0.165,0.0642,0.0234,0.0,8.0,20,4,0.035,0.6978,0.0,0.162,0.0847,0.0,出张:0.38/11; 连续双押:0.25/11; 子弹:0.15/6; 错位:0.11/8; 一笔画:0.10/7; 连续拍滑:0.07/2; 绕圈星星:0.06/3; 鼓动段:0.06/1; 二连扫:0.06/2; 反手:0.06/3; CYCLES型星星:0.04/3; 跳拍:0.04/2; 3+1:0.04/1; 侧边双押:0.03/2; 楼梯交互:0.03/1; 三角交互:0.03/1; 普通交互:0.03/1; 纵连:0.03/1; 井字星星:0.01/1; 单双/双单:0.01/1,出张; 子弹; 连续双押; 错位
431-猫祭り-mas,431,猫祭り,mas,13.4,13.3-13.5,160.0,140-169,1,1.0,160.0,140-169,160@144.0s,93,139.5,785,420,5.627,8.441,0.7592,0.2459,0.0573,0.1287,0.0,4.0,20,5,0.5592,0.3567,0.0,0.0433,0.0127,0.0204,连续拍滑:0.35/6; 子弹:0.23/6; 出张:0.19/13; 三叉戟:0.11/5; 连续双押:0.11/5; 单双/双单:0.08/4; 轴交互:0.06/1; 挥手段:0.06/1; 同起点拍滑:0.06/1; 错位:0.06/1; 鼓动段:0.06/1; 双压连续拍滑:0.04/4; 一笔画:0.03/3; 纵连:0.03/1; 楼梯交互:0.02/1; 三角交互:0.02/1; 普通交互:0.02/1; 反手:0.01/1; 散点:0.01/1; 二连扫:0.01/1,三叉戟; 出张; 子弹; 连续双押; 连续拍滑
432-Doll Judgment-mas,432,Doll Judgment,mas,13.8,13.6-13.8,230.0,>=200,1,1.0,230.0,>=200,230@142.9s,132,137.74,896,638,6.505,6.788,0.5435,0.1283,0.0446,0.0145,0.0,12.0,15,3,0.1931,0.0,0.7958,0.0,0.0,0.0,跳拍:0.17/15; 出张:0.16/10; 连续双押:0.14/11; 连续拍滑:0.08/3; 反手:0.07/3; 一笔画:0.06/2; 绕圈星星:0.05/2; 单双/双单:0.05/3; 2+1:0.05/2; 井字星星:0.05/6; 三角交互:0.03/3; 错位:0.03/4; 轴交互:0.03/1; 纵连:0.02/1; 普通交互:0.01/1,出张; 跳拍; 连续双押
434-日本の米は世界一-mas,434,日本の米は世界一,mas,13.3,13.3-13.5,138.0,<140,1,1.0,138.0,<140,138@113.0s,62,107.83,706,413,6.548,11.387,0.7436,0.1558,0.0793,0.2125,0.0,8.0,19,7,0.0765,0.6969,0.0,0.2266,0.0,0.0,连续双押:0.32/8; 出张:0.29/7; 错位:0.16/2; 连续拍滑:0.13/2; 三叉戟:0.13/3; 跳拍:0.11/2; 鼓动段:0.11/2; 侧边双押:0.08/4; 子弹:0.06/3; 穿心:0.06/2; 普通交互:0.06/2; 长纵连:0.06/1; 挥手段:0.06/1; 大宇宙:0.05/1; 单双/双单:0.05/2; 反手:0.03/2; 双压连续拍滑:0.03/1; 轴交互:0.03/1; 井字星星:0.03/2,三叉戟; 出张; 跳拍; 连续双押; 连续拍滑; 错位; 鼓动段
436-疾走あんさんぶる-mas,436,疾走あんさんぶる,mas,13.7,13.6-13.8,195.0,170-199,1,1.0,195.0,170-199,195@132.3s,104,128.0,890,670,6.953,8.558,0.4663,0.1169,0.0584,0.0157,0.0,8.0,18,5,0.1056,0.6663,0.0,0.2056,0.0,0.018,出张:0.18/16; 反手:0.14/10; 单双/双单:0.14/7; 纵连:0.11/6; 连续双押:0.11/10; 二连扫:0.10/5; 跳拍:0.10/10; 连续拍滑:0.09/7; 子弹:0.08/7; 绕圈星星:0.06/3; 一笔画:0.05/3; 夹键拍滑:0.04/3; 井字星星:0.03/3; 错位:0.02/2; 三角交互:0.02/1; 轴交互:0.02/1; 同起点拍滑:0.01/1; 楼梯交互:0.01/1,出张; 单双/双单; 反手; 纵连; 连续双押
439-SPILL OVER COLORS-mas,439,SPILL OVER COLORS,mas,13.3,13.3-13.5,142.0,140-169,1,1.0,142.0,140-169,142@135.2s,77,130.14,832,428,6.393,10.805,0.7993,0.1923,0.0144,0.0144,0.0,8.0,11,6,0.3389,0.3882,0.0,0.2091,0.0036,0.0577,出张:0.40/15; 单双/双单:0.36/8; 连续双押:0.22/10; 绕圈星星:0.12/5; 一笔画:0.12/3; 错位:0.10/5; 连续拍滑:0.08/2; 子弹:0.06/4; 二连扫:0.04/3; 跳拍:0.03/2; 反手:0.01/1,一笔画; 出张; 单双/双单; 绕圈星星; 连续双押; 错位
44-DO RORO DERODERO ON DO RORO-mas,44,DO RORO DERODERO ON DO RORO,mas,13.7,13.6-13.8,190.0,170-199,1,1.0,190.0,170-199,190@104.8s,78,98.53,515,456,5.227,6.603,0.1981,0.0641,0.1049,0.033,0.0,12.0,12,6,0.1379,0.0,0.7903,0.033,0.0,0.0,跳拍:0.38/12; 反手:0.17/7; 出张:0.15/7; 子弹:0.13/1; 二连扫:0.12/5; 三角交互:0.12/1; 大宇宙:0.05/2; 一笔画:0.03/2; 绕圈星星:0.03/2; 连续双押:0.03/1; 侧边双押:0.01/1; 纵连:0.01/1,三角交互; 二连扫; 出张; 反手; 子弹; 跳拍
440-Mare Maris-mas,440,Mare Maris,mas,13.9,13.9-14.1,150.0,140-169,1,1.0,150.0,140-169,150@132.4s,79,126.4,856,598,6.772,10.835,0.5327,0.1075,0.1694,0.021,0.0,16.0,21,5,0.0491,0.4019,0.0,0.4276,0.0923,0.028,出张:0.19/8; 连续双押:0.15/3; 单双/双单:0.14/5; 三角交互:0.11/5; 错位:0.10/2; 子弹:0.09/3; 跳拍:0.09/7; 反手:0.09/5; 普通交互:0.09/4; 二连扫:0.09/3; 连续拍滑:0.09/2; 一笔画:0.06/3; 轴交互:0.05/2; 三叉戟:0.05/2; 挥手段:0.05/2; 侧边双押:0.04/2; 双压连续拍滑:0.03/2; CYCLES型星星:0.03/2; 大宇宙:0.03/1; 混fr:0.01/1; 井字星星:0.01/1,三角交互; 出张; 单双/双单; 连续双押; 错位
441-Justified-mas,441,Justified,mas,14.0,13.9-14.1,185.0,170-199,1,1.0,185.0,170-199,185@137.4s,96,124.54,872,565,7.002,9.083,0.6296,0.1502,0.047,0.0482,0.0,8.0,24,5,0.0677,0.6892,0.0149,0.1617,0.0,0.0459,出张:0.31/12; 连续双押:0.25/11; 子弹:0.20/12; 单双/双单:0.11/5; 错位:0.10/5; 井字星星:0.07/5; 一笔画:0.06/5; 绕圈星星:0.06/4; 连续拍滑:0.04/1; 鼓动段:0.04/1; 跳拍:0.04/4; 长纵连:0.04/1; 挥手段:0.04/1; 定拍:0.02/1; 二连扫:0.02/2; 三叉戟:0.02/1; 2+1:0.02/1; 反手:0.02/1; CYCLES型星星:0.01/1; 双押纵:0.01/1; 普通交互:0.01/1; 逆楼梯/方向盘:0.01/1; 侧边双押:0.01/1; 三角交互:0.01/1,出张; 单双/双单; 子弹; 连续双押; 错位
442-バッド・ダンス・ホール-mas,442,バッド・ダンス・ホール,mas,13.4,13.3-13.5,152.0,140-169,1,1.0,152.0,140-169,152@131.1s,81,127.89,797,485,6.232,9.84,0.7152,0.1455,0.0552,0.0301,0.0,8.0,15,4,0.133,0.468,0.0,0.399,0.0,0.0,连续双押:0.35/13; 子弹:0.27/9; 单双/双单:0.20/9; 出张:0.19/11; 反手:0.07/3; 跳拍:0.06/4; 错位:0.05/4; 井字星星:0.05/2; 连续拍滑:0.04/2; 绕圈星星:0.02/1; 穿心:0.02/1; 鼓动段:0.02/1; 二连扫:0.02/1; 大风车:0.02/1; 纵连:0.01/1,出张; 单双/双单; 子弹; 连续双押
443-FEEL the BEATS-mas,443,FEEL the BEATS,mas,13.6,13.6-13.8,166.0,140-169,1,1.0,166.0,140-169,166@135.5s,88,127.23,931,654,7.318,10.58,0.5585,0.0934,0.0322,0.0269,0.0,8.0,19,6,0.0,0.6015,0.0,0.3523,0.0,0.0451,连续双押:0.30/16; 跳拍:0.27/6; 子弹:0.25/9; 井字星星:0.17/13; 反手:0.16/10; 单双/双单:0.11/2; 出张:0.09/6; 一笔画:0.07/6; 普通交互:0.05/4; 二连扫:0.05/4; 绕圈星星:0.05/4; 大宇宙:0.03/2; 楼梯交互:0.03/3; 三角交互:0.02/2; 侧边双押:0.02/2; 错位:0.02/2; 穿心:0.02/1; 双押纵:0.01/1; 双压连续拍滑:0.01/1,井字星星; 单双/双单; 反手; 子弹; 跳拍; 连续双押
443-FEEL the BEATS-remas,443,FEEL the BEATS,remas,13.9,13.9-14.1,166.0,140-169,1,1.0,166.0,140-169,166@130.1s,86,124.34,1000,658,8.043,11.628,0.62,0.101,0.071,0.088,0.0,8.0,17,9,0.046,0.449,0.0,0.397,0.0,0.0,连续双押:0.47/13; 出张:0.36/16; 子弹:0.36/9; 反手:0.22/17; 跳拍:0.21/9; 三叉戟:0.21/5; 挥手段:0.19/4; 单双/双单:0.16/6; 错位:0.15/11; 纵连:0.09/4; 二连扫:0.08/6; 一笔画:0.07/3; 绕圈星星:0.07/3; 三角交互:0.02/2; 同起点拍滑:0.01/1; 鼓动段:0.01/1; 连续拍滑:0.01/1,三叉戟; 出张; 单双/双单; 反手; 子弹; 挥手段; 跳拍; 连续双押; 错位
445-アウターサイエンス-mas,445,アウターサイエンス,mas,13.3,13.3-13.5,195.0,170-199,1,1.0,195.0,170-199,195@131.1s,99,121.85,721,491,5.917,7.283,0.5908,0.1956,0.0472,0.0319,0.0,8.0,12,4,0.0,0.9473,0.0,0.0,0.025,0.0,出张:0.22/11; 跳拍:0.16/7; 连续双押:0.12/7; 子弹:0.11/4; 连续拍滑:0.08/3; 纵连:0.05/3; 夹键拍滑:0.04/2; 错位:0.02/2; 侧边双押:0.02/2; 井字星星:0.02/2; 一笔画:0.02/2; 双押纵:0.01/1,出张; 子弹; 跳拍; 连续双押
449-AMAZING MIGHTYYYY!!!!-remas,449,AMAZING MIGHTYYYY!!!!,remas,14.5,14.2-14.5,185.0,170-199,1,1.0,185.0,170-199,185@134.9s,98,127.14,1139,724,8.959,11.622,0.6479,0.1422,0.0571,0.0334,0.0,16.0,18,8,0.0176,0.2406,0.0,0.6471,0.0,0.0658,连续双押:0.45/16; 子弹:0.35/15; 错位:0.26/10; 出张:0.22/11; 一笔画:0.20/14; 跳拍:0.17/4; 绕圈星星:0.15/5; CYCLES型星星:0.10/7; 单双/双单:0.09/3; 反手:0.08/3; 普通交互:0.05/4; 轴交互:0.04/3; 三角交互:0.04/2; 二连扫:0.03/2; 大宇宙:0.01/1; 连续拍滑:0.01/1; 双押纵:0.01/1; 逆楼梯/方向盘:0.01/1,CYCLES型星星; 一笔画; 出张; 子弹; 绕圈星星; 跳拍; 连续双押; 错位
450-ダンスロボットダンス-mas,450,ダンスロボットダンス,mas,13.3,13.3-13.5,190.0,170-199,1,1.0,190.0,170-199,190@147.6s,111,140.21,826,416,5.891,7.441,0.8656,0.2809,0.0182,0.0593,0.0,4.0,18,7,0.707,0.2615,0.0,0.0097,0.0,0.0,连续拍滑:0.40/10; 出张:0.26/15; 连续双押:0.21/16; 鼓动段:0.15/4; 子弹:0.12/10; 三叉戟:0.11/4; 反手:0.11/4; 一笔画:0.09/6; 绕圈星星:0.07/5; 纵连:0.05/5; 井字星星:0.04/3; 挥手段:0.04/2; 侧边双押:0.04/4; 错位:0.04/2; 单双/双单:0.04/2; 普通交互:0.02/1; 跳拍:0.02/2; 双押纵:0.02/2,三叉戟; 出张; 反手; 子弹; 连续双押; 连续拍滑; 鼓动段
451-World Vanquisher-mas,451,World Vanquisher,mas,14.3,14.2-14.5,170.0,170-199,1,1.0,170.0,170-199,170@147.2s,100,141.18,1072,811,7.593,10.72,0.4375,0.1054,0.056,0.0233,0.0,16.0,20,6,0.0317,0.1595,0.0541,0.6353,0.028,0.0606,跳拍:0.19/12; 子弹:0.19/10; 出张:0.15/8; 反手:0.14/8; 连续双押:0.12/3; 错位:0.10/9; 二连扫:0.09/4; 三角交互:0.08/3; 绕圈星星:0.07/4; 连续拍滑:0.06/3; 三叉戟:0.06/1; 挥手段:0.06/1; 普通交互:0.04/2; 死镰段:0.04/1; 双押纵:0.04/1; 一笔画:0.03/2; 单双/双单:0.03/2; 散点:0.03/2; 楼梯交互:0.02/1; 井字星星:0.01/1,出张; 反手; 子弹; 跳拍; 连续双押; 错位
454-FestivaLight-mas,454,FestivaLight,mas,13.4,13.3-13.5,125.0,<140,1,1.0,125.0,<140,125@119.4s,57,109.44,592,362,5.409,10.386,0.6807,0.1537,0.0709,0.0473,0.0,12.0,16,7,0.1132,0.0,0.8091,0.0,0.0203,0.0,跳拍:0.37/16; 出张:0.32/12; 连续双押:0.26/6; 子弹:0.21/7; 单双/双单:0.19/4; 一笔画:0.16/5; 绕圈星星:0.11/3; 错位:0.09/5; 挥手段:0.07/1; CYCLES型星星:0.04/2; 穿心:0.04/1; 夹键拍滑:0.04/1; 连续拍滑:0.04/1; 侧边双押:0.04/1; 双压连续拍滑:0.02/1; 三叉戟:0.02/1,一笔画; 出张; 单双/双单; 子弹; 绕圈星星; 跳拍; 连续双押
458-妄想感傷代償連盟-remas,458,妄想感傷代償連盟,remas,13.2,13.0-13.2,110.0,<140,1,1.0,110.0,<140,110@154.9s,63,137.45,725,518,5.274,11.508,0.4869,0.1407,0.0317,0.0097,0.0,16.0,17,11,0.0469,0.4524,0.0,0.4883,0.0083,0.0028,错位:0.38/8; 子弹:0.29/9; 三叉戟:0.22/3; 出张:0.19/8; 连续拍滑:0.19/4; 鼓动段:0.19/4; 纵连:0.17/5; 跳拍:0.17/6; 绕圈星星:0.17/4; 连续双押:0.16/6; 大宇宙:0.16/4; 单双/双单:0.06/2; 一笔画:0.06/2; 反手:0.03/1; 双押纵:0.03/1; 侧边双押:0.03/2; 挥手段:0.03/1,三叉戟; 出张; 大宇宙; 子弹; 纵连; 绕圈星星; 跳拍; 连续双押; 连续拍滑; 错位; 鼓动段
459-Seyana. ～何でも言うことを聞いてくれるアカネチャン～-mas,459,Seyana. ～何でも言うことを聞いてくれるアカネチャン～,mas,13.3,13.3-13.5,144.0,140-169,1,1.0,144.0,140-169,144@128.3s,70,116.67,668,440,5.726,9.543,0.6033,0.0988,0.0539,0.0554,0.0,16.0,15,7,0.0374,0.1123,0.0045,0.7246,0.0,0.024,子弹:0.30/8; 连续双押:0.26/7; 跳拍:0.24/10; 出张:0.20/10; 反手:0.17/6; 错位:0.13/7; 单双/双单:0.11/5; 三角交互:0.07/2; 二连扫:0.04/1; 楼梯交互:0.03/2; 散点:0.03/1; 轴交互:0.01/1; 纵连:0.01/1; 井字星星:0.01/1; 普通交互:0.01/1,出张; 单双/双单; 反手; 子弹; 跳拍; 连续双押; 错位
46-We Gonna Party-mas,46,We Gonna Party,mas,13.7,13.6-13.8,159.0,140-169,1,1.0,159.0,140-169,159@81.5s,50,75.47,445,377,5.896,8.9,0.2899,0.1146,0.0112,0.036,0.0,16.0,9,6,0.0674,0.0045,0.0,0.9034,0.0,0.0,反手:0.62/8; 跳拍:0.44/8; 出张:0.28/10; 二连扫:0.24/6; 子弹:0.18/7; 一笔画:0.12/6; 连续拍滑:0.08/4; 连续双押:0.04/2; 井字星星:0.04/2,一笔画; 二连扫; 出张; 反手; 子弹; 跳拍
463-進め！イッスン軍団 -Rebellion of the Dwarfs--mas,463,進め！イッスン軍団 -Rebellion of the Dwarfs-,mas,13.7,13.6-13.8,172.0,170-199,1,1.0,172.0,170-199,172@115.8s,83,115.81,596,385,5.146,7.181,0.6191,0.1544,0.3238,0.0134,0.0,8.0,13,4,0.2685,0.4614,0.0638,0.1896,0.0,0.0,出张:0.20/6; 连续双押:0.19/8; 子弹:0.19/7; 连续拍滑:0.11/4; 普通交互:0.10/4; 单双/双单:0.08/1; 反手:0.07/4; 井字星星:0.06/1; 纵连:0.04/3; 错位:0.04/3; 双押纵:0.02/2; 一笔画:0.02/2; 跳拍:0.01/1,出张; 子弹; 连续双押; 连续拍滑
464-Brain Power-mas,464,Brain Power,mas,13.4,13.3-13.5,170.0,170-199,4,0.5875,170.0,170-199,170@65.3s; 173@40.2s; 171@4.2s; 172@1.4s,75,105.25,663,488,6.3,8.84,0.463,0.1071,0.1342,0.0905,0.0,16.0,18,5,0.365,0.2066,0.0287,0.3665,0.0,0.0241,连续双押:0.23/5; 出张:0.19/7; 纵连:0.17/5; 反手:0.17/5; 二连扫:0.13/6; 错位:0.07/5; 子弹:0.07/2; 普通交互:0.05/1; 一笔画:0.05/3; 轴交互:0.04/1; 大宇宙:0.04/2; 单双/双单:0.03/1; 楼梯交互:0.03/1; 三角交互:0.03/1; 散点:0.03/1; 双押纵:0.01/1; CYCLES型星星:0.01/1; 绕圈星星:0.01/1,二连扫; 出张; 反手; 纵连; 连续双押
466-Lividi-mas,466,Lividi,mas,14.1,13.9-14.1,191.0,170-199,1,1.0,191.0,170-199,191@119.2s,88,110.58,983,753,8.89,11.17,0.4374,0.1027,0.0529,0.0081,0.0,8.0,16,5,0.061,0.4954,0.0142,0.297,0.0692,0.0529,跳拍:0.26/17; 反手:0.23/12; 子弹:0.20/13; 连续双押:0.18/11; 二连扫:0.12/8; 出张:0.09/8; 井字星星:0.07/6; 错位:0.06/5; 双押纵:0.05/3; 轴交互:0.03/2; 一笔画:0.03/3; 绕圈星星:0.03/3; 散点:0.02/1; 大宇宙:0.02/2; 普通交互:0.02/2; 纵连:0.01/1,二连扫; 反手; 子弹; 跳拍; 连续双押
467-天火明命-mas,467,天火明命,mas,14.0,13.9-14.1,155.0,140-169,1,1.0,155.0,140-169,155@138.6s,86,133.16,963,670,7.232,11.198,0.5317,0.1101,0.0509,0.0312,0.0,16.0,21,5,0.1153,0.3853,0.0073,0.4372,0.028,0.0,子弹:0.30/8; 出张:0.23/8; 连续双押:0.19/11; 跳拍:0.17/9; 一笔画:0.14/7; 单双/双单:0.09/2; 大宇宙:0.09/1; 绕圈星星:0.09/4; 错位:0.08/6; 普通交互:0.06/5; 反手:0.06/3; 侧边双押:0.05/3; 井字星星:0.05/4; 二连扫:0.03/2; CYCLES型星星:0.03/3; 三角交互:0.02/2; 纵连:0.02/2; 三叉戟:0.02/2; 双压连续拍滑:0.02/2; 连续拍滑:0.01/1; 拆弹:0.01/1,一笔画; 出张; 子弹; 跳拍; 连续双押
468-ねぇ、壊れタ人形ハ何処へ棄テらレるノ？-mas,468,ねぇ、壊れタ人形ハ何処へ棄テらレるノ？,mas,14.5,14.2-14.5,188.0,170-199,1,1.0,188.0,170-199,188@139.5s,97,123.83,1043,832,8.423,10.753,0.3691,0.0709,0.0537,0.0125,0.0,16.0,20,6,0.1496,0.2541,0.0815,0.3605,0.0307,0.0815,出张:0.21/12; 二连扫:0.21/8; 反手:0.20/7; 轴交互:0.14/6; 单双/双单:0.12/4; 连续双押:0.12/6; 三角交互:0.09/3; 连续拍滑:0.08/3; 普通交互:0.05/4; 子弹:0.05/2; 一笔画:0.04/1; 定拍:0.04/2; 夹键拍滑:0.04/1; 鼓动段:0.04/1; 楼梯交互:0.03/2; 逆楼梯/方向盘:0.03/2; 跳拍:0.03/3; 纵连:0.01/1; 错位:0.01/1; 大宇宙:0.01/1,二连扫; 出张; 单双/双单; 反手; 轴交互; 连续双押
469-keep hopping-mas,469,keep hopping,mas,13.9,13.9-14.1,155.0,140-169,1,1.0,155.0,140-169,155@127.7s,83,128.52,888,640,6.91,10.699,0.5034,0.0743,0.0901,0.0484,0.0,16.0,22,5,0.0383,0.0135,0.0068,0.8243,0.0304,0.0642,连续双押:0.30/8; 跳拍:0.16/4; 子弹:0.13/8; 单双/双单:0.12/3; 错位:0.11/7; 出张:0.10/6; 普通交互:0.07/6; 反手:0.07/4; 三角交互:0.06/5; CYCLES型星星:0.06/5; 一笔画:0.06/5; 绕圈星星:0.05/4; 二连扫:0.04/3; 长纵连:0.04/1; 三叉戟:0.04/1; 挥手段:0.04/1; 侧边双押:0.02/1; 双押纵:0.02/1; 连续拍滑:0.02/1; 轴交互:0.01/1; 散点:0.01/1; 楼梯交互:0.01/1,单双/双单; 子弹; 跳拍; 连续双押; 错位
47-Acceleration-mas,47,Acceleration,mas,13.4,13.3-13.5,180.0,170-199,1,1.0,180.0,170-199,180@82.7s,59,78.67,464,363,5.898,7.864,0.4353,0.0603,0.0172,0.0151,0.0,8.0,11,5,0.097,0.7371,0.0,0.153,0.0,0.0,二连扫:0.42/8; 单双/双单:0.20/2; 侧边双押:0.15/7; 反手:0.12/2; 连续双押:0.12/4; 出张:0.08/4; 散点:0.05/1; 错位:0.05/3; 子弹:0.03/2; 普通交互:0.03/2; 跳拍:0.02/1,二连扫; 侧边双押; 单双/双单; 反手; 连续双押
470-インビジブル-remas,470,インビジブル,remas,13.7,13.6-13.8,192.0,170-199,1,1.0,192.0,170-199,192@132.2s,102,127.5,939,648,7.365,9.206,0.5676,0.1086,0.033,0.0575,0.0,8.0,21,5,0.1022,0.524,0.0,0.3387,0.0128,0.0096,跳拍:0.31/20; 子弹:0.26/14; 出张:0.25/6; 连续双押:0.23/9; 单双/双单:0.11/3; 一笔画:0.06/4; 纵连:0.04/2; 三叉戟:0.04/2; 三角交互:0.04/3; 3+1:0.03/1; 错位:0.03/3; 普通交互:0.03/3; 井字星星:0.03/3; 反手:0.03/2; 挥手段:0.02/1; 轴交互:0.02/1; 连续拍滑:0.02/1; 夹键拍滑:0.02/1; 绕圈星星:0.02/2; 侧边双押:0.02/1; 二连扫:0.01/1,出张; 单双/双单; 子弹; 跳拍; 连续双押
471-初音ミクの激唱-mas,471,初音ミクの激唱,mas,14.5,14.2-14.5,200.0,>=200,1,1.0,200.0,>=200,200@148.3s,114,136.8,834,721,6.096,7.316,0.2482,0.0839,0.0863,0.0468,0.0,16.0,16,5,0.1511,0.1055,0.2026,0.4388,0.0,0.0204,纵连:0.19/5; 三角交互:0.16/6; 出张:0.15/6; 一笔画:0.15/3; 反手:0.13/8; 轴交互:0.07/1; 连续双押:0.05/3; 大宇宙:0.05/3; 2+1:0.05/2; 楼梯交互:0.04/2; 二连扫:0.03/2; 子弹:0.03/1; 绕圈星星:0.02/2; 连续拍滑:0.02/2; 单双/双单:0.02/1; 错位:0.01/1,一笔画; 三角交互; 出张; 反手; 纵连
473-CITRUS MONSTER-mas,473,CITRUS MONSTER,mas,14.5,14.2-14.5,220.0,>=200,1,1.0,220.0,>=200,220@120.0s,105,114.55,1032,734,9.01,9.829,0.5291,0.1182,0.0465,0.0436,0.0,16.0,20,4,0.0572,0.4428,0.0087,0.4583,0.0,0.0242,子弹:0.29/11; 连续双押:0.28/10; 跳拍:0.28/14; 出张:0.27/15; 一笔画:0.10/8; 单双/双单:0.09/6; 普通交互:0.08/4; 轴交互:0.07/4; 井字星星:0.07/7; 楼梯交互:0.05/2; 三角交互:0.05/3; 二连扫:0.05/4; 连续拍滑:0.05/2; 反手:0.04/4; 错位:0.04/3; 挥手段:0.04/4; 三叉戟:0.04/4; 夹键拍滑:0.04/1; 纵连:0.01/1; 逆楼梯/方向盘:0.01/1,出张; 子弹; 跳拍; 连续双押
475-STAIRWAY TO GENERATION-mas,475,STAIRWAY TO GENERATION,mas,13.7,13.6-13.8,150.0,140-169,1,1.0,150.0,140-169,150@120.0s,71,113.6,684,549,6.021,9.634,0.3816,0.0336,0.1886,0.0307,0.0,16.0,12,4,0.0,0.1301,0.0,0.7471,0.0,0.1053,连续双押:0.25/6; 出张:0.14/4; 二连扫:0.11/3; 单双/双单:0.11/4; 跳拍:0.08/6; 反手:0.06/2; 子弹:0.03/2; 错位:0.03/2; 连续拍滑:0.03/1; 纵连:0.03/1; 轴交互:0.03/1; 逆楼梯/方向盘:0.03/2,二连扫; 出张; 单双/双单; 连续双押
477-Ragnarok-mas,477,Ragnarok,mas,14.1,13.9-14.1,184.0,170-199,1,1.0,184.0,170-199,184@123.6s,83,108.26,826,586,7.63,9.952,0.5206,0.0896,0.1283,0.0666,0.0,16.0,17,5,0.0472,0.385,0.0,0.4286,0.0799,0.0339,子弹:0.28/11; 连续双押:0.24/7; 出张:0.18/9; 反手:0.17/7; 跳拍:0.12/7; 错位:0.10/6; 一笔画:0.07/6; 侧边双押:0.07/4; 普通交互:0.06/2; 绕圈星星:0.06/4; 轴交互:0.04/1; 纵连:0.02/1; 连续拍滑:0.02/1; CYCLES型星星:0.01/1; 双押纵:0.01/1; 井字星星:0.01/1; 二连扫:0.01/1,出张; 反手; 子弹; 跳拍; 连续双押
478-Xevel-mas,478,Xevel,mas,14.3,14.2-14.5,185.0,170-199,2,0.9386,185.0,170-199,185@125.0s; 176@8.2s,95,123.44,1169,897,9.47,12.305,0.4294,0.0941,0.0257,0.0778,0.0,16.0,22,10,0.0547,0.3926,0.0,0.4029,0.0796,0.0479,连续双押:0.22/12; 连续拍滑:0.17/6; 夹键拍滑:0.17/6; 普通交互:0.14/7; 鼓动段:0.14/5; 三角交互:0.13/7; 反手:0.12/7; 跳拍:0.11/7; 单双/双单:0.11/4; 二连扫:0.11/5; 错位:0.09/4; 同起点拍滑:0.08/4; 楼梯交互:0.07/5; 井字星星:0.06/6; 轴交互:0.06/3; 死镰段:0.04/1; 大宇宙:0.04/3; 子弹:0.03/2; 逆楼梯/方向盘:0.03/2; 散点:0.03/3; 出张:0.03/2; 大风车:0.02/1,三角交互; 二连扫; 单双/双单; 反手; 夹键拍滑; 普通交互; 跳拍; 连续双押; 连续拍滑; 鼓动段
479-ARROW-mas,479,ARROW,mas,13.3,13.3-13.5,131.0,<140,1,1.0,131.0,<140,131@133.7s,68,124.58,657,448,5.274,9.662,0.5814,0.0852,0.1872,0.0183,0.0,8.0,13,6,0.0594,0.5921,0.0,0.3242,0.0137,0.0,连续双押:0.28/11; 出张:0.24/9; 单双/双单:0.24/6; 反手:0.21/8; 子弹:0.13/3; 跳拍:0.13/4; 一笔画:0.09/5; 错位:0.09/4; 三叉戟:0.06/2; 绕圈星星:0.04/2; 穿心:0.03/1; 普通交互:0.01/1; 拆弹:0.01/1,出张; 单双/双单; 反手; 子弹; 跳拍; 连续双押
48-air's gravity-mas,48,air's gravity,mas,13.3,13.3-13.5,137.0,<140,1,1.0,137.0,<140,137@82.3s,43,75.33,397,384,5.27,9.233,0.0655,0.0025,0.0453,0.0378,0.0,16.0,10,5,0.0,0.2015,0.0,0.7935,0.0,0.0,跳拍:0.60/6; 子弹:0.40/3; 反手:0.21/5; 纵连:0.19/6; 2+1:0.14/2; 出张:0.07/1; 二连扫:0.05/1; 轴交互:0.05/1; 三角交互:0.02/1; 连续双押:0.02/1,2+1; 反手; 子弹; 纵连; 跳拍
48-air's gravity-remas,48,air's gravity,remas,13.7,13.6-13.8,137.0,<140,1,1.0,137.0,<140,137@78.8s,43,75.33,492,390,6.531,11.442,0.374,0.0793,0.0407,0.0305,0.0,16.0,15,8,0.0,0.2134,0.0,0.7744,0.0,0.0,跳拍:0.58/6; 子弹:0.35/2; 二连扫:0.33/7; 纵连:0.23/5; 错位:0.21/8; 出张:0.16/6; 反手:0.12/3; 连续双押:0.12/4; 挥手段:0.09/2; 三叉戟:0.09/2; 单双/双单:0.07/2; CYCLES型星星:0.05/2; 一笔画:0.05/2; 绕圈星星:0.05/2; 井字星星:0.05/2,二连扫; 出张; 反手; 子弹; 纵连; 跳拍; 连续双押; 错位
480-サドマミホリック-remas,480,サドマミホリック,remas,13.3,13.3-13.5,200.0,>=200,1,1.0,200.0,>=200,200@128.4s,104,124.8,977,627,7.829,9.394,0.6479,0.1494,0.0194,0.0461,0.0,8.0,13,5,0.1863,0.6858,0.0,0.1238,0.0,0.0,单双/双单:0.38/13; 出张:0.27/18; 连续拍滑:0.23/10; 连续双押:0.22/10; 子弹:0.16/7; 鼓动段:0.08/2; 井字星星:0.05/4; 二连扫:0.03/2; 错位:0.03/3; 反手:0.02/2; 绕圈星星:0.02/1; CYCLES型星星:0.01/1; 一笔画:0.01/1,出张; 单双/双单; 子弹; 连续双押; 连续拍滑
481-アマノジャクリバース feat. ｙｔｒ-mas,481,アマノジャクリバース feat. ｙｔｒ,mas,13.9,13.9-14.1,160.0,140-169,1,1.0,160.0,140-169,160@124.1s,79,118.5,777,564,6.557,9.835,0.5045,0.1145,0.0232,0.0142,0.0,16.0,18,7,0.0515,0.435,0.0,0.4968,0.0,0.0064,纵连:0.24/4; 反手:0.22/8; 单双/双单:0.20/7; 跳拍:0.19/9; 错位:0.18/9; 子弹:0.16/10; 出张:0.14/9; 连续双押:0.09/6; 轴交互:0.05/3; 普通交互:0.05/3; 二连扫:0.05/2; 井字星星:0.03/2; 连续拍滑:0.03/1; 逆楼梯/方向盘:0.01/1; CYCLES型星星:0.01/1; 一笔画:0.01/1; 绕圈星星:0.01/1; 三角交互:0.01/1,出张; 单双/双单; 反手; 子弹; 纵连; 跳拍; 错位
483-ULTRA B+K-mas,483,ULTRA B+K,mas,13.9,13.9-14.1,175.0,170-199,1,1.0,175.0,170-199,175@126.2s,89,122.06,845,524,6.923,9.494,0.6817,0.1527,0.116,0.0331,0.0,16.0,16,6,0.0982,0.4012,0.0,0.4982,0.0,0.0,子弹:0.36/10; 出张:0.35/16; 连续双押:0.29/12; 单双/双单:0.15/4; 错位:0.12/9; 跳拍:0.11/3; 一笔画:0.06/5; 反手:0.06/3; 井字星星:0.04/3; 侧边双押:0.04/2; 连续拍滑:0.03/1; 鼓动段:0.03/1; 夹键拍滑:0.03/1; 三叉戟:0.03/2; 纵连:0.02/2; 双压连续拍滑:0.01/1,出张; 单双/双单; 子弹; 跳拍; 连续双押; 错位
485-花と、雪と、ドラムンベース。-mas,485,花と、雪と、ドラムンベース。,mas,14.3,14.2-14.5,180.0,170-199,1,1.0,180.0,170-199,180@141.3s,97,129.33,876,599,6.773,9.031,0.5605,0.1324,0.0811,0.0479,0.0,8.0,23,5,0.1164,0.4658,0.145,0.1815,0.0445,0.0251,出张:0.27/10; 连续双押:0.24/10; 纵连:0.13/10; 二连扫:0.12/5; 子弹:0.12/9; 三叉戟:0.09/4; 反手:0.07/4; 双押纵:0.06/3; 跳拍:0.06/5; 穿心:0.06/2; 一笔画:0.05/4; 单双/双单:0.04/2; 错位:0.04/3; CYCLES型星星:0.03/3; 2+1:0.03/1; 挥手段:0.03/1; 普通交互:0.03/3; 散点:0.02/2; 楼梯交互:0.01/1; 三角交互:0.01/1; 长纵连:0.01/1; 双压连续拍滑:0.01/1; 井字星星:0.01/1,二连扫; 出张; 子弹; 纵连; 连续双押
485-花と、雪と、ドラムンベース。-remas,485,花と、雪と、ドラムンベース。,remas,13.8,13.6-13.8,180.0,170-199,1,1.0,180.0,170-199,180@136.0s,89,118.67,398,292,3.354,4.472,0.5126,0.2663,0.0804,0.0251,0.0,4.0,10,3,0.5779,0.2915,0.0,0.0955,0.0,0.0,错位:0.20/9; 出张:0.18/8; 一笔画:0.12/7; 子弹:0.07/3; 二连扫:0.04/2; 纵连:0.03/2; 跳拍:0.02/2; 长纵连:0.02/1; 拆弹:0.01/1; 井字星星:0.01/1,一笔画; 出张; 错位
489-My First Phone-mas,489,My First Phone,mas,13.8,13.6-13.8,114.0,<140,1,1.0,114.0,<140,114@146.8s,65,136.84,532,315,3.888,8.185,0.7632,0.3252,0.0846,0.0038,0.0,4.0,14,5,0.7218,0.1071,0.0489,0.0789,0.0263,0.015,连续拍滑:0.63/10; 出张:0.55/10; 鼓动段:0.25/5; 反手:0.17/3; 二连扫:0.11/1; 连续双押:0.09/4; 死镰段:0.08/1; 三叉戟:0.03/1; 子弹:0.03/2; 错位:0.02/1; 双押纵:0.02/1; 挥手段:0.02/1; 大宇宙:0.02/1; 普通交互:0.02/1,二连扫; 出张; 反手; 连续拍滑; 鼓动段
49-Fragrance-mas,49,Fragrance,mas,14.2,14.2-14.5,180.0,170-199,1,1.0,180.0,170-199,180@82.7s,57,76.0,655,620,8.618,11.491,0.1053,0.0031,0.0,0.0031,0.0,16.0,13,6,0.0031,0.0931,0.0,0.9038,0.0,0.0,跳拍:0.75/10; 三角交互:0.37/5; 普通交互:0.30/6; 反手:0.25/9; 子弹:0.21/8; 轴交互:0.14/3; 连续双押:0.07/3; 楼梯交互:0.05/1; 单双/双单:0.04/2; 二连扫:0.04/1; 大宇宙:0.04/1; 逆楼梯/方向盘:0.04/1; 错位:0.02/1,三角交互; 反手; 子弹; 普通交互; 跳拍; 轴交互
491-極圏-mas,491,極圏,mas,14.4,14.2-14.5,207.0,>=200,1,1.0,207.0,>=200,207@123.2s,96,111.3,979,688,8.796,10.198,0.5209,0.1001,0.0756,0.0531,0.0,16.0,19,6,0.097,0.3075,0.0644,0.4423,0.0368,0.0082,单双/双单:0.34/14; 连续双押:0.17/8; 反手:0.17/10; 连续拍滑:0.14/6; 二连扫:0.11/8; 出张:0.10/6; 井字星星:0.09/7; 子弹:0.07/7; 三角交互:0.06/5; 普通交互:0.06/5; 错位:0.05/5; 跳拍:0.05/5; 散点:0.05/3; 一笔画:0.04/2; 纵连:0.03/3; 绕圈星星:0.02/1; 侧边双押:0.01/1; 长纵连:0.01/1; 轴交互:0.01/1,二连扫; 出张; 单双/双单; 反手; 连续双押; 连续拍滑
492-Scarlet Lance-mas,492,Scarlet Lance,mas,14.2,14.2-14.5,185.0,170-199,1,1.0,185.0,170-199,185@125.8s,96,124.54,1036,800,8.319,10.792,0.418,0.0676,0.0444,0.0434,0.0,16.0,13,5,0.0125,0.2375,0.0367,0.5512,0.0695,0.0164,子弹:0.47/15; 跳拍:0.41/15; 单双/双单:0.35/14; 反手:0.19/8; 出张:0.11/7; 连续双押:0.09/3; 轴交互:0.05/3; 三角交互:0.05/2; 错位:0.05/5; 一笔画:0.04/2; 纵连:0.04/1; 普通交互:0.03/3; 二连扫:0.01/1,出张; 单双/双单; 反手; 子弹; 跳拍
493-セイクリッド ルイン-mas,493,セイクリッド ルイン,mas,13.9,13.9-14.1,186.0,170-199,1,1.0,186.0,170-199,186@135.3s,101,130.32,971,612,7.451,9.614,0.6529,0.1648,0.034,0.035,0.0,8.0,19,6,0.033,0.8301,0.0062,0.0989,0.0113,0.0185,连续双押:0.27/12; 出张:0.25/15; 子弹:0.20/13; 单双/双单:0.19/9; 一笔画:0.12/7; 绕圈星星:0.11/6; 错位:0.09/7; 二连扫:0.08/6; 跳拍:0.07/7; 纵连:0.05/3; 连续拍滑:0.04/4; 轴交互:0.03/1; 反手:0.03/1; 普通交互:0.02/2; 双压连续拍滑:0.02/2; 三角交互:0.02/1; 同起点拍滑:0.01/1; 鼓动段:0.01/1; 长纵连:0.01/1,一笔画; 出张; 单双/双单; 子弹; 绕圈星星; 连续双押
494-Schwarzschild-mas,494,Schwarzschild,mas,14.3,14.2-14.5,188.0,170-199,1,1.0,188.0,170-199,188@122.6s,88,112.34,898,736,7.994,10.205,0.3229,0.0546,0.0312,0.0022,0.0,16.0,18,8,0.0,0.4076,0.0134,0.5757,0.0,0.0,子弹:0.32/18; 反手:0.25/12; 跳拍:0.20/5; 连续双押:0.15/8; 普通交互:0.11/5; 单双/双单:0.11/4; 连续拍滑:0.11/10; 散点:0.10/3; 楼梯交互:0.08/4; 三角交互:0.06/4; 错位:0.06/5; 逆楼梯/方向盘:0.06/3; 纵连:0.05/4; 二连扫:0.03/3; 轴交互:0.03/3; 大宇宙:0.02/1; 出张:0.01/1; 井字星星:0.01/1,单双/双单; 反手; 子弹; 散点; 普通交互; 跳拍; 连续双押; 连续拍滑
50-FEEL ALIVE-mas,50,FEEL ALIVE,mas,13.7,13.6-13.8,162.0,140-169,1,1.0,162.0,140-169,162@84.4s,53,78.52,469,391,5.973,8.849,0.3156,0.0768,0.0618,0.0618,0.0,16.0,13,8,0.0213,0.4606,0.0,0.5032,0.0,0.0,出张:0.17/7; 反手:0.17/7; 一笔画:0.17/6; 二连扫:0.15/5; 纵连:0.13/3; 跳拍:0.13/2; 子弹:0.13/6; 轴交互:0.11/3; 连续双押:0.09/4; 绕圈星星:0.08/3; 普通交互:0.04/1; 井字星星:0.02/1; 错位:0.02/1,一笔画; 二连扫; 出张; 反手; 子弹; 纵连; 跳拍; 轴交互
500-Alea jacta est!-mas,500,Alea jacta est!,mas,14.4,14.2-14.5,162.0,140-169,1,1.0,162.0,140-169,162@133.7s,87,128.89,1010,696,7.836,11.609,0.5743,0.0812,0.0505,0.0832,0.0,16.0,19,6,0.0594,0.0267,0.0,0.8624,0.0119,0.0347,子弹:0.30/18; 单双/双单:0.28/11; 连续双押:0.26/11; 出张:0.22/12; 跳拍:0.21/12; 错位:0.16/10; 轴交互:0.07/3; 普通交互:0.06/3; 反手:0.05/3; 三角交互:0.05/3; 2+1:0.05/1; 井字星星:0.03/2; 二连扫:0.03/3; 侧边双押:0.02/1; 连续拍滑:0.02/1; CYCLES型星星:0.01/1; 一笔画:0.01/1; 纵连:0.01/1; 双押纵:0.01/1,出张; 单双/双单; 子弹; 跳拍; 连续双押; 错位
501-B.M.S-mas,501,B.M.S,mas,14.2,14.2-14.5,200.0,>=200,1,1.0,200.0,>=200,200@95.4s,77,92.4,853,642,9.232,11.078,0.449,0.0598,0.0985,0.0363,0.0,8.0,23,7,0.0821,0.456,0.0035,0.2685,0.0,0.177,单双/双单:0.35/5; 定拍:0.29/4; 连续双押:0.21/7; 反手:0.18/7; 子弹:0.14/8; 二连扫:0.13/5; 轴交互:0.13/3; 纵连:0.05/4; 挥手段:0.05/2; 三叉戟:0.05/2; 连续拍滑:0.05/2; 夹键拍滑:0.05/2; 2+1:0.04/1; 双押纵:0.03/2; 出张:0.03/2; 侧边双押:0.01/1; 长纵连:0.01/1; 大宇宙:0.01/1; 普通交互:0.01/1; 楼梯交互:0.01/1; 三角交互:0.01/1; 散点:0.01/1; 双压连续拍滑:0.01/1,二连扫; 单双/双单; 反手; 子弹; 定拍; 轴交互; 连续双押
503-FFT-mas,503,FFT,mas,14.0,13.9-14.1,180.0,170-199,1,1.0,180.0,170-199,180@129.2s,92,122.67,849,516,6.921,9.228,0.6655,0.2038,0.0718,0.0412,0.0,8.0,18,4,0.0565,0.7809,0.0,0.0872,0.0448,0.0236,一笔画:0.27/12; 错位:0.15/11; 出张:0.14/8; 跳拍:0.13/9; 连续双押:0.10/7; 子弹:0.09/7; 单双/双单:0.09/6; CYCLES型星星:0.07/6; 反手:0.07/3; 三叉戟:0.05/2; 纵连:0.03/3; 2+1:0.02/1; 挥手段:0.02/1; 双压连续拍滑:0.02/2; 连续拍滑:0.02/1; 拆弹:0.01/1; 绕圈星星:0.01/1; 井字星星:0.01/1,一笔画; 出张; 跳拍; 错位
503-FFT-remas,503,FFT,remas,14.5,14.2-14.5,180.0,170-199,1,1.0,180.0,170-199,180@130.0s,92,122.67,947,576,7.72,10.293,0.6758,0.1637,0.0665,0.019,0.0,8.0,21,6,0.0718,0.6294,0.0,0.1932,0.0486,0.057,出张:0.27/16; 错位:0.22/11; 一笔画:0.20/15; 连续双押:0.18/9; 单双/双单:0.16/9; 绕圈星星:0.11/5; 子弹:0.10/7; 跳拍:0.09/7; CYCLES型星星:0.05/5; 逆楼梯/方向盘:0.04/2; 连续拍滑:0.04/3; 反手:0.04/3; 双压连续拍滑:0.03/3; 二连扫:0.02/2; 拆弹:0.02/2; 楼梯交互:0.02/1; 挥手段:0.02/1; 三叉戟:0.02/1; 夹键拍滑:0.02/1; 普通交互:0.01/1; 井字星星:0.01/1,一笔画; 出张; 单双/双单; 绕圈星星; 连续双押; 错位
505-Ultranova-mas,505,Ultranova,mas,14.0,13.9-14.1,156.0,140-169,1,1.0,156.0,140-169,156@118.7s,73,112.31,895,732,7.969,12.26,0.3263,0.0626,0.0425,0.0369,0.0,16.0,15,6,0.0179,0.1006,0.0,0.6793,0.0,0.1061,反手:0.38/6; 跳拍:0.30/7; 出张:0.29/8; 子弹:0.16/4; 错位:0.15/4; 二连扫:0.14/5; 连续双押:0.10/4; 三角交互:0.08/3; 散点:0.05/2; 普通交互:0.04/2; 连续拍滑:0.03/1; 轴交互:0.03/1; 2+1:0.03/1; 单双/双单:0.03/1; 井字星星:0.01/1,二连扫; 出张; 反手; 子弹; 跳拍; 错位
51-腐れ外道とチョコレゐト-mas,51,腐れ外道とチョコレゐト,mas,13.7,13.6-13.8,260.0,>=200,1,1.0,260.0,>=200,260@120.9s,121,111.69,598,405,5.354,4.942,0.5585,0.1037,0.1538,0.0151,0.0,4.0,9,3,0.5769,0.209,0.0,0.0518,0.0,0.0,单双/双单:0.22/7; 反手:0.14/8; 出张:0.11/7; 跳拍:0.05/3; 侧边双押:0.05/4; 连续双押:0.05/4; 错位:0.02/2; 二连扫:0.02/2; 一笔画:0.01/1,出张; 单双/双单; 反手
512-夜明けまであと３秒-mas,512,夜明けまであと３秒,mas,14.0,13.9-14.1,182.0,170-199,2,0.9115,182.0,170-199,182@118.7s; 177@11.5s,97,128.21,962,730,7.503,9.918,0.4428,0.0842,0.1279,0.026,0.0,16.0,18,5,0.0405,0.1559,0.3202,0.4345,0.0281,0.0177,出张:0.29/10; 连续双押:0.26/10; 反手:0.23/9; 单双/双单:0.14/7; 二连扫:0.10/6; 散点:0.09/2; 定拍:0.05/2; 连续拍滑:0.04/1; 三角交互:0.04/2; 跳拍:0.04/4; 子弹:0.03/1; 侧边双押:0.03/3; 楼梯交互:0.02/1; 普通交互:0.02/1; 错位:0.02/2; 轴交互:0.01/1; 一笔画:0.01/1; 绕圈星星:0.01/1,二连扫; 出张; 单双/双单; 反手; 连续双押
516-幸せになれる隠しコマンドがあるらしい-mas,516,幸せになれる隠しコマンドがあるらしい,mas,14.0,13.9-14.1,142.0,140-169,1,1.0,142.0,140-169,142@152.5s,86,145.35,850,495,5.848,9.884,0.7471,0.2059,0.0435,0.02,0.0,4.0,21,6,0.4506,0.3976,0.0,0.0741,0.0635,0.0094,出张:0.28/14; 连续拍滑:0.26/5; 单双/双单:0.21/3; 连续双押:0.20/8; 井字星星:0.20/7; 一笔画:0.10/7; 鼓动段:0.07/3; 同起点拍滑:0.07/4; 错位:0.06/4; 三叉戟:0.06/4; 子弹:0.06/4; 纵连:0.06/3; 跳拍:0.05/4; 反手:0.05/2; 侧边双押:0.03/2; 挥手段:0.03/2; CYCLES型星星:0.03/2; 普通交互:0.03/1; 双压连续拍滑:0.02/2; 散点:0.01/1; 拆弹:0.01/1,一笔画; 井字星星; 出张; 单双/双单; 连续双押; 连续拍滑
533-最終鬼畜妹フランドール・S-remas,533,最終鬼畜妹フランドール・S,remas,13.7,13.6-13.8,200.0,>=200,1,1.0,200.0,>=200,200@135.0s,105,126.0,853,622,6.77,8.124,0.51,0.1465,0.102,0.0598,0.0,8.0,19,4,0.1313,0.694,0.0,0.1196,0.0,0.0188,出张:0.21/8; 单双/双单:0.16/6; 二连扫:0.13/7; 跳拍:0.12/6; 连续双押:0.08/7; 一笔画:0.08/2; 错位:0.07/7; 绕圈星星:0.06/1; 子弹:0.06/5; 连续拍滑:0.05/3; 纵连:0.05/3; 普通交互:0.04/2; 三角交互:0.04/2; 轴交互:0.04/1; 反手:0.04/1; 逆楼梯/方向盘:0.02/1; 井字星星:0.02/2; 死镰段:0.02/1; 夹键拍滑:0.01/1,二连扫; 出张; 单双/双单; 跳拍
547-HERA-mas,547,HERA,mas,14.3,14.2-14.5,185.0,170-199,1,1.0,185.0,170-199,185@135.7s,102,132.32,1031,757,7.791,10.108,0.4685,0.1028,0.0786,0.0805,0.0,16.0,20,6,0.2105,0.1998,0.0349,0.5238,0.0,0.0,连续双押:0.25/11; 反手:0.21/12; 子弹:0.20/13; 长纵连:0.12/2; 轴交互:0.12/4; 三角交互:0.11/5; 跳拍:0.09/6; 出张:0.08/6; 楼梯交互:0.08/6; 双压连续拍滑:0.07/3; 纵连:0.06/4; 三叉戟:0.06/2; 一笔画:0.05/5; 挥手段:0.03/1; 双押纵:0.03/2; 2+1:0.02/1; 绕圈星星:0.02/2; 单双/双单:0.02/1; 拆弹:0.01/1; CYCLES型星星:0.01/1,三角交互; 反手; 子弹; 轴交互; 连续双押; 长纵连
55-ウッーウッーウマウマ(ﾟ∀ﾟ)-mas,55,ウッーウッーウマウマ(ﾟ∀ﾟ),mas,13.4,13.3-13.5,165.0,140-169,3,0.4918,164.5,140-169,165@49.5s; 164.5@35.0s; 164@16.1s,65,94.73,542,352,5.721,8.338,0.6863,0.0203,0.0018,0.0295,0.0,8.0,8,5,0.1697,0.6255,0.0,0.1974,0.0,0.0,连续双押:0.49/8; 单双/双单:0.31/5; 跳拍:0.23/6; 侧边双押:0.15/8; 子弹:0.15/3; 纵连:0.03/2; 出张:0.02/1; 反手:0.02/1,侧边双押; 单双/双单; 子弹; 跳拍; 连续双押
562-ENERGY SYNERGY MATRIX-mas,562,ENERGY SYNERGY MATRIX,mas,13.9,13.9-14.1,160.0,140-169,1,1.0,160.0,140-169,160@128.8s,81,121.5,872,562,7.177,10.765,0.6628,0.0917,0.0585,0.0917,0.0,16.0,16,6,0.0573,0.258,0.0069,0.5952,0.0,0.0493,连续双押:0.33/12; 子弹:0.28/14; 跳拍:0.22/8; 错位:0.19/5; 单双/双单:0.17/5; 出张:0.11/6; 一笔画:0.10/3; 连续拍滑:0.07/1; 纵连:0.06/2; 反手:0.05/2; 双押纵:0.04/2; 轴交互:0.02/1; 侧边双押:0.02/1; 二连扫:0.02/2; 三角交互:0.02/2; 普通交互:0.02/2,出张; 单双/双单; 子弹; 跳拍; 连续双押; 错位
57-ナイト・オブ・ナイツ-mas,57,ナイト・オブ・ナイツ,mas,13.3,13.3-13.5,180.0,170-199,1,1.0,180.0,170-199,180@112.0s,80,106.67,675,619,6.328,8.438,0.1659,0.0148,0.0193,0.083,0.0,16.0,14,4,0.1067,0.3526,0.0,0.5319,0.0,0.0,跳拍:0.17/14; 子弹:0.14/8; 散点:0.10/2; 三角交互:0.10/6; 二连扫:0.09/4; 反手:0.07/5; 单双/双单:0.06/2; 连续双押:0.06/5; 大宇宙:0.06/2; 普通交互:0.05/2; 出张:0.04/3; 侧边双押:0.03/2; 2+1:0.03/1; 楼梯交互:0.01/1,三角交互; 子弹; 散点; 跳拍
57-ナイト・オブ・ナイツ-remas,57,ナイト・オブ・ナイツ,remas,14.4,14.2-14.5,180.0,170-199,1,1.0,180.0,170-199,180@110.7s,81,108.0,1001,786,9.269,12.358,0.4096,0.044,0.026,0.038,0.0,16.0,16,3,0.018,0.1239,0.0,0.7952,0.047,0.016,跳拍:0.51/18; 连续双押:0.33/12; 反手:0.27/10; 子弹:0.07/6; 出张:0.07/6; 三角交互:0.04/3; 普通交互:0.02/2; 单双/双单:0.02/1; 双压连续拍滑:0.02/2; 错位:0.02/2; 二连扫:0.02/2; 连续拍滑:0.02/2; 夹键拍滑:0.02/2; CYCLES型星星:0.01/1; 一笔画:0.01/1; 同起点拍滑:0.01/1,反手; 跳拍; 连续双押
58-おちゃめ機能-mas,58,おちゃめ機能,mas,13.6,13.6-13.8,150.0,140-169,1,1.0,150.0,140-169,150@92.8s,56,89.6,499,441,5.569,8.911,0.2224,0.018,0.0381,0.0561,0.0,16.0,13,4,0.0,0.3186,0.0,0.6814,0.0,0.0,子弹:0.38/6; 连续双押:0.16/7; 跳拍:0.14/2; 反手:0.11/4; 纵连:0.07/2; 三角交互:0.05/2; 大宇宙:0.05/3; 二连扫:0.05/2; 普通交互:0.04/1; 双押纵:0.04/1; 出张:0.02/1; 侧边双押:0.02/1; 楼梯交互:0.02/1,反手; 子弹; 跳拍; 连续双押
59-マトリョシカ-remas,59,マトリョシカ,remas,13.3,13.3-13.5,205.0,>=200,1,1.0,205.0,>=200,205@103.0s,84,98.34,571,383,5.806,6.798,0.5779,0.2224,0.0455,0.0403,0.0,8.0,12,5,0.007,0.951,0.0,0.042,0.0,0.0,出张:0.14/11; 子弹:0.12/9; 单双/双单:0.12/3; 跳拍:0.11/6; 2+1:0.11/1; 一笔画:0.10/6; 绕圈星星:0.10/4; 纵连:0.05/2; 连续拍滑:0.04/3; 反手:0.02/1; 连续双押:0.02/2; 三叉戟:0.01/1,2+1; 出张; 单双/双单; 子弹; 跳拍
591-Moon of Noon-mas,591,Moon of Noon,mas,14.4,14.2-14.5,200.0,>=200,1,1.0,200.0,>=200,200@121.1s,97,116.4,924,573,7.938,9.526,0.684,0.1688,0.1071,0.0173,0.0,8.0,20,4,0.0823,0.8128,0.0281,0.0476,0.0,0.0173,连续双押:0.34/10; 出张:0.25/14; 跳拍:0.14/10; 单双/双单:0.11/4; 子弹:0.08/7; 挥手段:0.06/6; 三叉戟:0.06/6; 连续拍滑:0.06/6; 双押纵:0.06/2; 侧边双押:0.04/4; 纵连:0.04/4; 反手:0.03/2; 二连扫:0.03/2; 绕圈星星:0.02/1; 井字星星:0.02/2; 轴交互:0.02/1; 普通交互:0.02/1; 三角交互:0.02/2; 一笔画:0.01/1; 错位:0.01/1,出张; 单双/双单; 跳拍; 连续双押
592-前前前世-mas,592,前前前世,mas,13.0,13.0-13.2,190.0,170-199,1,1.0,190.0,170-199,190@108.6s,83,104.84,697,466,6.648,8.398,0.6169,0.1722,0.0273,0.0258,0.0,8.0,20,3,0.3615,0.5007,0.0258,0.0373,0.0,0.023,连续双押:0.25/10; 连续拍滑:0.24/8; 出张:0.23/11; 子弹:0.08/6; 单双/双单:0.07/3; 纵连:0.06/3; 反手:0.06/4; 绕圈星星:0.06/2; 一笔画:0.05/2; 长纵连:0.05/2; 井字星星:0.04/2; 跳拍:0.04/3; 大风车:0.04/1; 二连扫:0.04/2; 夹键拍滑:0.04/2; 轴交互:0.02/1; 普通交互:0.02/1; 散点:0.02/1; 鼓动段:0.02/1; 双押纵:0.01/1,出张; 连续双押; 连续拍滑
60-39-mas,60,39,mas,13.0,13.0-13.2,175.0,170-199,1,1.0,175.0,170-199,175@119.0s,84,115.2,512,378,4.444,6.095,0.5234,0.0781,0.1074,0.084,0.0,8.0,8,4,0.0879,0.8691,0.0,0.043,0.0,0.0,连续双押:0.31/4; 纵连:0.26/5; 3+1:0.20/2; 出张:0.11/4; 单双/双单:0.06/1; 井字星星:0.05/2; 侧边双押:0.04/2; 子弹:0.01/1,3+1; 出张; 纵连; 连续双押
607-D✪N’T ST✪P R✪CKIN’-mas,607,D✪N’T ST✪P R✪CKIN’,mas,13.8,13.6-13.8,140.0,140-169,1,1.0,140.0,140-169,140@123.4s,72,123.43,802,519,6.498,11.139,0.5835,0.1783,0.0362,0.0237,0.0,8.0,21,7,0.0673,0.6209,0.0,0.2519,0.0,0.0599,一笔画:0.36/7; 连续双押:0.36/3; 出张:0.35/8; 绕圈星星:0.28/5; 拆弹:0.25/2; 错位:0.12/5; 子弹:0.11/7; 侧边双押:0.08/3; 反手:0.08/4; 散点:0.07/3; 单双/双单:0.06/2; 穿心:0.06/1; 二连扫:0.04/3; 三叉戟:0.04/1; 跳拍:0.03/2; 逆楼梯/方向盘:0.03/1; 大宇宙:0.03/1; 楼梯交互:0.03/1; 双押纵:0.03/1; 定拍:0.03/1; 三角交互:0.01/1,一笔画; 出张; 子弹; 拆弹; 绕圈星星; 连续双押; 错位
607-D✪N’T ST✪P R✪CKIN’-remas,607,D✪N’T ST✪P R✪CKIN’,remas,13.5,13.3-13.5,140.0,140-169,1,1.0,140.0,140-169,140@126.4s,73,125.14,669,439,5.346,9.164,0.5994,0.1734,0.0359,0.0703,0.0,8.0,15,5,0.157,0.5396,0.0,0.1166,0.0,0.1614,出张:0.36/16; 错位:0.22/8; 连续双押:0.22/6; 子弹:0.19/3; 单双/双单:0.18/3; 跳拍:0.07/5; 连续拍滑:0.07/3; 纵连:0.05/2; 夹键拍滑:0.05/2; 二连扫:0.05/2; 井字星星:0.03/2; 鼓动段:0.03/1; 一笔画:0.01/1; 楼梯交互:0.01/1; 反手:0.01/1,出张; 单双/双单; 子弹; 连续双押; 错位
61-天国と地獄-mas,61,天国と地獄,mas,13.4,13.3-13.5,175.0,170-199,1,1.0,175.0,170-199,175@109.7s,78,106.97,607,497,5.674,7.782,0.3624,0.0824,0.0198,0.0247,0.0,8.0,15,5,0.0,0.8336,0.0,0.1664,0.0,0.0,二连扫:0.36/23; 连续拍滑:0.18/6; 井字星星:0.18/6; 鼓动段:0.15/4; 连续双押:0.10/8; 侧边双押:0.09/7; 挥手段:0.08/2; 跳拍:0.08/6; 单双/双单:0.05/2; 反手:0.04/3; 三叉戟:0.04/1; 子弹:0.03/2; 出张:0.03/2; 轴交互:0.03/2; 纵连:0.01/1,二连扫; 井字星星; 连续双押; 连续拍滑; 鼓动段
630-planet dancer-remas,630,planet dancer,remas,13.7,13.6-13.8,127.0,<140,1,1.0,127.0,<140,127@122.7s,63,119.06,732,562,6.148,11.619,0.4426,0.0505,0.1189,0.0178,0.0,16.0,13,7,0.0287,0.1885,0.0191,0.7432,0.0109,0.0,出张:0.54/18; 跳拍:0.48/9; 子弹:0.43/16; 连续双押:0.25/11; 错位:0.17/10; 单双/双单:0.11/5; 反手:0.11/4; CYCLES型星星:0.03/2; 一笔画:0.03/2; 轴交互:0.03/2; 纵连:0.02/1; 侧边双押:0.02/1; 双压连续拍滑:0.02/1,出张; 单双/双单; 反手; 子弹; 跳拍; 连续双押; 错位
631-アージェントシンメトリー-mas,631,アージェントシンメトリー,mas,13.5,13.3-13.5,172.0,170-199,1,1.0,172.0,170-199,172@128.4s,87,121.4,746,467,6.145,8.575,0.6756,0.1354,0.0161,0.0054,0.0,8.0,16,5,0.2024,0.4343,0.0,0.252,0.0161,0.0,连续双押:0.40/20; 跳拍:0.17/11; 一笔画:0.16/9; 子弹:0.14/9; 出张:0.13/7; 侧边双押:0.06/3; 二连扫:0.06/5; CYCLES型星星:0.05/2; 普通交互:0.05/3; 单双/双单:0.05/2; 反手:0.03/2; 错位:0.02/2; 散点:0.02/2; 绕圈星星:0.01/1; 楼梯交互:0.01/1; 三角交互:0.01/1,一笔画; 出张; 子弹; 跳拍; 连续双押
631-アージェントシンメトリー-remas,631,アージェントシンメトリー,remas,14.0,13.9-14.1,172.0,170-199,1,1.0,172.0,170-199,172@128.4s,88,122.79,956,582,7.786,10.864,0.7238,0.0701,0.1203,0.0241,0.0,16.0,18,6,0.0795,0.2877,0.0,0.5471,0.0126,0.0188,连续双押:0.61/15; 子弹:0.25/12; 一笔画:0.16/7; 反手:0.14/8; 出张:0.14/4; 散点:0.11/5; 绕圈星星:0.09/1; 跳拍:0.07/3; 二连扫:0.06/2; 普通交互:0.05/2; 拆弹:0.05/4; 单双/双单:0.05/2; 三角交互:0.03/3; CYCLES型星星:0.03/3; 大宇宙:0.02/1; 逆楼梯/方向盘:0.02/1; 侧边双押:0.02/1; 长纵连:0.01/1,一笔画; 出张; 反手; 子弹; 散点; 连续双押
633-Calamity Fortune-mas,633,Calamity Fortune,mas,14.2,14.2-14.5,200.0,>=200,1,1.0,200.0,>=200,200@134.4s,107,128.4,1142,855,8.894,10.673,0.4641,0.1007,0.021,0.0219,0.0,16.0,22,5,0.0972,0.1979,0.0,0.6357,0.0,0.0657,子弹:0.27/12; 反手:0.22/9; 跳拍:0.20/11; 错位:0.18/8; 连续双押:0.12/9; 出张:0.09/3; 单双/双单:0.08/6; 二连扫:0.07/6; 2+1:0.06/2; 一笔画:0.06/3; 三角交互:0.05/3; 楼梯交互:0.03/1; 逆楼梯/方向盘:0.03/1; 普通交互:0.03/2; 井字星星:0.02/2; 轴交互:0.02/1; 连续拍滑:0.01/1; 拆弹:0.01/1; 绕圈星星:0.01/1; 纵连:0.01/1; 双压连续拍滑:0.01/1; 散点:0.01/1,反手; 子弹; 跳拍; 连续双押; 错位
635-Bad Apple!! feat.nomico-remas,635,Bad Apple!! feat.nomico,remas,13.3,13.3-13.5,138.0,<140,1,1.0,138.0,<140,138@133.9s,72,125.22,698,485,5.574,9.694,0.553,0.1633,0.0487,0.0501,0.0,8.0,14,7,0.2693,0.4212,0.0344,0.2722,0.0,0.0,连续拍滑:0.26/4; 出张:0.25/10; 跳拍:0.25/4; 一笔画:0.22/4; 连续双押:0.19/5; 二连扫:0.14/2; 错位:0.11/3; 子弹:0.08/3; 侧边双押:0.07/5; 鼓动段:0.07/1; 井字星星:0.06/2; 夹键拍滑:0.03/1; CYCLES型星星:0.03/2; 绕圈星星:0.03/2,一笔画; 二连扫; 出张; 跳拍; 连续双押; 连续拍滑; 错位
64-炎歌 -ほむらうた--mas,64,炎歌 -ほむらうた-,mas,13.7,13.6-13.8,108.0,<140,1,1.0,108.0,<140,108@128.6s,51,113.33,389,290,3.432,7.627,0.4884,0.2416,0.0848,0.0129,0.0,8.0,14,4,0.0617,0.5784,0.0,0.347,0.0,0.0,子弹:0.25/9; 纵连:0.25/3; 出张:0.24/9; 一笔画:0.16/3; 二连扫:0.08/1; 错位:0.08/2; 2+1:0.08/2; 拆弹:0.08/2; 井字星星:0.06/1; 反手:0.04/1; 绕圈星星:0.04/1; 跳拍:0.04/2; 同起点拍滑:0.04/1; 连续拍滑:0.04/1,一笔画; 出张; 子弹; 纵连
648-アンノウン・マザーグース-mas,648,アンノウン・マザーグース,mas,13.3,13.3-13.5,222.0,>=200,1,1.0,222.0,>=200,222@136.3s,120,129.73,731,530,5.635,6.092,0.5239,0.0889,0.1135,0.0246,0.0,8.0,14,3,0.1573,0.6347,0.0985,0.0096,0.0,0.0,子弹:0.23/12; 连续双押:0.19/5; 跳拍:0.14/5; 纵连:0.09/2; 绕圈星星:0.08/3; 一笔画:0.07/5; 出张:0.07/5; 反手:0.06/3; 三角交互:0.06/1; 双押纵:0.02/2; 连续拍滑:0.02/1; 侧边双押:0.02/2; 井字星星:0.01/1; 错位:0.01/1,子弹; 跳拍; 连续双押
649-アンハッピーリフレイン-mas,649,アンハッピーリフレイン,mas,13.4,13.3-13.5,205.0,>=200,1,1.0,205.0,>=200,205@117.4s,93,108.88,756,527,6.944,8.129,0.5608,0.1495,0.0132,0.0238,0.0,8.0,14,5,0.0635,0.8267,0.0,0.0688,0.0,0.0,跳拍:0.25/14; 连续双押:0.24/8; 错位:0.17/6; 子弹:0.13/6; 出张:0.11/7; 纵连:0.08/3; 井字星星:0.03/1; 一笔画:0.02/1; 绕圈星星:0.02/1; 大宇宙:0.02/1; 普通交互:0.02/1; 挥手段:0.01/1; 三叉戟:0.01/1; 轴交互:0.01/1,出张; 子弹; 跳拍; 连续双押; 错位
65-脳漿炸裂ガール-mas,65,脳漿炸裂ガール,mas,14.1,13.9-14.1,155.0,140-169,1,1.0,155.0,140-169,155@103.0s,66,102.19,678,618,6.634,10.273,0.177,0.0487,0.0457,0.0206,0.0,16.0,13,5,0.0,0.118,0.0236,0.7124,0.1431,0.0,跳拍:0.70/8; 子弹:0.45/4; 反手:0.44/9; 纵连:0.14/2; 出张:0.14/4; 三叉戟:0.09/3; 二连扫:0.08/3; 侧边双押:0.06/4; 一笔画:0.06/4; 绕圈星星:0.06/4; 单双/双单:0.03/1; 连续拍滑:0.03/2; 散点:0.02/1,出张; 反手; 子弹; 纵连; 跳拍
655-閃鋼のブリューナク-mas,655,閃鋼のブリューナク,mas,13.9,13.9-14.1,140.0,140-169,2,0.9922,140.0,140-169,140@136.3s; 84@1.1s,74,128.0,1001,807,7.82,13.527,0.3706,0.0519,0.023,0.011,0.0,16.0,16,7,0.0,0.006,0.0579,0.8681,0.024,0.037,子弹:0.53/12; 连续双押:0.34/7; 跳拍:0.32/10; 三角交互:0.26/6; 反手:0.15/5; 轴交互:0.12/2; 一笔画:0.11/1; 错位:0.09/3; 大宇宙:0.08/1; 普通交互:0.08/2; 出张:0.07/3; 2+1:0.05/1; 单双/双单:0.03/2; 二连扫:0.03/2; 纵连:0.03/2; 散点:0.03/1,一笔画; 三角交互; 反手; 子弹; 跳拍; 轴交互; 连续双押
656-頓珍漢の宴-mas,656,頓珍漢の宴,mas,13.8,13.6-13.8,145.0,140-169,1,1.0,145.0,140-169,145@137.4s,78,129.1,987,624,7.645,12.654,0.6606,0.0932,0.0253,0.0253,0.0,16.0,16,9,0.0,0.3404,0.0243,0.6251,0.0,0.003,连续双押:0.42/11; 跳拍:0.27/6; 子弹:0.24/7; 错位:0.23/6; 连续拍滑:0.22/6; 鼓动段:0.17/4; 单双/双单:0.14/3; 纵连:0.12/3; 出张:0.10/6; 双押纵:0.08/5; 井字星星:0.04/3; 普通交互:0.03/2; 夹键拍滑:0.03/1; 反手:0.03/1; 穿心:0.03/1; 三角交互:0.01/1,出张; 单双/双单; 子弹; 纵连; 跳拍; 连续双押; 连续拍滑; 错位; 鼓动段
657-吉原ラメント-mas,657,吉原ラメント,mas,13.8,13.6-13.8,191.0,170-199,1,1.0,191.0,170-199,191@139.4s,104,130.68,849,479,6.497,8.163,0.7326,0.2285,0.0118,0.0342,0.0,4.0,16,3,0.4982,0.0,0.4888,0.0,0.0,0.0,单双/双单:0.42/8; 出张:0.18/11; 绕圈星星:0.13/5; 跳拍:0.09/5; 连续拍滑:0.09/2; 鼓动段:0.08/2; 三叉戟:0.06/2; 井字星星:0.05/2; 纵连:0.04/2; 连续双押:0.04/3; 侧边双押:0.04/1; 反手:0.03/2; 挥手段:0.03/2; 穿心:0.03/1; 一笔画:0.02/1; 三角交互:0.02/1,出张; 单双/双单; 绕圈星星
658-Danza zandA-mas,658,Danza zandA,mas,13.4,13.3-13.5,129.0,<140,1,1.0,129.0,<140,129@115.2s,58,107.91,638,386,5.912,11.0,0.7351,0.0909,0.0361,0.0423,0.0,16.0,15,6,0.0,0.0,0.0047,0.9702,0.0,0.0125,连续双押:0.52/9; 单双/双单:0.21/5; 跳拍:0.19/4; 出张:0.17/3; 错位:0.14/4; 子弹:0.10/2; 侧边双押:0.09/3; 反手:0.05/2; 井字星星:0.05/2; 一笔画:0.03/2; 拆弹:0.03/1; 散点:0.03/1; 二连扫:0.03/1; 三角交互:0.03/1; 如龙段:0.02/1,出张; 单双/双单; 子弹; 跳拍; 连续双押; 错位
658-Danza zandA-remas,658,Danza zandA,remas,13.7,13.6-13.8,129.0,<140,1,1.0,129.0,<140,129@119.1s,59,109.77,615,390,5.603,10.424,0.6537,0.1187,0.0813,0.0878,0.0,16.0,17,4,0.0,0.0585,0.0146,0.826,0.0,0.1008,连续双押:0.39/8; 子弹:0.32/10; 跳拍:0.24/6; 出张:0.24/8; 反手:0.08/3; 错位:0.08/5; 单双/双单:0.05/3; 井字星星:0.05/2; 纵连:0.03/2; 侧边双押:0.03/2; 一笔画:0.03/2; 普通交互:0.03/1; 二连扫:0.03/1; 楼梯交互:0.02/1; 三角交互:0.02/1; 绕圈星星:0.02/1; 逆楼梯/方向盘:0.02/1,出张; 子弹; 跳拍; 连续双押
66-ワールズエンド・ダンスホール-mas,66,ワールズエンド・ダンスホール,mas,13.0,13.0-13.2,171.0,170-199,1,1.0,171.0,170-199,171@98.2s,68,95.44,464,357,4.862,6.824,0.4612,0.0431,0.0,0.0582,0.0,8.0,11,4,0.1466,0.4224,0.0,0.3966,0.0,0.0,子弹:0.29/7; 连续双押:0.24/9; 反手:0.16/6; 侧边双押:0.13/5; 出张:0.09/4; 2+1:0.07/1; 纵连:0.06/2; 井字星星:0.06/1; 单双/双单:0.06/2; 跳拍:0.03/2; 轴交互:0.03/1,侧边双押; 反手; 子弹; 连续双押
66-ワールズエンド・ダンスホール-remas,66,ワールズエンド・ダンスホール,remas,13.3,13.3-13.5,171.0,170-199,1,1.0,171.0,170-199,171@95.4s,68,95.44,636,452,6.664,9.353,0.5236,0.1572,0.0975,0.0204,0.0,16.0,14,4,0.0,0.239,0.0,0.761,0.0,0.0,出张:0.21/7; 反手:0.18/8; 一笔画:0.13/4; 连续拍滑:0.10/5; 子弹:0.09/6; 连续双押:0.09/2; 错位:0.07/2; 井字星星:0.06/4; 普通交互:0.06/2; 三角交互:0.06/2; 跳拍:0.06/4; 大宇宙:0.06/1; 鼓动段:0.04/1; CYCLES型星星:0.03/1,一笔画; 出张; 反手; 连续拍滑
660-タカハせ！名人マン-mas,660,タカハせ！名人マン,mas,13.5,13.3-13.5,150.0,140-169,1,1.0,150.0,140-169,150@145.4s,82,131.2,571,455,4.352,6.963,0.3555,0.0841,0.1121,0.0385,0.0,16.0,13,5,0.0,0.0,0.0613,0.8161,0.0858,0.0,子弹:0.20/6; 跳拍:0.18/5; 出张:0.16/9; 反手:0.13/5; 连续双押:0.13/6; 普通交互:0.06/3; 错位:0.06/4; 绕圈星星:0.04/2; 大宇宙:0.04/1; 长纵连:0.04/1; 三角交互:0.02/2; 一笔画:0.01/1; 纵连:0.01/1,出张; 反手; 子弹; 跳拍; 连续双押
661-エテルニタス・ルドロジー-mas,661,エテルニタス・ルドロジー,mas,13.7,13.6-13.8,178.0,170-199,1,1.0,178.0,170-199,178@141.6s,102,137.53,826,612,6.006,8.098,0.4806,0.1332,0.0508,0.0194,0.0,8.0,21,3,0.0944,0.5085,0.0145,0.3608,0.0,0.0,出张:0.20/12; 跳拍:0.17/9; 连续双押:0.13/9; 一笔画:0.10/3; 绕圈星星:0.09/5; 错位:0.07/7; 子弹:0.07/5; 三叉戟:0.07/3; 反手:0.06/2; 普通交互:0.04/2; 挥手段:0.04/2; 二连扫:0.04/2; 大宇宙:0.03/1; 连续拍滑:0.03/2; 三角交互:0.02/2; 单双/双单:0.02/1; 死镰段:0.02/1; 井字星星:0.02/2; 穿心:0.01/1; 拆弹:0.01/1; 鼓动段:0.01/1,出张; 跳拍; 连续双押
662-少女幻葬戦慄曲 ～ Necro Fantasia-mas,662,少女幻葬戦慄曲 ～ Necro Fantasia,mas,13.9,13.9-14.1,182.0,170-199,1,1.0,182.0,170-199,182@130.5s,94,123.96,977,641,7.882,10.394,0.6213,0.1402,0.0184,0.0246,0.0,8.0,15,3,0.0,0.6499,0.0,0.3255,0.0,0.0246,单双/双单:0.36/10; 出张:0.28/15; 连续双押:0.15/7; 一笔画:0.10/9; 跳拍:0.09/7; 二连扫:0.07/5; 连续拍滑:0.06/6; 井字星星:0.04/4; 错位:0.03/3; 死镰段:0.02/1; 反手:0.01/1; 夹键拍滑:0.01/1; 散点:0.01/1; CYCLES型星星:0.01/1; 绕圈星星:0.01/1,出张; 单双/双单; 连续双押
663-KING is BACK!!-mas,663,KING is BACK!!,mas,13.9,13.9-14.1,176.0,170-199,1,1.0,176.0,170-199,176@130.9s,90,122.73,1055,697,8.596,11.722,0.5924,0.1289,0.0209,0.1043,0.0,16.0,17,6,0.0,0.0455,0.0,0.9204,0.0,0.0303,出张:0.32/14; 连续双押:0.21/8; 错位:0.16/6; 单双/双单:0.14/7; 跳拍:0.11/8; 散点:0.11/5; 反手:0.09/5; 二连扫:0.09/4; 普通交互:0.09/4; 子弹:0.07/6; 一笔画:0.06/3; 逆楼梯/方向盘:0.04/2; 轴交互:0.03/1; 穿心:0.03/1; 三角交互:0.02/2; CYCLES型星星:0.01/1; 绕圈星星:0.01/1,出张; 单双/双单; 散点; 跳拍; 连续双押; 错位
664-言ノ葉カルマ-mas,664,言ノ葉カルマ,mas,13.4,13.3-13.5,150.0,140-169,1,1.0,150.0,140-169,150@142.5s,84,134.4,792,605,5.893,9.429,0.4659,0.1326,0.0253,0.0429,0.0,16.0,17,6,0.0404,0.2197,0.0,0.702,0.0379,0.0,子弹:0.21/9; 跳拍:0.18/8; 反手:0.14/9; 连续双押:0.13/8; 出张:0.13/9; 一笔画:0.12/7; 单双/双单:0.10/1; 井字星星:0.07/5; 三角交互:0.06/1; 楼梯交互:0.05/2; 纵连:0.04/2; N+1:0.04/1; 错位:0.04/2; 普通交互:0.04/1; 轴交互:0.02/1; 二连扫:0.02/1; 连续拍滑:0.01/1,一笔画; 出张; 反手; 子弹; 跳拍; 连续双押
665-conflict-mas,665,conflict,mas,14.2,14.2-14.5,160.0,140-169,1,1.0,160.0,140-169,160@135.4s,89,133.5,948,623,7.101,10.652,0.5833,0.1319,0.0591,0.0095,0.0,16.0,21,8,0.038,0.0,0.0,0.9156,0.0,0.0264,跳拍:0.48/17; 连续双押:0.29/11; 连续拍滑:0.20/5; 三叉戟:0.17/5; 一笔画:0.16/7; 单双/双单:0.16/5; 纵连:0.11/8; 挥手段:0.11/4; 出张:0.08/5; 井字星星:0.04/1; 侧边双押:0.04/2; 二连扫:0.03/2; 绕圈星星:0.03/1; 双押纵:0.02/1; 子弹:0.02/2; 反手:0.02/2; 普通交互:0.02/1; 三角交互:0.02/1; 错位:0.02/1; 大宇宙:0.02/1; 轴交互:0.01/1,一笔画; 三叉戟; 单双/双单; 挥手段; 纵连; 跳拍; 连续双押; 连续拍滑
666-Revive The Rave-mas,666,Revive The Rave,mas,13.8,13.6-13.8,165.0,140-169,1,1.0,165.0,140-169,165@125.2s,85,123.64,958,736,7.749,11.271,0.4342,0.0449,0.0574,0.0731,0.0,16.0,19,7,0.0,0.143,0.0438,0.7912,0.0,0.0177,子弹:0.52/8; 连续双押:0.35/7; 跳拍:0.34/13; 出张:0.33/13; 三角交互:0.20/8; 反手:0.15/7; 错位:0.11/7; 井字星星:0.08/6; 轴交互:0.05/2; 二连扫:0.04/2; 连续拍滑:0.04/2; 夹键拍滑:0.04/2; 散点:0.04/1; 普通交互:0.04/3; 楼梯交互:0.02/2; 纵连:0.02/1; 单双/双单:0.02/1; 双押纵:0.01/1; 大宇宙:0.01/1,三角交互; 出张; 反手; 子弹; 跳拍; 连续双押; 错位
666-Revive The Rave-remas,666,Revive The Rave,remas,14.4,14.2-14.5,165.0,140-169,1,1.0,165.0,140-169,165@125.1s,82,119.27,912,658,7.646,11.122,0.5219,0.0669,0.1151,0.1096,0.0,16.0,23,7,0.0493,0.2215,0.0252,0.6064,0.034,0.057,子弹:0.30/12; 连续双押:0.28/11; 跳拍:0.26/12; 反手:0.22/11; 错位:0.15/10; 单双/双单:0.13/5; 出张:0.11/7; 三角交互:0.10/4; 二连扫:0.09/5; 三叉戟:0.05/1; 挥手段:0.05/1; 定拍:0.04/1; 侧边双押:0.04/3; 井字星星:0.02/1; 楼梯交互:0.02/1; 2+1:0.02/1; 纵连:0.02/2; 一笔画:0.02/2; 散点:0.02/1; 双押纵:0.02/2; 连续拍滑:0.01/1; CYCLES型星星:0.01/1; 普通交互:0.01/1,出张; 单双/双单; 反手; 子弹; 跳拍; 连续双押; 错位
667-GEMINI -M--mas,667,GEMINI -M-,mas,13.9,13.9-14.1,180.0,170-199,1,1.0,180.0,170-199,180@134.8s,99,132.0,1076,825,8.152,10.869,0.4368,0.0948,0.0502,0.0204,0.0,16.0,21,5,0.0,0.4535,0.0,0.4796,0.0,0.0595,跳拍:0.25/6; 连续双押:0.20/8; 二连扫:0.15/5; 一笔画:0.12/5; 纵连:0.11/2; 反手:0.09/7; 普通交互:0.09/3; 错位:0.09/3; 子弹:0.08/5; 大宇宙:0.07/5; 绕圈星星:0.06/5; 出张:0.05/5; 死镰段:0.04/1; 连续拍滑:0.02/2; 三角交互:0.02/2; 定拍:0.01/1; 散点:0.01/1; 逆楼梯/方向盘:0.01/1; 穿心:0.01/1; 单双/双单:0.01/1; 楼梯交互:0.01/1,一笔画; 二连扫; 纵连; 跳拍; 连续双押
672-敗北の少年-mas,672,敗北の少年,mas,13.4,13.3-13.5,185.0,170-199,1,1.0,185.0,170-199,185@145.0s,109,141.41,966,607,6.831,8.862,0.6936,0.1718,0.0186,0.0155,0.0,8.0,18,7,0.2101,0.6843,0.0,0.0911,0.0,0.0,连续拍滑:0.29/9; 子弹:0.24/17; 单双/双单:0.17/8; 出张:0.16/7; 井字星星:0.15/4; 连续双押:0.15/8; 纵连:0.10/3; 一笔画:0.07/3; 夹键拍滑:0.07/1; 定拍:0.06/2; 鼓动段:0.04/2; 跳拍:0.04/4; 绕圈星星:0.04/2; 穿心:0.04/2; 普通交互:0.04/3; 错位:0.03/2; 轴交互:0.03/2; 三角交互:0.01/1,井字星星; 出张; 单双/双单; 子弹; 纵连; 连续双押; 连续拍滑
673-拝啓ドッペルゲンガー-mas,673,拝啓ドッペルゲンガー,mas,13.8,13.6-13.8,181.0,170-199,1,1.0,181.0,170-199,181@143.4s,105,139.23,1070,714,7.685,10.19,0.6093,0.1159,0.0449,0.0589,0.0,8.0,16,4,0.0505,0.5243,0.1607,0.2103,0.0112,0.015,连续双押:0.34/9; 子弹:0.21/15; 跳拍:0.20/10; 出张:0.17/13; 单双/双单:0.09/5; 连续拍滑:0.08/2; 错位:0.07/7; 轴交互:0.06/3; 三角交互:0.05/3; 挥手段:0.05/2; 普通交互:0.04/4; 三叉戟:0.03/1; 长纵连:0.02/1; 纵连:0.02/1; 反手:0.02/2; 二连扫:0.01/1,出张; 子弹; 跳拍; 连续双押
674-人生リセットボタン-mas,674,人生リセットボタン,mas,13.8,13.6-13.8,200.0,>=200,1,1.0,200.0,>=200,200@136.8s,108,129.6,966,662,7.454,8.944,0.5549,0.1718,0.0497,0.0538,0.0,8.0,18,6,0.0973,0.7598,0.0,0.1377,0.0,0.0,子弹:0.25/16; 出张:0.19/14; 跳拍:0.15/10; 单双/双单:0.12/5; 错位:0.10/8; 井字星星:0.10/8; 连续双押:0.08/8; 连续拍滑:0.06/5; 普通交互:0.05/3; 纵连:0.04/3; 一笔画:0.04/4; 反手:0.03/3; CYCLES型星星:0.03/3; 轴交互:0.02/1; 三叉戟:0.02/2; 绕圈星星:0.01/1; 楼梯交互:0.01/1; 挥手段:0.01/1,井字星星; 出张; 单双/双单; 子弹; 跳拍; 错位
678-すーぱーぬこになりたい-mas,678,すーぱーぬこになりたい,mas,13.7,13.6-13.8,194.0,170-199,1,1.0,194.0,170-199,194@123.4s,96,118.76,897,600,7.553,9.344,0.6132,0.1304,0.0256,0.0401,0.0,8.0,17,6,0.1572,0.5842,0.0,0.2018,0.0201,0.0,连续双押:0.40/17; 出张:0.19/9; 连续拍滑:0.17/6; 子弹:0.16/11; 跳拍:0.12/8; 夹键拍滑:0.10/5; 一笔画:0.08/2; 反手:0.07/4; 井字星星:0.07/6; 双押纵:0.06/2; 错位:0.06/6; 绕圈星星:0.04/2; 单双/双单:0.02/2; 鼓动段:0.02/1; 普通交互:0.02/1; 二连扫:0.01/1; 拆弹:0.01/1,出张; 夹键拍滑; 子弹; 跳拍; 连续双押; 连续拍滑
68-Turn around-mas,68,Turn around,mas,13.7,13.6-13.8,156.0,140-169,1,1.0,156.0,140-169,156@81.2s,51,78.46,445,368,5.672,8.725,0.3461,0.1236,0.0584,0.018,0.0,16.0,9,6,0.0674,0.0764,0.0607,0.782,0.0135,0.0,子弹:0.43/12; 跳拍:0.41/11; 一笔画:0.22/5; 出张:0.20/4; 单双/双单:0.16/1; 反手:0.12/4; 二连扫:0.10/2; 绕圈星星:0.06/1; 纵连:0.02/1,一笔画; 出张; 单双/双单; 反手; 子弹; 跳拍
683-MilK-mas,683,MilK,mas,13.8,13.6-13.8,150.0,140-169,1,1.0,150.0,140-169,150@118.4s,71,113.6,635,448,5.59,8.944,0.5402,0.1307,0.1197,0.0819,0.0,16.0,14,6,0.1528,0.2787,0.0,0.348,0.1118,0.0598,出张:0.27/11; 子弹:0.18/8; 单双/双单:0.17/5; 定拍:0.13/2; 连续双押:0.13/3; 反手:0.11/6; 错位:0.10/5; 一笔画:0.08/6; 跳拍:0.06/4; 二连扫:0.06/4; 纵连:0.06/4; 轴交互:0.04/1; 普通交互:0.01/1; 三角交互:0.01/1,出张; 单双/双单; 反手; 子弹; 定拍; 连续双押
684-FREEDOM DiVE (tpz Overcute Remix)-mas,684,FREEDOM DiVE (tpz Overcute Remix),mas,14.1,13.9-14.1,234.56,>=200,1,1.0,234.56,>=200,234.56@139.2s,127,129.95,1085,729,8.35,8.543,0.6203,0.153,0.106,0.0802,0.0,8.0,20,7,0.3797,0.3853,0.0111,0.1806,0.0,0.0147,连续拍滑:0.23/10; 连续双押:0.21/14; 单双/双单:0.16/6; 夹键拍滑:0.16/7; 出张:0.14/12; 子弹:0.13/11; 鼓动段:0.13/4; 反手:0.07/6; 一笔画:0.06/5; 2+1:0.06/2; 绕圈星星:0.05/3; 井字星星:0.04/3; 三叉戟:0.03/2; 跳拍:0.03/3; 纵连:0.02/2; 侧边双押:0.02/1; 二连扫:0.02/2; 普通交互:0.01/1; 散点:0.01/1; 错位:0.01/1,出张; 单双/双单; 夹键拍滑; 子弹; 连续双押; 连续拍滑; 鼓动段
687-CYBER Sparks-remas,687,CYBER Sparks,remas,13.8,13.6-13.8,192.0,170-199,1,1.0,192.0,170-199,192@135.0s,98,122.5,945,750,7.714,9.643,0.3862,0.0868,0.0085,0.0296,0.0,8.0,16,7,0.0783,0.5683,0.0,0.272,0.0095,0.0423,连续双押:0.19/3; 子弹:0.16/3; 错位:0.14/2; 一笔画:0.14/6; 轴交互:0.13/2; 出张:0.12/9; 反手:0.11/4; 二连扫:0.08/8; 单双/双单:0.07/3; 大宇宙:0.06/1; 三叉戟:0.06/1; 三角交互:0.04/4; 跳拍:0.02/1; 普通交互:0.02/1; 楼梯交互:0.02/2; 散点:0.01/1,一笔画; 出张; 反手; 子弹; 轴交互; 连续双押; 错位
69-Nerverakes-mas,69,Nerverakes,mas,14.1,13.9-14.1,140.0,140-169,1,1.0,140.0,140-169,140@80.6s,46,78.86,560,523,7.101,12.174,0.1321,0.0214,0.0393,0.0196,0.0,16.0,16,5,0.0036,0.0,0.0,0.8732,0.0,0.1107,反手:0.61/8; 跳拍:0.46/10; 子弹:0.37/9; 出张:0.17/5; 三角交互:0.15/3; 连续双押:0.09/3; 大宇宙:0.09/3; 纵连:0.07/2; 2+1:0.07/1; 轴交互:0.07/2; 错位:0.04/2; 散点:0.04/2; 二连扫:0.04/2; 楼梯交互:0.04/1; 双押纵:0.02/1; 侧边双押:0.02/1,三角交互; 出张; 反手; 子弹; 跳拍
695-分からない-mas,695,分からない,mas,14.0,13.9-14.1,200.0,>=200,1,1.0,200.0,>=200,200@121.2s,96,115.2,953,765,8.273,9.927,0.3757,0.0829,0.0262,0.042,0.0,8.0,22,5,0.0294,0.511,0.0756,0.3232,0.0073,0.0336,单双/双单:0.18/4; 出张:0.14/8; 子弹:0.12/7; 跳拍:0.12/9; 反手:0.11/10; 纵连:0.08/4; 连续双押:0.08/7; 2+1:0.07/2; 三角交互:0.06/4; 大宇宙:0.06/2; 普通交互:0.05/3; 二连扫:0.05/3; 挥手段:0.04/1; 楼梯交互:0.04/3; 散点:0.03/1; 长纵连:0.03/2; 三叉戟:0.02/1; 一笔画:0.02/1; 穿心:0.02/1; 错位:0.01/1; 连续拍滑:0.01/1; 夹键拍滑:0.01/1,出张; 单双/双单; 反手; 子弹; 跳拍
696-Jumble Rumble-mas,696,Jumble Rumble,mas,14.0,13.9-14.1,185.0,170-199,1,1.0,185.0,170-199,185@132.3s,96,124.54,1081,820,8.68,11.26,0.4561,0.0833,0.0083,0.0305,0.0,16.0,21,5,0.0093,0.4052,0.0518,0.5005,0.0,0.0305,连续双押:0.39/9; 跳拍:0.34/20; 二连扫:0.22/13; 反手:0.15/9; 纵连:0.14/2; 错位:0.06/5; 子弹:0.05/4; 普通交互:0.04/2; 连续拍滑:0.04/2; 出张:0.04/3; 单双/双单:0.03/2; 井字星星:0.03/2; 轴交互:0.02/1; 楼梯交互:0.02/2; 绕圈星星:0.02/1; 夹键拍滑:0.02/1; 死镰段:0.02/1; 鼓动段:0.02/1; 三角交互:0.01/1; 散点:0.01/1; 大宇宙:0.01/1,二连扫; 反手; 纵连; 跳拍; 连续双押
697-ヒバナ-remas,697,ヒバナ,remas,13.2,13.0-13.2,200.0,>=200,1,1.0,200.0,>=200,200@135.3s,111,133.2,739,469,5.548,6.658,0.6806,0.1421,0.0595,0.0365,0.0,8.0,12,4,0.1502,0.8187,0.0,0.0149,0.0,0.0,子弹:0.34/24; 连续双押:0.28/14; 出张:0.15/16; 跳拍:0.11/10; 单双/双单:0.05/3; 错位:0.05/3; 二连扫:0.05/2; 连续拍滑:0.04/4; 2+1:0.03/1; 一笔画:0.03/3; 绕圈星星:0.02/2; 三角交互:0.01/1,出张; 子弹; 跳拍; 连续双押
698-Jimang Shot-mas,698,Jimang Shot,mas,13.3,13.3-13.5,164.0,140-169,1,1.0,164.0,140-169,164@137.2s,92,134.63,709,432,5.266,7.707,0.6657,0.2102,0.0621,0.0183,0.0,8.0,9,4,0.0,0.8688,0.0,0.0113,0.0085,0.0,单双/双单:0.33/8; 出张:0.30/14; 一笔画:0.27/10; 绕圈星星:0.21/9; 连续双押:0.09/6; 子弹:0.09/3; 跳拍:0.07/4; CYCLES型星星:0.01/1; 普通交互:0.01/1,一笔画; 出张; 单双/双单; 绕圈星星
699-幽闇に目醒めしは-mas,699,幽闇に目醒めしは,mas,13.3,13.3-13.5,120.0,<140,1,1.0,120.0,<140,120@118.2s,59,118.0,506,300,4.288,8.576,0.7016,0.2095,0.0949,0.0198,0.0,8.0,11,4,0.1364,0.7194,0.0,0.1285,0.0,0.0,出张:0.41/11; 跳拍:0.15/4; 错位:0.15/7; 一笔画:0.12/6; 连续双押:0.08/4; CYCLES型星星:0.07/4; 子弹:0.07/2; 连续拍滑:0.05/1; 井字星星:0.02/1; 穿心:0.02/1; 绕圈星星:0.02/1,一笔画; 出张; 跳拍; 错位
70-Spin me harder-mas,70,Spin me harder,mas,13.4,13.3-13.5,130.0,<140,1,1.0,130.0,<140,130@81.2s,42,77.54,337,292,4.346,8.024,0.2611,0.1157,0.1721,0.0119,0.0,16.0,16,6,0.1395,0.2136,0.0,0.6409,0.0,0.0,子弹:0.26/8; 跳拍:0.24/4; 纵连:0.21/4; 反手:0.21/5; 出张:0.19/4; 2+1:0.12/2; 一笔画:0.10/2; 轴交互:0.07/2; 大宇宙:0.05/1; 绕圈星星:0.05/1; 二连扫:0.05/1; 井字星星:0.05/1; 连续拍滑:0.05/1; 鼓动段:0.05/1; 单双/双单:0.02/1; 三角交互:0.02/1,2+1; 出张; 反手; 子弹; 纵连; 跳拍
700-ゴーストルール-mas,700,ゴーストルール,mas,13.2,13.0-13.2,210.0,>=200,1,1.0,210.0,>=200,210@129.9s,111,126.86,689,439,5.431,6.207,0.6473,0.2003,0.0522,0.0203,0.0,8.0,10,3,0.1771,0.7242,0.0,0.0,0.0,0.0,出张:0.32/21; 子弹:0.19/14; 一笔画:0.11/4; 连续双押:0.06/3; 跳拍:0.05/5; 连续拍滑:0.05/6; 三角交互:0.05/5; 反手:0.04/2; 绕圈星星:0.04/2; 井字星星:0.02/2,一笔画; 出张; 子弹
702-光線チューニング-mas,702,光線チューニング,mas,13.7,13.6-13.8,190.0,170-199,1,1.0,190.0,170-199,190@146.5s,112,141.47,933,543,6.595,8.33,0.7288,0.1994,0.1318,0.0514,0.0,4.0,21,5,0.3483,0.3387,0.06,0.1072,0.0,0.0257,连续双押:0.27/14; 出张:0.21/14; 连续拍滑:0.14/4; 单双/双单:0.12/5; 子弹:0.11/8; 一笔画:0.10/8; 跳拍:0.07/4; 反手:0.07/3; 错位:0.06/3; 绕圈星星:0.05/4; 井字星星:0.04/4; 三角交互:0.04/2; 二连扫:0.04/2; 鼓动段:0.03/1; 普通交互:0.02/1; 夹键拍滑:0.02/1; 轴交互:0.02/1; 双押纵:0.01/1; 散点:0.01/1; CYCLES型星星:0.01/1; 双压连续拍滑:0.01/1,出张; 单双/双单; 子弹; 连续双押; 连续拍滑
703-Dragoon-remas,703,Dragoon,remas,14.5,14.2-14.5,175.0,170-199,1,1.0,175.0,170-199,175@117.9s,81,111.09,818,535,7.364,10.099,0.6284,0.1491,0.1137,0.011,0.0,8.0,17,6,0.0196,0.5538,0.0587,0.1516,0.0489,0.1174,子弹:0.26/12; 一笔画:0.21/9; 连续双押:0.20/8; 跳拍:0.15/12; 出张:0.15/7; 单双/双单:0.11/4; 错位:0.10/5; 反手:0.10/4; CYCLES型星星:0.09/3; 连续拍滑:0.07/3; 2+1:0.06/2; 侧边双押:0.04/1; 绕圈星星:0.04/1; 三角交互:0.02/2; 散点:0.02/1; 二连扫:0.02/2; 三叉戟:0.02/1,一笔画; 出张; 单双/双单; 子弹; 跳拍; 连续双押
71-YA･DA･YO [Reborn]-mas,71,YA･DA･YO [Reborn],mas,13.4,13.3-13.5,105.0,<140,1,1.0,105.0,<140,105@107.4s,44,100.57,513,474,5.101,11.659,0.152,0.0195,0.0312,0.0273,0.0,16.0,16,5,0.0702,0.1014,0.0,0.7544,0.0234,0.0507,子弹:0.23/9; 跳拍:0.20/6; 纵连:0.14/6; 大宇宙:0.11/3; 反手:0.11/2; 出张:0.09/3; 三角交互:0.09/3; 连续双押:0.07/1; 连续拍滑:0.07/1; 鼓动段:0.07/1; 一笔画:0.07/1; 单双/双单:0.05/1; 轴交互:0.05/2; 二连扫:0.05/1; 长纵连:0.02/1; 双押纵:0.02/1,反手; 大宇宙; 子弹; 纵连; 跳拍
71-YA･DA･YO [Reborn]-remas,71,YA･DA･YO [Reborn],remas,14.4,14.2-14.5,105.0,<140,1,1.0,105.0,<140,105@112.0s,45,102.86,666,538,6.475,14.8,0.3679,0.0811,0.0721,0.0781,0.0,24.0,15,6,0.0255,0.0661,0.006,0.0105,0.8529,0.0135,子弹:0.69/10; 跳拍:0.40/7; 错位:0.31/10; 一笔画:0.29/6; 出张:0.16/3; 连续双押:0.13/5; 纵连:0.09/3; 反手:0.09/3; 侧边双押:0.07/2; 单双/双单:0.07/2; 散点:0.04/1; 井字星星:0.04/1; 三角交互:0.02/1; 二连扫:0.02/1; 长纵连:0.02/1,一笔画; 出张; 子弹; 跳拍; 连续双押; 错位
715-ネクロファンタジア～Arr.Demetori-mas,715,ネクロファンタジア～Arr.Demetori,mas,13.8,13.6-13.8,180.0,170-199,1,1.0,180.0,170-199,180@149.7s,109,145.33,971,623,6.681,8.908,0.6251,0.173,0.0237,0.0278,0.0,8.0,19,5,0.2554,0.5788,0.0257,0.1277,0.0,0.0082,连续双押:0.17/9; 跳拍:0.16/12; 子弹:0.14/8; 单双/双单:0.14/6; 二连扫:0.13/6; 连续拍滑:0.07/4; 错位:0.07/4; 出张:0.06/4; 绕圈星星:0.06/4; 反手:0.05/5; 一笔画:0.05/3; 2+1:0.05/1; 井字星星:0.04/4; 普通交互:0.02/2; 三角交互:0.02/2; 纵连:0.01/1; 轴交互:0.01/1; 挥手段:0.01/1; 三叉戟:0.01/1,二连扫; 单双/双单; 子弹; 跳拍; 连续双押
718-六兆年と一夜物語-mas,718,六兆年と一夜物語,mas,13.8,13.6-13.8,186.0,170-199,11,0.8853,186.0,170-199,186@94.6s; 165@2.9s; 168@2.5s; 160@2.2s; 145@1.3s; 130@0.9s; 150@0.8s; 155@0.8s; 175@0.3s; 180@0.2s; 185@0.2s,78,102.31,748,519,7.311,9.59,0.5615,0.0922,0.008,0.0174,0.0,8.0,14,5,0.1631,0.4318,0.008,0.361,0.0,0.0,连续双押:0.26/7; 反手:0.21/5; 跳拍:0.17/10; 单双/双单:0.15/4; 错位:0.10/6; 出张:0.06/5; 井字星星:0.04/3; 一笔画:0.03/1; 侧边双押:0.03/1; 连续拍滑:0.01/1; 三叉戟:0.01/1; 鼓动段:0.01/1; 挥手段:0.01/1; 三角交互:0.01/1,单双/双单; 反手; 跳拍; 连续双押; 错位
72-みんなのマイマイマー-mas,72,みんなのマイマイマー,mas,13.7,13.6-13.8,175.0,170-199,1,1.0,175.0,170-199,175@115.2s,80,109.71,624,447,5.688,7.8,0.5337,0.0481,0.0929,0.1554,0.0,8.0,14,6,0.0,0.8798,0.016,0.0721,0.0,0.0321,子弹:0.36/14; 连续双押:0.34/12; 侧边双押:0.20/9; 单双/双单:0.15/4; 二连扫:0.10/5; 出张:0.10/7; 跳拍:0.06/5; 反手:0.05/4; 纵连:0.03/1; 连续拍滑:0.03/1; 穿心:0.03/1; 错位:0.03/2; 双押纵:0.01/1; 普通交互:0.01/1,二连扫; 侧边双押; 出张; 单双/双单; 子弹; 连续双押
723-魔法少女になるしかねぇ-mas,723,魔法少女になるしかねぇ,mas,14.0,13.9-14.1,165.0,140-169,1,1.0,165.0,140-169,165@135.3s,90,130.91,956,676,7.303,10.622,0.5105,0.1297,0.0345,0.091,0.0,8.0,20,4,0.1569,0.4195,0.0,0.2856,0.0136,0.0764,连续双押:0.26/8; 出张:0.23/9; 子弹:0.20/10; 反手:0.11/5; 单双/双单:0.09/4; 错位:0.09/8; 一笔画:0.08/6; 井字星星:0.08/7; 二连扫:0.08/5; 纵连:0.06/4; 轴交互:0.06/3; 连续拍滑:0.06/5; 跳拍:0.04/4; 绕圈星星:0.04/3; 普通交互:0.03/2; CYCLES型星星:0.02/2; 逆楼梯/方向盘:0.02/2; 三角交互:0.01/1; 三叉戟:0.01/1; 长纵连:0.01/1,出张; 反手; 子弹; 连续双押
725-Sakura Fubuki-mas,725,Sakura Fubuki,mas,13.9,13.9-14.1,175.0,170-199,1,1.0,175.0,170-199,175@117.9s,78,106.97,681,498,6.366,8.731,0.5037,0.0778,0.0793,0.0176,0.0,8.0,15,4,0.1043,0.3891,0.0,0.3539,0.0132,0.0822,连续双押:0.19/7; 错位:0.15/7; 出张:0.12/3; 反手:0.10/4; 子弹:0.09/4; 普通交互:0.09/4; 一笔画:0.08/4; 轴交互:0.06/4; 跳拍:0.05/3; 二连扫:0.04/3; 单双/双单:0.01/1; 井字星星:0.01/1; 绕圈星星:0.01/1; 侧边双押:0.01/1; 散点:0.01/1,出张; 反手; 连续双押; 错位
726-The wheel to the right-mas,726,The wheel to the right,mas,14.0,13.9-14.1,200.0,>=200,1,1.0,200.0,>=200,200@145.2s,118,141.6,987,620,6.97,8.364,0.6616,0.1783,0.0213,0.2026,0.0,8.0,15,8,0.3009,0.5795,0.0061,0.0213,0.0,0.0334,出张:0.34/19; 单双/双单:0.24/14; 子弹:0.19/10; 连续双押:0.16/9; 错位:0.14/9; 连续拍滑:0.14/10; 反手:0.10/6; 跳拍:0.10/5; 夹键拍滑:0.03/4; 二连扫:0.03/3; 纵连:0.02/2; 长纵连:0.02/1; 侧边双押:0.02/2; 双押纵:0.02/1; 散点:0.01/1,出张; 单双/双单; 反手; 子弹; 跳拍; 连续双押; 连续拍滑; 错位
"730-Good Bye, Mr. Jack-mas",730,"Good Bye, Mr. Jack",mas,13.9,13.9-14.1,180.0,170-199,1,1.0,180.0,170-199,180@142.5s,103,137.33,933,700,6.794,9.058,0.4459,0.0804,0.0986,0.0118,0.0,16.0,16,6,0.0322,0.3108,0.0032,0.6109,0.0204,0.0,出张:0.27/6; 单双/双单:0.23/13; 连续双押:0.22/11; 反手:0.19/7; 跳拍:0.17/10; 子弹:0.11/7; 错位:0.09/7; 纵连:0.07/3; 轴交互:0.05/2; 连续拍滑:0.04/2; 二连扫:0.04/4; 双押纵:0.03/1; 一笔画:0.03/3; 井字星星:0.03/3; 三角交互:0.01/1; 普通交互:0.01/1,出张; 单双/双单; 反手; 子弹; 跳拍; 连续双押
731-DETARAME ROCK＆ROLL THEORY-mas,731,DETARAME ROCK＆ROLL THEORY,mas,13.8,13.6-13.8,140.0,140-169,2,0.5228,140.0,140-169,140@76.1s; 178@69.4s,94,143.21,813,559,5.677,8.649,0.5597,0.1784,0.0566,0.0271,0.0,8.0,22,5,0.2595,0.5068,0.0148,0.1796,0.0148,0.0,出张:0.16/8; 一笔画:0.16/7; 连续双押:0.14/8; 单双/双单:0.13/5; 子弹:0.11/4; 连续拍滑:0.10/5; 错位:0.09/6; 纵连:0.09/3; 跳拍:0.07/4; 三叉戟:0.07/3; 侧边双押:0.07/5; 绕圈星星:0.05/3; 挥手段:0.05/3; 反手:0.05/2; 长纵连:0.05/1; 井字星星:0.04/4; 二连扫:0.03/2; 轴交互:0.02/1; 鼓动段:0.02/1; 三角交互:0.02/1; 普通交互:0.02/1; CYCLES型星星:0.01/1,一笔画; 出张; 单双/双单; 子弹; 连续双押
74-maiム・maiム feat.週刊少年マガジン-mas,74,maiム・maiム feat.週刊少年マガジン,mas,13.2,13.0-13.2,140.0,140-169,1,1.0,140.0,140-169,140@126.9s,72,123.43,684,431,5.542,9.5,0.7076,0.1506,0.0175,0.1053,0.0,8.0,17,8,0.1535,0.5731,0.0,0.2383,0.0,0.0351,出张:0.31/8; 单双/双单:0.22/4; 反手:0.19/5; 连续双押:0.19/7; 一笔画:0.17/3; 子弹:0.15/10; 绕圈星星:0.15/3; 连续拍滑:0.11/5; 跳拍:0.08/6; 井字星星:0.07/2; 侧边双押:0.06/4; 双押纵:0.04/1; 纵连:0.04/2; 鼓动段:0.03/1; 散点:0.01/1; 二连扫:0.01/1; 逆楼梯/方向盘:0.01/1,一笔画; 出张; 单双/双单; 反手; 子弹; 绕圈星星; 连续双押; 连续拍滑
749-Destr0yer-mas,749,Destr0yer,mas,14.2,14.2-14.5,90.0,<140,1,1.0,90.0,<140,90@157.3s,53,141.33,897,644,6.347,16.925,0.5006,0.0936,0.0591,0.0178,0.0,16.0,22,7,0.0111,0.0624,0.0,0.5151,0.0,0.2865,错位:0.55/14; 连续双押:0.47/8; 子弹:0.42/8; 出张:0.25/7; 跳拍:0.17/6; 单双/双单:0.15/4; 反手:0.15/5; 普通交互:0.08/4; 二连扫:0.08/4; 大宇宙:0.04/2; 挥手段:0.04/1; 三叉戟:0.04/1; 一笔画:0.04/2; 轴交互:0.04/1; 纵连:0.04/2; 连续拍滑:0.04/1; 双押纵:0.02/1; CYCLES型星星:0.02/1; 侧边双押:0.02/1; 楼梯交互:0.02/1; 三角交互:0.02/1; 散点:0.02/1,出张; 单双/双单; 反手; 子弹; 跳拍; 连续双押; 错位
75-Space Harrier Main Theme [Reborn]-mas,75,Space Harrier Main Theme [Reborn],mas,13.6,13.6-13.8,125.0,<140,1,1.0,125.0,<140,125@115.2s,58,111.36,464,424,4.167,8.0,0.1595,0.0129,0.0496,0.0302,0.0,24.0,10,5,0.0086,0.0517,0.0,0.0,0.9397,0.0,纵连:0.38/4; 跳拍:0.29/4; 子弹:0.21/5; 反手:0.19/3; 定拍:0.12/1; N+1:0.09/1; 侧边双押:0.09/3; 错位:0.02/1; 普通交互:0.02/1; 三角交互:0.02/1,反手; 子弹; 定拍; 纵连; 跳拍
750-Signature-mas,750,Signature,mas,13.5,13.3-13.5,128.0,<140,1,1.0,128.0,<140,128@134.8s,70,131.25,698,503,5.318,9.971,0.5258,0.0931,0.0645,0.0372,0.0,8.0,14,5,0.0917,0.5802,0.0,0.0315,0.2378,0.0401,出张:0.37/14; 单双/双单:0.31/7; 子弹:0.30/7; 错位:0.20/3; 跳拍:0.14/8; 2+1:0.09/1; 连续双押:0.07/3; 绕圈星星:0.07/2; 连续拍滑:0.03/1; 挥手段:0.03/1; 三叉戟:0.03/1; 一笔画:0.03/1; 定拍:0.01/1; 二连扫:0.01/1,出张; 单双/双单; 子弹; 跳拍; 错位
751-Altale-mas,751,Altale,mas,13.7,13.6-13.8,60.0,<140,3,0.6104,60.0,<140,60@122.3s; 27.666@60.7s; 55.333@17.3s,35,141.35,487,348,3.445,13.914,0.4846,0.1663,0.0144,0.0575,0.0,12.0,15,10,0.0164,0.0,0.6858,0.0021,0.1602,0.0,子弹:0.46/5; 一笔画:0.40/3; 纵连:0.26/5; 出张:0.23/5; 错位:0.17/5; 绕圈星星:0.14/3; 跳拍:0.11/4; 连续拍滑:0.11/1; 鼓动段:0.11/1; 连续双押:0.11/2; 反手:0.09/3; 井字星星:0.06/1; CYCLES型星星:0.06/2; 二连扫:0.03/1; 单双/双单:0.03/1,一笔画; 出张; 子弹; 纵连; 绕圈星星; 跳拍; 连续双押; 连续拍滑; 错位; 鼓动段
752-深海少女-mas,752,深海少女,mas,13.2,13.0-13.2,137.0,<140,1,1.0,137.0,<140,137@129.9s,73,127.88,577,405,4.512,7.904,0.5685,0.1716,0.0797,0.0139,0.0,8.0,17,6,0.0589,0.669,0.0,0.2686,0.0,0.0,出张:0.30/11; 跳拍:0.15/7; 二连扫:0.14/4; 一笔画:0.14/5; 连续双押:0.12/6; 绕圈星星:0.12/5; 反手:0.10/4; 错位:0.07/3; 连续拍滑:0.05/3; 普通交互:0.04/2; 井字星星:0.03/1; 单双/双单:0.03/1; 侧边双押:0.03/2; 定拍:0.03/1; 三角交互:0.03/2; 子弹:0.01/1; 同起点拍滑:0.01/1,一笔画; 二连扫; 出张; 绕圈星星; 跳拍; 连续双押
755-レッツゴー!陰陽師-mas,755,レッツゴー!陰陽師,mas,13.3,13.3-13.5,150.0,140-169,1,1.0,150.0,140-169,150@140.4s,82,131.2,598,376,4.558,7.293,0.6538,0.2107,0.0368,0.0251,0.0,4.0,21,3,0.4164,0.3796,0.0,0.112,0.0,0.0535,出张:0.35/14; 一笔画:0.18/9; 连续双押:0.15/6; 绕圈星星:0.10/6; 二连扫:0.07/4; 反手:0.06/4; 子弹:0.05/3; CYCLES型星星:0.05/2; 定拍:0.04/1; 楼梯交互:0.04/1; 长纵连:0.02/1; 普通交互:0.02/1; 单双/双单:0.02/1; 纵连:0.02/1; 连续拍滑:0.02/2; 错位:0.02/1; 大宇宙:0.01/1; 三角交互:0.01/1; 散点:0.01/1; 拆弹:0.01/1; 侧边双押:0.01/1,一笔画; 出张; 连续双押
757-フィクサー-mas,757,フィクサー,mas,13.3,13.3-13.5,135.0,<140,1,1.0,135.0,<140,135@142.2s,75,133.33,772,498,5.79,10.293,0.6321,0.1231,0.0661,0.0104,0.0,8.0,13,5,0.0311,0.8122,0.0,0.0,0.1321,0.0,连续双押:0.29/15; 连续拍滑:0.29/5; 错位:0.29/5; 单双/双单:0.21/4; 跳拍:0.16/2; 3+1:0.09/3; 子弹:0.08/5; 出张:0.04/3; 三叉戟:0.04/1; 鼓动段:0.04/1; 一笔画:0.03/2; 绕圈星星:0.03/2; 井字星星:0.01/1,单双/双单; 跳拍; 连续双押; 连续拍滑; 错位
76-KONNANじゃないっ！-mas,76,KONNANじゃないっ！,mas,13.4,13.3-13.5,155.0,140-169,1,1.0,155.0,140-169,155@114.6s,71,109.94,492,376,4.475,6.93,0.4634,0.1402,0.0671,0.0407,0.0,16.0,12,4,0.2805,0.189,0.0,0.498,0.0,0.0,反手:0.34/5; 出张:0.23/8; 二连扫:0.14/3; 一笔画:0.14/4; 绕圈星星:0.07/2; 跳拍:0.06/3; 散点:0.04/2; 大宇宙:0.04/1; 子弹:0.03/2; 井字星星:0.03/1; 连续双押:0.03/1; 纵连:0.01/1,一笔画; 二连扫; 出张; 反手
77-BAD∞END∞NIGHT-mas,77,BAD∞END∞NIGHT,mas,13.5,13.3-13.5,204.0,>=200,1,1.0,204.0,>=200,204@100.0s,80,94.12,496,367,5.27,6.2,0.5101,0.123,0.0423,0.0665,0.0,12.0,17,6,0.498,0.0,0.502,0.0,0.0,0.0,出张:0.17/8; 反手:0.16/7; 跳拍:0.16/7; 连续双押:0.14/7; 连续拍滑:0.10/3; 单双/双单:0.10/1; 2+1:0.09/1; 井字星星:0.07/4; 侧边双押:0.05/3; 纵连:0.04/1; 二连扫:0.03/2; 三叉戟:0.03/1; 普通交互:0.03/1; 错位:0.01/1; 三角交互:0.01/1; 一笔画:0.01/1; 绕圈星星:0.01/1,出张; 单双/双单; 反手; 跳拍; 连续双押; 连续拍滑
777-無敵We are one!!-mas,777,無敵We are one!!,mas,13.7,13.6-13.8,190.0,170-199,1,1.0,190.0,170-199,190@139.6s,111,140.21,938,512,6.69,8.45,0.8156,0.1525,0.048,0.0309,0.0,8.0,20,3,0.2548,0.6173,0.0,0.1119,0.0,0.0,连续双押:0.40/18; 出张:0.23/10; 子弹:0.13/8; 跳拍:0.09/6; 反手:0.05/3; 一笔画:0.05/4; 绕圈星星:0.05/3; 三叉戟:0.04/2; 连续拍滑:0.04/2; 普通交互:0.03/1; 错位:0.03/2; 单双/双单:0.03/1; 纵连:0.02/1; 二连扫:0.02/1; 井字星星:0.02/2; 双押纵:0.02/2; 双压连续拍滑:0.02/2; 轴交互:0.01/1; 三角交互:0.01/1; 侧边双押:0.01/1,出张; 子弹; 连续双押
778-ドキドキDREAM!!!-mas,778,ドキドキDREAM!!!,mas,13.2,13.0-13.2,210.0,>=200,1,1.0,210.0,>=200,210@141.7s,123,140.57,879,569,6.253,7.146,0.6519,0.1001,0.0819,0.0455,0.0,8.0,13,3,0.0046,0.9317,0.0,0.0614,0.0,0.0,子弹:0.42/24; 连续双押:0.29/17; 出张:0.14/11; 反手:0.10/5; 单双/双单:0.04/3; 双押纵:0.03/4; 跳拍:0.03/2; 错位:0.03/2; 一笔画:0.03/2; 绕圈星星:0.03/2; 连续拍滑:0.02/2; 井字星星:0.02/2; 侧边双押:0.01/1,出张; 子弹; 连续双押
779-ハート・ビート-mas,779,ハート・ビート,mas,13.4,13.3-13.5,212.0,>=200,1,1.0,212.0,>=200,212@142.1s,120,135.85,818,530,6.021,6.817,0.6186,0.1809,0.044,0.0257,0.0,8.0,16,3,0.1491,0.7885,0.0,0.0,0.0,0.0,出张:0.28/18; 子弹:0.23/9; 连续双押:0.16/8; 连续拍滑:0.07/4; 夹键拍滑:0.07/4; 反手:0.05/3; 一笔画:0.04/3; 二连扫:0.03/2; 绕圈星星:0.03/2; 单双/双单:0.03/2; 井字星星:0.03/3; 错位:0.03/3; 纵连:0.02/1; 三角交互:0.02/1; CYCLES型星星:0.01/1; 普通交互:0.01/1,出张; 子弹; 连续双押
780-brilliant better-mas,780,brilliant better,mas,13.3,13.3-13.5,172.0,170-199,1,1.0,172.0,170-199,172@140.8s,99,138.14,840,551,6.081,8.485,0.6083,0.1988,0.025,0.0429,0.0,8.0,18,5,0.0988,0.6536,0.0,0.2202,0.0,0.0,连续双押:0.19/11; 连续拍滑:0.19/9; 子弹:0.15/9; 出张:0.15/8; 一笔画:0.11/7; 二连扫:0.09/6; 反手:0.09/4; 跳拍:0.07/5; 井字星星:0.04/4; 单双/双单:0.04/1; 普通交互:0.03/2; 散点:0.03/1; 侧边双押:0.02/1; 绕圈星星:0.02/1; 大宇宙:0.02/1; 三角交互:0.01/1; 错位:0.01/1; 楼梯交互:0.01/1,一笔画; 出张; 子弹; 连续双押; 连续拍滑
782-私の中の幻想的世界観及びその顕現を想起させたある現実での出来事に関する一考察-mas,782,私の中の幻想的世界観及びその顕現を想起させたある現実での出来事に関する一考察,mas,13.4,13.3-13.5,175.0,170-199,1,1.0,175.0,170-199,175@146.7s,104,142.63,844,606,5.917,8.115,0.5273,0.0829,0.0782,0.0273,0.0,16.0,15,3,0.0983,0.3791,0.0,0.4419,0.0,0.0,连续双押:0.31/12; 反手:0.19/12; 跳拍:0.16/13; 单双/双单:0.10/2; 子弹:0.06/3; 出张:0.06/5; 一笔画:0.06/4; 散点:0.04/3; 二连扫:0.04/3; 绕圈星星:0.03/2; CYCLES型星星:0.03/1; 双压连续拍滑:0.02/1; 侧边双押:0.02/2; 三角交互:0.01/1; 普通交互:0.01/1,反手; 跳拍; 连续双押
783-猛進ソリストライフ！-mas,783,猛進ソリストライフ！,mas,13.7,13.6-13.8,252.0,>=200,7,0.5135,252.0,>=200,252@74.3s; 189@56.8s; 126@12.3s; 240@0.5s; 204@0.3s; 216@0.3s; 228@0.3s,126,140.1,856,592,6.11,6.794,0.5537,0.1379,0.0911,0.0409,0.0,8.0,17,3,0.2535,0.5502,0.0,0.1799,0.0,0.0,连续双押:0.24/12; 反手:0.15/7; 跳拍:0.11/11; 出张:0.10/10; 轴交互:0.10/4; 二连扫:0.08/4; 一笔画:0.06/3; 子弹:0.06/6; 单双/双单:0.05/3; 错位:0.03/3; 普通交互:0.02/2; 三角交互:0.02/2; 同起点拍滑:0.02/1; 连续拍滑:0.01/1; CYCLES型星星:0.01/1; 楼梯交互:0.01/1; 井字星星:0.01/1,反手; 跳拍; 连续双押
784-My Dearest Song-mas,784,My Dearest Song,mas,13.3,13.3-13.5,145.0,140-169,1,1.0,145.0,140-169,145@142.3s,85,140.69,802,495,5.7,9.435,0.6409,0.1646,0.0574,0.0175,0.0,16.0,19,5,0.091,0.2032,0.005,0.5723,0.0075,0.0,出张:0.27/10; 连续双押:0.22/12; 子弹:0.14/8; 连续拍滑:0.12/5; 错位:0.11/5; 绕圈星星:0.08/4; 单双/双单:0.07/3; 反手:0.06/4; 普通交互:0.05/2; 一笔画:0.05/3; 鼓动段:0.05/1; 侧边双押:0.04/3; 大宇宙:0.04/2; 三角交互:0.04/2; 跳拍:0.04/3; 三叉戟:0.02/1; CYCLES型星星:0.01/1; 楼梯交互:0.01/1; 井字星星:0.01/1,出张; 子弹; 连续双押; 连续拍滑; 错位
785-SPICY SWINGY STYLE-mas,785,SPICY SWINGY STYLE,mas,13.4,13.3-13.5,242.0,>=200,1,1.0,242.0,>=200,242@113.9s,113,112.07,660,481,5.889,5.841,0.5015,0.0712,0.0667,0.0333,0.0,12.0,9,2,0.1909,0.0379,0.6348,0.0,0.0121,0.0,跳拍:0.21/9; 出张:0.12/9; 单双/双单:0.10/4; 连续双押:0.09/7; 错位:0.03/2; 子弹:0.02/2; 普通交互:0.02/1; 纵连:0.01/1; 连续拍滑:0.01/1,出张; 跳拍
786-Bang Babang Bang!!!-mas,786,Bang Babang Bang!!!,mas,13.2,13.0-13.2,200.0,>=200,1,1.0,200.0,>=200,200@123.3s,100,120.0,756,513,6.3,7.56,0.5913,0.1481,0.0463,0.0582,0.0,8.0,17,4,0.1918,0.631,0.0,0.1561,0.0,0.0,连续双押:0.22/10; 出张:0.21/17; 子弹:0.17/14; 错位:0.12/6; 一笔画:0.07/4; 绕圈星星:0.06/3; 井字星星:0.06/4; 连续拍滑:0.03/2; 反手:0.03/2; 跳拍:0.03/3; 单双/双单:0.02/1; CYCLES型星星:0.01/1; 双压连续拍滑:0.01/1; 三叉戟:0.01/1; 三角交互:0.01/1; 普通交互:0.01/1; 逆楼梯/方向盘:0.01/1,出张; 子弹; 连续双押; 错位
791-奏者はただ背中と提琴で語るのみ-mas,791,奏者はただ背中と提琴で語るのみ,mas,13.8,13.6-13.8,230.0,>=200,1,1.0,230.0,>=200,230@143.9s,129,134.61,929,629,6.901,7.202,0.5888,0.1184,0.0646,0.0657,0.0,8.0,17,4,0.2207,0.6534,0.0108,0.0721,0.0,0.0,出张:0.20/12; 连续双押:0.19/12; 子弹:0.18/16; 单双/双单:0.17/8; 一笔画:0.09/3; 普通交互:0.05/4; 二连扫:0.05/4; 反手:0.05/4; 纵连:0.04/2; 绕圈星星:0.04/3; 跳拍:0.03/4; 三角交互:0.03/2; 连续拍滑:0.03/3; 双押纵:0.02/2; 穿心:0.02/2; 同起点拍滑:0.02/1; 井字星星:0.01/1,出张; 单双/双单; 子弹; 连续双押
793--OutsideR＿RequieM--mas,793,-OutsideR＿RequieM-,mas,13.6,13.6-13.8,181.0,170-199,1,1.0,181.0,170-199,181@139.2s,97,128.62,817,519,6.352,8.423,0.6756,0.1591,0.0257,0.0367,0.0,8.0,24,4,0.0906,0.7038,0.0,0.175,0.0,0.0,子弹:0.36/18; 连续双押:0.33/9; 连续拍滑:0.15/8; 出张:0.11/8; 跳拍:0.08/7; 纵连:0.07/4; 二连扫:0.07/1; 一笔画:0.06/4; 单双/双单:0.05/2; 鼓动段:0.04/2; 三叉戟:0.04/2; 错位:0.04/4; 侧边双押:0.04/4; 反手:0.04/2; 2+1:0.04/1; 绕圈星星:0.03/2; 3+1:0.03/1; 双押纵:0.03/2; 轴交互:0.02/1; 三角交互:0.02/2; 定拍:0.02/1; 穿心:0.02/1; 挥手段:0.02/1; 双压连续拍滑:0.01/1,出张; 子弹; 连续双押; 连续拍滑
794-あねぺったん-mas,794,あねぺったん,mas,13.3,13.3-13.5,180.0,170-199,1,1.0,180.0,170-199,180@134.3s,92,122.67,721,429,5.878,7.837,0.699,0.1637,0.1484,0.025,0.0,8.0,12,3,0.2053,0.3911,0.0,0.301,0.0,0.0,连续双押:0.30/9; 出张:0.29/22; 子弹:0.13/9; 单双/双单:0.04/2; 二连扫:0.03/2; 错位:0.03/3; 跳拍:0.02/2; 三角交互:0.02/2; 普通交互:0.02/2; 一笔画:0.02/2; 侧边双押:0.01/1; 井字星星:0.01/1,出张; 子弹; 连续双押
795-なるとなぎのパーフェクトロックンロール教室-mas,795,なるとなぎのパーフェクトロックンロール教室,mas,13.7,13.6-13.8,216.0,>=200,1,1.0,216.0,>=200,216@122.1s,108,120.0,787,534,6.558,7.287,0.5794,0.1398,0.0508,0.1258,0.0,8.0,19,4,0.2071,0.4206,0.0,0.305,0.0,0.0,子弹:0.31/15; 出张:0.18/13; 连续双押:0.18/9; 纵连:0.10/6; 跳拍:0.06/5; 连续拍滑:0.05/2; 夹键拍滑:0.05/2; 三叉戟:0.05/2; 鼓动段:0.05/2; 错位:0.04/4; 一笔画:0.04/2; 反手:0.04/2; 单双/双单:0.03/2; 二连扫:0.03/2; 绕圈星星:0.02/1; 散点:0.02/1; 双押纵:0.02/2; 轴交互:0.01/1; 侧边双押:0.01/1,出张; 子弹; 纵连; 连续双押
797-Infantoon Fantasy-mas,797,Infantoon Fantasy,mas,13.8,13.6-13.8,185.0,170-199,1,1.0,185.0,170-199,185@144.0s,109,141.41,1039,689,7.348,9.532,0.589,0.1232,0.0241,0.0443,0.0,8.0,20,4,0.1473,0.4254,0.0,0.4119,0.0,0.0,连续双押:0.28/14; 子弹:0.25/16; 跳拍:0.16/9; 出张:0.14/9; 连续拍滑:0.08/4; 二连扫:0.06/4; 反手:0.06/6; 错位:0.05/4; 井字星星:0.04/4; 纵连:0.04/2; 穿心:0.04/1; 普通交互:0.03/3; 2+1:0.03/1; 单双/双单:0.03/1; 楼梯交互:0.02/2; 鼓动段:0.02/1; 夹键拍滑:0.02/1; 挥手段:0.02/1; 三叉戟:0.02/1; 三角交互:0.01/1,出张; 子弹; 跳拍; 连续双押
798-幾四音-Ixion--mas,798,幾四音-Ixion-,mas,13.3,13.3-13.5,210.0,>=200,1,1.0,210.0,>=200,210@141.9s,117,133.71,794,562,5.938,6.786,0.5302,0.1713,0.0642,0.0743,0.0,8.0,21,3,0.2846,0.5302,0.0,0.039,0.0567,0.0,出张:0.15/10; 反手:0.12/10; 一笔画:0.10/6; 连续双押:0.09/10; 子弹:0.09/9; 二连扫:0.08/5; 井字星星:0.08/5; 绕圈星星:0.06/4; 连续拍滑:0.06/4; 轴交互:0.05/3; 普通交互:0.04/2; 单双/双单:0.04/2; 跳拍:0.03/4; 双压连续拍滑:0.03/1; 错位:0.03/3; CYCLES型星星:0.03/3; 大宇宙:0.02/2; 侧边双押:0.02/2; 楼梯交互:0.01/1; 三角交互:0.01/1; 双押纵:0.01/1,一笔画; 出张; 反手
799-Invitation-mas,799,Invitation,mas,13.0,13.0-13.2,147.0,140-169,1,1.0,147.0,140-169,147@138.1s,84,137.14,834,568,6.081,9.929,0.5935,0.0815,0.0252,0.03,0.0,8.0,16,3,0.0252,0.7482,0.0,0.2098,0.0,0.0,单双/双单:0.44/12; 连续双押:0.19/12; 出张:0.15/10; 三角交互:0.07/4; 错位:0.07/3; 连续拍滑:0.05/3; 反手:0.05/2; 普通交互:0.04/2; 一笔画:0.02/2; 井字星星:0.02/2; 跳拍:0.02/2; 楼梯交互:0.02/2; 轴交互:0.02/1; 大风车:0.02/1; 二连扫:0.01/1; 夹键拍滑:0.01/1,出张; 单双/双单; 连续双押
801-心象蜃気楼-mas,801,心象蜃気楼,mas,13.4,13.3-13.5,190.0,170-199,1,1.0,190.0,170-199,190@138.3s,110,138.95,786,463,5.657,7.145,0.7239,0.2557,0.0789,0.0127,0.0,8.0,17,4,0.2812,0.5649,0.0,0.0496,0.0,0.0,出张:0.17/15; 一笔画:0.16/13; 连续拍滑:0.13/6; 绕圈星星:0.12/9; 连续双押:0.07/4; 侧边双押:0.05/1; 井字星星:0.05/2; 鼓动段:0.05/2; CYCLES型星星:0.04/4; 单双/双单:0.04/1; 子弹:0.03/3; 反手:0.02/2; 二连扫:0.02/2; 错位:0.02/2; 跳拍:0.01/1; 双压连续拍滑:0.01/1; 三叉戟:0.01/1,一笔画; 出张; 绕圈星星; 连续拍滑
802-We Gonna Journey-mas,802,We Gonna Journey,mas,13.9,13.9-14.1,160.0,140-169,1,1.0,160.0,140-169,160@132.4s,85,127.5,915,632,7.176,10.765,0.529,0.1257,0.0372,0.0546,0.0,16.0,17,6,0.1082,0.0372,0.0131,0.8142,0.0,0.0,反手:0.31/10; 跳拍:0.24/12; 连续双押:0.22/11; 出张:0.21/11; 错位:0.16/6; 连续拍滑:0.12/5; 子弹:0.09/6; 轴交互:0.09/3; 一笔画:0.08/5; 普通交互:0.05/3; 双压连续拍滑:0.05/2; 单双/双单:0.04/2; 三角交互:0.04/3; CYCLES型星星:0.04/2; 井字星星:0.02/2; 三叉戟:0.02/2; 二连扫:0.01/1,出张; 反手; 跳拍; 连续双押; 连续拍滑; 错位
803-Kattobi KEIKYU Rider-mas,803,Kattobi KEIKYU Rider,mas,13.7,13.6-13.8,220.0,>=200,1,1.0,220.0,>=200,220@147.3s,132,144.0,844,490,5.861,6.394,0.7476,0.218,0.1007,0.077,0.0,4.0,16,4,0.5936,0.2429,0.0308,0.0261,0.0024,0.0,出张:0.27/21; 连续双押:0.13/13; 一笔画:0.13/15; 单双/双单:0.13/8; 连续拍滑:0.09/7; 错位:0.08/8; 双押纵:0.06/7; 子弹:0.05/7; 反手:0.05/4; 跳拍:0.04/4; CYCLES型星星:0.02/2; 侧边双押:0.02/2; 普通交互:0.02/1; 轴交互:0.02/1; 楼梯交互:0.01/1; 绕圈星星:0.01/1,一笔画; 出张; 单双/双单; 连续双押
812-回レ！雪月花-mas,812,回レ！雪月花,mas,13.3,13.3-13.5,160.0,140-169,1,1.0,160.0,140-169,160@88.5s,59,88.5,665,470,7.514,11.271,0.5564,0.0617,0.0451,0.0586,0.0,8.0,16,4,0.1158,0.3985,0.0,0.3729,0.0,0.0,连续双押:0.46/11; 单双/双单:0.31/3; 跳拍:0.19/7; 连续拍滑:0.10/2; 反手:0.08/2; 出张:0.08/4; 轴交互:0.07/1; 夹键拍滑:0.07/1; 普通交互:0.05/1; 子弹:0.05/1; 一笔画:0.05/3; 绕圈星星:0.05/3; 穿心:0.03/1; 井字星星:0.02/1; 侧边双押:0.02/1; CYCLES型星星:0.02/1,单双/双单; 跳拍; 连续双押; 连续拍滑
815-REVIVER オルタンシア・サーガ -蒼の騎士団- オリジナルVer-mas,815,REVIVER オルタンシア・サーガ -蒼の騎士団- オリジナルVer,mas,13.7,13.6-13.8,200.0,>=200,1,1.0,200.0,>=200,200@94.8s,73,87.6,632,385,7.215,8.658,0.6725,0.193,0.0475,0.0206,0.0,8.0,20,9,0.1297,0.731,0.0,0.1392,0.0,0.0,出张:0.33/11; 子弹:0.30/19; 连续拍滑:0.29/5; 连续双押:0.23/10; 一笔画:0.18/3; 绕圈星星:0.14/4; 夹键拍滑:0.12/3; 2+1:0.11/1; 单双/双单:0.11/2; 反手:0.07/3; 三叉戟:0.07/1; 鼓动段:0.07/1; 3+1:0.04/1; 井字星星:0.04/3; 跳拍:0.03/2; 穿心:0.03/1; 纵连:0.03/1; 普通交互:0.01/1; 逆楼梯/方向盘:0.01/1; CYCLES型星星:0.01/1,2+1; 一笔画; 出张; 单双/双单; 夹键拍滑; 子弹; 绕圈星星; 连续双押; 连续拍滑
818-ギリギリ最強あいまいみー！-mas,818,ギリギリ最強あいまいみー！,mas,13.7,13.6-13.8,185.0,170-199,1,1.0,185.0,170-199,185@102.5s,78,101.19,755,448,7.461,9.679,0.7192,0.1682,0.0649,0.0636,0.0,8.0,19,4,0.1987,0.6291,0.004,0.1033,0.0,0.0,出张:0.36/12; 连续双押:0.22/8; 单双/双单:0.15/7; 一笔画:0.10/3; 子弹:0.09/5; 跳拍:0.08/1; 错位:0.08/3; 二连扫:0.06/2; 侧边双押:0.05/2; 反手:0.05/2; CYCLES型星星:0.05/2; 长纵连:0.05/2; 三叉戟:0.05/1; 2+1:0.04/1; 定拍:0.04/1; 同起点拍滑:0.04/1; 双压连续拍滑:0.04/1; 绕圈星星:0.04/1; 散点:0.01/1,一笔画; 出张; 单双/双单; 连续双押
821-真・ハンサム体操でズンドコホイ-mas,821,真・ハンサム体操でズンドコホイ,mas,13.4,13.3-13.5,140.0,140-169,1,1.0,140.0,140-169,140@107.8s,59,101.14,500,306,4.944,8.475,0.662,0.178,0.184,0.046,0.0,8.0,16,2,0.214,0.326,0.0,0.164,0.0,0.0,连续双押:0.22/5; 出张:0.15/3; 纵连:0.08/3; 绕圈星星:0.07/2; 一笔画:0.07/3; 反手:0.07/3; 单双/双单:0.05/1; 2+1:0.03/1; 双押纵:0.03/1; 子弹:0.03/2; 三叉戟:0.03/1; 拆弹:0.03/1; 二连扫:0.03/1; CYCLES型星星:0.02/1; 错位:0.02/1; 连续拍滑:0.02/1,出张; 连续双押
825-セハガガガンバッちゃう！！-mas,825,セハガガガンバッちゃう！！,mas,13.3,13.3-13.5,202.0,>=200,1,1.0,202.0,>=200,202@126.5s,103,122.38,735,391,6.006,7.136,0.8245,0.302,0.0163,0.1211,0.0,4.0,18,5,0.498,0.3605,0.0,0.0177,0.0,0.0,连续拍滑:0.38/8; 连续双押:0.23/14; 出张:0.21/17; 一笔画:0.15/6; 井字星星:0.13/6; 子弹:0.09/8; 鼓动段:0.08/2; 绕圈星星:0.06/3; 三叉戟:0.04/1; 挥手段:0.04/1; 轴交互:0.03/1; 大宇宙:0.03/1; 跳拍:0.02/2; CYCLES型星星:0.02/2; 单双/双单:0.02/1; 反手:0.01/1; 错位:0.01/1; 双押纵:0.01/1,一笔画; 井字星星; 出张; 连续双押; 连续拍滑
827-ラブって♡ジュエリー♪えんじぇる☆ブレイク！！-mas,827,ラブって♡ジュエリー♪えんじぇる☆ブレイク！！,mas,13.2,13.0-13.2,238.0,>=200,1,1.0,238.0,>=200,238@88.7s,85,85.71,523,337,6.102,6.153,0.6463,0.1759,0.0344,0.1071,0.0,8.0,12,5,0.2505,0.696,0.0,0.0,0.0,0.0,子弹:0.29/18; 单双/双单:0.20/7; 出张:0.18/8; 连续双押:0.14/8; 连续拍滑:0.12/2; 反手:0.07/2; 一笔画:0.07/6; 跳拍:0.05/4; 侧边双押:0.02/2; 错位:0.01/1; 绕圈星星:0.01/1; CYCLES型星星:0.01/1,出张; 单双/双单; 子弹; 连续双押; 连续拍滑
83-Get Happy-mas,83,Get Happy,mas,13.8,13.6-13.8,150.0,140-169,1,1.0,150.0,140-169,150@123.2s,75,120.0,680,568,5.667,9.067,0.2926,0.0882,0.0662,0.0618,0.0,16.0,14,5,0.0721,0.1632,0.0,0.7441,0.0206,0.0,子弹:0.36/14; 跳拍:0.32/18; 反手:0.31/11; 出张:0.17/7; 2+1:0.11/3; 鼓动段:0.08/2; 连续拍滑:0.08/2; 一笔画:0.07/3; 错位:0.04/3; 二连扫:0.03/1; 绕圈星星:0.03/1; 井字星星:0.03/1; 单双/双单:0.01/1; 轴交互:0.01/1,2+1; 出张; 反手; 子弹; 跳拍
830-HIMITSUスパーク-mas,830,HIMITSUスパーク,mas,13.2,13.0-13.2,156.0,140-169,1,1.0,156.0,140-169,156@133.1s,85,130.77,668,443,5.108,7.859,0.6063,0.1183,0.0749,0.0105,0.0,16.0,14,6,0.0,0.4446,0.006,0.5359,0.0,0.0,连续双押:0.39/14; 子弹:0.25/9; 一笔画:0.16/9; 反手:0.15/5; 绕圈星星:0.14/7; 跳拍:0.11/4; 出张:0.09/7; 单双/双单:0.05/2; 错位:0.04/3; CYCLES型星星:0.04/3; 三角交互:0.02/1; 普通交互:0.02/1; 连续拍滑:0.02/2; 二连扫:0.02/1,一笔画; 反手; 子弹; 绕圈星星; 跳拍; 连续双押
833-ガチャガチャきゅ～と・ふぃぎゅ@メイト-mas,833,ガチャガチャきゅ～と・ふぃぎゅ@メイト,mas,13.2,13.0-13.2,178.0,170-199,1,1.0,178.0,170-199,178@124.0s,92,124.04,690,395,5.563,7.5,0.7783,0.1623,0.0507,0.1594,0.0,8.0,15,5,0.3261,0.6377,0.0,0.0246,0.0,0.0,连续双押:0.37/13; 出张:0.22/8; 一笔画:0.21/10; 连续拍滑:0.20/7; 子弹:0.16/9; 单双/双单:0.09/3; 夹键拍滑:0.09/4; 双押纵:0.08/4; 2+1:0.05/1; CYCLES型星星:0.05/5; 大宇宙:0.02/1; 纵连:0.01/1; 绕圈星星:0.01/1; 普通交互:0.01/1; 跳拍:0.01/1,一笔画; 出张; 子弹; 连续双押; 连续拍滑
834-Rodeo Machine-mas,834,Rodeo Machine,mas,13.8,13.6-13.8,115.0,<140,1,1.0,115.0,<140,115@123.4s,56,116.87,428,167,3.662,7.643,1.0,0.5023,0.0,0.0374,0.0,4.0,11,6,0.715,0.257,0.0,0.0,0.0,0.0,挥手段:0.29/3; 连续拍滑:0.27/5; 绕圈星星:0.23/3; 一笔画:0.20/4; 三叉戟:0.18/2; 鼓动段:0.16/1; 出张:0.09/2; 双压连续拍滑:0.09/2; 轴交互:0.04/1; 井字星星:0.04/1; CYCLES型星星:0.02/1,一笔画; 三叉戟; 挥手段; 绕圈星星; 连续拍滑; 鼓动段
836-ジンギスカン-mas,836,ジンギスカン,mas,13.3,13.3-13.5,150.0,140-169,1,1.0,150.0,140-169,150@131.1s,81,129.6,752,472,5.802,9.284,0.6569,0.1649,0.0213,0.0878,0.0,8.0,18,5,0.2048,0.7367,0.0,0.0585,0.0,0.0,出张:0.22/7; 连续双押:0.20/8; 一笔画:0.19/2; 子弹:0.15/9; 纵连:0.14/8; 单双/双单:0.10/4; 连续拍滑:0.10/3; 侧边双押:0.09/2; 鼓动段:0.07/3; 绕圈星星:0.05/2; 三叉戟:0.05/2; 长纵连:0.04/3; 错位:0.02/2; 夹键拍滑:0.02/1; 挥手段:0.02/1; 轴交互:0.02/1; 普通交互:0.02/1; 跳拍:0.01/1,一笔画; 出张; 子弹; 纵连; 连续双押
839-にじよめちゃん体操第一億-mas,839,にじよめちゃん体操第一億,mas,13.8,13.6-13.8,135.0,<140,3,0.8811,135.0,<140,135@78.8s; 120@8.0s; 91@2.6s,49,88.0,469,232,5.33,9.571,0.7804,0.3326,0.0021,0.1578,0.0,4.0,15,4,0.4989,0.0,0.2473,0.0171,0.0,0.0,一笔画:0.27/9; 出张:0.27/5; 三叉戟:0.14/3; 跳拍:0.12/6; CYCLES型星星:0.08/3; 连续双押:0.08/4; 错位:0.06/3; 挥手段:0.06/1; 连续拍滑:0.06/2; 同起点拍滑:0.04/2; 双压连续拍滑:0.04/2; 井字星星:0.02/1; 子弹:0.02/1; 二连扫:0.02/1; 绕圈星星:0.02/1,一笔画; 三叉戟; 出张; 跳拍
841-ナンセンス文学-mas,841,ナンセンス文学,mas,13.6,13.6-13.8,154.0,140-169,1,1.0,154.0,140-169,154@139.5s,90,140.26,828,557,5.903,9.2,0.5809,0.1111,0.0833,0.0121,0.0,8.0,15,5,0.0882,0.5374,0.0,0.3418,0.0121,0.0,出张:0.34/15; 错位:0.19/6; 连续双押:0.18/7; 反手:0.10/6; 绕圈星星:0.10/4; 双押纵:0.09/1; 子弹:0.04/4; 二连扫:0.04/2; 连续拍滑:0.03/2; 井字星星:0.02/2; 2+1:0.02/1; 轴交互:0.02/1; 普通交互:0.02/1; 单双/双单:0.02/1; 三角交互:0.01/1,出张; 反手; 绕圈星星; 连续双押; 错位
842-立ち入り禁止-remas,842,立ち入り禁止,remas,13.8,13.6-13.8,160.0,140-169,1,1.0,160.0,140-169,160@142.3s,94,141.0,953,685,6.759,10.138,0.5194,0.0797,0.0241,0.0556,0.0,16.0,15,6,0.0283,0.361,0.0,0.5792,0.0,0.0,单双/双单:0.32/8; 连续双押:0.27/14; 跳拍:0.19/15; 反手:0.16/6; 子弹:0.14/6; 出张:0.11/6; 错位:0.06/3; 一笔画:0.05/5; CYCLES型星星:0.05/5; 轴交互:0.05/2; 连续拍滑:0.04/2; 双押纵:0.04/2; 三叉戟:0.04/1; 夹键拍滑:0.02/1; 三角交互:0.01/1,出张; 单双/双单; 反手; 子弹; 跳拍; 连续双押
844-ストリーミングハート-mas,844,ストリーミングハート,mas,13.3,13.3-13.5,210.0,>=200,1,1.0,210.0,>=200,210@131.4s,111,126.86,742,530,5.849,6.685,0.5081,0.1253,0.0606,0.0135,0.0,8.0,16,4,0.035,0.9191,0.0,0.0404,0.0,0.0,跳拍:0.25/24; 子弹:0.23/21; 出张:0.14/10; 连续双押:0.14/6; 单双/双单:0.10/6; 反手:0.06/3; 长纵连:0.05/1; 错位:0.05/5; 连续拍滑:0.05/1; 一笔画:0.05/3; 井字星星:0.04/3; 二连扫:0.02/1; 大宇宙:0.02/2; 普通交互:0.02/2; CYCLES型星星:0.02/2; 绕圈星星:0.02/2,出张; 子弹; 跳拍; 连续双押
846-+♂-mas,846,+♂,mas,13.4,13.3-13.5,180.0,170-199,1,1.0,180.0,170-199,180@136.7s,101,134.67,814,488,6.045,8.059,0.7273,0.1769,0.0319,0.0467,0.0,8.0,16,5,0.2555,0.6192,0.0,0.0872,0.0,0.0049,连续双押:0.31/13; 连续拍滑:0.29/9; 鼓动段:0.21/7; 出张:0.15/11; 单双/双单:0.11/3; 夹键拍滑:0.08/2; 跳拍:0.07/5; 子弹:0.06/5; 双押纵:0.05/4; 纵连:0.05/4; 错位:0.04/3; 轴交互:0.03/1; 二连扫:0.03/2; 一笔画:0.02/1; 井字星星:0.01/1; 反手:0.01/1,出张; 单双/双单; 连续双押; 连续拍滑; 鼓动段
849-終点-mas,849,終点,mas,13.7,13.6-13.8,222.0,>=200,1,1.0,222.0,>=200,222@115.8s,100,108.11,710,470,6.568,7.1,0.6127,0.1113,0.0549,0.0549,0.0,8.0,18,5,0.2535,0.5592,0.0761,0.0972,0.0,0.0,子弹:0.37/19; 连续双押:0.26/14; 出张:0.11/7; 一笔画:0.11/7; 单双/双单:0.10/3; 绕圈星星:0.07/4; 跳拍:0.05/5; 定拍:0.03/1; 反手:0.03/2; 2+1:0.03/1; 纵连:0.02/1; 楼梯交互:0.02/1; 散点:0.02/2; 错位:0.02/2; CYCLES型星星:0.02/2; 侧边双押:0.01/1; 普通交互:0.01/1; 三角交互:0.01/1,一笔画; 出张; 单双/双单; 子弹; 连续双押
851-フキゲンワルツ-mas,851,フキゲンワルツ,mas,13.2,13.0-13.2,210.0,>=200,1,1.0,210.0,>=200,210@138.3s,119,136.0,776,502,5.706,6.521,0.6546,0.1237,0.0825,0.0296,0.0,4.0,16,3,0.509,0.0026,0.4433,0.0,0.0,0.0,连续双押:0.25/14; 出张:0.24/15; 绕圈星星:0.12/6; 反手:0.09/5; 跳拍:0.08/7; 子弹:0.08/6; 单双/双单:0.07/3; 三角交互:0.06/4; 一笔画:0.05/3; 纵连:0.04/1; 连续拍滑:0.04/2; 穿心:0.03/2; 错位:0.02/2; 井字星星:0.02/2; 双押纵:0.02/1; 侧边双押:0.01/1,出张; 绕圈星星; 连续双押
852-ミラクルペイント-mas,852,ミラクルペイント,mas,13.2,13.0-13.2,215.0,>=200,1,1.0,215.0,>=200,215@140.6s,120,133.95,671,475,5.009,5.592,0.5663,0.1461,0.0954,0.0224,0.0,12.0,12,3,0.4009,0.0,0.5529,0.0,0.0119,0.0,出张:0.23/9; 连续双押:0.11/8; 单双/双单:0.10/3; 跳拍:0.07/6; 一笔画:0.07/3; 反手:0.06/3; 连续拍滑:0.06/1; 子弹:0.05/3; 纵连:0.04/4; 井字星星:0.02/2; CYCLES型星星:0.01/1; 双押纵:0.01/1,出张; 单双/双单; 连续双押
854-はやくそれになりたい！-remas,854,はやくそれになりたい！,remas,13.2,13.0-13.2,185.0,170-199,1,1.0,185.0,170-199,185@144.0s,108,140.11,758,444,5.41,7.019,0.6926,0.1887,0.0844,0.0567,0.0,8.0,19,3,0.2071,0.6108,0.029,0.0818,0.0,0.0,子弹:0.18/13; 出张:0.14/14; 连续双押:0.13/8; 反手:0.06/7; 连续拍滑:0.06/5; 2+1:0.05/1; 跳拍:0.04/3; 一笔画:0.03/2; 纵连:0.02/2; 绕圈星星:0.02/1; 二连扫:0.02/1; 三角交互:0.02/1; 三叉戟:0.02/2; 错位:0.01/1; 井字星星:0.01/1; 双押纵:0.01/1; 侧边双押:0.01/1; 双压连续拍滑:0.01/1; CYCLES型星星:0.01/1,出张; 子弹; 连续双押
855-キミノヨゾラ哨戒班-mas,855,キミノヨゾラ哨戒班,mas,13.0,13.0-13.2,185.0,170-199,1,1.0,185.0,170-199,185@118.2s,90,116.76,741,535,6.347,8.233,0.5371,0.1296,0.0364,0.0202,0.0,8.0,18,5,0.0121,0.9541,0.0,0.0,0.0,0.0,连续双押:0.17/12; 出张:0.17/8; 子弹:0.17/8; 单双/双单:0.12/3; 三叉戟:0.11/2; 2+1:0.09/1; 普通交互:0.07/2; 一笔画:0.06/2; 侧边双押:0.04/3; 跳拍:0.03/3; 反手:0.03/2; 大宇宙:0.02/1; 错位:0.02/2; 连续拍滑:0.02/1; 夹键拍滑:0.02/1; 鼓动段:0.02/1; 挥手段:0.02/1; 绕圈星星:0.01/1,三叉戟; 出张; 单双/双单; 子弹; 连续双押
857-おこちゃま戦争-mas,857,おこちゃま戦争,mas,13.3,13.3-13.5,175.0,170-199,1,1.0,175.0,170-199,175@117.9s,86,117.94,740,575,6.274,8.605,0.4351,0.0541,0.0365,0.0203,0.0,16.0,12,5,0.027,0.4541,0.0419,0.4595,0.0,0.0,连续双押:0.22/10; 子弹:0.16/9; 出张:0.15/10; 单双/双单:0.12/4; 跳拍:0.10/9; 二连扫:0.07/3; 纵连:0.06/3; 连续拍滑:0.06/4; 反手:0.05/2; 夹键拍滑:0.03/2; 侧边双押:0.02/2; 普通交互:0.02/1,出张; 单双/双单; 子弹; 跳拍; 连续双押
862-パーフェクト生命-mas,862,パーフェクト生命,mas,13.4,13.3-13.5,200.0,>=200,1,1.0,200.0,>=200,200@141.0s,114,136.8,917,580,6.703,8.044,0.6587,0.1647,0.012,0.0273,0.0,8.0,17,6,0.3697,0.4667,0.0,0.1025,0.0,0.0,连续双押:0.30/14; 子弹:0.26/11; 出张:0.18/10; 单双/双单:0.16/8; 一笔画:0.12/10; 连续拍滑:0.12/10; 错位:0.08/2; 井字星星:0.07/8; 绕圈星星:0.07/4; 跳拍:0.04/4; 三叉戟:0.04/2; 散点:0.04/2; 2+1:0.02/1; 挥手段:0.02/1; 三角交互:0.02/1; 纵连:0.01/1; 穿心:0.01/1,一笔画; 出张; 单双/双单; 子弹; 连续双押; 连续拍滑
864-ありふれたせかいせいふく-mas,864,ありふれたせかいせいふく,mas,13.6,13.6-13.8,150.0,140-169,1,1.0,150.0,140-169,150@137.6s,84,134.4,892,641,6.637,10.619,0.5179,0.0886,0.0684,0.0224,0.0,16.0,19,5,0.0258,0.1435,0.0,0.8016,0.0,0.0,反手:0.31/9; 连续双押:0.25/11; 子弹:0.23/12; 跳拍:0.18/13; 错位:0.15/6; 单双/双单:0.08/5; 出张:0.08/5; 普通交互:0.06/3; 井字星星:0.06/3; 轴交互:0.05/3; 连续拍滑:0.05/2; 三角交互:0.04/3; 二连扫:0.04/2; 侧边双押:0.02/1; 夹键拍滑:0.02/1; 鼓动段:0.02/1; CYCLES型星星:0.01/1; 一笔画:0.01/1; 绕圈星星:0.01/1,反手; 子弹; 跳拍; 连续双押; 错位
869-ロキ-remas,869,ロキ,remas,13.3,13.3-13.5,150.0,140-169,1,1.0,150.0,140-169,150@144.4s,91,145.6,839,565,5.762,9.22,0.584,0.1311,0.0679,0.0131,0.0,8.0,18,5,0.0822,0.4803,0.0,0.3886,0.0143,0.0191,连续双押:0.27/14; 子弹:0.23/13; 错位:0.16/7; 出张:0.15/8; 单双/双单:0.13/5; 连续拍滑:0.08/4; 绕圈星星:0.07/3; 夹键拍滑:0.07/3; 普通交互:0.05/4; 反手:0.04/2; 纵连:0.03/2; 2+1:0.03/1; 鼓动段:0.02/1; 井字星星:0.02/2; 跳拍:0.02/2; 三角交互:0.02/1; 二连扫:0.02/1; 大宇宙:0.01/1,出张; 单双/双单; 子弹; 连续双押; 错位
870-クノイチでも恋がしたい-mas,870,クノイチでも恋がしたい,mas,13.4,13.3-13.5,185.0,170-199,1,1.0,185.0,170-199,185@131.0s,100,129.73,855,516,6.591,8.55,0.6772,0.1731,0.0105,0.0234,0.0,8.0,13,7,0.1825,0.5333,0.0,0.255,0.0,0.0,出张:0.25/18; 连续拍滑:0.20/9; 井字星星:0.19/6; 单双/双单:0.18/10; 连续双押:0.16/7; 子弹:0.13/9; 跳拍:0.12/12; 错位:0.09/7; 三角交互:0.03/3; 侧边双押:0.03/3; 反手:0.02/2; 双压连续拍滑:0.01/1; 三叉戟:0.01/1,井字星星; 出张; 单双/双单; 子弹; 跳拍; 连续双押; 连续拍滑
871-リンカーネイション-mas,871,リンカーネイション,mas,13.8,13.6-13.8,185.0,170-199,1,1.0,185.0,170-199,185@127.4s,97,125.84,861,619,6.842,8.876,0.5226,0.0918,0.0267,0.043,0.0,8.0,19,4,0.0674,0.5436,0.0,0.3461,0.0,0.0,连续双押:0.29/12; 出张:0.18/12; 子弹:0.12/8; 错位:0.11/9; 普通交互:0.07/4; 二连扫:0.06/3; 单双/双单:0.06/2; 大宇宙:0.05/2; 反手:0.05/2; 连续拍滑:0.04/2; 纵连:0.04/3; 轴交互:0.03/2; 三角交互:0.02/2; 绕圈星星:0.02/1; 长纵连:0.02/1; 跳拍:0.02/2; 楼梯交互:0.01/1; CYCLES型星星:0.01/1; 一笔画:0.01/1,出张; 子弹; 连续双押; 错位
873-ネトゲ廃人シュプレヒコール-mas,873,ネトゲ廃人シュプレヒコール,mas,13.7,13.6-13.8,175.0,170-199,1,1.0,175.0,170-199,175@142.6s,101,138.51,888,601,6.411,8.792,0.5586,0.1149,0.0732,0.0372,0.0,8.0,15,3,0.0,0.6689,0.0034,0.2759,0.0056,0.0,子弹:0.29/15; 连续双押:0.24/16; 出张:0.15/14; 轴交互:0.08/4; 普通交互:0.07/4; 一笔画:0.06/4; 单双/双单:0.06/5; 反手:0.06/4; 绕圈星星:0.05/3; 跳拍:0.04/3; 楼梯交互:0.02/2; 纵连:0.02/2; 三角交互:0.02/2; 错位:0.01/1; CYCLES型星星:0.01/1,出张; 子弹; 连续双押
876-クレイジークレイジーダンサーズ-remas,876,クレイジークレイジーダンサーズ,remas,13.3,13.3-13.5,172.0,170-199,1,1.0,172.0,170-199,172@129.4s,91,126.98,794,461,6.253,8.725,0.7317,0.1423,0.034,0.233,0.0,8.0,17,3,0.1788,0.5189,0.0,0.2217,0.0,0.0,连续双押:0.36/12; 单双/双单:0.25/10; 出张:0.20/8; 连续拍滑:0.05/3; 跳拍:0.05/5; 纵连:0.05/2; 错位:0.05/4; 一笔画:0.04/3; 侧边双押:0.03/2; 井字星星:0.03/2; 大宇宙:0.02/1; 子弹:0.02/2; 双押纵:0.02/2; 鼓动段:0.02/1; 双压连续拍滑:0.02/1; 夹键拍滑:0.01/1; 穿心:0.01/1,出张; 单双/双单; 连续双押
878-YU-MU-mas,878,YU-MU,mas,13.2,13.0-13.2,160.0,140-169,1,1.0,160.0,140-169,160@98.9s,66,99.0,576,365,5.818,8.727,0.684,0.158,0.0625,0.0174,0.0,8.0,15,4,0.1372,0.5347,0.0,0.3247,0.0,0.0,连续双押:0.27/10; 一笔画:0.14/3; 单双/双单:0.11/1; 子弹:0.11/3; 反手:0.09/2; 如龙段:0.06/1; 出张:0.05/3; 井字星星:0.05/1; 普通交互:0.05/2; 连续拍滑:0.03/1; 轴交互:0.03/1; 跳拍:0.03/2; 纵连:0.02/1; 错位:0.02/1; 三角交互:0.02/1,一笔画; 单双/双单; 子弹; 连续双押
88-Tell Your World-remas,88,Tell Your World,remas,13.2,13.0-13.2,150.0,140-169,1,1.0,150.0,140-169,150@123.2s,74,118.4,473,357,3.995,6.392,0.4482,0.1459,0.074,0.0085,0.0,8.0,13,4,0.1607,0.7653,0.0,0.0359,0.0,0.0,出张:0.31/16; 子弹:0.26/10; 跳拍:0.16/4; 一笔画:0.11/4; 单双/双单:0.09/2; 长纵连:0.08/1; 普通交互:0.08/2; 连续双押:0.03/2; 二连扫:0.03/1; 绕圈星星:0.03/2; 三叉戟:0.03/2; 反手:0.03/1; 纵连:0.01/1,一笔画; 出张; 子弹; 跳拍
882-Money Money-mas,882,Money Money,mas,13.2,13.0-13.2,145.0,140-169,2,0.5039,145.0,140-169,145@67.9s; 172@66.8s,89,134.84,745,438,5.525,8.371,0.7369,0.1141,0.0859,0.055,0.0,8.0,13,4,0.1557,0.6846,0.0,0.1275,0.0,0.0,单双/双单:0.31/10; 连续双押:0.25/8; 连续拍滑:0.13/5; 跳拍:0.12/9; 子弹:0.09/6; 出张:0.07/5; 反手:0.06/3; 一笔画:0.02/1; 轴交互:0.02/1; 普通交互:0.02/1; 错位:0.02/1; 井字星星:0.01/1; 侧边双押:0.01/1,单双/双单; 跳拍; 连续双押; 连续拍滑
883-隠然-remas,883,隠然,remas,13.4,13.3-13.5,210.0,>=200,1,1.0,210.0,>=200,210@138.3s,114,130.29,734,505,5.634,6.439,0.5845,0.1444,0.1063,0.0204,0.0,12.0,17,3,0.2153,0.0,0.7548,0.0,0.0,0.0,跳拍:0.16/12; 出张:0.16/12; 2+1:0.11/2; 连续双押:0.08/4; 绕圈星星:0.07/3; 一笔画:0.07/4; 纵连:0.06/6; 单双/双单:0.04/2; 侧边双押:0.04/3; 反手:0.04/2; 普通交互:0.03/3; 二连扫:0.02/1; 三角交互:0.02/1; 连续拍滑:0.02/2; 夹键拍滑:0.02/2; 错位:0.01/1; 井字星星:0.01/1,2+1; 出张; 跳拍
888-月に叢雲華に風-mas,888,月に叢雲華に風,mas,13.2,13.0-13.2,160.0,140-169,1,1.0,160.0,140-169,160@101.3s,65,97.5,465,316,4.769,7.154,0.5763,0.1376,0.1527,0.0237,0.0,8.0,17,5,0.1613,0.4624,0.0,0.3484,0.0,0.0,出张:0.25/12; 反手:0.22/8; 连续双押:0.20/8; 纵连:0.11/5; 一笔画:0.11/6; 单双/双单:0.09/3; 绕圈星星:0.08/4; 二连扫:0.06/2; 普通交互:0.06/2; 跳拍:0.06/4; 子弹:0.05/3; 侧边双押:0.03/2; CYCLES型星星:0.03/2; 大宇宙:0.03/2; 楼梯交互:0.03/2; 三角交互:0.03/2; 错位:0.02/1,一笔画; 出张; 反手; 纵连; 连续双押
89-ロミオとシンデレラ-remas,89,ロミオとシンデレラ,remas,13.3,13.3-13.5,170.0,170-199,1,1.0,170.0,170-199,170@100.2s,70,98.82,624,460,6.314,8.914,0.484,0.0897,0.0465,0.0272,0.0,8.0,12,6,0.1218,0.7292,0.0,0.1218,0.0,0.0144,单双/双单:0.30/6; 出张:0.23/11; 子弹:0.20/8; 连续双押:0.11/6; 一笔画:0.10/4; 绕圈星星:0.10/4; 跳拍:0.09/6; 2+1:0.06/2; 二连扫:0.04/2; 反手:0.03/1; 错位:0.03/2; 侧边双押:0.01/1,一笔画; 出张; 单双/双单; 子弹; 绕圈星星; 连续双押
891-オーディエンスを沸かす程度の能力 feat.タイツォン-mas,891,オーディエンスを沸かす程度の能力 feat.タイツォン,mas,13.7,13.6-13.8,216.0,>=200,1,1.0,216.0,>=200,216@110.0s,99,110.0,708,480,6.436,7.152,0.5918,0.1963,0.0212,0.048,0.0,8.0,19,7,0.2274,0.7627,0.0,0.0,0.0,0.0,出张:0.32/9; 子弹:0.15/7; 跳拍:0.15/5; 连续双押:0.14/7; 二连扫:0.11/5; 同起点拍滑:0.11/1; 连续拍滑:0.10/6; 单双/双单:0.06/3; 一笔画:0.06/3; 绕圈星星:0.06/3; 鼓动段:0.06/2; 井字星星:0.04/4; 三叉戟:0.04/2; 错位:0.03/3; 散点:0.03/1; 大宇宙:0.03/1; 轴交互:0.03/1; 反手:0.02/1; 双押纵:0.02/1,二连扫; 出张; 同起点拍滑; 子弹; 跳拍; 连续双押; 连续拍滑
892-taboo tears you up-mas,892,taboo tears you up,mas,13.4,13.3-13.5,180.0,170-199,1,1.0,180.0,170-199,180@137.3s,103,137.33,937,604,6.823,9.097,0.6339,0.1462,0.047,0.0395,0.0,8.0,19,5,0.159,0.4909,0.0,0.3031,0.0,0.0,出张:0.30/13; 连续双押:0.27/13; 反手:0.16/8; 子弹:0.14/11; 一笔画:0.14/7; 绕圈星星:0.09/3; 普通交互:0.08/5; 连续拍滑:0.08/1; 三角交互:0.07/4; 二连扫:0.06/5; CYCLES型星星:0.04/4; 楼梯交互:0.04/3; 井字星星:0.04/4; 纵连:0.04/4; 轴交互:0.03/2; 跳拍:0.02/2; 单双/双单:0.02/1; 双押纵:0.01/1; 散点:0.01/1,一笔画; 出张; 反手; 子弹; 连续双押
893-White Traveling Girl-mas,893,White Traveling Girl,mas,13.4,13.3-13.5,154.0,140-169,1,1.0,154.0,140-169,154@132.9s,85,132.47,805,545,6.077,9.471,0.6075,0.1329,0.1068,0.072,0.0,8.0,18,5,0.0807,0.5876,0.0,0.3292,0.0,0.0,跳拍:0.26/11; 连续双押:0.24/8; 子弹:0.18/10; 二连扫:0.15/6; 出张:0.13/8; 反手:0.09/6; 一笔画:0.08/7; 错位:0.06/5; 单双/双单:0.05/2; 连续拍滑:0.05/2; 鼓动段:0.05/2; 夹键拍滑:0.05/2; 绕圈星星:0.04/3; 井字星星:0.02/2; 双押纵:0.02/1; 三角交互:0.01/1; 双压连续拍滑:0.01/1; CYCLES型星星:0.01/1,二连扫; 出张; 子弹; 跳拍; 连续双押
894-No Routine-mas,894,No Routine,mas,13.4,13.3-13.5,163.0,140-169,1,1.0,163.0,140-169,163@129.6s,82,120.74,853,609,7.065,10.402,0.5334,0.0692,0.0141,0.0305,0.0,16.0,14,5,0.0,0.3599,0.0,0.6284,0.0,0.0,连续双押:0.40/13; 跳拍:0.29/16; 单双/双单:0.28/14; 反手:0.16/8; 出张:0.11/4; 普通交互:0.07/3; 穿心:0.07/3; 楼梯交互:0.06/3; 纵连:0.05/2; 子弹:0.04/3; 大宇宙:0.02/2; 二连扫:0.02/1; 错位:0.01/1; 三角交互:0.01/1,出张; 单双/双单; 反手; 跳拍; 连续双押
895-不思議の国のクリスマス-mas,895,不思議の国のクリスマス,mas,13.3,13.3-13.5,128.0,<140,1,1.0,128.0,<140,128@138.5s,69,129.38,546,244,4.22,7.913,0.8736,0.2802,0.022,0.0751,0.0,4.0,17,5,0.5458,0.2857,0.0,0.022,0.0,0.0,出张:0.41/10; 连续拍滑:0.28/6; 错位:0.22/12; 鼓动段:0.17/2; 三叉戟:0.17/2; 单双/双单:0.09/3; 绕圈星星:0.07/3; 反手:0.07/2; 一笔画:0.06/2; 纵连:0.06/2; 大宇宙:0.06/1; CYCLES型星星:0.04/1; 子弹:0.03/2; 挥手段:0.03/1; 连续双押:0.01/1; 井字星星:0.01/1; 跳拍:0.01/1,三叉戟; 出张; 连续拍滑; 错位; 鼓动段
903-チルノのパーフェクトさんすう教室 ⑨周年バージョン-mas,903,チルノのパーフェクトさんすう教室 ⑨周年バージョン,mas,13.4,13.3-13.5,175.0,170-199,1,1.0,175.0,170-199,175@120.5s,88,120.69,771,507,6.388,8.761,0.6044,0.1167,0.0817,0.1284,0.0,16.0,21,3,0.1933,0.2711,0.0,0.4877,0.0,0.0,连续双押:0.28/13; 子弹:0.25/10; 单双/双单:0.16/3; 跳拍:0.09/7; 二连扫:0.08/4; 纵连:0.07/2; 出张:0.05/3; 错位:0.05/2; 反手:0.03/2; 侧边双押:0.03/2; CYCLES型星星:0.03/1; 连续拍滑:0.03/1; 鼓动段:0.03/1; 双押纵:0.02/2; 同起点拍滑:0.02/2; 一笔画:0.02/2; 井字星星:0.02/1; 绕圈星星:0.02/1; 三角交互:0.01/1; 普通交互:0.01/1; 双压连续拍滑:0.01/1,单双/双单; 子弹; 连续双押
904-ひれ伏せ愚民どもっ！-mas,904,ひれ伏せ愚民どもっ！,mas,13.3,13.3-13.5,180.0,170-199,1,1.0,180.0,170-199,180@134.4s,99,132.0,780,498,5.909,7.879,0.6013,0.2256,0.0231,0.0436,0.0,8.0,19,5,0.2167,0.4936,0.0,0.1205,0.0,0.0,子弹:0.20/13; 连续拍滑:0.16/7; 连续双押:0.15/9; 出张:0.13/8; 跳拍:0.12/8; 2+1:0.07/1; 错位:0.06/4; 普通交互:0.06/3; 轴交互:0.05/2; 反手:0.03/2; 楼梯交互:0.03/1; 纵连:0.02/1; 双押纵:0.02/2; 一笔画:0.02/2; 三角交互:0.02/1; 井字星星:0.02/2; 大宇宙:0.01/1; CYCLES型星星:0.01/1; 绕圈星星:0.01/1,出张; 子弹; 跳拍; 连续双押; 连续拍滑
905-【東方ニコカラ】秘神マターラ feat.魂音泉【IOSYS】-mas,905,【東方ニコカラ】秘神マターラ feat.魂音泉【IOSYS】,mas,13.4,13.3-13.5,168.0,140-169,1,1.0,168.0,140-169,168@145.0s,97,138.57,851,522,6.141,8.773,0.6357,0.1939,0.0306,0.0623,0.0,8.0,19,5,0.2491,0.4172,0.0212,0.2609,0.0,0.0,出张:0.26/13; 子弹:0.18/8; 跳拍:0.12/7; 连续双押:0.12/5; 单双/双单:0.10/3; 一笔画:0.09/6; 反手:0.08/5; 连续拍滑:0.04/2; CYCLES型星星:0.03/2; 轴交互:0.02/2; 长纵连:0.02/1; 绕圈星星:0.02/1; 二连扫:0.01/1; 三角交互:0.01/1; 双压连续拍滑:0.01/1; 三叉戟:0.01/1; 普通交互:0.01/1; 纵连:0.01/1; 错位:0.01/1,出张; 单双/双单; 子弹; 跳拍; 连续双押
906-Club Ibuki in Break All-mas,906,Club Ibuki in Break All,mas,13.3,13.3-13.5,175.0,170-199,1,1.0,175.0,170-199,175@100.1s,66,90.51,673,480,7.435,10.197,0.5379,0.1412,0.055,0.2467,0.0,16.0,13,4,0.0208,0.4368,0.0,0.5394,0.0,0.0,出张:0.18/6; 错位:0.18/4; 连续双押:0.17/7; 跳拍:0.12/8; 反手:0.06/4; 单双/双单:0.06/2; 连续拍滑:0.05/1; 夹键拍滑:0.05/1; 子弹:0.05/3; 穿心:0.03/2; 普通交互:0.02/1; 井字星星:0.02/1; 一笔画:0.02/1,出张; 跳拍; 连续双押; 错位
907-Phantasm Brigade-mas,907,Phantasm Brigade,mas,13.4,13.3-13.5,168.0,140-169,1,1.0,168.0,140-169,168@129.2s,90,128.57,891,671,6.93,9.9,0.4568,0.1493,0.0045,0.037,0.0,8.0,17,5,0.0303,0.5062,0.0,0.4276,0.0,0.0,出张:0.22/14; 反手:0.17/8; 跳拍:0.16/10; 错位:0.13/9; 轴交互:0.10/6; 连续双押:0.09/7; 一笔画:0.08/2; 二连扫:0.07/4; 连续拍滑:0.07/2; 绕圈星星:0.06/3; 单双/双单:0.04/2; 子弹:0.04/4; 穿心:0.02/2; 纵连:0.02/1; 三角交互:0.02/2; 普通交互:0.01/1; 楼梯交互:0.01/1,出张; 反手; 跳拍; 轴交互; 错位
908-蒼空に舞え、墨染の桜-mas,908,蒼空に舞え、墨染の桜,mas,13.4,13.3-13.5,150.0,140-169,1,1.0,150.0,140-169,150@135.2s,85,136.0,698,463,5.132,8.212,0.6117,0.2607,0.0673,0.0143,0.0,8.0,17,3,0.2034,0.5458,0.0,0.1719,0.0,0.0716,出张:0.25/11; 一笔画:0.21/9; 连续拍滑:0.14/6; 跳拍:0.09/4; 三叉戟:0.09/3; 二连扫:0.07/4; 绕圈星星:0.07/3; 挥手段:0.07/3; 反手:0.05/4; 普通交互:0.04/2; 错位:0.02/2; 穿心:0.02/1; 子弹:0.01/1; 井字星星:0.01/1; 楼梯交互:0.01/1; 三角交互:0.01/1; 散点:0.01/1,一笔画; 出张; 连续拍滑
910-橙の幻想郷音頭-mas,910,橙の幻想郷音頭,mas,13.3,13.3-13.5,136.0,<140,2,0.9874,136.0,<140,136@91.8s; 120@1.2s,53,93.76,564,387,6.015,10.642,0.6223,0.133,0.0124,0.0461,0.0,12.0,15,7,0.0035,0.0,0.922,0.0,0.0319,0.0426,跳拍:0.51/13; 连续拍滑:0.36/6; 夹键拍滑:0.36/6; 连续双押:0.23/7; 单双/双单:0.21/3; 出张:0.15/6; 鼓动段:0.11/2; 子弹:0.09/2; 三叉戟:0.08/2; 双押纵:0.06/2; 2+1:0.06/1; 纵连:0.06/3; 散点:0.04/1; 二连扫:0.04/1; 挥手段:0.04/1,出张; 单双/双单; 夹键拍滑; 跳拍; 连续双押; 连续拍滑; 鼓动段
915-妖精村の月誕祭 ～Lunate Elf-mas,915,妖精村の月誕祭 ～Lunate Elf,mas,13.3,13.3-13.5,132.0,<140,1,1.0,132.0,<140,132@99.5s,55,100.0,606,379,6.06,11.018,0.6601,0.1221,0.0627,0.033,0.0,8.0,10,7,0.0231,0.6799,0.0594,0.1551,0.0231,0.0,连续双押:0.29/8; 跳拍:0.27/8; 出张:0.27/4; 单双/双单:0.25/4; 反手:0.22/6; 错位:0.22/6; 子弹:0.20/8; 一笔画:0.04/2; 连续拍滑:0.02/1; 绕圈星星:0.02/1,出张; 单双/双单; 反手; 子弹; 跳拍; 连续双押; 错位
916-ってゐ！ ～えいえんてゐVer～-remas,916,ってゐ！ ～えいえんてゐVer～,remas,13.2,13.0-13.2,156.563,140-169,184,0.0282,156.774,140-169,156.563@3.4s; 156.58@2.7s; 148.808@1.6s; 153.338@1.6s; 159.653@1.5s; 151.054@1.2s; 156.567@1.1s; 161.509@1.1s; 163.51@1.1s; 148.566@0.8s; 148.836@0.8s; 149.378@0.8s; 150.473@0.8s; 150.967@0.8s; 151.132@0.8s; 151.3@0.8s; 151.724@0.8s; 152.342@0.8s; 152.402@0.8s; 152.548@0.8s; 152.715@0.8s; 152.814@0.8s; 153.001@0.8s; 153.199@0.8s; 153.373@0.8s; 153.477@0.8s; 153.678@0.8s; 153.711@0.8s; 153.955@0.8s; 154.012@0.8s; 154.039@0.8s; 154.254@0.8s; 154.29@0.8s; 154.308@0.8s; 154.313@0.8s; 154.327@0.8s; 154.331@0.8s; 154.387@0.8s; 154.651@0.8s; 154.714@0.8s; 154.837@0.8s; 154.974@0.8s; 155.169@0.8s; 155.286@0.8s; 155.31@0.8s; 155.588@0.8s; 155.945@0.8s; 156.07@0.8s; 156.23@0.8s; 156.333@0.8s; 156.571@0.8s; 156.593@0.8s; 156.597@0.8s; 156.605@0.8s; 156.641@0.8s; 156.738@0.8s; 156.919@0.8s; 156.987@0.8s; 156.995@0.8s; 157.051@0.8s; 157.337@0.8s; 157.378@0.8s; 157.496@0.8s; 157.551@0.8s; 157.633@0.8s; 157.636@0.8s; 157.646@0.8s; 157.735@0.8s; 157.791@0.8s; 157.855@0.8s; 158.066@0.8s; 158.154@0.8s; 158.225@0.8s; 158.303@0.8s; 158.453@0.8s; 158.613@0.8s; 158.658@0.8s; 158.851@0.8s; 159.057@0.8s; 159.163@0.8s; 159.291@0.8s; 159.387@0.8s; 159.419@0.8s; 159.451@0.8s; 159.497@0.8s; 159.507@0.8s; 159.687@0.8s; 159.719@0.8s; 159.818@0.8s; 159.987@0.8s; 160.116@0.7s; 160.297@0.7s; 160.34@0.7s; 160.651@0.7s; 160.874@0.7s; 160.897@0.7s; 161.009@0.7s; 161.25@0.7s; 161.391@0.7s; 161.512@0.7s; 161.548@0.7s; 161.685@0.7s; 161.914@0.7s; 162.191@0.7s; 162.621@0.7s; 162.799@0.7s; 163.077@0.7s; 163.364@0.7s; 163.547@0.7s; 163.779@0.7s; 163.922@0.7s; 164.691@0.7s; 164.774@0.7s; 164.874@0.7s; 148.215@0.4s; 148.71@0.4s; 149.008@0.4s; 149.129@0.4s; 149.458@0.4s; 150.051@0.4s; 150.389@0.4s; 150.782@0.4s; 151.086@0.4s; 152.111@0.4s; 152.183@0.4s; 152.798@0.4s; 153.042@0.4s; 153.596@0.4s; 153.605@0.4s; 153.837@0.4s; 154.106@0.4s; 154.157@0.4s; 154.575@0.4s; 154.965@0.4s; 154.999@0.4s; 155.182@0.4s; 155.255@0.4s; 155.62@0.4s; 155.867@0.4s; 156.309@0.4s; 156.439@0.4s; 156.441@0.4s; 156.564@0.4s; 156.574@0.4s; 156.578@0.4s; 156.586@0.4s; 156.774@0.4s; 156.818@0.4s; 156.889@0.4s; 156.891@0.4s; 157.299@0.4s; 157.369@0.4s; 157.402@0.4s; 157.982@0.4s; 158.26@0.4s; 158.293@0.4s; 158.746@0.4s; 158.844@0.4s; 158.856@0.4s; 159.41@0.4s; 159.448@0.4s; 159.849@0.4s; 161.686@0.4s; 161.756@0.4s; 161.844@0.4s; 161.945@0.4s; 161.954@0.4s; 162.157@0.4s; 162.325@0.4s; 162.391@0.4s; 162.61@0.4s; 162.667@0.4s; 163.081@0.4s; 163.485@0.4s; 164.237@0.4s; 164.353@0.4s; 164.471@0.4s; 164.604@0.4s; 165.127@0.4s; 165.312@0.4s; 168.022@0.4s; 170.252@0.4s; 171.668@0.3s; 175.271@0.3s,80,122.41,853,464,6.968,10.662,0.755,0.2192,0.0,0.0141,0.0,16.0,16,8,0.2767,0.3599,0.0,0.3634,0.0,0.0,子弹:0.30/7; 单双/双单:0.30/7; 连续拍滑:0.26/10; 出张:0.24/14; 跳拍:0.23/6; 连续双押:0.19/7; 鼓动段:0.15/2; 同起点拍滑:0.11/8; 普通交互:0.09/7; 一笔画:0.04/2; 2+1:0.04/1; 错位:0.03/2; 双押纵:0.03/2; 绕圈星星:0.03/1; 大宇宙:0.03/1; 双压连续拍滑:0.03/1,出张; 单双/双单; 同起点拍滑; 子弹; 跳拍; 连续双押; 连续拍滑; 鼓动段
917-東方妖々夢 ～the maximum moving about～-mas,917,東方妖々夢 ～the maximum moving about～,mas,13.3,13.3-13.5,199.06,170-199,311,0.0361,199.623,170-199,199.06@5.1s; 197.798@4.6s; 199.69@2.1s; 201.656@1.2s; 193.904@0.9s; 201.954@0.9s; 206.211@0.9s; 212.463@0.8s; 190.196@0.6s; 190.903@0.6s; 190.965@0.6s; 192.507@0.6s; 192.954@0.6s; 193.012@0.6s; 193.083@0.6s; 193.252@0.6s; 193.62@0.6s; 193.655@0.6s; 193.813@0.6s; 193.847@0.6s; 194.145@0.6s; 194.652@0.6s; 194.932@0.6s; 195.026@0.6s; 195.184@0.6s; 195.248@0.6s; 195.55@0.6s; 195.589@0.6s; 195.601@0.6s; 195.754@0.6s; 195.87@0.6s; 196.145@0.6s; 196.198@0.6s; 196.444@0.6s; 196.459@0.6s; 196.664@0.6s; 196.845@0.6s; 197.096@0.6s; 197.176@0.6s; 197.264@0.6s; 197.346@0.6s; 197.362@0.6s; 197.423@0.6s; 197.5@0.6s; 197.579@0.6s; 197.906@0.6s; 198.002@0.6s; 198.231@0.6s; 198.254@0.6s; 198.396@0.6s; 198.424@0.6s; 198.428@0.6s; 198.553@0.6s; 198.775@0.6s; 198.865@0.6s; 198.992@0.6s; 199.112@0.6s; 199.316@0.6s; 199.344@0.6s; 199.42@0.6s; 199.503@0.6s; 199.623@0.6s; 199.977@0.6s; 200@0.6s; 200.143@0.6s; 200.25@0.6s; 200.41@0.6s; 200.554@0.6s; 200.675@0.6s; 200.682@0.6s; 200.769@0.6s; 200.934@0.6s; 201.003@0.6s; 201.25@0.6s; 201.324@0.6s; 201.47@0.6s; 201.585@0.6s; 201.678@0.6s; 201.685@0.6s; 201.723@0.6s; 201.823@0.6s; 201.924@0.6s; 202.094@0.6s; 202.116@0.6s; 202.721@0.6s; 202.837@0.6s; 202.93@0.6s; 203.061@0.6s; 203.086@0.6s; 203.375@0.6s; 203.821@0.6s; 204.181@0.6s; 204.222@0.6s; 204.279@0.6s; 204.296@0.6s; 204.482@0.6s; 204.678@0.6s; 204.712@0.6s; 204.783@0.6s; 204.805@0.6s; 204.907@0.6s; 205.148@0.6s; 205.347@0.6s; 205.396@0.6s; 205.477@0.6s; 205.496@0.6s; 205.558@0.6s; 205.587@0.6s; 205.644@0.6s; 205.699@0.6s; 206.372@0.6s; 206.381@0.6s; 206.575@0.6s; 207.465@0.6s; 207.472@0.6s; 207.757@0.6s; 207.758@0.6s; 208.215@0.6s; 208.249@0.6s; 209.303@0.6s; 209.426@0.6s; 212.795@0.6s; 172.299@0.3s; 178.989@0.3s; 180.037@0.3s; 180.123@0.3s; 181.668@0.3s; 181.769@0.3s; 182.326@0.3s; 183.287@0.3s; 183.457@0.3s; 183.493@0.3s; 186.024@0.3s; 186.707@0.3s; 187.213@0.3s; 187.753@0.3s; 188.825@0.3s; 189.365@0.3s; 189.433@0.3s; 189.582@0.3s; 190.428@0.3s; 191.28@0.3s; 191.434@0.3s; 192.477@0.3s; 192.942@0.3s; 193.153@0.3s; 193.16@0.3s; 193.287@0.3s; 193.294@0.3s; 193.548@0.3s; 193.66@0.3s; 193.676@0.3s; 193.691@0.3s; 193.762@0.3s; 194.098@0.3s; 194.103@0.3s; 194.16@0.3s; 194.189@0.3s; 194.245@0.3s; 194.331@0.3s; 194.359@0.3s; 194.402@0.3s; 194.404@0.3s; 194.43@0.3s; 194.431@0.3s; 194.443@0.3s; 194.459@0.3s; 194.573@0.3s; 194.602@0.3s; 194.616@0.3s; 194.717@0.3s; 194.731@0.3s; 194.76@0.3s; 194.788@0.3s; 194.874@0.3s; 195.104@0.3s; 195.32@0.3s; 195.349@0.3s; 195.363@0.3s; 195.393@0.3s; 195.508@0.3s; 195.566@0.3s; 195.638@0.3s; 195.667@0.3s; 195.739@0.3s; 195.783@0.3s; 195.826@0.3s; 196.073@0.3s; 196.087@0.3s; 196.16@0.3s; 196.189@0.3s; 196.364@0.3s; 196.422@0.3s; 196.439@0.3s; 196.758@0.3s; 197.007@0.3s; 197.169@0.3s; 197.198@0.3s; 197.507@0.3s; 197.581@0.3s; 197.787@0.3s; 197.862@0.3s; 198.188@0.3s; 198.277@0.3s; 198.307@0.3s; 198.426@0.3s; 198.753@0.3s; 198.918@0.3s; 199.172@0.3s; 199.217@0.3s; 199.23@0.3s; 199.562@0.3s; 199.672@0.3s; 199.683@0.3s; 199.789@0.3s; 199.802@0.3s; 199.864@0.3s; 199.909@0.3s; 199.911@0.3s; 199.924@0.3s; 199.94@0.3s; 199.991@0.3s; 200.031@0.3s; 200.137@0.3s; 200.151@0.3s; 200.197@0.3s; 200.228@0.3s; 200.242@0.3s; 200.44@0.3s; 200.444@0.3s; 200.486@0.3s; 200.607@0.3s; 200.627@0.3s; 200.638@0.3s; 200.653@0.3s; 200.698@0.3s; 200.718@0.3s; 200.775@0.3s; 200.835@0.3s; 200.836@0.3s; 200.896@0.3s; 200.908@0.3s; 200.927@0.3s; 201.001@0.3s; 201.019@0.3s; 201.083@0.3s; 201.11@0.3s; 201.125@0.3s; 201.14@0.3s; 201.156@0.3s; 201.202@0.3s; 201.217@0.3s; 201.232@0.3s; 201.234@0.3s; 201.309@0.3s; 201.341@0.3s; 201.378@0.3s; 201.401@0.3s; 201.432@0.3s; 201.462@0.3s; 201.493@0.3s; 201.646@0.3s; 201.662@0.3s; 201.739@0.3s; 201.785@0.3s; 201.8@0.3s; 201.818@0.3s; 201.831@0.3s; 201.877@0.3s; 201.986@0.3s; 202@0.3s; 202.17@0.3s; 202.233@0.3s; 202.278@0.3s; 202.308@0.3s; 202.332@0.3s; 202.355@0.3s; 202.464@0.3s; 202.477@0.3s; 202.542@0.3s; 202.619@0.3s; 202.83@0.3s; 203.058@0.3s; 203.148@0.3s; 203.242@0.3s; 203.398@0.3s; 203.555@0.3s; 203.743@0.3s; 203.994@0.3s; 204.025@0.3s; 204.032@0.3s; 204.134@0.3s; 204.191@0.3s; 204.278@0.3s; 204.512@0.3s; 204.736@0.3s; 205.001@0.3s; 205.26@0.3s; 206.001@0.3s; 206.913@0.3s; 208.036@0.3s; 208.128@0.3s; 208.216@0.3s; 208.744@0.3s; 210@0.3s; 210.435@0.3s; 211.166@0.3s; 212.437@0.3s; 216.547@0.3s; 218.454@0.3s; 218.551@0.3s,118,142.06,780,531,5.491,6.61,0.5885,0.2141,0.0577,0.0128,0.0,8.0,12,2,0.2692,0.7051,0.0,0.0231,0.0,0.0,连续拍滑:0.18/17; 跳拍:0.13/7; 夹键拍滑:0.08/6; 出张:0.08/6; 绕圈星星:0.08/3; 子弹:0.07/8; 连续双押:0.05/3; 一笔画:0.05/1; 井字星星:0.03/4; 错位:0.03/3; 普通交互:0.02/1; 三角交互:0.01/1,跳拍; 连续拍滑
918-物凄い勢いでけーねが物凄いうた-mas,918,物凄い勢いでけーねが物凄いうた,mas,13.4,13.3-13.5,180.0,170-199,1,1.0,180.0,170-199,180@102.0s,74,98.67,599,429,6.071,8.095,0.5259,0.1402,0.0501,0.0551,0.0,8.0,16,5,0.1753,0.4708,0.0,0.3239,0.0,0.0,子弹:0.18/9; 连续双押:0.15/9; 一笔画:0.15/9; 反手:0.12/8; 出张:0.12/7; 连续拍滑:0.09/6; 单双/双单:0.09/4; 轴交互:0.07/2; 跳拍:0.04/3; 穿心:0.04/2; 二连扫:0.03/2; CYCLES型星星:0.03/2; 绕圈星星:0.03/2; 夹键拍滑:0.03/1; 错位:0.03/2; 拆弹:0.01/1,一笔画; 出张; 反手; 子弹; 连续双押
919-進捗どうですか？-mas,919,進捗どうですか？,mas,13.6,13.6-13.8,199.0,170-199,1,1.0,199.0,170-199,199@124.2s,103,124.22,918,551,7.39,8.913,0.7004,0.1471,0.0675,0.0349,0.0,8.0,17,6,0.1917,0.6242,0.0,0.11,0.0,0.0,连续双押:0.45/21; 子弹:0.28/14; 出张:0.26/11; 单双/双单:0.18/8; 连续拍滑:0.17/11; 跳拍:0.11/10; 普通交互:0.05/3; 纵连:0.05/4; 二连扫:0.04/2; 穿心:0.04/2; 反手:0.03/2; 挥手段:0.02/2; 三叉戟:0.02/2; 双押纵:0.01/1; 三角交互:0.01/1; 井字星星:0.01/1; 错位:0.01/1,出张; 单双/双单; 子弹; 跳拍; 连续双押; 连续拍滑
92-チルノのパーフェクトさんすう教室-mas,92,チルノのパーフェクトさんすう教室,mas,13.3,13.3-13.5,175.0,170-199,1,1.0,175.0,170-199,175@123.4s,87,119.31,526,454,4.409,6.046,0.27,0.0551,0.1407,0.0399,0.0,8.0,13,3,0.0684,0.7757,0.0,0.1445,0.0,0.0,反手:0.20/10; 跳拍:0.13/5; 子弹:0.11/5; 二连扫:0.09/6; 出张:0.08/5; 连续双押:0.07/6; 大宇宙:0.03/1; 连续拍滑:0.03/2; 普通交互:0.02/1; 一笔画:0.02/1; 绕圈星星:0.02/1; 双押纵:0.01/1; 井字星星:0.01/1,反手; 子弹; 跳拍
921-Imperishable Night 2006 (2016 Refine)-mas,921,Imperishable Night 2006 (2016 Refine),mas,13.8,13.6-13.8,161.0,140-169,1,1.0,161.0,140-169,161@129.3s,87,129.69,1043,810,8.042,11.989,0.4075,0.0901,0.0249,0.0585,0.0,16.0,19,7,0.0489,0.3145,0.0,0.5628,0.0489,0.0153,反手:0.36/12; 子弹:0.23/10; 跳拍:0.18/5; 三角交互:0.17/2; 连续双押:0.14/8; 单双/双单:0.11/2; 轴交互:0.10/4; 楼梯交互:0.09/3; 错位:0.09/8; 普通交互:0.07/3; 纵连:0.05/1; 连续拍滑:0.05/3; 二连扫:0.05/3; 鼓动段:0.02/1; 大宇宙:0.02/1; 出张:0.02/2; 散点:0.02/1; 三叉戟:0.01/1; 拆弹:0.01/1,三角交互; 单双/双单; 反手; 子弹; 跳拍; 轴交互; 连续双押
922-もうみんなしねばいいのに-mas,922,もうみんなしねばいいのに,mas,14.0,13.9-14.1,180.0,170-199,1,1.0,180.0,170-199,180@137.3s,96,128.0,906,693,7.078,9.438,0.4183,0.1391,0.0166,0.0563,0.0,8.0,19,8,0.1049,0.5552,0.0,0.2881,0.0033,0.0353,子弹:0.25/7; 错位:0.17/8; 连续拍滑:0.16/5; 单双/双单:0.15/7; 轴交互:0.14/3; 普通交互:0.12/6; 三角交互:0.11/4; 出张:0.10/7; 夹键拍滑:0.09/5; 纵连:0.08/7; 楼梯交互:0.07/3; 反手:0.05/2; 同起点拍滑:0.04/1; 连续双押:0.03/3; 二连扫:0.02/1; 一笔画:0.02/1; 长纵连:0.02/1; 跳拍:0.02/2; 鼓动段:0.02/1,三角交互; 出张; 单双/双单; 子弹; 普通交互; 轴交互; 连续拍滑; 错位
923-Grip & Break down !!-mas,923,Grip & Break down !!,mas,13.4,13.3-13.5,160.0,140-169,1,1.0,160.0,140-169,160@136.5s,88,132.0,718,552,5.439,8.159,0.4554,0.1226,0.0571,0.0362,0.0,8.0,15,5,0.0529,0.6602,0.0,0.2869,0.0,0.0,连续双押:0.18/5; 反手:0.18/10; 出张:0.12/9; 子弹:0.11/5; 连续拍滑:0.11/4; 跳拍:0.09/8; 轴交互:0.06/1; 井字星星:0.06/4; 定拍:0.05/1; 纵连:0.05/3; 一笔画:0.05/2; 绕圈星星:0.05/2; 侧边双押:0.03/3; 三角交互:0.03/3; 穿心:0.02/1,出张; 反手; 子弹; 连续双押; 连续拍滑
924-Scream out! -maimai SONIC WASHER Edit--mas,924,Scream out! -maimai SONIC WASHER Edit-,mas,13.9,13.9-14.1,174.0,170-199,1,1.0,174.0,170-199,174@141.0s,103,142.07,1089,754,7.665,10.573,0.5473,0.1203,0.0588,0.045,0.0,16.0,24,5,0.0725,0.416,0.0,0.4839,0.0,0.0,跳拍:0.34/14; 连续双押:0.22/13; 出张:0.17/14; 单双/双单:0.13/10; 错位:0.13/9; 一笔画:0.09/7; 纵连:0.09/5; 井字星星:0.07/7; 二连扫:0.06/4; 子弹:0.06/6; 反手:0.04/4; 连续拍滑:0.03/3; 三叉戟:0.03/3; 鼓动段:0.03/3; 挥手段:0.03/3; 三角交互:0.02/2; 绕圈星星:0.02/2; 轴交互:0.02/1; 楼梯交互:0.01/1; 双压连续拍滑:0.01/1; 拆弹:0.01/1; CYCLES型星星:0.01/1; 普通交互:0.01/1; 长纵连:0.01/1,出张; 单双/双单; 跳拍; 连续双押; 错位
925-患部で止まってすぐ溶ける～狂気の優曇華院-mas,925,患部で止まってすぐ溶ける～狂気の優曇華院,mas,13.7,13.6-13.8,200.0,>=200,1,1.0,200.0,>=200,200@105.7s,87,104.4,752,471,7.203,8.644,0.6875,0.1463,0.0306,0.0332,0.0,8.0,22,5,0.1782,0.6383,0.0,0.1303,0.0,0.0,连续双押:0.31/10; 连续拍滑:0.17/9; 鼓动段:0.14/6; 出张:0.10/8; 单双/双单:0.10/5; 反手:0.07/4; 一笔画:0.07/1; 绕圈星星:0.07/1; 子弹:0.06/5; 侧边双押:0.06/3; 夹键拍滑:0.05/2; 普通交互:0.03/3; 二连扫:0.03/2; 错位:0.02/2; 纵连:0.02/1; 定拍:0.02/1; 跳拍:0.02/2; 轴交互:0.02/2; 三角交互:0.02/2; 井字星星:0.01/1; 双押纵:0.01/1; 混fr:0.01/1,出张; 单双/双单; 连续双押; 连续拍滑; 鼓动段
925-患部で止まってすぐ溶ける～狂気の優曇華院-remas,925,患部で止まってすぐ溶ける～狂気の優曇華院,remas,14.0,13.9-14.1,200.0,>=200,1,1.0,200.0,>=200,200@105.9s,87,104.4,904,684,8.659,10.391,0.4613,0.104,0.0232,0.0852,0.0,8.0,25,6,0.0243,0.5619,0.0,0.3507,0.0,0.0454,连续双押:0.24/10; 子弹:0.18/9; 连续拍滑:0.14/6; 鼓动段:0.14/6; 二连扫:0.11/6; 单双/双单:0.10/4; 普通交互:0.09/4; 夹键拍滑:0.09/4; 出张:0.08/5; 错位:0.08/4; 反手:0.07/5; 跳拍:0.07/3; 井字星星:0.07/4; 一笔画:0.05/1; 绕圈星星:0.05/1; 轴交互:0.05/2; 大风车:0.05/2; 大宇宙:0.05/2; 长纵连:0.02/1; 挥手段:0.02/1; 三叉戟:0.02/1; 定拍:0.02/1; 散点:0.02/1; 双押纵:0.01/1; 三角交互:0.01/1,二连扫; 单双/双单; 子弹; 连续双押; 连续拍滑; 鼓动段
926-Change Our MIRAI！-mas,926,Change Our MIRAI！,mas,13.4,13.3-13.5,256.0,>=200,1,1.0,256.0,>=200,256@140.6s,146,136.88,846,637,6.181,5.795,0.4728,0.1348,0.0697,0.039,0.0,8.0,16,4,0.0969,0.8983,0.0,0.0047,0.0,0.0,跳拍:0.26/25; 出张:0.17/18; 子弹:0.14/15; 连续拍滑:0.11/5; 单双/双单:0.08/6; 轴交互:0.07/4; 一笔画:0.07/3; 反手:0.05/5; 三角交互:0.04/3; 大宇宙:0.04/2; 井字星星:0.03/5; 绕圈星星:0.03/2; 连续双押:0.02/2; 三叉戟:0.02/1; 侧边双押:0.01/1; 普通交互:0.01/1,出张; 子弹; 跳拍; 连续拍滑
93-記憶、記録-mas,93,記憶、記録,mas,13.6,13.6-13.8,185.0,170-199,1,1.0,185.0,170-199,185@109.0s,78,101.19,651,486,6.433,8.346,0.4931,0.1167,0.0415,0.1336,0.0,8.0,12,7,0.0246,0.9631,0.0,0.0123,0.0,0.0,子弹:0.28/11; 跳拍:0.26/10; 出张:0.17/8; 单双/双单:0.15/5; 侧边双押:0.14/9; 穿心:0.12/2; 连续双押:0.10/5; 二连扫:0.04/2; 连续拍滑:0.03/1; 纵连:0.01/1; 井字星星:0.01/1; 反手:0.01/1,侧边双押; 出张; 单双/双单; 子弹; 穿心; 跳拍; 连续双押
93-記憶、記録-remas,93,記憶、記録,remas,14.3,14.2-14.5,185.0,170-199,1,1.0,185.0,170-199,185@107.4s,81,105.08,752,531,7.156,9.284,0.5625,0.0878,0.0266,0.1316,0.0,8.0,14,5,0.0,0.5798,0.0239,0.3657,0.0,0.0,单双/双单:0.26/10; 出张:0.22/14; 连续双押:0.21/8; 跳拍:0.19/11; 子弹:0.17/7; 错位:0.09/3; 纵连:0.07/5; 反手:0.06/3; 一笔画:0.06/3; 侧边双押:0.05/4; 绕圈星星:0.05/3; 三角交互:0.04/3; 2+1:0.02/1; 二连扫:0.01/1,出张; 单双/双单; 子弹; 跳拍; 连续双押
977-ジングルベル-mas,977,ジングルベル,mas,14.4,14.2-14.5,100.0,<140,1,1.0,100.0,<140,100@96.0s,38,91.2,648,545,7.105,17.053,0.3133,0.0571,0.0417,0.0309,0.0,16.0,23,6,0.0031,0.071,0.0,0.4306,0.25,0.0,子弹:0.61/5; 连续双押:0.24/5; 跳拍:0.18/2; 反手:0.13/2; 单双/双单:0.11/3; 出张:0.11/3; 三角交互:0.08/2; 连续拍滑:0.08/3; 井字星星:0.08/3; 纵连:0.05/2; 普通交互:0.05/2; 大宇宙:0.05/1; 逆楼梯/方向盘:0.05/1; 定拍:0.05/1; 二连扫:0.03/1; 侧边双押:0.03/1; 轴交互:0.03/1; 楼梯交互:0.03/1; 错位:0.03/1; 三叉戟:0.03/1; 鼓动段:0.03/1; 一笔画:0.03/1; 拆弹:0.03/1,出张; 单双/双单; 反手; 子弹; 跳拍; 连续双押
977-ジングルベル-remas,977,ジングルベル,remas,14.2,14.2-14.5,100.0,<140,1,1.0,100.0,<140,100@93.6s,38,91.2,737,476,8.081,19.395,0.6106,0.1682,0.0855,0.1357,0.0,16.0,23,10,0.0244,0.1452,0.0,0.5957,0.0706,0.0271,连续双押:0.42/9; 子弹:0.37/8; 挥手段:0.24/4; 出张:0.18/4; 侧边双押:0.16/3; 三叉戟:0.13/3; 错位:0.13/4; 单双/双单:0.11/3; 定拍:0.11/1; 连续拍滑:0.11/2; 纵连:0.08/1; 拆弹:0.08/3; 跳拍:0.08/3; 轴交互:0.05/1; 井字星星:0.05/2; 二连扫:0.05/2; 夹键拍滑:0.05/1; CYCLES型星星:0.03/1; 一笔画:0.03/1; 绕圈星星:0.03/1; 反手:0.03/1; 长纵连:0.03/1; 双押纵:0.03/1,三叉戟; 侧边双押; 出张; 单双/双单; 子弹; 定拍; 挥手段; 连续双押; 连续拍滑; 错位
979-厨病激発ボーイ-mas,979,厨病激発ボーイ,mas,13.8,13.6-13.8,190.0,170-199,2,0.7533,190.0,170-199,190@105.9s; 180@34.7s,106,135.58,928,656,6.845,8.755,0.5463,0.1746,0.0269,0.0172,0.0,8.0,17,8,0.0582,0.3933,0.0539,0.32,0.0,0.0,出张:0.27/11; 连续拍滑:0.20/7; 一笔画:0.19/5; 子弹:0.18/12; 夹键拍滑:0.18/6; 2+1:0.17/2; 井字星星:0.15/5; 连续双押:0.11/8; 跳拍:0.08/8; 鼓动段:0.08/1; 错位:0.06/6; 单双/双单:0.03/3; 绕圈星星:0.02/2; 纵连:0.02/1; 侧边双押:0.01/1; 普通交互:0.01/1; 三叉戟:0.01/1,2+1; 一笔画; 井字星星; 出张; 夹键拍滑; 子弹; 连续双押; 连续拍滑
981-白ゆき-mas,981,白ゆき,mas,13.4,13.3-13.5,210.0,>=200,1,1.0,210.0,>=200,210@128.1s,110,125.71,719,477,5.719,6.536,0.6008,0.1586,0.0765,0.025,0.0,8.0,16,4,0.1433,0.765,0.0097,0.0403,0.0083,0.0,子弹:0.43/22; 跳拍:0.30/10; 出张:0.14/9; 连续双押:0.13/7; 反手:0.05/4; 单双/双单:0.04/2; 二连扫:0.04/2; 大宇宙:0.03/1; 连续拍滑:0.02/1; 三角交互:0.02/1; 错位:0.01/1; CYCLES型星星:0.01/1; 一笔画:0.01/1; 绕圈星星:0.01/1; 井字星星:0.01/1; 纵连:0.01/1,出张; 子弹; 跳拍; 连续双押
986-結ンデ開イテ羅刹ト骸-remas,986,結ンデ開イテ羅刹ト骸,remas,13.3,13.3-13.5,169.3,140-169,1,1.0,169.3,140-169,169.3@126.2s,88,124.75,697,443,5.587,7.92,0.6442,0.1593,0.023,0.0158,0.0,4.0,11,5,0.4835,0.0,0.4821,0.0,0.0,0.0,一笔画:0.32/6; 跳拍:0.30/11; 出张:0.19/7; 单双/双单:0.17/3; 连续双押:0.16/3; 绕圈星星:0.07/3; 连续拍滑:0.05/2; 错位:0.03/2; 二连扫:0.03/1; 反手:0.02/1; 井字星星:0.01/1,一笔画; 出张; 单双/双单; 跳拍; 连续双押
987-ドーナツホール-mas,987,ドーナツホール,mas,13.6,13.6-13.8,252.0,>=200,1,1.0,252.0,>=200,252@136.0s,141,134.29,934,549,6.955,6.624,0.7612,0.1488,0.0343,0.0118,0.0,4.0,14,4,0.6167,0.363,0.0,0.0,0.0,0.0,单双/双单:0.35/9; 连续双押:0.26/17; 出张:0.14/16; 侧边双押:0.11/12; 2+1:0.09/2; 错位:0.07/7; 一笔画:0.07/4; 绕圈星星:0.06/3; 连续拍滑:0.04/2; 反手:0.03/2; 子弹:0.03/2; 鼓动段:0.03/1; 二连扫:0.02/1; 井字星星:0.01/1,侧边双押; 出张; 单双/双单; 连续双押
988-砂の惑星 feat. HATSUNE MIKU-mas,988,砂の惑星 feat. HATSUNE MIKU,mas,13.3,13.3-13.5,95.0,<140,1,1.0,95.0,<140,95@131.4s,51,128.84,719,488,5.58,14.098,0.5647,0.1043,0.0751,0.0111,0.0,16.0,10,5,0.0028,0.0779,0.0,0.8526,0.0,0.0,跳拍:0.67/9; 错位:0.37/4; 子弹:0.35/8; 连续双押:0.33/4; 出张:0.14/4; 绕圈星星:0.10/1; 一笔画:0.06/1; 反手:0.04/2; 单双/双单:0.04/2; 侧边双押:0.02/1,出张; 子弹; 跳拍; 连续双押; 错位
989-magician's operation-mas,989,magician's operation,mas,13.7,13.6-13.8,125.0,<140,1,1.0,125.0,<140,125@109.4s,55,105.6,557,431,5.275,10.127,0.4417,0.1382,0.0557,0.0108,0.0,16.0,11,5,0.0,0.0,0.0,0.9803,0.0,0.0,跳拍:0.44/7; 子弹:0.29/9; 一笔画:0.29/4; 单双/双单:0.11/3; 连续双押:0.11/4; 出张:0.07/2; 反手:0.07/2; 纵连:0.05/3; 轴交互:0.04/1; 散点:0.02/1; 双押纵:0.02/1,一笔画; 单双/双单; 子弹; 跳拍; 连续双押
993-VIIIbit Explorer-mas,993,VIIIbit Explorer,mas,14.5,14.2-14.5,188.0,170-199,1,1.0,188.0,170-199,188@135.0s,102,130.21,1111,792,8.532,10.892,0.5131,0.1098,0.0531,0.0891,0.0,8.0,23,8,0.1053,0.45,0.0,0.2988,0.0576,0.0522,子弹:0.25/12; 连续双押:0.19/9; 单双/双单:0.16/6; 出张:0.15/9; 连续拍滑:0.13/5; 二连扫:0.12/9; 错位:0.11/10; 反手:0.11/7; 跳拍:0.10/7; 绕圈星星:0.05/3; 纵连:0.05/5; 一笔画:0.05/4; 三角交互:0.04/2; 定拍:0.04/1; 夹键拍滑:0.04/2; 普通交互:0.03/2; 三叉戟:0.03/2; 穿心:0.03/2; 挥手段:0.02/1; 侧边双押:0.02/2; 双压连续拍滑:0.02/2; 鼓动段:0.02/1; 轴交互:0.01/1,二连扫; 出张; 单双/双单; 反手; 子弹; 连续双押; 连续拍滑; 错位
999-火炎地獄-mas,999,火炎地獄,mas,14.1,13.9-14.1,216.0,>=200,2,0.8435,216.0,>=200,216@89.9s; 172.8@16.7s,93,106.94,685,432,6.405,7.366,0.673,0.2044,0.038,0.0905,0.0,8.0,13,3,0.0088,0.7883,0.1898,0.0,0.0015,0.0044,出张:0.18/9; 子弹:0.18/5; 连续双押:0.17/5; 井字星星:0.08/4; 三角交互:0.06/2; 跳拍:0.05/5; 反手:0.05/2; 纵连:0.04/3; 错位:0.04/2; 侧边双押:0.03/2; 轴交互:0.02/1; 逆楼梯/方向盘:0.02/1; 穿心:0.01/1,出张; 子弹; 连续双押
