谱,定数,BPM,小节,时刻s,手,落键,任务类型,星星终点,BREAK,同键连续串长,同刻另一手,同刻note数,本手上一落键,本手上一类型,上一落键环距,距上一落键_拍,本手下一落键,另一手被钉,谱内位置五等分
1022-炉心融解-mas,13.2,165,20,29.4545,L,2,tap,,0,1,,1,6,hold,4,2.0,1,,2
1022-炉心融解-mas,13.2,165,24,35.2727,R,7,tap,,0,2,,1,3,hold,4,2.0,8,,2
1022-炉心融解-mas,13.2,165,26,38.7273,R,7,hold,,0,1,,1,2,slide,3,1.5,1,,3
1022-炉心融解-mas,13.2,165,30,44.5455,L,2,hold,,0,1,,1,7,slide,3,1.5,8,,3
1022-炉心融解-mas,13.2,165,46,68.5455,L,2,slide,6,0,1,,1,8,tap,2,2.0,7,hold:2>None,4
1022-炉心融解-mas,13.2,165,54,79.6364,R,6,star,,0,1,L3(slide),2,3,star,3,1.0,4,slide:8>3,5
1022-炉心融解-mas,13.2,165,54,79.6364,L,3,slide,6,0,1,R6(star),2,8,slide,3,1.0,6,,5
103-ウサテイ-mas,14,190,2,3.6316,L,3,slide,8,0,1,,1,1,hold,2,3.0,1,,1
103-ウサテイ-mas,14,190,38,48.6316,L,2,hold,,0,1,,1,4,tap,2,1.0,7,,3
103-ウサテイ-mas,14,190,40,51.1579,R,7,hold,,0,1,,1,5,tap,2,1.0,3,,3
103-ウサテイ-mas,14,190,48,61.2632,L,3,slide,8,0,1,R2(star),2,6,slide,3,1.0,7,slide:2>5,3
103-ウサテイ-mas,14,190,49,62.8421,R,7,tap,,0,1,,1,8,tap,1,0.5,5,slide:4>1,3
103-ウサテイ-mas,14,190,51,65.3684,L,2,tap,,0,1,,1,1,tap,1,0.5,4,slide:5>8,4
103-ウサテイ-mas,14,190,52,66.6316,R,7,tap,,0,1,,1,5,tap,2,1.25,6,,4
103-ウサテイ-mas,14,190,53,67.2632,R,6,star,,0,1,L1(slide),2,7,tap,1,2.0,3,slide:1>6,4
103-ウサテイ-mas,14,190,55,69.7895,L,3,star,,0,1,R8(slide),2,1,tap,2,2.0,6,slide:8>3,4
103-ウサテイ-mas,14,190,56,71.6842,R,7,tap,,1,1,,1,5,tap,2,1.25,2,,4
103-ウサテイ-mas,14,190,57,72.8684,R,6,tap,,0,1,,1,5,tap,1,0.75,8,,4
103-ウサテイ-mas,14,190,58,73.8158,L,3,tap,,0,1,,1,1,tap,2,1.25,7,,4
103-ウサテイ-mas,14,190,59,75.3947,L,3,tap,,0,1,,1,4,tap,1,0.75,1,,4
103-ウサテイ-mas,14,190,60,76.3421,R,6,tap,,0,1,,1,8,tap,2,1.25,8,,4
103-ウサテイ-mas,14,190,61,77.3684,R,7,tap,,0,1,L6(slide),2,8,tap,1,2.0,8,slide:6>1,4
103-ウサテイ-mas,14,190,61,77.9211,R,6,tap,,0,1,,1,8,tap,2,0.75,5,,4
103-ウサテイ-mas,14,190,62,78.8684,L,3,tap,,0,1,,1,4,tap,1,1.75,3,,4
103-ウサテイ-mas,14,190,62,79.2632,L,3,tap,,1,2,R2(slide),2,3,tap,0,1.25,2,slide:2>5,4
103-ウサテイ-mas,14,190,63,79.8947,L,2,tap,,0,1,R3(slide),2,3,tap,1,2.0,1,slide:3>8,4
103-ウサテイ-mas,14,190,63,80.4474,L,3,tap,,0,1,,1,1,tap,2,0.75,4,,4
103-ウサテイ-mas,14,190,64,81.3947,R,6,tap,,0,1,,1,5,tap,1,1.75,2,,4
103-ウサテイ-mas,14,190,70,88.4211,R,7,star,,0,1,L6(slide),2,8,tap,1,2.0,7,slide:6>2,5
103-ウサテイ-mas,14,190,70,88.7368,R,7,slide,3,0,1,L6(star),2,7,star,0,1.0,6,,5
103-ウサテイ-mas,14,190,70,89.0526,R,6,slide,1,0,1,L7(star),2,7,slide,1,1.0,2,slide:7>4,5
103-ウサテイ-mas,14,190,72,90.9474,L,2,star,,0,1,R3(slide),2,1,tap,1,2.0,2,slide:3>7,5
103-ウサテイ-mas,14,190,72,91.2632,L,2,slide,6,0,1,R3(star),2,2,star,0,1.0,3,,5
103-ウサテイ-mas,14,190,72,91.5789,L,3,slide,8,0,1,R2(star),2,2,slide,1,1.0,6,slide:2>5,5
103-ウサテイ-mas,14,190,77,98.5263,R,6,slide,2,0,1,L7(star),2,5,tap,1,1.25,7,,5
103-ウサテイ-mas,14,190,78,98.8421,R,7,slide,3,0,1,L6(star),2,6,slide,1,1.0,6,,5
103-ウサテイ-mas,14,190,78,99.1579,R,6,slide,1,0,1,L7(star),2,7,slide,1,1.0,2,slide:7>4,5
103-ウサテイ-mas,14,190,79,101.0526,L,3,slide,7,0,1,R2(star),2,4,tap,1,1.25,2,,5
103-ウサテイ-mas,14,190,80,101.3684,L,2,slide,6,0,1,R3(star),2,3,slide,1,1.0,3,,5
103-ウサテイ-mas,14,190,80,101.6842,L,3,slide,8,0,1,R2(star),2,2,slide,1,1.0,5,slide:2>5,5
104-炭★坑★節-mas,13.3,112,25,53.5714,L,2,hold,,0,1,,1,7,hold,3,2.0,4,,3
104-炭★坑★節-mas,13.3,112,28,60.5357,R,7,tap,,0,1,L6(tap),2,5,tap,2,0.5,2,,4
104-炭★坑★節-mas,13.3,112,28,61.6071,L,2,tap,,0,1,R3(tap),2,4,tap,2,0.5,7,,4
104-炭★坑★節-mas,13.3,112,30,64.8214,L,2,tap,,0,1,R3(tap),2,4,tap,2,0.5,7,,4
104-炭★坑★節-mas,13.3,112,30,65.8929,R,7,tap,,0,1,L6(tap),2,5,tap,2,0.5,2,,4
104-炭★坑★節-mas,13.3,112,32,69.1071,R,7,tap,,0,1,L6(tap),2,5,tap,2,0.5,2,,4
104-炭★坑★節-mas,13.3,112,32,70.1786,L,2,tap,,0,1,R3(tap),2,4,tap,2,0.5,7,,4
104-炭★坑★節-mas,13.3,112,33,70.9821,L,3,tap,,0,2,R2(tap),2,1,tap,2,0.5,1,,4
104-炭★坑★節-mas,13.3,112,36,78.75,R,6,tap,,0,1,L7(tap),2,5,tap,1,0.5,5,,5
1047-人里に下ったアタイがいつの間にか社畜になっていた件-mas,14,180,1,1.3333,L,3,star,,0,1,,1,4,tap,1,1.0,3,,1
1047-人里に下ったアタイがいつの間にか社畜になっていた件-mas,14,180,1,1.6667,L,3,slide,8,0,1,R1(tap),2,3,star,0,1.0,1,,1
1047-人里に下ったアタイがいつの間にか社畜になっていた件-mas,14,180,2,3.3333,R,6,tap,,0,1,,1,5,tap,1,1.0,2,slide:3>8,1
1047-人里に下ったアタイがいつの間にか社畜になっていた件-mas,14,180,3,4.6667,L,2,hold,,0,1,R1(tap),2,7,tap,3,1.0,1,,1
1047-人里に下ったアタイがいつの間にか社畜になっていた件-mas,14,180,5,7.3333,R,7,hold,,0,1,L8(tap),2,2,tap,3,1.0,8,,1
1047-人里に下ったアタイがいつの間にか社畜になっていた件-mas,14,180,7,10.0,L,3,hold,,0,1,R4(tap),2,6,tap,3,1.0,4,,1
1047-人里に下ったアタイがいつの間にか社畜になっていた件-mas,14,180,9,12.6667,R,6,hold,,0,1,L5(tap),2,3,tap,3,1.0,5,,1
1047-人里に下ったアタイがいつの間にか社畜になっていた件-mas,14,180,86,115.0,R,6,slide,1,0,1,L1(star),2,3,slide,3,1.0,1,,5
1047-人里に下ったアタイがいつの間にか社畜になっていた件-mas,14,180,87,116.6667,R,7,tap,,0,1,L2(slide),2,2,star,3,1.0,4,slide:5>2,5
1047-人里に下ったアタイがいつの間にか社畜になっていた件-mas,14,180,87,116.6667,L,2,slide,7,0,1,R7(tap),2,5,slide,3,1.0,7,,5
1048-初音ミクの消失-mas,13.9,240,28,28.25,R,7,hold,,0,1,,1,1,slide,2,2.0,1,,2
1048-初音ミクの消失-mas,13.9,240,69,69.625,R,6,slide,2,0,1,,1,2,slide,4,1.5,5,,3
1048-初音ミクの消失-mas,13.9,240,80,80.3333,R,7,tap,,0,1,,1,3,tap,4,0.667,2,,4
1048-初音ミクの消失-mas,13.9,240,80,80.5833,L,3,tap,,0,1,,1,6,tap,3,0.667,7,,4
1048-初音ミクの消失-mas,13.9,240,80,80.8333,R,6,tap,,0,1,,1,4,tap,2,0.667,2,,4
1048-初音ミクの消失-mas,13.9,240,81,81.0833,L,3,tap,,0,1,,1,5,tap,2,0.667,7,,4
1048-初音ミクの消失-mas,13.9,240,82,82.3333,L,2,tap,,0,1,,1,6,tap,4,0.667,7,,4
1048-初音ミクの消失-mas,13.9,240,82,82.5833,R,6,tap,,0,1,,1,3,tap,3,0.667,2,,4
1048-初音ミクの消失-mas,13.9,240,82,82.8333,L,3,tap,,0,1,,1,5,tap,2,0.667,7,,4
1048-初音ミクの消失-mas,13.9,240,83,83.0833,R,6,tap,,0,1,,1,4,tap,2,0.667,2,,4
1048-初音ミクの消失-mas,13.9,240,83,83.75,L,3,tap,,1,1,,1,1,tap,2,0.667,5,,4
1048-初音ミクの消失-mas,13.9,240,84,84.3333,L,2,tap,,0,1,,1,4,tap,2,0.667,7,,4
1048-初音ミクの消失-mas,13.9,240,84,84.8333,R,7,tap,,0,1,,1,5,tap,2,0.667,1,,4
1048-初音ミクの消失-mas,13.9,240,85,85.0833,L,2,tap,,0,1,,1,6,tap,4,0.667,8,,4
1048-初音ミクの消失-mas,13.9,240,85,85.3333,R,7,tap,,0,1,,1,3,tap,4,0.667,1,,4
1048-初音ミクの消失-mas,13.9,240,85,85.6667,R,7,tap,,0,1,,1,1,tap,2,0.667,5,,4
1048-初音ミクの消失-mas,13.9,240,85,86.0,R,7,tap,,0,1,,1,5,tap,2,0.667,5,,4
1048-初音ミクの消失-mas,13.9,240,86,86.3333,R,7,tap,,0,1,,1,5,tap,2,0.667,2,,4
1048-初音ミクの消失-mas,13.9,240,86,86.5833,L,3,tap,,0,1,,1,6,tap,3,0.667,1,,4
1048-初音ミクの消失-mas,13.9,240,86,86.9167,L,3,tap,,0,1,,1,1,tap,2,0.667,7,,4
1048-初音ミクの消失-mas,13.9,240,87,87.1667,R,6,tap,,0,1,,1,8,tap,2,0.667,2,,4
1048-初音ミクの消失-mas,13.9,240,87,87.4167,L,3,tap,,0,1,,1,1,tap,2,0.667,1,,4
1048-初音ミクの消失-mas,13.9,240,87,87.75,L,3,tap,,1,1,,1,1,tap,2,0.667,5,,4
1048-初音ミクの消失-mas,13.9,240,89,89.75,L,2,tap,,1,1,,1,8,tap,2,0.667,6,,4
1048-初音ミクの消失-mas,13.9,240,91,91.75,R,7,tap,,1,1,,1,1,tap,2,0.667,2,,4
1048-初音ミクの消失-mas,13.9,240,93,93.75,L,2,tap,,1,1,,1,8,tap,2,0.667,7,,4
1048-初音ミクの消失-mas,13.9,240,95,95.75,R,7,tap,,1,1,,1,1,tap,2,0.667,2,,4
1048-初音ミクの消失-mas,13.9,240,103,103.8333,R,6,tap,,0,1,,1,4,tap,2,0.667,2,,4
1048-初音ミクの消失-mas,13.9,240,110,110.0833,L,2,tap,,0,1,,1,8,slide,2,1.333,8,,5
1048-初音ミクの消失-mas,13.9,240,110,110.3333,R,7,tap,,0,1,,1,3,tap,4,0.667,2,,5
1048-初音ミクの消失-mas,13.9,240,110,110.5833,L,3,tap,,0,1,,1,6,tap,3,0.667,7,,5
1048-初音ミクの消失-mas,13.9,240,111,111.3333,R,7,tap,,0,1,,1,3,tap,4,0.667,1,,5
105-ソーラン☆節-mas,13.4,145,0,0.8276,L,3,tap,,0,1,,1,,,,,6,hold:2>None,1
105-ソーラン☆節-mas,13.4,145,3,5.3793,L,3,slide,6,0,1,R2(slide),2,4,hold,1,3.0,6,slide:2>6,1
105-ソーラン☆節-mas,13.4,145,3,6.2069,R,6,slide,3,0,1,L7(slide),2,2,slide,4,2.0,3,slide:7>3,1
105-ソーラン☆節-mas,13.4,145,10,17.7931,R,6,hold,,0,1,,1,1,tap,3,2.0,2,,1
105-ソーラン☆節-mas,13.4,145,11,18.2069,L,3,hold,,0,1,,1,7,hold,4,2.0,1,,2
105-ソーラン☆節-mas,13.4,145,18,29.7931,L,2,tap,,0,1,R3(tap),2,4,tap,2,1.0,3,,2
105-ソーラン☆節-mas,13.4,145,18,30.6207,L,3,slide,6,0,1,R2(slide),2,2,tap,1,2.0,6,slide:2>6,2
105-ソーラン☆節-mas,13.4,145,21,35.5862,R,6,hold,,0,1,,1,8,hold,2,2.0,4,,2
105-ソーラン☆節-mas,13.4,145,22,36.8276,L,3,hold,,0,1,,1,5,hold,2,2.0,5,,3
105-ソーラン☆節-mas,13.4,145,24,40.1379,L,2,slide,6,0,1,R3(slide),2,8,slide,2,2.0,6,slide:3>6,3
105-ソーラン☆節-mas,13.4,145,24,40.9655,R,6,slide,3,0,1,L7(slide),2,3,slide,3,2.0,1,slide:7>3,3
105-ソーラン☆節-mas,13.4,145,26,43.4483,L,2,slide,6,0,1,R3(slide),2,5,slide,3,2.0,4,slide:3>6,3
105-ソーラン☆節-mas,13.4,145,33,54.6207,R,7,tap,,0,1,L6(tap),2,5,tap,2,1.0,6,,4
105-ソーラン☆節-mas,13.4,145,33,55.4483,R,6,slide,3,0,1,L7(slide),2,7,tap,1,2.0,1,slide:7>3,4
105-ソーラン☆節-mas,13.4,145,36,59.8966,R,7,tap,,0,2,,1,5,slide,2,1.75,7,hold:8>None,4
105-ソーラン☆節-mas,13.4,145,36,60.0,R,7,hold,,0,2,,1,7,tap,0,0.25,5,,4
105-ソーラン☆節-mas,13.4,145,37,61.8621,L,2,tap,,0,2,,1,4,hold,2,1.5,2,hold:3>None,4
105-ソーラン☆節-mas,13.4,145,37,61.9655,L,2,tap,,0,2,,1,2,tap,0,0.25,1,hold:3>None,4
105-ソーラン☆節-mas,13.4,145,52,86.069,R,7,tap,,0,1,L6(tap),2,2,tap,3,0.5,6,,5
105-ソーラン☆節-mas,13.4,145,52,86.8966,R,6,slide,3,0,1,L7(slide),2,7,tap,1,2.0,3,slide:7>3,5
105-ソーラン☆節-mas,13.4,145,53,87.7241,L,2,tap,,0,1,R3(tap),2,7,slide,3,2.0,3,,5
105-ソーラン☆節-mas,13.4,145,53,88.5517,L,3,slide,6,0,1,R2(slide),2,2,tap,1,2.0,,slide:2>6,5
106-トルコ行進曲 - オワタ＼(^o^)／-mas,13.8,120,3,6.75,R,7,tap,,0,2,L6(tap),2,5,tap,2,0.5,8,,1
106-トルコ行進曲 - オワタ＼(^o^)／-mas,13.8,120,3,7.75,L,3,tap,,0,1,R2(tap),2,1,tap,2,0.5,1,,1
106-トルコ行進曲 - オワタ＼(^o^)／-mas,13.8,120,5,10.25,L,2,tap,,0,1,R3(tap),2,1,tap,1,0.5,1,,1
106-トルコ行進曲 - オワタ＼(^o^)／-mas,13.8,120,8,16.25,L,3,tap,,0,1,R2(tap),2,4,tap,1,0.5,4,,1
106-トルコ行進曲 - オワタ＼(^o^)／-mas,13.8,120,22,45.375,R,6,hold,,0,1,,1,5,tap,1,1.0,8,,2
106-トルコ行進曲 - オワタ＼(^o^)／-mas,13.8,120,24,48.0,R,7,tap,,0,1,L6(tap),2,5,tap,2,0.5,1,,3
106-トルコ行進曲 - オワタ＼(^o^)／-mas,13.8,120,28,57.375,L,2,tap,,1,1,R3(tap),2,7,tap,3,1.75,5,,3
106-トルコ行進曲 - オワタ＼(^o^)／-mas,13.8,120,56,113.0,R,6,star,,0,1,L3(slide),2,3,star,3,1.0,1,slide:8>3,5
106-トルコ行進曲 - オワタ＼(^o^)／-mas,13.8,120,56,113.0,L,3,slide,6,0,1,R6(star),2,8,slide,3,1.0,6,,5
1069-渦状銀河のシンフォニエッタ-mas,14.3,238,27,27.2269,R,6,hold,,0,1,,1,2,hold,4,4.0,2,,1
1069-渦状銀河のシンフォニエッタ-mas,14.3,238,34,35.4202,L,2,slide,5,0,1,,1,5,tap,3,2.0,6,hold:2>None,2
1069-渦状銀河のシンフォニエッタ-mas,14.3,238,84,85.5462,R,6,tap,,0,1,,1,2,tap,4,0.667,3,,3
1069-渦状銀河のシンフォニエッタ-mas,14.3,238,85,85.7983,L,2,tap,,0,1,,1,7,tap,3,0.667,6,,3
1069-渦状銀河のシンフォニエッタ-mas,14.3,238,85,86.0504,R,7,tap,,0,1,,1,1,tap,2,0.667,2,,3
1069-渦状銀河のシンフォニエッタ-mas,14.3,238,114,115.7143,R,7,slide,3,0,1,,1,1,slide,2,4.0,2,,4
1069-渦状銀河のシンフォニエッタ-mas,14.3,238,133,135.1261,R,6,star,,0,1,,1,2,slide,4,1.0,6,hold:5>None,5
1069-渦状銀河のシンフォニエッタ-mas,14.3,238,133,135.3782,R,6,slide,8,0,1,,1,6,star,0,1.0,2,hold:5>None,5
1069-渦状銀河のシンフォニエッタ-mas,14.3,238,134,136.1345,R,6,star,,0,1,,1,2,slide,4,1.0,2,slide:6>8,5
1069-渦状銀河のシンフォニエッタ-mas,14.3,238,135,137.1429,L,2,star,,0,1,R6(slide),2,6,star,4,1.0,6,slide:2>6,5
1069-渦状銀河のシンフォニエッタ-mas,14.3,238,135,137.1429,R,6,slide,2,0,1,L2(star),2,2,slide,4,1.0,2,,5
1069-渦状銀河のシンフォニエッタ-mas,14.3,238,136,137.6471,L,2,star,,0,1,R6(slide),2,6,star,4,1.0,6,slide:2>6,5
1069-渦状銀河のシンフォニエッタ-mas,14.3,238,136,137.6471,R,6,slide,2,0,1,L2(star),2,2,slide,4,1.0,2,,5
1069-渦状銀河のシンフォニエッタ-mas,14.3,238,136,138.1513,L,2,tap,,0,1,R6(slide),2,6,star,4,1.0,5,slide:2>6,5
1069-渦状銀河のシンフォニエッタ-mas,14.3,238,136,138.1513,R,6,slide,2,0,1,L2(tap),2,2,slide,4,1.0,3,,5
111-Quartet Theme [Reborn]-mas,13,137,8,14.6715,L,2,hold,,0,2,,1,1,hold,1,1.5,4,,1
111-Quartet Theme [Reborn]-mas,13,137,9,16.3139,L,3,hold,,0,1,,1,4,tap,1,1.5,1,,1
111-Quartet Theme [Reborn]-mas,13,137,10,18.1752,R,7,hold,,0,2,,1,8,hold,1,1.5,5,,1
111-Quartet Theme [Reborn]-mas,13,137,11,19.8175,R,6,hold,,0,1,,1,5,tap,1,1.5,8,,1
111-Quartet Theme [Reborn]-mas,13,137,13,22.9927,R,7,hold,,0,2,,1,5,hold,2,1.5,3,,1
111-Quartet Theme [Reborn]-mas,13,137,15,26.4964,L,2,hold,,0,2,,1,4,hold,2,1.5,6,,2
111-Quartet Theme [Reborn]-mas,13,137,16,28.3577,L,2,hold,,0,1,,1,6,tap,4,1.25,4,,2
111-Quartet Theme [Reborn]-mas,13,137,17,30.0,R,7,hold,,0,1,,1,5,hold,2,1.5,6,,2
111-Quartet Theme [Reborn]-mas,13,137,17,30.6569,R,6,hold,,0,1,,1,7,hold,1,1.5,2,,2
111-Quartet Theme [Reborn]-mas,13,137,18,32.1898,R,6,hold,,0,1,,1,8,hold,2,1.5,4,,2
111-Quartet Theme [Reborn]-mas,13,137,18,33.1752,L,3,hold,,0,1,,1,5,hold,2,1.5,1,,2
111-Quartet Theme [Reborn]-mas,13,137,19,34.8175,R,7,tap,,0,1,,1,3,hold,4,1.5,8,,2
111-Quartet Theme [Reborn]-mas,13,137,25,45.5474,R,6,slide,1,0,1,,1,3,hold,3,4.5,4,hold:6>None,2
111-Quartet Theme [Reborn]-mas,13,137,37,65.2555,R,7,tap,,0,1,,1,3,tap,4,1.5,6,hold:8>None,3
111-Quartet Theme [Reborn]-mas,13,137,37,65.4745,R,6,hold,,0,1,,1,7,tap,1,0.5,3,,3
111-Quartet Theme [Reborn]-mas,13,137,40,71.3869,L,3,tap,,0,1,,1,5,tap,2,1.5,4,hold:2>None,3
111-Quartet Theme [Reborn]-mas,13,137,41,72.4818,L,3,hold,,0,1,,1,8,tap,3,0.5,4,,3
111-Quartet Theme [Reborn]-mas,13,137,48,85.1825,R,7,hold,,0,1,,1,5,hold,2,2.5,1,,4
111-Quartet Theme [Reborn]-mas,13,137,56,99.1971,L,2,hold,,0,1,,1,4,hold,2,2.5,8,,5
111-Quartet Theme [Reborn]-mas,13,137,64,112.5547,R,7,tap,,0,1,,1,3,tap,4,0.5,1,,5
111-Quartet Theme [Reborn]-mas,13,137,64,112.8832,L,2,tap,,0,1,,1,6,tap,4,0.5,8,,5
111-Quartet Theme [Reborn]-mas,13,137,64,113.2117,R,7,tap,,0,1,,1,3,tap,4,0.5,2,,5
111-Quartet Theme [Reborn]-mas,13,137,64,113.5401,L,3,tap,,0,1,,1,6,tap,3,0.5,7,,5
111-Quartet Theme [Reborn]-mas,13,137,65,113.8686,R,6,tap,,0,1,,1,4,tap,2,0.5,2,,5
111-Quartet Theme [Reborn]-mas,13,137,65,114.1971,L,3,tap,,0,1,,1,5,tap,2,0.5,7,,5
111-Quartet Theme [Reborn]-mas,13,137,65,115.1825,R,7,tap,,0,1,,1,3,tap,4,0.5,5,,5
111-Quartet Theme [Reborn]-mas,13,137,68,119.4526,L,3,hold,,0,1,,1,6,tap,3,1.25,7,,5
111-Quartet Theme [Reborn]-mas,13,137,69,121.4234,L,2,hold,,0,1,,1,6,hold,4,1.5,8,,5
112-Mysterious Destiny-mas,13.3,140,4,7.7143,L,3,slide,6,0,1,,1,8,slide,3,1.0,6,,1
112-Mysterious Destiny-mas,13.3,140,5,9.4286,R,6,slide,3,0,1,,1,1,slide,3,1.0,2,,1
112-Mysterious Destiny-mas,13.3,140,8,14.1429,R,6,star,,0,1,L1(slide),2,5,slide,1,2.0,2,slide:1>6,1
112-Mysterious Destiny-mas,13.3,140,8,15.0,L,2,slide,5,0,1,,1,6,slide,4,1.0,3,,1
112-Mysterious Destiny-mas,13.3,140,9,15.8571,L,3,star,,0,1,R8(slide),2,2,slide,1,2.0,7,slide:8>3,1
112-Mysterious Destiny-mas,13.3,140,9,16.7143,R,7,slide,4,0,1,,1,3,slide,4,1.0,5,,1
112-Mysterious Destiny-mas,13.3,140,12,21.4286,L,2,slide,5,0,1,,1,7,slide,3,1.0,7,,1
112-Mysterious Destiny-mas,13.3,140,13,23.1429,R,7,slide,4,0,1,,1,2,slide,3,1.0,1,,2
112-Mysterious Destiny-mas,13.3,140,18,31.2857,L,2,slide,5,0,1,,1,4,slide,2,1.5,7,slide:3>8,2
112-Mysterious Destiny-mas,13.3,140,18,32.1429,R,7,slide,4,0,1,,1,3,slide,4,1.5,2,slide:6>1,2
112-Mysterious Destiny-mas,13.3,140,19,33.0,L,2,slide,5,0,1,,1,6,slide,4,1.5,7,slide:3>8,2
112-Mysterious Destiny-mas,13.3,140,19,33.8571,R,7,slide,4,0,1,,1,3,slide,4,1.5,8,slide:6>1,2
112-Mysterious Destiny-mas,13.3,140,27,48.0,L,3,slide,8,0,1,R2(star),2,8,slide,3,1.0,5,slide:2>5,3
112-Mysterious Destiny-mas,13.3,140,44,75.8571,R,6,star,,0,1,L1(slide),2,8,slide,2,6.0,3,slide:1>6,4
112-Mysterious Destiny-mas,13.3,140,44,76.7143,L,3,slide,8,0,1,R8(star),2,6,slide,3,1.0,8,,4
112-Mysterious Destiny-mas,13.3,140,46,79.2857,L,3,star,,0,1,R8(slide),2,8,slide,3,5.0,6,slide:8>3,4
112-Mysterious Destiny-mas,13.3,140,46,80.1429,R,6,slide,1,0,1,L1(star),2,3,slide,3,1.0,1,,4
112-Mysterious Destiny-mas,13.3,140,48,83.1429,L,3,slide,6,0,1,,1,8,slide,3,1.0,6,,4
112-Mysterious Destiny-mas,13.3,140,49,84.8571,R,6,slide,3,0,1,,1,1,slide,3,1.0,2,,4
112-Mysterious Destiny-mas,13.3,140,52,90.8571,L,2,slide,5,0,1,R3(star),2,1,slide,1,1.0,4,slide:3>8,5
112-Mysterious Destiny-mas,13.3,140,53,92.5714,R,6,slide,1,0,1,L7(star),2,5,slide,1,1.0,8,slide:7>4,5
112-Mysterious Destiny-mas,13.3,140,54,94.2857,L,2,slide,5,0,1,R3(star),2,1,slide,1,1.0,4,slide:3>8,5
112-Mysterious Destiny-mas,13.3,140,56,96.8571,R,7,slide,4,0,1,L6(star),2,8,slide,1,1.0,5,slide:6>1,5
112-Mysterious Destiny-mas,13.3,140,57,98.5714,L,3,slide,8,0,1,R2(star),2,4,slide,1,1.0,1,slide:2>5,5
112-Mysterious Destiny-mas,13.3,140,58,100.2857,R,7,slide,4,0,1,L6(star),2,8,slide,1,1.0,5,slide:6>1,5
112-Mysterious Destiny-mas,13.3,140,59,102.0,L,3,slide,8,0,1,R2(star),2,4,slide,1,1.0,1,slide:2>5,5
113-Urban Crusher [Remix]-mas,13.4,155,9,14.5161,L,2,tap,,0,1,,1,7,hold,3,1.5,3,hold:1>None,1
113-Urban Crusher [Remix]-mas,13.4,155,9,14.7097,L,3,hold,,0,1,,1,2,tap,1,0.5,6,,1
113-Urban Crusher [Remix]-mas,13.4,155,11,17.2258,L,3,tap,,0,1,,1,5,slide,2,1.0,4,hold:2>None,1
113-Urban Crusher [Remix]-mas,13.4,155,11,17.8065,R,6,hold,,0,1,,1,5,tap,1,0.5,1,,1
113-Urban Crusher [Remix]-mas,13.4,155,13,20.7097,L,2,tap,,0,1,,1,7,hold,3,1.5,3,hold:1>None,1
113-Urban Crusher [Remix]-mas,13.4,155,13,20.9032,L,3,hold,,0,1,,1,2,tap,1,0.5,6,,1
113-Urban Crusher [Remix]-mas,13.4,155,15,23.4194,L,3,tap,,0,1,,1,5,slide,2,1.0,4,hold:2>None,2
113-Urban Crusher [Remix]-mas,13.4,155,15,24.0,R,6,hold,,0,1,,1,5,tap,1,0.5,1,,2
113-Urban Crusher [Remix]-mas,13.4,155,16,25.6452,R,6,tap,,0,1,,1,3,tap,3,1.25,5,,2
113-Urban Crusher [Remix]-mas,13.4,155,38,58.8387,L,2,tap,,0,1,R3(tap),2,8,tap,2,1.0,5,,3
113-Urban Crusher [Remix]-mas,13.4,155,38,59.2258,R,7,tap,,0,2,L6(tap),2,4,tap,3,0.5,8,,3
113-Urban Crusher [Remix]-mas,13.4,155,38,60.0,R,7,tap,,0,1,L6(tap),2,8,tap,1,1.0,1,,3
113-Urban Crusher [Remix]-mas,13.4,155,41,64.0645,R,7,hold,,0,1,,1,3,tap,4,0.5,8,,4
113-Urban Crusher [Remix]-mas,13.4,155,41,64.8387,L,2,hold,,0,1,,1,4,tap,2,0.5,4,,4
113-Urban Crusher [Remix]-mas,13.4,155,42,65.4194,R,6,tap,,0,1,,1,8,tap,2,0.5,5,hold:2>None,4
113-Urban Crusher [Remix]-mas,13.4,155,42,66.1935,L,3,tap,,0,1,,1,4,tap,1,0.5,2,hold:5>None,4
113-Urban Crusher [Remix]-mas,13.4,155,42,66.3871,L,2,tap,,0,1,,1,3,tap,1,0.5,1,hold:5>None,4
113-Urban Crusher [Remix]-mas,13.4,155,45,70.0645,L,3,tap,,0,1,,1,7,slide,4,2.5,7,hold:1>None,4
113-Urban Crusher [Remix]-mas,13.4,155,45,70.6452,R,6,tap,,0,1,,1,1,hold,3,2.5,4,hold:7>None,4
113-Urban Crusher [Remix]-mas,13.4,155,49,76.2581,L,3,tap,,0,1,,1,8,tap,3,3.5,7,hold:1>None,4
113-Urban Crusher [Remix]-mas,13.4,155,49,76.8387,R,6,tap,,0,1,,1,1,hold,3,2.5,4,hold:7>None,4
113-Urban Crusher [Remix]-mas,13.4,155,51,79.3548,L,2,tap,,0,1,,1,5,hold,3,3.5,4,hold:1>None,4
113-Urban Crusher [Remix]-mas,13.4,155,51,80.129,R,7,tap,,0,1,,1,5,tap,2,0.5,8,hold:4>None,4
113-Urban Crusher [Remix]-mas,13.4,155,53,82.4516,L,3,tap,,0,1,,1,7,slide,4,2.5,7,hold:1>None,5
113-Urban Crusher [Remix]-mas,13.4,155,53,83.0323,R,6,tap,,0,1,,1,1,hold,3,2.5,4,hold:7>None,5
113-Urban Crusher [Remix]-mas,13.4,155,57,88.6452,L,2,slide,5,0,1,,1,1,tap,1,1.5,4,,5
113-Urban Crusher [Remix]-mas,13.4,155,58,90.9677,L,2,slide,5,0,1,,1,6,slide,4,2.0,4,,5
113-Urban Crusher [Remix]-mas,13.4,155,60,93.2903,L,2,slide,5,0,1,,1,6,slide,4,2.0,4,,5
1139-AFTER PANDORA-mas,14.2,85,7,28.2353,L,2,slide,6,0,1,R7(slide),2,7,slide,3,1.0,5,slide:7>3,2
1139-AFTER PANDORA-mas,14.2,85,7,28.2353,R,7,slide,3,0,1,L2(slide),2,2,slide,3,1.0,4,slide:2>6,2
1139-AFTER PANDORA-mas,14.2,85,9,35.6471,L,3,tap,,0,1,,1,8,slide,3,1.0,8,,2
115-Beat Of Mind-remas,14.2,140,19,34.2857,R,6,slide,3,0,1,L4(hold),2,3,tap,3,1.5,2,hold:4>None,2
115-Beat Of Mind-remas,14.2,140,22,39.4286,L,3,slide,7,0,1,,1,1,tap,2,0.5,1,,2
115-Beat Of Mind-remas,14.2,140,24,42.8571,R,6,slide,2,0,1,,1,8,tap,2,0.5,8,,3
115-Beat Of Mind-remas,14.2,140,26,46.2857,R,6,slide,2,0,1,,1,8,tap,2,0.5,8,,3
115-Beat Of Mind-remas,14.2,140,28,49.7143,L,3,slide,7,0,1,,1,1,tap,2,0.5,1,,3
115-Beat Of Mind-remas,14.2,140,47,80.6786,R,6,tap,,0,1,,1,5,tap,1,0.083,2,,5
115-Beat Of Mind-remas,14.2,140,47,81.0,L,3,tap,,0,1,,1,4,tap,1,0.083,7,,5
115-Beat Of Mind-remas,14.2,140,47,81.3214,R,6,tap,,0,1,,1,5,tap,1,0.083,2,,5
115-Beat Of Mind-remas,14.2,140,49,84.1071,L,3,tap,,0,1,,1,4,tap,1,0.083,7,,5
115-Beat Of Mind-remas,14.2,140,49,84.4286,R,6,tap,,0,1,,1,5,tap,1,0.083,2,,5
115-Beat Of Mind-remas,14.2,140,49,84.75,L,3,tap,,0,1,,1,4,tap,1,0.083,7,,5
115-Beat Of Mind-remas,14.2,140,55,95.3571,R,7,wifi,3,0,1,LR7(wifi),1,4,tap,3,1.5,,,5
118-檄！帝国華撃団(改)-remas,13.1,144,12,20.8333,R,7,slide,4,0,1,L4(tap),2,2,slide,3,1.0,2,,2
118-檄！帝国華撃団(改)-remas,13.1,144,27,45.8333,L,2,hold,,0,1,R3(star),2,4,tap,2,0.5,1,slide:3>8,3
118-檄！帝国華撃団(改)-remas,13.1,144,28,47.5,R,7,hold,,0,1,L6(star),2,5,tap,2,0.5,8,slide:6>1,3
118-檄！帝国華撃団(改)-remas,13.1,144,32,54.5833,L,2,slide,6,0,1,,1,7,slide,3,2.0,7,,3
118-檄！帝国華撃団(改)-remas,13.1,144,43,73.3333,L,2,wifi,6,0,1,LR2(wifi),1,8,hold,2,4.0,8,,4
118-檄！帝国華撃団(改)-remas,13.1,144,47,80.0,R,7,wifi,3,0,1,LR7(wifi),1,8,hold,1,4.0,5,,5
119-Black Out-mas,13.3,142,19,33.2746,R,6,hold,,0,1,,1,1,slide,3,0.75,8,,3
119-Black Out-mas,13.3,142,20,35.2817,L,2,hold,,0,1,,1,4,hold,2,1.5,5,,3
119-Black Out-mas,13.3,142,21,36.9718,L,3,hold,,0,1,,1,5,hold,2,1.5,2,,3
119-Black Out-mas,13.3,142,22,38.0282,L,2,slide,5,0,1,R6(hold),2,3,hold,1,2.5,7,hold:6>None,3
119-Black Out-mas,13.3,142,22,38.0282,R,6,hold,,0,1,L2(slide),2,2,tap,4,0.5,8,slide:2>5,3
119-Black Out-mas,13.3,142,23,40.0352,L,2,hold,,0,1,,1,7,slide,3,0.75,8,,3
119-Black Out-mas,13.3,142,29,50.493,R,7,hold,,0,1,L6(tap),2,5,tap,2,0.75,5,,4
119-Black Out-mas,13.3,142,30,52.1831,L,2,hold,,0,1,R3(tap),2,4,tap,2,0.75,4,,4
119-Black Out-mas,13.3,142,36,62.3239,R,7,hold,,0,1,,1,1,hold,2,1.5,1,,4
119-Black Out-mas,13.3,142,37,64.0141,R,7,hold,,0,1,,1,5,hold,2,1.5,8,,4
119-Black Out-mas,13.3,142,38,64.4366,L,3,star,,0,1,,1,6,hold,3,1.75,3,,5
119-Black Out-mas,13.3,142,38,64.8592,L,3,slide,8,0,1,,1,3,star,0,1.0,8,,5
119-Black Out-mas,13.3,142,38,65.3873,L,3,hold,,0,1,,1,8,slide,3,0.75,7,,5
119-Black Out-mas,13.3,142,39,66.5493,R,7,slide,2,0,1,,1,2,star,3,0.5,2,,5
119-Black Out-mas,13.3,142,40,68.2394,L,2,slide,7,0,1,,1,7,star,3,0.5,7,,5
119-Black Out-mas,13.3,142,41,69.9296,R,7,slide,2,0,1,,1,2,star,3,0.5,2,,5
119-Black Out-mas,13.3,142,45,76.3732,L,3,hold,,0,1,,1,7,slide,4,1.75,7,,5
119-Black Out-mas,13.3,142,45,77.2183,R,6,hold,,0,1,,1,4,hold,2,1.25,2,,5
119-Black Out-mas,13.3,142,46,78.0634,L,3,hold,,0,1,,1,5,hold,2,1.25,7,,5
119-Black Out-mas,13.3,142,46,78.9085,R,6,hold,,0,1,,1,4,hold,2,1.25,,,5
1199-僕は空気が嫁ない-mas,13.5,192,5,6.25,R,6,tap,,0,1,,1,5,hold,1,2.0,5,hold:7>None,1
1199-僕は空気が嫁ない-mas,13.5,192,44,55.3125,R,6,star,,0,1,L8(slide),2,4,slide,2,3.0,4,slide:8>6,3
1199-僕は空気が嫁ない-mas,13.5,192,50,62.8125,R,7,slide,5,0,1,L6(tap),2,8,slide,1,1.0,2,,3
1199-僕は空気が嫁ない-mas,13.5,192,51,64.0625,L,2,slide,4,0,1,R3(tap),2,1,slide,1,1.0,7,,3
1199-僕は空気が嫁ない-mas,13.5,192,58,72.8125,L,3,slide,1,0,1,R2(tap),2,7,slide,4,1.0,7,,4
1199-僕は空気が嫁ない-mas,13.5,192,59,74.0625,R,7,slide,5,0,1,L6(tap),2,3,slide,4,1.0,8,,4
1199-僕は空気が嫁ない-mas,13.5,192,77,96.5625,L,2,slide,5,0,1,R5(star),2,5,slide,3,1.0,5,,5
1199-僕は空気が嫁ない-mas,13.5,192,77,97.1875,L,2,slide,8,0,1,R5(tap),2,5,slide,3,1.0,7,,5
1199-僕は空気が嫁ない-mas,13.5,192,82,102.5,L,3,hold,,0,1,R8(tap),2,8,tap,3,2.25,5,,5
1199-僕は空気が嫁ない-mas,13.5,192,89,111.4844,L,2,hold,,0,1,,1,6,tap,4,1.25,8,,5
120-超絶！Superlative-mas,13.2,200,8,10.65,L,3,hold,,0,1,,1,7,hold,4,8.0,1,,1
120-超絶！Superlative-mas,13.2,200,18,21.9,R,6,slide,2,0,1,,1,5,tap,1,2.0,8,,2
120-超絶！Superlative-mas,13.2,200,19,23.1,R,7,slide,3,0,1,,1,8,hold,1,2.0,5,,2
120-超絶！Superlative-mas,13.2,200,20,24.3,R,6,slide,2,0,1,,1,5,hold,1,2.0,8,,2
120-超絶！Superlative-mas,13.2,200,25,30.3,R,7,slide,3,0,1,,1,4,slide,3,1.0,8,,2
120-超絶！Superlative-mas,13.2,200,35,42.9,R,6,star,,0,1,,1,8,tap,2,2.0,6,,3
120-超絶！Superlative-mas,13.2,200,35,43.2,R,6,slide,3,0,1,,1,6,star,0,1.0,8,,3
120-超絶！Superlative-mas,13.2,200,38,45.6,R,7,hold,,0,1,L8(tap),2,1,tap,2,1.0,3,,3
120-超絶！Superlative-mas,13.2,200,39,47.7,R,6,tap,,0,1,,1,2,hold,4,3.0,3,,3
120-超絶！Superlative-mas,13.2,200,51,62.25,L,2,hold,,0,1,,1,7,tap,3,1.5,1,,3
120-超絶！Superlative-mas,13.2,200,61,74.1,L,2,slide,7,0,1,,1,6,slide,4,2.0,7,,4
120-超絶！Superlative-mas,13.2,200,64,77.7,L,2,slide,6,0,1,R3(star),2,1,slide,1,1.0,4,slide:3>7,4
120-超絶！Superlative-mas,13.2,200,67,80.4,L,2,hold,,0,1,,1,4,hold,2,4.0,7,,4
120-超絶！Superlative-mas,13.2,200,77,93.3,L,2,slide,7,0,1,,1,6,slide,4,2.0,7,,5
120-超絶！Superlative-mas,13.2,200,80,96.9,L,2,slide,6,0,1,R3(star),2,1,slide,1,1.0,4,slide:3>7,5
120-超絶！Superlative-mas,13.2,200,82,99.0,L,3,hold,,0,1,,1,1,slide,2,3.0,1,,5
121-采配の刻 Power of order-mas,13.2,185,1,2.1081,L,2,hold,,0,1,,1,6,tap,4,1.0,6,,1
121-采配の刻 Power of order-mas,13.2,185,6,7.9459,L,3,tap,,0,1,,1,1,hold,2,2.0,4,,1
121-采配の刻 Power of order-mas,13.2,185,7,9.9459,R,6,hold,,0,1,,1,8,hold,2,1.333,4,,1
121-采配の刻 Power of order-mas,13.2,185,14,19.1351,L,2,hold,,0,1,,1,4,hold,2,1.0,8,,1
121-采配の刻 Power of order-mas,13.2,185,15,20.2703,R,7,hold,,0,1,,1,1,hold,2,3.0,2,,1
121-采配の刻 Power of order-mas,13.2,185,24,32.5946,L,3,slide,8,0,1,,1,4,hold,1,1.75,1,hold:3>None,2
121-采配の刻 Power of order-mas,13.2,185,25,33.8919,R,7,slide,4,0,1,,1,8,hold,1,1.75,8,hold:7>None,2
121-采配の刻 Power of order-mas,13.2,185,26,35.1892,L,2,slide,5,0,1,,1,1,hold,1,1.75,8,hold:2>None,2
121-采配の刻 Power of order-mas,13.2,185,37,48.4324,R,7,hold,,0,1,,1,8,hold,1,1.333,2,,3
121-采配の刻 Power of order-mas,13.2,185,37,49.0811,L,3,hold,,0,1,,1,6,hold,3,1.333,8,,3
121-采配の刻 Power of order-mas,13.2,185,41,54.1622,R,6,star,,0,1,L1(slide),2,2,tap,4,3.5,2,slide:1>6,3
121-采配の刻 Power of order-mas,13.2,185,48,62.4865,L,2,hold,,0,1,,1,8,hold,2,3.167,4,,4
121-采配の刻 Power of order-mas,13.2,185,49,64.5405,L,3,star,,0,1,R8(slide),2,6,hold,3,3.667,7,slide:8>3,4
121-采配の刻 Power of order-mas,13.2,185,50,65.6757,L,2,slide,5,0,1,R2(hold),2,7,tap,3,2.5,7,hold:2>None,4
121-采配の刻 Power of order-mas,13.2,185,50,66.3243,R,7,slide,3,0,1,L7(hold),2,2,hold,3,2.0,2,hold:7>None,4
121-采配の刻 Power of order-mas,13.2,185,51,66.973,L,2,slide,6,0,1,R2(hold),2,7,hold,3,2.0,7,hold:2>None,4
121-采配の刻 Power of order-mas,13.2,185,51,67.6216,R,7,slide,4,0,1,L7(hold),2,2,hold,3,2.0,2,hold:7>None,4
121-采配の刻 Power of order-mas,13.2,185,52,68.2703,L,2,slide,5,0,1,R2(hold),2,7,hold,3,2.0,7,hold:2>None,4
121-采配の刻 Power of order-mas,13.2,185,52,68.9189,R,7,slide,4,0,1,L7(hold),2,2,hold,3,2.0,2,hold:7>None,4
121-采配の刻 Power of order-mas,13.2,185,57,75.2432,L,2,star,,0,1,R6(slide),2,6,star,4,1.0,5,slide:1>6,4
121-采配の刻 Power of order-mas,13.2,185,57,75.2432,R,6,slide,2,0,1,L2(star),2,1,slide,3,1.0,2,,4
121-采配の刻 Power of order-mas,13.2,185,64,83.2432,R,7,hold,,0,1,,1,1,hold,2,3.167,5,,5
121-采配の刻 Power of order-mas,13.2,185,65,85.2973,L,3,star,,0,1,R8(slide),2,7,hold,4,3.0,6,slide:8>3,5
121-采配の刻 Power of order-mas,13.2,185,70,91.6216,L,2,star,,0,1,R1(slide),2,6,slide,4,1.5,2,slide:1>5,5
121-采配の刻 Power of order-mas,13.2,185,70,91.9459,L,2,slide,7,0,1,R3(star),2,2,star,0,1.0,7,slide:3>6,5
1212-Halcyon-mas,14.3,191 (40-191),7,18.2199,L,2,star,,0,1,R4(slide),2,4,slide,2,2.0,7,slide:4>2,1
1212-Halcyon-mas,14.3,191 (40-191),7,19.4764,R,7,slide,5,0,1,L4(tap),2,2,slide,3,1.0,2,,1
1212-Halcyon-mas,14.3,191 (40-191),16,34.7081,R,6,star,,0,1,L1(slide),2,1,star,3,1.0,3,slide:1>6,1
1212-Halcyon-mas,14.3,191 (40-191),28,50.1007,L,3,star,,0,1,,1,7,hold,4,2.0,3,,2
1212-Halcyon-mas,14.3,191 (40-191),28,50.4149,L,3,slide,6,0,1,R2(tap),2,3,star,0,1.0,4,,2
1212-Halcyon-mas,14.3,191 (40-191),36,60.1531,R,6,star,,0,1,,1,2,hold,4,2.0,6,,2
1212-Halcyon-mas,14.3,191 (40-191),36,60.4672,R,6,slide,3,0,1,L7(tap),2,6,star,0,1.0,5,,2
1212-Halcyon-mas,14.3,191 (40-191),46,73.1897,L,3,hold,,0,1,,1,7,slide,4,2.0,7,,3
1212-Halcyon-mas,14.3,191 (40-191),50,78.0589,R,7,tap,,0,1,,1,1,tap,2,0.5,1,,3
1212-Halcyon-mas,14.3,191 (40-191),50,78.2945,L,2,tap,,0,1,,1,6,tap,4,0.5,4,,3
1212-Halcyon-mas,14.3,191 (40-191),62,92.9803,L,3,tap,,1,1,,1,4,tap,1,1.0,5,hold:2>None,3
1212-Halcyon-mas,14.3,191 (40-191),81,116.6976,L,3,slide,4,0,1,R5(tap),2,8,slide,3,1.0,7,,4
1212-Halcyon-mas,14.3,191 (40-191),81,117.1688,R,6,tap,,0,1,,1,5,tap,1,0.5,8,slide:3>4,4
1212-Halcyon-mas,14.3,191 (40-191),92,131.462,L,3,slide,7,0,1,R5(star),2,4,slide,1,1.0,8,slide:5>1,5
1212-Halcyon-mas,14.3,191 (40-191),94,133.9751,R,6,slide,2,0,1,L4(star),2,5,slide,1,1.0,1,slide:4>8,5
1212-Halcyon-mas,14.3,191 (40-191),97,136.4882,R,7,star,,0,1,L4(slide),2,4,star,3,1.0,2,slide:4>7,5
1212-Halcyon-mas,14.3,191 (40-191),100,140.6505,L,2,tap,,0,1,,1,4,tap,2,0.5,4,,5
1212-Halcyon-mas,14.3,191 (40-191),100,140.9646,L,2,tap,,0,1,,1,4,tap,2,0.5,4,,5
1212-Halcyon-mas,14.3,191 (40-191),100,141.2788,L,2,tap,,0,1,,1,4,tap,2,0.5,4,,5
1212-Halcyon-mas,14.3,191 (40-191),101,141.5929,L,2,tap,,0,1,,1,4,tap,2,0.5,4,,5
1212-Halcyon-mas,14.3,191 (40-191),101,141.907,L,2,tap,,0,1,,1,4,tap,2,0.5,4,,5
1212-Halcyon-mas,14.3,191 (40-191),101,142.2212,L,2,tap,,0,1,,1,4,tap,2,0.5,4,,5
1212-Halcyon-mas,14.3,191 (40-191),102,143.0065,R,7,tap,,0,1,,1,5,tap,2,0.5,5,,5
1212-Halcyon-mas,14.3,191 (40-191),102,143.3206,R,7,tap,,0,1,,1,5,tap,2,0.5,5,,5
1212-Halcyon-mas,14.3,191 (40-191),102,143.6348,R,7,tap,,0,1,,1,5,tap,2,0.5,4,,5
122-Endless World-mas,13,142,6,10.9859,L,2,hold,,0,1,,1,7,hold,3,4.0,4,,1
122-Endless World-mas,13,142,10,17.3239,R,7,slide,4,0,1,L1(tap),2,8,hold,1,3.0,3,,1
122-Endless World-mas,13,142,15,25.3521,R,7,star,,0,1,,1,5,slide,2,3.0,7,slide:1>6,2
122-Endless World-mas,13,142,15,25.7746,R,7,slide,4,0,1,,1,7,star,0,1.0,2,,2
122-Endless World-mas,13,142,26,45.6338,L,2,slide,5,0,1,R5(star),2,5,slide,3,1.0,5,,2
122-Endless World-mas,13,142,29,49.4366,R,6,slide,2,0,1,,1,1,slide,3,2.0,6,,3
122-Endless World-mas,13,142,29,50.2817,R,6,slide,1,0,1,,1,6,slide,0,2.0,3,,3
122-Endless World-mas,13,142,34,57.8873,R,6,tap,,0,2,,1,2,hold,4,3.5,6,hold:4>None,3
122-Endless World-mas,13,142,34,58.0986,R,6,hold,,0,2,,1,6,tap,0,0.5,8,,3
122-Endless World-mas,13,142,36,61.2676,R,6,slide,2,0,1,L7(tap),2,8,tap,2,1.5,1,,3
122-Endless World-mas,13,142,38,65.0704,L,2,hold,,0,1,,1,6,hold,4,2.0,7,,3
122-Endless World-mas,13,142,40,68.4507,L,2,hold,,0,1,,1,7,tap,3,1.25,4,,3
122-Endless World-mas,13,142,48,82.3944,L,3,slide,8,0,1,R2(tap),2,7,slide,4,2.0,7,,4
122-Endless World-mas,13,142,50,85.7746,L,2,slide,5,0,1,R1(star),2,4,tap,2,2.0,6,slide:1>6,4
122-Endless World-mas,13,142,51,86.6197,R,6,slide,3,0,1,,1,1,slide,3,1.0,6,,4
122-Endless World-mas,13,142,52,88.3099,R,6,slide,2,0,1,L7(tap),2,6,slide,0,4.0,1,,4
122-Endless World-mas,13,142,54,92.1127,L,2,hold,,0,1,,1,6,hold,4,2.0,7,,4
122-Endless World-mas,13,142,56,95.493,L,2,hold,,0,1,,1,7,tap,3,1.25,4,,5
122-Endless World-mas,13,142,60,102.2535,R,6,star,,0,1,L7(hold),2,2,slide,4,1.0,6,hold:7>None,5
122-Endless World-mas,13,142,60,102.6761,R,6,slide,3,0,1,,1,6,star,0,1.0,3,,5
122-Endless World-mas,13,142,61,103.9437,R,7,star,,0,1,,1,3,slide,4,1.0,7,hold:4>None,5
122-Endless World-mas,13,142,61,104.3662,R,7,slide,2,0,1,,1,7,star,0,1.0,2,,5
123-泣き虫O'clock-mas,13.2,152,0,0.0,L,2,hold,,0,1,,1,,,,,1,,1
123-泣き虫O'clock-mas,13.2,152,1,1.5789,R,7,hold,,0,1,,1,3,hold,4,3.0,8,,1
123-泣き虫O'clock-mas,13.2,152,4,6.3158,R,6,hold,,0,1,,1,3,tap,3,0.5,3,,1
123-泣き虫O'clock-mas,13.2,152,7,12.4342,L,2,tap,,1,1,R3(tap),2,4,tap,2,1.0,2,,1
123-泣き虫O'clock-mas,13.2,152,8,12.6316,L,2,hold,,0,1,,1,2,tap,0,0.5,6,,1
123-泣き虫O'clock-mas,13.2,152,8,13.0263,R,7,hold,,0,1,,1,3,tap,4,0.5,2,,1
123-泣き虫O'clock-mas,13.2,152,14,22.1053,R,6,hold,,0,1,L1(hold),2,1,hold,3,3.0,3,hold:1>None,1
123-泣き虫O'clock-mas,13.2,152,20,33.0592,L,2,slide,7,0,1,,1,4,tap,2,1.75,3,,2
123-泣き虫O'clock-mas,13.2,152,22,34.7368,L,3,hold,,0,1,R8(hold),2,2,slide,1,4.25,7,hold:8>None,2
123-泣き虫O'clock-mas,13.2,152,25,40.0658,L,3,hold,,0,1,,1,1,tap,2,0.5,6,,2
123-泣き虫O'clock-mas,13.2,152,27,43.2237,L,2,hold,,0,1,,1,4,tap,2,0.5,1,,2
123-泣き虫O'clock-mas,13.2,152,31,49.9342,R,6,tap,,0,1,,1,5,tap,1,0.5,7,hold:1>None,2
123-泣き虫O'clock-mas,13.2,152,31,50.1316,R,7,tap,,0,1,,1,6,tap,1,0.5,8,hold:1>None,2
123-泣き虫O'clock-mas,13.2,152,32,50.9211,R,7,tap,,0,1,,1,2,tap,3,1.0,8,hold:1>None,2
123-泣き虫O'clock-mas,13.2,152,34,54.4737,L,2,slide,6,0,1,R3(star),2,1,slide,1,1.0,7,slide:3>6,3
123-泣き虫O'clock-mas,13.2,152,37,59.2105,R,7,slide,3,0,1,L1(star),2,1,slide,2,1.0,4,slide:1>6,3
123-泣き虫O'clock-mas,13.2,152,41,65.5263,R,7,slide,3,0,1,L6(star),2,8,slide,1,1.0,8,slide:6>3,3
123-泣き虫O'clock-mas,13.2,152,46,73.8158,R,6,tap,,0,1,L7(slide),2,2,tap,4,0.5,3,slide:7>2,3
123-泣き虫O'clock-mas,13.2,152,50,79.7368,L,2,slide,6,0,1,R3(star),2,1,slide,1,1.0,8,slide:3>6,4
123-泣き虫O'clock-mas,13.2,152,59,94.5395,R,6,tap,,0,1,L7(tap),2,5,hold,1,3.5,3,,4
123-泣き虫O'clock-mas,13.2,152,60,94.9342,L,2,tap,,0,1,R3(tap),2,7,tap,3,1.0,7,,4
123-泣き虫O'clock-mas,13.2,152,70,111.3158,L,2,slide,7,0,1,,1,8,hold,2,4.5,6,hold:2>None,5
123-泣き虫O'clock-mas,13.2,152,71,112.8947,R,6,slide,3,0,1,,1,2,hold,4,4.5,2,hold:6>None,5
123-泣き虫O'clock-mas,13.2,152,73,115.2632,L,2,hold,,0,1,,1,7,tap,3,2.5,1,,5
123-泣き虫O'clock-mas,13.2,152,74,116.8421,R,7,hold,,0,1,,1,3,hold,4,3.0,8,,5
123-泣き虫O'clock-mas,13.2,152,77,121.5789,R,6,hold,,0,1,,1,3,tap,3,0.5,3,,5
125-Link-remas,13.5,132,4,7.6136,L,2,tap,,0,1,R3(tap),2,5,tap,3,0.75,5,,1
125-Link-remas,13.5,132,5,9.4318,R,6,tap,,0,1,L7(tap),2,5,tap,1,0.75,4,,1
125-Link-remas,13.5,132,6,11.25,L,3,tap,,0,1,R2(tap),2,4,tap,1,0.75,5,,1
125-Link-remas,13.5,132,9,17.197,R,7,tap,,0,1,,1,5,tap,2,0.333,2,,2
125-Link-remas,13.5,132,11,20.2273,R,6,tap,,0,1,,1,2,slide,4,1.5,5,hold:7>None,2
125-Link-remas,13.5,132,12,22.2727,L,3,hold,,0,1,,1,4,tap,1,0.5,5,slide:5>1,2
125-Link-remas,13.5,132,15,27.5,L,3,tap,,0,1,,1,7,slide,4,1.5,4,hold:2>None,2
125-Link-remas,13.5,132,16,29.5455,R,6,hold,,0,1,,1,5,tap,1,0.5,4,slide:4>8,2
125-Link-remas,13.5,132,18,32.9545,L,3,hold,,0,1,,1,5,tap,2,0.5,1,,3
125-Link-remas,13.5,132,18,34.2045,L,3,tap,,0,2,,1,1,hold,2,1.25,3,hold:2>None,3
125-Link-remas,13.5,132,18,34.3182,L,3,tap,,0,2,,1,3,tap,0,0.25,5,,3
125-Link-remas,13.5,132,19,34.7727,R,6,hold,,0,1,,1,4,tap,2,0.5,8,,3
125-Link-remas,13.5,132,19,36.0227,R,6,tap,,0,2,,1,8,hold,2,1.25,6,hold:7>None,3
125-Link-remas,13.5,132,19,36.1364,R,6,tap,,0,2,,1,6,tap,0,0.25,4,,3
125-Link-remas,13.5,132,27,49.7727,L,2,slide,4,0,1,R3(tap),2,6,slide,4,0.5,1,,4
125-Link-remas,13.5,132,35,64.0909,R,6,star,,0,1,L5(slide),2,2,star,4,0.5,1,slide:8>5,5
125-Link-remas,13.5,132,35,64.3182,L,2,slide,6,0,1,R1(star),2,5,slide,3,0.5,6,,5
125-Link-remas,13.5,132,37,67.9545,R,7,tap,,1,1,L6(tap),2,4,tap,3,0.5,8,,5
125-Link-remas,13.5,132,41,75.4545,L,3,slide,1,0,1,R8(star),2,7,slide,4,0.5,4,slide:8>3,5
126-Feel My Fire-mas,13.2,123,0,0.0,L,2,tap,,0,1,R5(hold),2,,,,,1,hold:5>None,1
126-Feel My Fire-mas,13.2,123,1,2.1951,R,7,tap,,0,1,L4(hold),2,5,hold,2,4.5,8,hold:4>None,1
126-Feel My Fire-mas,13.2,123,2,4.1463,L,2,tap,,0,1,R5(hold),2,4,hold,2,4.0,1,hold:5>None,1
126-Feel My Fire-mas,13.2,123,3,6.0976,R,7,tap,,0,1,L4(hold),2,5,hold,2,4.0,8,hold:4>None,1
126-Feel My Fire-mas,13.2,123,32,62.439,R,6,hold,,0,1,,1,5,slide,1,1.5,2,,4
126-Feel My Fire-mas,13.2,123,32,63.4146,L,3,hold,,0,1,,1,7,tap,4,0.5,2,,4
126-Feel My Fire-mas,13.2,123,33,64.878,L,2,tap,,0,1,R1(slide),2,3,hold,1,3.0,8,slide:1>6,5
126-Feel My Fire-mas,13.2,123,34,67.3171,R,6,tap,,0,1,,1,1,slide,3,5.0,5,slide:7>4,5
126-Feel My Fire-mas,13.2,123,36,71.2195,L,2,tap,,0,1,,1,5,slide,3,4.5,1,slide:3>8,5
126-Feel My Fire-mas,13.2,123,38,75.6098,L,3,slide,8,0,1,,1,6,tap,3,0.5,7,,5
1260-Back 2 Back-mas,13.7,150,20,32.6,L,2,slide,6,0,1,,1,8,slide,2,0.5,7,,2
1260-Back 2 Back-mas,13.7,150,21,34.2,R,7,slide,3,0,1,,1,1,slide,2,0.5,2,,2
1260-Back 2 Back-mas,13.7,150,22,35.8,L,2,slide,6,0,1,,1,8,slide,2,0.5,7,,2
1260-Back 2 Back-mas,13.7,150,23,37.4,R,7,slide,3,0,1,,1,1,slide,2,0.5,3,,2
1260-Back 2 Back-mas,13.7,150,44,70.8,R,6,slide,3,0,1,,1,3,slide,3,0.5,3,,4
1260-Back 2 Back-mas,13.7,150,45,72.4,L,3,slide,6,0,1,,1,6,slide,3,0.5,6,,4
1260-Back 2 Back-mas,13.7,150,45,73.8,L,3,slide,6,0,1,,1,6,star,3,0.5,6,,4
1260-Back 2 Back-mas,13.7,150,46,75.4,R,6,slide,3,0,1,,1,3,star,3,0.5,3,,4
1260-Back 2 Back-mas,13.7,150,48,77.2,R,6,slide,8,0,1,L8(star),2,2,slide,4,0.5,8,,4
1260-Back 2 Back-mas,13.7,150,49,78.8,L,3,slide,1,0,1,R1(star),2,7,slide,4,0.5,1,,4
1260-Back 2 Back-mas,13.7,150,52,84.4,L,3,slide,8,0,1,R8(star),2,5,slide,2,1.0,8,,4
1260-Back 2 Back-mas,13.7,150,53,85.6,L,3,slide,8,0,1,R8(star),2,5,slide,2,1.0,8,,4
1260-Back 2 Back-mas,13.7,150,54,87.6,R,6,slide,1,0,1,L1(star),2,4,slide,2,1.0,1,,5
1260-Back 2 Back-mas,13.7,150,55,88.8,R,6,slide,1,0,1,L1(star),2,4,slide,2,1.0,1,,5
1260-Back 2 Back-mas,13.7,150,56,90.8,R,6,star,,0,1,L3(slide),2,3,star,3,1.0,1,slide:1>3,5
1260-Back 2 Back-mas,13.7,150,56,90.8,L,3,slide,6,0,1,R6(star),2,1,slide,2,1.0,6,,5
1260-Back 2 Back-mas,13.7,150,57,92.0,R,6,star,,0,1,L3(slide),2,3,star,3,1.0,3,slide:1>3,5
1260-Back 2 Back-mas,13.7,150,57,92.0,L,3,slide,6,0,1,R6(star),2,1,slide,2,1.0,6,,5
1260-Back 2 Back-mas,13.7,150,58,94.0,L,3,star,,0,1,R6(slide),2,6,star,3,1.0,8,slide:8>6,5
1260-Back 2 Back-mas,13.7,150,58,94.0,R,6,slide,3,0,1,L3(star),2,8,slide,2,1.0,3,,5
1260-Back 2 Back-mas,13.7,150,59,95.2,R,6,slide,3,0,1,,1,8,slide,2,1.0,2,,5
1260-Back 2 Back-mas,13.7,150,60,96.6,R,7,slide,5,0,1,,1,2,slide,3,0.5,5,,5
1260-Back 2 Back-mas,13.7,150,61,98.2,L,2,slide,4,0,1,,1,7,slide,3,0.5,4,,5
1260-Back 2 Back-mas,13.7,150,62,99.8,R,7,slide,5,0,1,,1,2,slide,3,0.5,5,,5
1260-Back 2 Back-mas,13.7,150,63,101.4,L,2,slide,4,0,1,,1,7,slide,3,0.5,4,,5
127-Night Fly-mas,13.2,127,5,9.4488,L,2,star,,0,1,,1,6,tap,4,2.0,2,,1
127-Night Fly-mas,13.2,127,5,9.9213,L,2,slide,6,0,1,R3(tap),2,2,star,0,1.0,7,,1
127-Night Fly-mas,13.2,127,13,25.5118,R,7,slide,3,0,1,L6(star),2,8,slide,1,1.0,1,slide:6>2,2
127-Night Fly-mas,13.2,127,18,34.252,L,3,tap,,0,1,,1,6,hold,3,4.5,4,hold:2>None,3
127-Night Fly-mas,13.2,127,19,36.1417,L,2,tap,,0,1,,1,8,hold,2,1.5,3,hold:1>None,3
127-Night Fly-mas,13.2,127,19,36.378,L,3,hold,,0,1,,1,2,tap,1,0.5,8,,3
127-Night Fly-mas,13.2,127,22,42.7559,R,7,tap,,0,1,,1,2,hold,3,1.5,6,hold:8>None,3
127-Night Fly-mas,13.2,127,22,42.9921,R,6,hold,,0,1,,1,7,tap,1,0.5,8,,3
127-Night Fly-mas,13.2,127,23,44.6457,R,6,tap,,0,1,,1,1,hold,3,1.5,5,hold:7>None,3
127-Night Fly-mas,13.2,127,28,52.9134,L,3,star,,0,1,,1,1,hold,2,8.0,8,slide:3>7,4
127-Night Fly-mas,13.2,127,30,58.1102,L,3,hold,,0,1,,1,5,slide,2,4.0,7,,4
127-Night Fly-mas,13.2,127,37,71.1024,L,2,hold,,0,1,,1,7,hold,3,2.5,7,,5
127-Night Fly-remas,13.4,127,3,6.0236,R,6,hold,,0,1,,1,1,tap,3,1.25,2,,1
127-Night Fly-remas,13.4,127,4,8.0315,L,3,slide,8,0,1,R8(tap),2,5,tap,2,1.0,6,,1
127-Night Fly-remas,13.4,127,5,9.9213,R,6,slide,1,0,1,L1(tap),2,4,tap,2,1.0,3,,1
127-Night Fly-remas,13.4,127,6,11.811,L,3,slide,8,0,1,R8(tap),2,5,tap,2,1.0,7,,1
127-Night Fly-remas,13.4,127,7,13.5827,L,2,hold,,0,1,,1,7,tap,3,1.25,6,,1
127-Night Fly-remas,13.4,127,13,24.9213,R,7,star,,0,1,,1,4,star,3,0.75,2,slide:8>4,2
127-Night Fly-remas,13.4,127,13,25.748,L,2,slide,6,0,1,R5(tap),2,7,slide,3,0.75,6,,2
127-Night Fly-remas,13.4,127,14,27.7559,R,6,slide,1,0,1,L8(tap),2,3,slide,3,0.75,2,,2
127-Night Fly-remas,13.4,127,15,29.6457,L,3,slide,8,0,1,R1(tap),2,6,slide,3,0.75,7,,2
127-Night Fly-remas,13.4,127,16,31.5354,R,6,slide,1,0,1,L8(tap),2,3,slide,3,0.75,1,,2
127-Night Fly-remas,13.4,127,18,34.4882,R,7,tap,,0,1,,1,5,tap,2,0.5,8,hold:6>None,3
127-Night Fly-remas,13.4,127,18,35.1969,L,2,tap,,0,1,,1,6,hold,4,2.5,8,hold:1>None,3
127-Night Fly-remas,13.4,127,19,36.378,R,7,tap,,0,1,,1,8,tap,1,0.5,5,hold:6>None,3
127-Night Fly-remas,13.4,127,20,38.5039,L,3,star,,0,1,R7(slide),2,7,star,4,1.0,7,slide:3>7,3
127-Night Fly-remas,13.4,127,20,38.5039,R,7,slide,3,0,1,L3(star),2,3,slide,4,1.0,3,,3
127-Night Fly-remas,13.4,127,22,41.5748,L,3,hold,,0,1,,1,5,tap,2,1.25,7,,3
127-Night Fly-remas,13.4,127,22,43.2283,L,2,tap,,0,1,,1,1,tap,1,0.5,3,hold:8>None,3
127-Night Fly-remas,13.4,127,23,43.4646,L,3,hold,,0,1,,1,2,tap,1,0.5,6,,3
127-Night Fly-remas,13.4,127,24,46.063,R,6,star,,0,1,L2(slide),2,2,star,4,1.0,2,slide:6>2,3
127-Night Fly-remas,13.4,127,24,46.063,L,2,slide,6,0,1,R6(star),2,6,slide,4,1.0,6,,3
127-Night Fly-remas,13.4,127,29,56.4567,L,2,hold,,0,1,R8(tap),2,7,tap,3,0.5,4,,4
127-Night Fly-remas,13.4,127,31,58.937,R,7,hold,,0,1,,1,4,tap,3,0.75,1,,4
127-Night Fly-remas,13.4,127,37,71.1024,R,7,slide,3,0,1,L4(tap),2,2,slide,3,0.75,4,,5
129-Sprintrances-mas,13.3,178,0,0.3371,L,2,tap,,0,1,R1(slide),2,,,,,7,slide:1>5,1
129-Sprintrances-mas,13.3,178,1,2.3596,R,6,tap,,0,1,,1,3,tap,3,2.0,2,slide:8>4,1
129-Sprintrances-mas,13.3,178,2,3.0337,L,3,tap,,0,1,R2(slide),2,8,slide,3,4.0,7,slide:2>6,1
129-Sprintrances-mas,13.3,178,8,11.7978,R,7,tap,,0,1,,1,5,tap,2,0.5,7,,1
129-Sprintrances-mas,13.3,178,9,12.4719,R,7,tap,,0,1,,1,7,tap,0,2.0,5,hold:6>None,1
129-Sprintrances-mas,13.3,178,10,14.3258,R,7,tap,,0,1,,1,3,tap,4,1.0,1,hold:5>None,1
129-Sprintrances-mas,13.3,178,11,15.3371,L,3,tap,,0,1,,1,8,tap,3,0.5,6,hold:2>None,2
129-Sprintrances-mas,13.3,178,12,16.6854,R,7,tap,,0,1,,1,5,tap,2,0.5,8,hold:6>None,2
129-Sprintrances-mas,13.3,178,13,18.0337,R,6,tap,,0,1,,1,5,tap,1,0.5,8,hold:7>None,2
129-Sprintrances-mas,13.3,178,15,20.7303,R,6,tap,,0,1,,1,3,tap,3,0.5,3,hold:4>None,2
129-Sprintrances-mas,13.3,178,17,23.0899,L,2,tap,,0,1,,1,6,hold,4,2.5,1,hold:3>None,2
129-Sprintrances-mas,13.3,178,18,24.4382,R,6,tap,,0,1,,1,1,hold,3,1.5,5,hold:7>None,2
129-Sprintrances-mas,13.3,178,23,31.1798,R,7,tap,,0,1,,1,3,hold,4,2.5,8,hold:6>None,3
129-Sprintrances-mas,13.3,178,36,48.8764,L,2,tap,,0,2,R3(tap),2,1,tap,1,1.0,4,,4
129-Sprintrances-mas,13.3,178,37,50.2247,R,7,tap,,0,2,L6(tap),2,5,tap,2,1.0,8,,4
129-Sprintrances-mas,13.3,178,44,60.5056,R,6,slide,3,0,1,,1,1,slide,3,0.5,5,,5
129-Sprintrances-mas,13.3,178,50,68.2584,L,3,tap,,0,1,,1,7,hold,4,2.5,4,hold:2>None,5
129-Sprintrances-mas,13.3,178,53,71.9663,L,3,hold,,0,1,,1,8,slide,3,2.5,6,,5
130-JUMPIN' JUMPIN'-mas,13.3,163,5,8.3742,R,6,tap,,0,1,,1,5,hold,1,1.75,1,,1
130-JUMPIN' JUMPIN'-mas,13.3,163,8,12.6074,R,7,slide,3,0,1,,1,8,slide,1,0.75,1,slide:6>2,1
130-JUMPIN' JUMPIN'-mas,13.3,163,22,33.1288,R,7,star,,0,1,L8(slide),2,1,slide,2,1.0,7,slide:8>4,2
130-JUMPIN' JUMPIN'-mas,13.3,163,22,33.4969,R,7,slide,3,0,1,,1,7,star,0,1.0,3,,2
130-JUMPIN' JUMPIN'-mas,13.3,163,23,34.6012,L,3,slide,8,0,1,R8(star),2,6,slide,3,1.0,8,,2
130-JUMPIN' JUMPIN'-mas,13.3,163,37,55.2147,L,3,star,,0,1,R7(slide),2,7,star,4,1.0,1,slide:2>7,3
130-JUMPIN' JUMPIN'-mas,13.3,163,37,55.2147,R,7,slide,3,0,1,L3(star),2,2,slide,3,1.0,3,,3
130-JUMPIN' JUMPIN'-mas,13.3,163,38,57.0552,R,6,slide,3,0,1,,1,8,slide,2,1.0,2,,3
130-JUMPIN' JUMPIN'-mas,13.3,163,51,75.092,L,3,hold,,0,1,,1,1,hold,2,4.0,7,,4
130-JUMPIN' JUMPIN'-mas,13.3,163,52,77.1166,L,3,tap,,0,2,,1,7,hold,4,1.5,3,hold:1>None,4
130-JUMPIN' JUMPIN'-mas,13.3,163,52,77.3006,L,3,hold,,0,2,,1,3,tap,0,0.5,1,,4
130-JUMPIN' JUMPIN'-mas,13.3,163,58,86.5031,L,3,slide,8,0,1,,1,8,slide,3,1.5,4,hold:3>None,4
130-JUMPIN' JUMPIN'-mas,13.3,163,62,91.2883,R,6,tap,,0,1,L7(tap),2,2,tap,4,1.0,8,,4
130-JUMPIN' JUMPIN'-mas,13.3,163,73,108.4969,L,3,tap,,0,1,,1,4,hold,1,1.75,8,,5
130-JUMPIN' JUMPIN'-mas,13.3,163,76,112.7301,L,2,slide,6,0,1,,1,1,slide,1,0.75,8,slide:3>7,5
1301-After Burner-mas,13.7,155,19,30.1935,L,2,tap,,0,1,R3(tap),2,4,tap,2,0.5,6,,2
1301-After Burner-mas,13.7,155,20,31.3548,R,7,tap,,0,1,L6(tap),2,5,tap,2,0.5,3,,2
1301-After Burner-mas,13.7,155,58,91.1613,R,6,tap,,0,1,L1(hold),2,2,tap,4,0.5,3,hold:1>None,4
1301-After Burner-mas,13.7,155,59,92.7097,L,3,tap,,0,1,R8(hold),2,4,tap,1,0.5,6,hold:8>None,4
1301-After Burner-mas,13.7,155,60,94.2581,R,7,tap,,0,1,L4(hold),2,5,tap,2,0.5,2,hold:4>None,4
1301-After Burner-mas,13.7,155,61,95.8065,L,2,tap,,0,1,R5(hold),2,1,tap,1,0.5,7,hold:5>None,4
1301-After Burner-mas,13.7,155,64,100.5484,R,6,slide,2,0,1,,1,3,slide,3,0.75,2,,4
131-L'épilogue-mas,13.7,145,6,10.5517,R,6,hold,,0,1,,1,2,hold,4,1.75,2,,1
131-L'épilogue-mas,13.7,145,7,12.2069,R,6,hold,,0,1,,1,2,hold,4,1.75,8,,1
131-L'épilogue-mas,13.7,145,31,51.931,R,7,hold,,0,1,,1,3,tap,4,0.75,3,,3
131-L'épilogue-mas,13.7,145,32,54.4138,L,3,tap,,0,1,,1,1,tap,2,0.5,6,,3
131-L'épilogue-mas,13.7,145,54,90.2069,L,2,slide,5,0,1,R5(star),2,7,slide,3,1.0,5,,4
131-L'épilogue-mas,13.7,145,55,91.4483,R,6,star,,0,1,L3(slide),2,3,star,3,1.0,1,slide:8>3,4
131-L'épilogue-mas,13.7,145,55,91.4483,L,3,slide,6,0,1,R6(star),2,8,slide,3,1.0,6,,4
131-L'épilogue-mas,13.7,145,56,93.931,R,7,slide,2,0,1,,1,4,slide,3,1.0,5,,4
131-L'épilogue-mas,13.7,145,57,95.5862,L,2,slide,7,0,1,,1,5,slide,3,1.0,7,,4
131-L'épilogue-mas,13.7,145,58,96.8276,L,3,star,,0,1,R7(slide),2,7,star,4,1.0,8,slide:2>7,4
131-L'épilogue-mas,13.7,145,58,96.8276,R,7,slide,3,0,1,L3(star),2,2,slide,3,1.0,3,,4
131-L'épilogue-mas,13.7,145,71,118.9655,L,3,tap,,0,1,,1,4,slide,1,1.0,7,,5
131-L'épilogue-mas,13.7,145,74,122.8966,R,6,tap,,0,1,L7(slide),2,3,tap,3,1.5,3,slide:7>2,5
132-LUCIA-mas,13.2,154,4,7.3052,L,3,tap,,0,1,,1,7,hold,4,2.75,7,hold:1>None,1
132-LUCIA-mas,13.2,154,25,38.961,R,6,star,,0,1,,1,1,slide,3,3.0,6,hold:4>None,2
132-LUCIA-mas,13.2,154,25,39.3506,R,6,slide,3,0,1,,1,6,star,0,1.0,3,hold:4>None,2
132-LUCIA-mas,13.2,154,34,53.3766,L,2,star,,0,1,R3(slide),2,4,slide,2,2.0,2,slide:3>7,3
132-LUCIA-mas,13.2,154,34,53.7662,L,2,slide,6,0,1,R1(star),2,2,star,0,1.0,1,slide:1>5,3
132-LUCIA-mas,13.2,154,35,54.9351,R,6,star,,0,1,L1(slide),2,1,slide,3,2.0,3,slide:1>6,3
132-LUCIA-mas,13.2,154,35,55.7143,L,3,slide,8,0,1,,1,6,slide,3,1.0,7,,3
132-LUCIA-mas,13.2,154,38,59.6104,L,3,star,,0,1,R8(slide),2,4,slide,1,2.0,6,slide:8>3,3
132-LUCIA-mas,13.2,154,44,69.3506,R,6,star,,0,1,L2(slide),2,2,star,4,1.0,3,slide:7>2,4
132-LUCIA-mas,13.2,154,44,69.3506,L,2,slide,6,0,1,R6(star),2,7,slide,3,1.0,6,,4
132-LUCIA-mas,13.2,154,44,70.1299,L,3,slide,8,0,1,R8(star),2,6,slide,3,1.0,8,,4
132-LUCIA-mas,13.2,154,46,71.6883,R,7,star,,0,1,L4(slide),2,4,star,3,1.0,2,slide:1>4,4
132-LUCIA-mas,13.2,154,46,72.4675,L,2,slide,5,0,1,R5(star),2,7,slide,3,1.0,5,,4
132-LUCIA-mas,13.2,154,47,74.026,R,7,star,,0,1,L2(slide),2,2,star,3,1.0,7,slide:5>2,4
132-LUCIA-mas,13.2,154,47,74.026,L,2,slide,7,0,1,R7(star),2,5,slide,3,1.0,1,slide:7>4,4
132-LUCIA-mas,13.2,154,47,74.4156,R,7,slide,4,0,1,,1,7,star,0,1.0,3,slide:2>7,4
132-LUCIA-mas,13.2,154,48,75.974,R,7,tap,,0,2,,1,3,tap,4,1.0,7,hold:1>None,4
132-LUCIA-mas,13.2,154,49,76.3636,R,7,hold,,0,2,,1,7,tap,0,1.0,3,,4
132-LUCIA-mas,13.2,154,49,77.5325,L,2,tap,,0,2,,1,5,tap,3,1.0,2,hold:7>None,4
132-LUCIA-mas,13.2,154,50,77.9221,L,2,hold,,0,2,,1,2,tap,0,1.0,4,,4
132-LUCIA-mas,13.2,154,52,81.8182,L,2,hold,,0,1,,1,6,tap,4,1.0,7,,4
132-LUCIA-mas,13.2,154,55,85.7143,L,3,hold,,0,1,,1,5,hold,2,4.0,5,,4
132-LUCIA-mas,13.2,154,68,107.1429,R,6,slide,3,0,1,,1,8,tap,2,0.75,5,,5
132-LUCIA-mas,13.2,154,69,108.7013,L,3,slide,6,0,1,,1,1,tap,2,0.75,8,,5
132-LUCIA-remas,13.7,154,9,15.3896,R,7,hold,,0,1,,1,2,tap,3,0.75,5,,1
132-LUCIA-remas,13.7,154,17,27.8571,L,2,hold,,0,1,,1,7,tap,3,0.75,4,,2
132-LUCIA-remas,13.7,154,54,84.5455,L,3,slide,7,0,1,R5(star),2,7,slide,4,4.0,5,,4
132-LUCIA-remas,13.7,154,55,86.4935,R,7,star,,0,1,,1,3,tap,4,1.0,5,slide:5>7,4
132-LUCIA-remas,13.7,154,58,90.7792,L,2,slide,7,0,1,,1,5,slide,3,1.0,7,,4
132-LUCIA-remas,13.7,154,60,93.8961,R,7,slide,2,0,1,,1,4,slide,3,1.0,5,,5
133-BREAK YOU!!-mas,13.7,167,11,15.8982,R,6,tap,,0,1,,1,4,tap,2,0.75,2,,1
133-BREAK YOU!!-mas,13.7,167,11,16.1677,L,3,tap,,0,1,,1,5,tap,2,0.5,7,,1
133-BREAK YOU!!-mas,13.7,167,11,16.4371,R,6,tap,,0,1,,1,4,tap,2,0.5,2,,1
133-BREAK YOU!!-mas,13.7,167,11,16.7066,L,3,tap,,0,1,,1,5,tap,2,0.5,7,,1
133-BREAK YOU!!-mas,13.7,167,16,24.2515,R,6,slide,1,0,1,,1,2,slide,4,0.5,3,,1
133-BREAK YOU!!-mas,13.7,167,17,25.6886,L,3,slide,8,0,1,,1,7,slide,4,0.5,6,,1
133-BREAK YOU!!-mas,13.7,167,26,37.9042,L,3,slide,7,0,1,,1,7,slide,4,0.5,6,,2
133-BREAK YOU!!-mas,13.7,167,26,38.6228,R,6,slide,2,0,1,,1,2,slide,4,0.5,4,,2
133-BREAK YOU!!-mas,13.7,167,30,43.1138,L,2,hold,,0,1,R3(star),2,7,tap,3,0.5,6,slide:3>8,2
133-BREAK YOU!!-mas,13.7,167,30,43.8323,R,7,hold,,0,1,L6(star),2,3,slide,4,1.0,4,slide:6>1,2
133-BREAK YOU!!-mas,13.7,167,37,53.7126,R,7,slide,2,0,1,L6(star),2,2,star,3,0.5,2,,3
133-BREAK YOU!!-mas,13.7,167,37,54.0719,R,6,slide,3,0,1,,1,2,slide,4,0.5,2,,3
133-BREAK YOU!!-mas,13.7,167,41,59.8204,R,7,slide,4,0,1,,1,3,slide,4,1.0,2,slide:1>6,3
133-BREAK YOU!!-mas,13.7,167,52,74.8204,R,6,tap,,0,1,,1,3,tap,3,0.75,2,,3
133-BREAK YOU!!-mas,13.7,167,52,75.6287,L,2,tap,,0,1,,1,6,tap,4,0.5,7,,3
133-BREAK YOU!!-mas,13.7,167,59,85.3293,R,6,slide,2,0,1,,1,2,slide,4,0.5,3,,4
133-BREAK YOU!!-mas,13.7,167,59,86.0479,L,3,slide,7,0,1,,1,7,slide,4,0.5,6,,4
133-BREAK YOU!!-mas,13.7,167,63,90.5389,R,7,hold,,0,1,L6(hold),2,3,tap,4,1.0,2,hold:6>None,4
133-BREAK YOU!!-mas,13.7,167,63,91.2575,L,3,hold,,0,1,R2(hold),2,6,hold,3,2.0,4,hold:2>None,4
133-BREAK YOU!!-mas,13.7,167,66,95.7485,L,2,slide,5,0,1,,1,6,slide,4,0.5,5,,4
133-BREAK YOU!!-mas,13.7,167,70,101.1377,R,6,star,,0,1,L7(slide),2,2,star,4,0.5,3,slide:7>2,4
133-BREAK YOU!!-mas,13.7,167,70,101.3174,L,2,slide,6,0,1,R3(star),2,7,slide,3,0.5,6,,4
133-BREAK YOU!!-mas,13.7,167,70,101.6766,L,3,slide,7,0,1,,1,6,slide,3,0.5,7,,4
133-BREAK YOU!!-mas,13.7,167,71,102.3952,R,6,tap,,0,1,,1,3,star,3,3.0,2,hold:7>None,4
133-BREAK YOU!!-mas,13.7,167,71,102.7545,L,3,tap,,0,1,,1,7,hold,4,1.5,7,hold:2>None,4
133-BREAK YOU!!-mas,13.7,167,71,103.1138,R,6,tap,,0,1,,1,2,hold,4,1.5,2,hold:7>None,4
133-BREAK YOU!!-mas,13.7,167,78,112.8144,R,7,star,,0,1,L1(slide),2,4,star,3,0.5,7,slide:6>1,5
133-BREAK YOU!!-mas,13.7,167,78,113.1737,R,7,slide,2,0,1,,1,7,star,0,1.0,8,slide:4>7,5
1334-Candy Tall Woman-mas,13.8,190,2,3.1579,L,2,tap,,0,1,,1,4,tap,2,2.0,7,hold:1>None,1
1334-Candy Tall Woman-mas,13.8,190,3,4.2632,R,6,tap,,0,1,,1,4,tap,2,1.167,1,hold:7>None,1
1334-Candy Tall Woman-mas,13.8,190,19,23.0088,R,7,tap,,0,1,,1,3,tap,4,2.0,2,,1
1334-Candy Tall Woman-mas,13.8,190,20,23.5643,L,3,tap,,0,1,,1,6,hold,3,3.0,7,,1
1334-Candy Tall Woman-mas,13.8,190,21,25.231,R,6,tap,,0,1,,1,2,tap,4,2.0,3,,1
1334-Candy Tall Woman-mas,13.8,190,22,25.7865,L,2,tap,,0,1,,1,7,hold,3,3.0,6,,1
1334-Candy Tall Woman-mas,13.8,190,23,27.4532,L,3,tap,,0,1,R6(slide),2,6,star,3,1.0,7,slide:1>6,2
1334-Candy Tall Woman-mas,13.8,190,23,27.4532,R,6,slide,3,0,1,L3(tap),2,1,slide,3,1.0,2,,2
1334-Candy Tall Woman-mas,13.8,190,24,28.2865,L,2,slide,5,0,1,R5(star),2,7,slide,3,1.0,5,,2
1334-Candy Tall Woman-mas,13.8,190,39,45.231,R,6,tap,,0,1,L3(slide),2,3,star,3,1.0,2,slide:8>3,2
1334-Candy Tall Woman-mas,13.8,190,39,45.231,L,3,slide,6,0,1,R6(tap),2,8,slide,3,1.0,7,,2
1334-Candy Tall Woman-mas,13.8,190,40,46.0643,R,7,slide,4,0,1,L4(star),2,2,slide,3,1.0,4,,2
1334-Candy Tall Woman-mas,13.8,190,54,61.0643,R,7,hold,,0,1,,1,2,slide,3,3.0,5,,3
1334-Candy Tall Woman-mas,13.8,190,55,62.4532,L,3,hold,,0,1,,1,4,tap,1,2.0,5,,3
1334-Candy Tall Woman-mas,13.8,190,60,68.5643,L,2,star,,0,1,R7(slide),2,7,star,3,1.0,6,slide:4>7,3
1334-Candy Tall Woman-mas,13.8,190,60,68.5643,R,7,slide,2,0,1,L2(star),2,4,slide,3,1.0,2,,3
1334-Candy Tall Woman-mas,13.8,190,66,74.9532,R,6,star,,0,2,,1,2,slide,4,1.0,6,,3
1334-Candy Tall Woman-mas,13.8,190,66,75.1384,R,6,tap,,0,2,,1,6,star,0,0.667,6,,3
1334-Candy Tall Woman-mas,13.8,190,66,75.231,R,6,slide,3,0,1,L7(hold),2,6,tap,0,0.333,2,hold:7>None,3
1334-Candy Tall Woman-mas,13.8,190,68,77.1754,L,3,star,,0,2,,1,7,slide,4,1.0,3,,4
1334-Candy Tall Woman-mas,13.8,190,68,77.3606,L,3,tap,,0,2,,1,3,star,0,0.667,3,,4
1334-Candy Tall Woman-mas,13.8,190,68,77.4532,L,3,slide,6,0,1,R2(hold),2,3,tap,0,0.333,7,hold:2>None,4
1334-Candy Tall Woman-mas,13.8,190,70,79.6754,R,7,slide,3,0,1,L6(star),2,8,slide,1,1.0,5,slide:6>2,4
1334-Candy Tall Woman-mas,13.8,190,71,80.7865,L,3,slide,7,0,1,R2(tap),2,4,slide,1,1.0,8,,4
1334-Candy Tall Woman-mas,13.8,190,80,90.6477,L,2,tap,,0,1,,1,4,tap,2,1.0,6,hold:1>None,4
1334-Candy Tall Woman-mas,13.8,190,81,91.2495,R,6,tap,,0,1,,1,8,tap,2,0.667,5,hold:7>None,4
1334-Candy Tall Woman-mas,13.8,190,81,91.8051,L,2,tap,,0,1,,1,4,tap,2,0.667,1,hold:3>None,4
1334-Candy Tall Woman-mas,13.8,190,98,110.6477,R,7,tap,,0,1,,1,5,tap,2,1.0,3,hold:8>None,5
1334-Candy Tall Woman-mas,13.8,190,99,111.2495,L,3,tap,,0,1,,1,1,tap,2,0.667,4,hold:2>None,5
1334-Candy Tall Woman-mas,13.8,190,99,111.6199,R,6,hold,,0,1,L5(tap),2,2,hold,4,2.0,5,,5
134-Death Scythe-mas,13.8,182,2,3.7912,L,3,slide,6,0,1,,1,1,tap,2,1.5,5,,1
134-Death Scythe-mas,13.8,182,4,5.2747,R,7,tap,,0,1,L6(tap),2,8,tap,1,0.5,3,,1
134-Death Scythe-mas,13.8,182,6,7.9121,L,3,tap,,0,1,R2(tap),2,1,tap,2,0.5,6,,1
134-Death Scythe-mas,13.8,182,17,22.5824,R,6,tap,,0,1,,1,2,tap,4,2.5,5,hold:7>None,1
134-Death Scythe-mas,13.8,182,17,23.0769,L,3,tap,,0,1,,1,7,hold,4,2.0,2,hold:4>None,1
134-Death Scythe-mas,13.8,182,17,23.2418,L,2,tap,,0,1,,1,3,tap,1,0.5,1,hold:4>None,1
134-Death Scythe-mas,13.8,182,19,25.2198,L,3,tap,,0,1,,1,7,slide,4,1.5,4,hold:2>None,2
134-Death Scythe-mas,13.8,182,19,25.7143,R,6,tap,,0,1,,1,2,hold,4,2.0,7,hold:5>None,2
134-Death Scythe-mas,13.8,182,19,25.8791,R,7,tap,,0,1,,1,6,tap,1,0.5,8,hold:5>None,2
134-Death Scythe-mas,13.8,182,24,31.978,R,7,slide,2,0,1,,1,4,slide,3,1.0,2,,2
134-Death Scythe-mas,13.8,182,35,46.8132,R,7,slide,3,0,1,L3(star),2,4,slide,3,0.5,3,,2
134-Death Scythe-mas,13.8,182,35,46.8132,L,3,star,,0,1,R7(slide),2,7,star,4,1.0,8,slide:4>7,2
134-Death Scythe-mas,13.8,182,37,49.4505,L,2,slide,6,0,1,R6(star),2,5,slide,3,0.5,6,,3
134-Death Scythe-mas,13.8,182,37,49.4505,R,6,star,,0,1,L2(slide),2,2,star,4,1.0,1,slide:5>2,3
134-Death Scythe-mas,13.8,182,38,50.6044,R,7,slide,4,0,1,,1,2,slide,3,0.5,2,,3
134-Death Scythe-mas,13.8,182,40,53.2418,L,2,slide,5,0,1,,1,7,slide,3,0.5,7,,3
134-Death Scythe-mas,13.8,182,50,66.9231,R,6,star,,0,1,,1,5,tap,1,0.5,6,,3
134-Death Scythe-mas,13.8,182,50,67.2527,R,6,slide,3,0,1,,1,6,star,0,1.0,2,,3
134-Death Scythe-mas,13.8,182,52,69.5604,L,3,star,,0,1,,1,4,tap,1,0.5,3,,3
134-Death Scythe-mas,13.8,182,52,69.8901,L,3,slide,6,0,1,,1,3,star,0,1.0,7,,3
134-Death Scythe-mas,13.8,182,63,83.4066,R,7,slide,4,0,1,,1,5,tap,2,5.5,5,,4
134-Death Scythe-remas,14.2,182,36,47.8846,L,2,tap,,0,1,,1,4,tap,2,0.5,4,,3
134-Death Scythe-remas,14.2,182,36,48.2967,R,7,tap,,0,1,,1,1,tap,2,0.5,1,,3
134-Death Scythe-remas,14.2,182,38,50.522,R,7,tap,,0,1,,1,5,tap,2,0.5,5,,3
134-Death Scythe-remas,14.2,182,38,50.9341,L,2,tap,,0,1,,1,8,tap,2,0.5,7,,3
134-Death Scythe-remas,14.2,182,78,103.2692,L,2,tap,,0,1,,1,4,tap,2,0.5,6,,5
134-Death Scythe-remas,14.2,182,78,103.7637,R,7,tap,,0,1,,1,5,tap,2,0.5,4,,5
134-Death Scythe-remas,14.2,182,82,108.544,R,7,tap,,0,1,,1,5,tap,2,0.5,3,,5
134-Death Scythe-remas,14.2,182,82,109.0385,L,2,tap,,0,1,,1,4,tap,2,0.5,5,,5
1354-GO BACK 2 YOUR RAVE-mas,13.9,170,11,16.2353,R,6,slide,3,0,1,,1,8,hold,2,2.0,3,hold:5>None,1
1354-GO BACK 2 YOUR RAVE-mas,13.9,170,12,17.6471,L,3,slide,6,0,1,,1,1,hold,2,2.0,6,hold:4>None,1
1354-GO BACK 2 YOUR RAVE-mas,13.9,170,15,21.8824,L,3,slide,6,0,1,,1,1,hold,2,2.0,6,hold:4>None,1
1354-GO BACK 2 YOUR RAVE-mas,13.9,170,17,25.0588,R,6,slide,2,0,1,L7(tap),2,8,tap,2,1.5,2,,1
1354-GO BACK 2 YOUR RAVE-mas,13.9,170,19,27.8824,L,3,slide,7,0,1,R2(tap),2,1,tap,2,1.5,7,,1
1354-GO BACK 2 YOUR RAVE-mas,13.9,170,23,32.6471,L,2,hold,,0,1,,1,8,tap,2,1.0,4,,2
1354-GO BACK 2 YOUR RAVE-mas,13.9,170,23,33.5294,R,7,hold,,0,1,,1,5,hold,2,1.0,1,,2
1354-GO BACK 2 YOUR RAVE-mas,13.9,170,25,35.9118,L,3,tap,,0,1,,1,1,slide,2,0.75,1,,2
1354-GO BACK 2 YOUR RAVE-mas,13.9,170,51,72.3529,R,6,star,,0,1,,1,5,hold,1,5.0,6,hold:4>None,3
1354-GO BACK 2 YOUR RAVE-mas,13.9,170,51,72.7059,R,6,slide,1,0,1,,1,6,star,0,1.0,1,hold:4>None,3
1354-GO BACK 2 YOUR RAVE-mas,13.9,170,52,73.7647,L,3,star,,0,1,,1,4,hold,1,5.0,3,hold:1>None,3
1354-GO BACK 2 YOUR RAVE-mas,13.9,170,52,74.1176,L,3,slide,8,0,1,,1,3,star,0,1.0,8,hold:1>None,3
1354-GO BACK 2 YOUR RAVE-mas,13.9,170,67,95.1176,L,3,tap,,0,1,R2(tap),2,1,tap,2,0.75,4,,4
1354-GO BACK 2 YOUR RAVE-mas,13.9,170,68,96.5294,R,6,tap,,0,1,L7(tap),2,8,tap,2,0.75,5,,4
1354-GO BACK 2 YOUR RAVE-mas,13.9,170,87,123.0,R,7,hold,,0,1,,1,4,slide,3,1.0,5,,5
1354-GO BACK 2 YOUR RAVE-mas,13.9,170,87,123.8824,L,2,hold,,0,1,,1,4,hold,2,1.0,8,,5
1354-GO BACK 2 YOUR RAVE-mas,13.9,170,96,136.0588,L,2,slide,7,0,1,R6(slide),2,6,slide,4,1.0,8,slide:6>3,5
1354-GO BACK 2 YOUR RAVE-mas,13.9,170,96,136.0588,R,6,slide,3,0,1,L2(slide),2,2,slide,4,1.0,4,slide:2>7,5
1364-Last Brave ～ Go to zero-mas,13.8,132,21,38.9773,L,2,slide,7,0,1,,1,7,slide,3,0.25,7,,2
1366-Life Feels Good-mas,13.7,180,7,10.0,L,2,tap,,0,1,,1,1,tap,1,1.25,3,hold:8>None,1
1366-Life Feels Good-mas,13.7,180,7,10.3333,L,3,tap,,0,1,,1,2,tap,1,1.0,4,hold:8>None,1
1366-Life Feels Good-mas,13.7,180,14,19.5,L,2,tap,,0,1,,1,7,tap,3,1.5,7,,1
1366-Life Feels Good-mas,13.7,180,40,53.5,L,3,tap,,0,1,,1,6,tap,3,0.75,7,hold:1>None,3
1366-Life Feels Good-mas,13.7,180,54,72.9167,R,7,tap,,0,1,L6(tap),2,2,tap,3,0.75,3,,4
1366-Life Feels Good-mas,13.7,180,61,81.6667,L,3,tap,,0,1,R2(tap),2,6,tap,3,2.0,7,,4
1366-Life Feels Good-mas,13.7,180,61,82.3333,R,6,tap,,0,1,L7(tap),2,2,tap,4,2.0,2,,4
1366-Life Feels Good-mas,13.7,180,70,94.1667,R,7,tap,,0,1,,1,2,tap,3,1.5,2,,5
1366-Life Feels Good-mas,13.7,180,78,105.3333,L,2,slide,7,0,1,R6(slide),2,6,slide,4,1.0,8,slide:6>3,5
1366-Life Feels Good-mas,13.7,180,78,105.3333,R,6,slide,3,0,1,L2(slide),2,2,slide,4,1.0,1,slide:2>7,5
1368-Limit Break-mas,13.4,153,26,40.7843,L,3,tap,,0,1,R5(hold),2,7,slide,4,1.0,6,hold:5>None,2
1368-Limit Break-mas,13.4,153,26,41.8627,L,3,tap,,0,1,,1,6,tap,3,0.75,8,hold:4>None,2
1368-Limit Break-mas,13.4,153,27,42.3529,L,3,tap,,0,1,R5(hold),2,8,tap,3,0.5,6,hold:5>None,2
1368-Limit Break-mas,13.4,153,28,44.2157,L,3,tap,,0,1,,1,6,tap,3,0.75,8,hold:4>None,2
1368-Limit Break-mas,13.4,153,28,45.0,R,6,tap,,0,1,,1,3,tap,3,0.75,1,hold:5>None,2
1368-Limit Break-mas,13.4,153,30,47.3529,L,3,tap,,0,1,,1,7,tap,4,0.75,5,hold:1>None,2
1368-Limit Break-mas,13.4,153,30,48.1373,R,6,tap,,0,1,,1,2,tap,4,0.75,4,hold:8>None,2
1368-Limit Break-mas,13.4,153,31,48.9216,L,3,tap,,0,1,,1,7,tap,4,0.75,5,hold:1>None,3
1368-Limit Break-mas,13.4,153,32,50.4902,R,6,tap,,0,1,,1,2,tap,4,0.75,4,hold:8>None,3
1368-Limit Break-mas,13.4,153,32,51.2745,L,3,tap,,0,1,,1,7,tap,4,0.75,5,hold:1>None,3
1368-Limit Break-mas,13.4,153,34,54.0196,R,6,slide,2,0,1,,1,2,slide,4,0.75,8,,3
1368-Limit Break-mas,13.4,153,38,60.2941,L,3,slide,7,0,1,,1,7,slide,4,0.75,1,,3
1368-Limit Break-mas,13.4,153,42,66.5686,L,2,slide,6,0,1,,1,6,slide,4,0.75,4,,3
1368-Limit Break-mas,13.4,153,46,72.8431,R,7,slide,3,0,1,,1,3,slide,4,0.75,5,,4
1368-Limit Break-mas,13.4,153,71,112.6471,L,2,slide,6,0,1,,1,6,tap,4,2.25,7,,5
1368-Limit Break-mas,13.4,153,72,113.4314,R,7,slide,3,0,1,,1,8,tap,1,1.5,2,,5
1368-Limit Break-mas,13.4,153,73,115.0,R,6,slide,2,0,1,,1,2,slide,4,2.0,3,,5
1368-Limit Break-remas,13.7,153,18,28.9216,R,6,hold,,0,1,,1,1,slide,3,0.75,8,,2
1368-Limit Break-remas,13.7,153,19,30.4902,R,7,hold,,0,1,,1,2,slide,3,0.75,1,,2
1368-Limit Break-remas,13.7,153,21,33.2353,L,2,tap,,0,1,,1,5,tap,3,0.75,8,hold:3>None,2
1368-Limit Break-remas,13.7,153,24,38.6275,L,3,tap,,0,1,,1,6,slide,3,1.5,6,,2
1380-Paranoia-mas,13.6,150,4,7.2,L,3,slide,6,0,1,R2(tap),2,8,slide,3,1.0,7,,1
1380-Paranoia-mas,13.6,150,5,8.8,R,6,slide,3,0,1,L7(tap),2,1,slide,3,1.0,2,,1
1380-Paranoia-mas,13.6,150,22,36.1,L,3,tap,,0,1,,1,6,hold,3,1.5,4,,2
1380-Paranoia-mas,13.6,150,34,55.8,L,2,tap,,0,1,,1,7,tap,3,1.0,8,,3
1380-Paranoia-mas,13.6,150,38,62.2,R,6,slide,2,0,1,L7(tap),2,2,slide,4,1.0,2,,3
1380-Paranoia-mas,13.6,150,49,79.2,R,6,star,,0,1,,1,3,hold,3,2.0,6,,3
1380-Paranoia-mas,13.6,150,49,79.6,R,6,slide,2,0,1,,1,6,star,0,1.0,3,,3
1380-Paranoia-mas,13.6,150,59,95.2,L,3,slide,7,0,1,R7(slide),2,7,slide,4,1.0,7,slide:7>3,4
1380-Paranoia-mas,13.6,150,59,95.2,R,7,slide,3,0,1,L3(slide),2,3,slide,4,1.0,8,slide:3>7,4
1380-Paranoia-mas,13.6,150,73,118.4,R,7,slide,2,0,1,L5(star),2,2,tap,3,1.0,3,slide:5>1,5
1385-Believe the Rainbow-mas,13.4,133,0,0.9023,L,3,star,,0,1,R6(slide),2,6,star,3,1.0,6,slide:3>6,1
1385-Believe the Rainbow-mas,13.4,133,0,0.9023,R,6,slide,3,0,1,L3(star),2,3,slide,3,1.0,3,,1
1385-Believe the Rainbow-mas,13.4,133,0,1.8045,R,6,slide,3,0,1,,1,3,slide,3,1.0,3,,1
1385-Believe the Rainbow-mas,13.4,133,2,4.5113,R,6,star,,0,1,L3(slide),2,3,star,3,1.0,3,slide:6>3,1
1385-Believe the Rainbow-mas,13.4,133,2,4.5113,L,3,slide,6,0,1,R6(star),2,6,slide,3,1.0,6,,1
1385-Believe the Rainbow-mas,13.4,133,2,5.4135,L,3,slide,6,0,1,,1,6,slide,3,1.0,8,,1
1385-Believe the Rainbow-mas,13.4,133,5,9.4737,L,3,slide,6,0,1,R8(star),2,6,slide,3,1.0,4,slide:8>3,1
1385-Believe the Rainbow-mas,13.4,133,9,16.6917,R,6,slide,3,0,1,L1(star),2,3,slide,3,1.0,5,slide:1>6,1
1385-Believe the Rainbow-mas,13.4,133,11,20.7519,L,2,slide,7,0,1,R5(star),2,7,slide,3,1.0,8,slide:5>2,1
1385-Believe the Rainbow-mas,13.4,133,40,73.0827,L,3,slide,6,0,1,,1,1,slide,2,4.5,6,,3
1385-Believe the Rainbow-mas,13.4,133,41,74.8872,R,6,slide,3,0,1,,1,3,slide,3,5.0,3,,3
1385-Believe the Rainbow-mas,13.4,133,42,76.2406,L,3,slide,5,0,1,,1,6,slide,3,4.0,6,slide:3>1,3
1385-Believe the Rainbow-mas,13.4,133,42,77.3684,R,6,slide,3,0,1,,1,3,slide,3,2.0,1,slide:6>4,3
1385-Believe the Rainbow-mas,13.4,133,48,87.5188,R,6,slide,3,0,1,,1,5,star,1,4.0,3,,4
1385-Believe the Rainbow-mas,13.4,133,49,89.3233,L,3,slide,6,0,1,,1,6,slide,3,5.0,8,,4
1385-Believe the Rainbow-mas,13.4,133,69,125.188,R,6,slide,3,0,1,L8(star),2,3,slide,3,0.5,3,slide:8>7,5
1385-Believe the Rainbow-mas,13.4,133,71,128.797,L,3,slide,6,0,1,R1(star),2,6,slide,3,0.5,6,slide:1>2,5
1385-Believe the Rainbow-mas,13.4,133,73,132.6316,L,3,slide,6,0,1,,1,8,slide,3,2.5,6,,5
1385-Believe the Rainbow-mas,13.4,133,74,134.4361,R,6,slide,3,0,1,,1,3,slide,3,5.0,2,,5
1385-Believe the Rainbow-mas,13.4,133,75,136.2406,R,7,slide,2,0,1,,1,2,slide,3,1.0,8,,5
139-魔理沙は大変なものを盗んでいきました-mas,13.3,170,14,20.1176,L,2,hold,,0,1,,1,6,tap,4,3.5,1,,1
139-魔理沙は大変なものを盗んでいきました-mas,13.3,170,31,44.1176,L,3,slide,6,0,1,,1,7,tap,4,2.5,1,,2
139-魔理沙は大変なものを盗んでいきました-mas,13.3,170,45,64.9412,L,3,slide,8,0,1,R2(star),2,6,slide,3,1.0,6,slide:2>5,3
139-魔理沙は大変なものを盗んでいきました-mas,13.3,170,48,69.0,L,3,tap,,0,1,,1,7,slide,4,1.5,1,,3
139-魔理沙は大変なものを盗んでいきました-mas,13.3,170,49,70.4118,R,6,tap,,0,1,,1,2,slide,4,1.5,7,,4
139-魔理沙は大変なものを盗んでいきました-mas,13.3,170,50,70.9412,R,7,hold,,0,1,,1,6,tap,1,1.5,3,,4
139-魔理沙は大変なものを盗んでいきました-mas,13.3,170,50,71.8235,L,2,hold,,0,1,,1,6,tap,4,1.0,1,,4
139-魔理沙は大変なものを盗んでいきました-mas,13.3,170,51,72.7059,R,7,tap,,1,1,,1,3,tap,4,1.0,2,,4
139-魔理沙は大変なものを盗んでいきました-mas,13.3,170,54,76.5882,L,3,slide,7,0,1,,1,1,hold,2,2.25,6,,4
139-魔理沙は大変なものを盗んでいきました-mas,13.3,170,56,80.0294,L,2,hold,,0,1,,1,7,slide,3,1.75,8,,4
139-魔理沙は大変なものを盗んでいきました-mas,13.3,170,57,81.4412,R,7,hold,,0,1,,1,2,slide,3,1.75,5,,4
139-魔理沙は大変なものを盗んでいきました-mas,13.3,170,59,84.5294,R,6,star,,0,1,,1,8,hold,2,1.5,6,,4
139-魔理沙は大変なものを盗んでいきました-mas,13.3,170,59,84.8824,R,6,slide,2,0,1,,1,6,star,0,1.0,2,,4
139-魔理沙は大変なものを盗んでいきました-mas,13.3,170,64,90.3529,L,2,hold,,0,1,,1,1,tap,1,1.125,6,,4
139-魔理沙は大変なものを盗んでいきました-mas,13.3,170,64,91.3235,R,7,hold,,0,1,,1,3,tap,4,1.75,2,,4
139-魔理沙は大変なものを盗んでいきました-mas,13.3,170,66,94.1471,L,2,hold,,0,1,,1,7,hold,3,2.75,6,,5
139-魔理沙は大変なものを盗んでいきました-mas,13.3,170,70,99.5294,R,7,star,,0,1,L2(slide),2,2,star,3,1.0,4,slide:7>2,5
139-魔理沙は大変なものを盗んでいきました-mas,13.3,170,70,99.5294,L,2,slide,7,0,1,R7(star),2,7,slide,3,1.0,7,,5
139-魔理沙は大変なものを盗んでいきました-mas,13.3,170,72,102.6176,L,2,hold,,0,1,,1,7,tap,3,1.75,7,,5
139-魔理沙は大変なものを盗んでいきました-mas,13.3,170,74,105.4412,R,7,hold,,0,1,,1,2,tap,3,1.75,3,,5
139-魔理沙は大変なものを盗んでいきました-mas,13.3,170,78,110.6471,L,3,tap,,0,1,,1,1,hold,2,1.5,7,,5
139-魔理沙は大変なものを盗んでいきました-mas,13.3,170,78,111.3529,R,6,tap,,0,1,,1,8,hold,2,1.5,3,,5
139-魔理沙は大変なものを盗んでいきました-mas,13.3,170,79,111.5294,L,2,hold,,0,1,,1,7,hold,3,1.25,4,,5
139-魔理沙は大変なものを盗んでいきました-mas,13.3,170,79,112.2353,R,7,hold,,0,1,,1,3,hold,4,1.25,5,,5
141-カゲロウデイズ-mas,13.2,200,8,9.6,R,7,hold,,0,1,,1,8,tap,1,2.0,5,,1
141-カゲロウデイズ-mas,13.2,200,10,12.6,L,3,hold,,0,1,,1,7,hold,4,2.0,4,,1
141-カゲロウデイズ-mas,13.2,200,11,14.1,R,7,tap,,0,1,,1,2,hold,3,3.0,3,,1
141-カゲロウデイズ-mas,13.2,200,12,14.4,L,2,hold,,0,1,,1,6,hold,4,2.0,4,,1
141-カゲロウデイズ-mas,13.2,200,14,17.4,R,6,hold,,0,1,,1,2,hold,4,2.0,3,,1
141-カゲロウデイズ-mas,13.2,200,30,36.6,R,7,tap,,0,1,L6(tap),2,4,tap,3,1.0,3,,2
141-カゲロウデイズ-mas,13.2,200,33,40.2,L,2,tap,,0,2,,1,6,tap,4,1.0,2,slide:4>8,2
141-カゲロウデイズ-mas,13.2,200,33,40.5,L,2,star,,0,2,,1,2,tap,0,1.0,2,slide:4>8,2
141-カゲロウデイズ-mas,13.2,200,33,40.8,L,2,slide,6,0,1,R1(tap),2,2,star,0,1.0,6,,2
141-カゲロウデイズ-mas,13.2,200,40,48.45,L,2,hold,,0,1,,1,8,hold,2,8.0,7,,3
141-カゲロウデイズ-mas,13.2,200,56,68.1,L,2,slide,7,0,1,R3(tap),2,4,tap,2,1.0,6,,4
141-カゲロウデイズ-mas,13.2,200,62,74.4,L,2,star,,0,1,,1,4,tap,2,1.0,2,,4
141-カゲロウデイズ-mas,13.2,200,62,74.7,L,2,slide,6,0,1,R3(star),2,2,star,0,1.0,4,slide:3>7,4
141-カゲロウデイズ-mas,13.2,200,68,82.2,R,6,hold,,0,1,,1,8,hold,2,2.0,8,,4
141-カゲロウデイズ-mas,13.2,200,70,84.6,L,3,hold,,0,1,,1,1,hold,2,2.0,1,,4
141-カゲロウデイズ-mas,13.2,200,74,88.8,L,2,hold,,0,1,,1,8,tap,2,1.0,8,,5
141-カゲロウデイズ-mas,13.2,200,75,90.0,R,7,hold,,0,1,,1,1,tap,2,1.0,1,,5
141-カゲロウデイズ-mas,13.2,200,82,98.4,R,7,hold,,0,1,,1,1,tap,2,1.0,1,,5
141-カゲロウデイズ-mas,13.2,200,83,99.6,L,2,hold,,0,1,,1,8,tap,2,1.0,8,,5
141-カゲロウデイズ-remas,14.1,200,47,57.6,R,6,slide,3,0,1,L7(slide),2,4,tap,2,2.0,7,slide:7>2,3
141-カゲロウデイズ-remas,14.1,200,48,58.2,R,7,slide,3,0,1,L6(slide),2,6,slide,1,2.0,7,slide:6>2,3
141-カゲロウデイズ-remas,14.1,200,48,58.8,R,7,slide,3,0,1,L6(slide),2,7,slide,0,2.0,7,slide:6>2,3
141-カゲロウデイズ-remas,14.1,200,49,59.4,R,7,slide,3,0,1,L6(slide),2,7,slide,0,2.0,8,slide:6>2,3
141-カゲロウデイズ-remas,14.1,200,51,61.35,L,2,tap,,0,1,R3(tap),2,8,hold,2,1.5,5,,3
141-カゲロウデイズ-remas,14.1,200,51,61.65,R,7,tap,,0,1,L6(tap),2,4,tap,3,0.5,1,,3
1412-華の集落、秋のお届け-mas,13.9,165,1,1.4545,R,6,tap,,0,1,,1,5,hold,1,2.25,5,,1
1412-華の集落、秋のお届け-mas,13.9,165,25,36.7273,L,2,slide,8,0,1,R1(tap),2,4,slide,2,2.0,8,,2
1412-華の集落、秋のお届け-mas,13.9,165,25,37.4545,R,7,tap,,0,1,L8(slide),2,8,star,1,1.0,6,slide:2>8,2
1412-華の集落、秋のお届け-mas,13.9,165,26,37.8182,R,6,star,,0,1,,1,7,tap,1,1.0,5,slide:8>6,2
1412-華の集落、秋のお届け-mas,13.9,165,26,39.2727,L,3,slide,6,0,1,,1,6,slide,3,3.0,5,,2
1412-華の集落、秋のお届け-mas,13.9,165,45,66.1818,R,7,slide,2,0,1,L1(tap),2,2,slide,3,1.0,1,,3
1412-華の集落、秋のお届け-mas,13.9,165,53,77.4545,L,2,slide,6,0,1,R8(star),2,6,slide,4,4.0,4,,3
1412-華の集落、秋のお届け-mas,13.9,165,56,81.9091,L,3,tap,,0,1,,1,8,tap,3,0.75,5,,4
1412-華の集落、秋のお届け-mas,13.9,165,56,82.7273,L,3,tap,,0,1,,1,1,tap,2,0.5,7,,4
1412-華の集落、秋のお届け-mas,13.9,165,57,83.4545,R,6,tap,,0,1,,1,8,tap,2,0.5,2,,4
1412-華の集落、秋のお届け-mas,13.9,165,57,84.1818,L,3,tap,,0,1,,1,1,tap,2,0.5,6,,4
1412-華の集落、秋のお届け-mas,13.9,165,58,84.4545,R,7,tap,,0,1,,1,4,tap,3,0.5,1,,4
1412-華の集落、秋のお届け-mas,13.9,165,58,84.9091,L,2,tap,,0,1,,1,4,tap,2,0.5,7,,4
1412-華の集落、秋のお届け-mas,13.9,165,59,85.9091,R,6,tap,,0,1,,1,3,tap,3,0.5,8,,4
1412-華の集落、秋のお届け-mas,13.9,165,62,90.2727,R,6,tap,,0,1,,1,5,tap,1,0.5,5,,4
1412-華の集落、秋のお届け-mas,13.9,165,70,103.2727,L,2,slide,4,0,1,,1,4,tap,2,1.25,4,,4
1412-華の集落、秋のお届け-mas,13.9,165,75,109.1818,R,6,hold,,0,1,,1,5,tap,1,0.125,8,hold:7>None,5
1412-華の集落、秋のお届け-mas,13.9,165,76,111.6364,L,3,slide,6,0,1,R5(tap),2,6,slide,3,2.0,6,,5
1412-華の集落、秋のお届け-mas,13.9,165,77,112.0,R,6,star,,0,1,,1,5,tap,1,1.0,4,slide:3>6,5
1412-華の集落、秋のお届け-mas,13.9,165,91,133.6364,L,3,wifi,7,0,1,LR3(wifi),1,4,tap,1,0.5,,,5
142-夜咄ディセイブ-mas,13.8,260,1,0.9231,R,7,hold,,0,1,,1,1,hold,2,4.0,5,,1
142-夜咄ディセイブ-mas,13.8,260,5,4.6154,L,2,hold,,0,1,,1,8,hold,2,4.0,4,,1
142-夜咄ディセイブ-mas,13.8,260,15,14.3077,L,3,slide,8,0,1,,1,7,slide,4,1.0,1,,1
142-夜咄ディセイブ-mas,13.8,260,42,38.7692,L,2,star,,0,1,,1,6,hold,4,2.0,2,,2
142-夜咄ディセイブ-mas,13.8,260,42,39.0,L,2,slide,5,0,1,,1,2,star,0,1.0,4,,2
142-夜咄ディセイブ-mas,13.8,260,42,39.1154,R,7,star,,0,1,,1,4,hold,3,2.5,7,slide:2>5,2
142-夜咄ディセイブ-mas,13.8,260,42,39.3462,R,7,slide,2,0,1,,1,7,star,0,1.0,1,,2
142-夜咄ディセイブ-mas,13.8,260,43,40.1538,L,3,hold,,0,1,,1,4,slide,1,2.0,7,,2
142-夜咄ディセイブ-mas,13.8,260,44,41.1923,L,2,slide,7,0,1,,1,7,slide,3,1.5,6,,2
142-夜咄ディセイブ-mas,13.8,260,46,42.9231,R,6,slide,1,0,1,L1(star),2,2,slide,4,1.0,1,,2
142-夜咄ディセイブ-mas,13.8,260,49,45.9231,L,3,slide,7,0,1,,1,7,slide,4,1.0,7,,2
142-夜咄ディセイブ-mas,13.8,260,69,64.3846,L,2,star,,0,1,R7(slide),2,7,star,3,1.0,8,slide:4>7,3
142-夜咄ディセイブ-mas,13.8,260,69,64.3846,R,7,slide,2,0,1,L2(star),2,4,slide,3,1.0,2,,3
142-夜咄ディセイブ-mas,13.8,260,86,79.8462,R,6,slide,2,0,1,,1,2,slide,4,1.0,3,,4
142-夜咄ディセイブ-mas,13.8,260,91,84.3462,R,6,slide,3,0,1,,1,2,slide,4,1.5,3,,4
142-夜咄ディセイブ-mas,13.8,260,91,84.4615,L,2,hold,,0,1,,1,6,tap,4,1.0,5,slide:6>3,4
142-夜咄ディセイブ-mas,13.8,260,94,87.2308,L,3,slide,7,0,1,,1,7,slide,4,1.0,6,,4
142-夜咄ディセイブ-mas,13.8,260,100,93.0,L,2,star,,0,1,R7(slide),2,7,star,3,1.0,4,slide:3>7,5
142-夜咄ディセイブ-mas,13.8,260,100,93.0,R,7,slide,2,0,1,L2(star),2,3,slide,4,1.0,2,,5
143-Crush On You-remas,13.7,125,3,7.2,L,3,star,,0,1,,1,6,tap,3,2.0,3,slide:3>6,1
143-Crush On You-remas,13.7,125,3,7.68,L,3,slide,6,0,1,,1,3,star,0,1.0,8,,1
143-Crush On You-remas,13.7,125,5,10.08,R,6,slide,3,0,1,L4(tap),2,3,tap,3,1.0,8,,1
143-Crush On You-remas,13.7,125,6,13.44,L,2,slide,6,0,1,R2(hold),2,1,slide,1,1.0,7,hold:2>None,1
143-Crush On You-remas,13.7,125,7,14.4,R,7,hold,,0,1,L7(slide),2,2,hold,3,2.0,8,slide:7>3,1
143-Crush On You-remas,13.7,125,17,32.88,L,3,tap,,0,1,,1,5,slide,2,1.5,4,hold:2>None,2
143-Crush On You-remas,13.7,125,19,36.72,R,6,tap,,0,1,,1,1,tap,3,0.75,5,hold:7>None,2
143-Crush On You-remas,13.7,125,21,40.56,R,6,tap,,0,1,,1,2,tap,4,1.5,5,hold:7>None,3
143-Crush On You-remas,13.7,125,23,44.4,L,3,tap,,0,1,,1,8,tap,3,0.75,4,hold:2>None,3
143-Crush On You-remas,13.7,125,46,89.76,R,6,star,,0,1,,1,3,tap,3,2.0,6,slide:6>3,5
143-Crush On You-remas,13.7,125,46,90.24,R,6,slide,3,0,1,,1,6,star,0,1.0,8,,5
1439-プリズム△▽リズム-mas,13.2,155,4,7.9355,R,6,slide,4,0,1,L7(star),2,2,slide,4,0.5,8,slide:7>3,1
1439-プリズム△▽リズム-mas,13.2,155,6,11.0323,L,3,slide,5,0,1,R2(star),2,7,slide,4,0.5,1,slide:2>6,1
1439-プリズム△▽リズム-mas,13.2,155,8,14.129,L,2,slide,4,0,1,R1(star),2,6,slide,4,0.5,8,slide:1>5,1
1439-プリズム△▽リズム-mas,13.2,155,10,17.2258,R,7,slide,5,0,1,L8(star),2,3,slide,4,0.5,1,slide:8>4,1
1439-プリズム△▽リズム-mas,13.2,155,12,20.129,R,7,star,,0,1,,1,2,slide,3,3.0,7,hold:8>None,1
1439-プリズム△▽リズム-mas,13.2,155,12,20.5161,R,7,slide,4,0,1,,1,7,star,0,1.0,3,hold:8>None,1
1439-プリズム△▽リズム-mas,13.2,155,13,22.0645,L,3,slide,1,0,1,,1,8,hold,3,10.5,3,,1
1439-プリズム△▽リズム-mas,13.2,155,14,22.8387,L,3,slide,5,0,1,,1,3,slide,0,2.0,3,,1
1439-プリズム△▽リズム-mas,13.2,155,14,23.6129,L,3,slide,1,0,1,,1,3,slide,0,2.0,3,,1
1439-プリズム△▽リズム-mas,13.2,155,15,24.3871,L,3,slide,5,0,1,,1,3,slide,0,2.0,6,,1
1439-プリズム△▽リズム-mas,13.2,155,15,25.1613,R,6,slide,4,0,1,,1,3,tap,3,1.5,6,,1
1439-プリズム△▽リズム-mas,13.2,155,16,25.9355,R,6,slide,8,0,1,,1,6,slide,0,2.0,6,,1
1439-プリズム△▽リズム-mas,13.2,155,17,26.7097,R,6,slide,4,0,1,,1,6,slide,0,2.0,6,,1
1439-プリズム△▽リズム-mas,13.2,155,17,27.6774,R,6,tap,,0,1,,1,6,slide,0,2.5,1,slide:6>8,1
1439-プリズム△▽リズム-mas,13.2,155,20,31.3548,L,2,slide,7,0,1,,1,8,tap,2,1.5,2,,2
1439-プリズム△▽リズム-mas,13.2,155,20,32.129,L,2,slide,5,0,1,,1,2,slide,0,2.0,7,,2
1439-プリズム△▽リズム-mas,13.2,155,21,32.9032,R,7,slide,4,0,1,,1,2,tap,3,1.5,7,,2
1439-プリズム△▽リズム-mas,13.2,155,21,33.6774,R,7,slide,2,0,1,,1,7,slide,0,2.0,3,,2
1439-プリズム△▽リズム-mas,13.2,155,23,36.9677,R,7,hold,,0,1,,1,8,tap,1,0.5,3,,2
1439-プリズム△▽リズム-mas,13.2,155,25,39.2903,R,6,hold,,0,1,,1,2,hold,4,2.0,5,,2
1439-プリズム△▽リズム-mas,13.2,155,28,43.7419,L,2,hold,,0,1,,1,7,tap,3,0.5,5,,2
1439-プリズム△▽リズム-mas,13.2,155,28,44.3226,R,6,hold,,0,1,,1,3,tap,3,0.5,3,,2
1439-プリズム△▽リズム-mas,13.2,155,44,68.7097,L,3,tap,,0,1,,2,4,tap,1,0.5,6,slide:4>7,3
1439-プリズム△▽リズム-mas,13.2,155,45,69.871,L,3,tap,,0,1,R5(slide),2,6,tap,3,1.0,4,slide:5>2,3
1439-プリズム△▽リズム-mas,13.2,155,48,74.9032,L,2,slide,5,0,1,R3(tap),2,6,slide,4,1.0,7,,3
1439-プリズム△▽リズム-mas,13.2,155,59,91.9355,R,7,star,,0,1,L2(slide),2,2,star,3,1.0,4,slide:6>2,4
1439-プリズム△▽リズム-mas,13.2,155,59,91.9355,L,2,slide,7,0,1,R7(star),2,6,slide,4,1.0,7,,4
1439-プリズム△▽リズム-mas,13.2,155,63,97.7419,R,7,tap,,0,1,,1,1,tap,2,1.0,1,hold:8>None,4
1439-プリズム△▽リズム-mas,13.2,155,63,98.7097,R,7,tap,,0,1,,1,1,tap,2,0.5,8,,4
1439-プリズム△▽リズム-mas,13.2,155,66,102.9677,R,6,tap,,0,2,,1,8,tap,2,0.5,6,hold:7>None,4
1439-プリズム△▽リズム-mas,13.2,155,66,103.1613,R,6,tap,,0,2,,1,6,tap,0,0.5,5,hold:7>None,4
1439-プリズム△▽リズム-mas,13.2,155,74,115.9355,L,2,tap,,1,1,R3(tap),2,6,tap,4,0.5,4,,4
1439-プリズム△▽リズム-mas,13.2,155,75,116.7097,R,7,tap,,1,1,L6(tap),2,3,tap,4,0.5,6,,5
1439-プリズム△▽リズム-mas,13.2,155,75,117.871,R,6,slide,2,0,1,,1,7,tap,1,3.0,3,,5
1439-プリズム△▽リズム-mas,13.2,155,76,119.4194,L,3,slide,7,0,1,,1,6,slide,3,3.0,6,,5
1439-プリズム△▽リズム-mas,13.2,155,80,124.0645,L,3,hold,,0,1,,1,7,tap,4,1.0,1,,5
1439-プリズム△▽リズム-mas,13.2,155,81,125.6129,R,7,hold,,0,1,,1,5,tap,2,1.5,2,,5
144-Sun Dance-remas,14,102,2,5.2941,L,3,tap,,0,1,,1,7,hold,4,1.0,6,hold:2>None,1
144-Sun Dance-remas,14,102,3,7.6471,R,6,tap,,0,1,,1,2,hold,4,1.0,3,hold:7>None,1
144-Sun Dance-remas,14,102,4,10.0,L,2,tap,,0,1,,1,6,hold,4,1.0,7,hold:3>None,1
144-Sun Dance-remas,14,102,5,12.3529,R,7,tap,,0,1,,1,3,hold,4,1.0,2,hold:6>None,1
144-Sun Dance-remas,14,102,10,23.8235,R,7,tap,,0,1,,1,2,tap,3,1.667,4,hold:5>None,2
144-Sun Dance-remas,14,102,10,24.3137,L,2,tap,,0,1,,1,5,hold,3,1.333,6,hold:4>None,2
144-Sun Dance-remas,14,102,11,26.1765,L,2,tap,,0,1,,1,6,tap,4,0.667,5,hold:4>None,2
144-Sun Dance-remas,14,102,11,26.6667,R,7,tap,,0,1,,1,4,hold,3,1.333,3,hold:5>None,2
144-Sun Dance-remas,14,102,12,28.5294,R,7,tap,,0,1,,1,3,tap,4,0.667,4,hold:5>None,2
144-Sun Dance-remas,14,102,12,29.0196,L,2,tap,,0,1,,1,5,hold,3,1.333,6,hold:4>None,2
144-Sun Dance-remas,14,102,33,78.8235,L,3,hold,,0,1,,1,7,hold,4,0.667,6,,4
144-Sun Dance-remas,14,102,37,88.2353,R,6,hold,,0,1,,1,2,hold,4,0.667,3,,5
1442-ブリキノダンス-remas,13.4,172,0,0.6977,R,7,tap,,0,1,L6(tap),2,4,tap,3,1.0,7,,1
1442-ブリキノダンス-remas,13.4,172,0,1.0465,R,7,tap,,0,1,L6(tap),2,7,tap,0,1.0,1,,1
1442-ブリキノダンス-remas,13.4,172,2,3.4884,R,7,tap,,0,1,L6(tap),2,1,tap,2,1.0,7,,1
1442-ブリキノダンス-remas,13.4,172,2,3.8372,R,7,tap,,0,1,L6(tap),2,7,tap,0,1.0,4,,1
1442-ブリキノダンス-remas,13.4,172,18,25.1163,R,7,tap,,0,1,L6(tap),2,4,slide,3,1.0,7,,1
1442-ブリキノダンス-remas,13.4,172,18,25.2907,R,7,tap,,0,1,L6(tap),2,7,tap,0,0.5,8,,1
1442-ブリキノダンス-remas,13.4,172,34,47.4419,L,2,tap,,0,1,R3(tap),2,5,slide,3,1.0,2,,2
1442-ブリキノダンス-remas,13.4,172,34,47.6163,L,2,tap,,0,1,R3(tap),2,2,tap,0,0.5,1,,2
1442-ブリキノダンス-remas,13.4,172,41,58.2558,L,2,tap,,0,1,R3(tap),2,1,hold,1,5.0,2,,3
1442-ブリキノダンス-remas,13.4,172,41,58.4302,L,2,tap,,0,1,R3(tap),2,2,tap,0,0.5,5,,3
1442-ブリキノダンス-remas,13.4,172,42,58.9535,R,7,tap,,0,1,L6(tap),2,4,tap,3,0.5,7,,3
1442-ブリキノダンス-remas,13.4,172,42,59.1279,R,7,tap,,0,1,L6(tap),2,7,tap,0,0.5,8,,3
1442-ブリキノダンス-remas,13.4,172,67,94.7093,L,3,tap,,0,1,,1,4,tap,1,0.5,4,,4
1457-KISS CANDY FLAVOR-mas,13.4,146,5,8.4247,L,3,tap,,0,1,,1,1,tap,2,1.0,4,hold:2>None,1
1457-KISS CANDY FLAVOR-mas,13.4,146,7,11.7123,R,6,tap,,0,1,,1,8,tap,2,1.0,5,hold:7>None,1
1457-KISS CANDY FLAVOR-mas,13.4,146,9,14.7945,L,2,hold,,0,1,,1,8,tap,2,1.0,6,,1
1457-KISS CANDY FLAVOR-mas,13.4,146,22,37.3973,L,3,tap,,0,1,,1,6,hold,3,3.0,4,hold:2>None,2
1457-KISS CANDY FLAVOR-mas,13.4,146,26,43.9726,R,6,star,,0,1,L3(slide),2,3,star,3,1.0,1,slide:8>3,2
1457-KISS CANDY FLAVOR-mas,13.4,146,26,43.9726,L,3,slide,6,0,1,R6(star),2,8,slide,3,1.0,6,,2
1457-KISS CANDY FLAVOR-mas,13.4,146,30,50.5479,R,7,tap,,0,1,,1,2,hold,3,3.0,8,hold:6>None,2
1457-KISS CANDY FLAVOR-mas,13.4,146,80,133.3562,L,3,slide,6,0,1,R2(slide),2,6,slide,3,2.0,8,slide:2>7,5
1473-Magical Flavor-mas,13.3,98,30,73.7755,L,2,star,,0,1,,1,6,tap,4,1.167,7,hold:1>None,4
1473-Magical Flavor-mas,13.3,98,30,74.3878,L,2,slide,7,0,1,,1,7,tap,3,0.5,8,hold:1>None,4
148-Beat of getting entangled-mas,13.8,140,3,5.4643,R,7,hold,,0,1,,1,4,slide,3,0.75,3,,1
148-Beat of getting entangled-mas,13.8,140,4,7.5,R,7,hold,,0,1,,1,3,hold,4,1.5,3,,1
148-Beat of getting entangled-mas,13.8,140,10,17.1429,L,2,hold,,0,1,,1,8,tap,2,4.25,6,,1
148-Beat of getting entangled-mas,13.8,140,13,22.5,L,2,tap,,0,1,R3(tap),2,7,tap,3,1.5,1,,1
148-Beat of getting entangled-mas,13.8,140,13,23.25,R,7,tap,,0,2,L6(tap),2,5,tap,2,0.5,8,,1
148-Beat of getting entangled-mas,13.8,140,14,24.0,L,2,hold,,0,1,,1,7,tap,3,1.25,6,,2
148-Beat of getting entangled-mas,13.8,140,17,29.7857,R,6,hold,,0,1,,1,2,hold,4,1.5,3,,2
148-Beat of getting entangled-mas,13.8,140,20,34.7143,L,3,slide,7,0,1,,1,8,tap,3,2.25,6,,2
148-Beat of getting entangled-mas,13.8,140,20,35.5714,L,3,tap,,0,1,R2(star),2,8,tap,3,0.75,4,slide:2>6,2
148-Beat of getting entangled-mas,13.8,140,23,41.5714,R,6,slide,2,0,1,,1,1,tap,3,2.25,3,,2
148-Beat of getting entangled-mas,13.8,140,25,43.5,R,7,hold,,0,1,,1,3,hold,4,1.5,2,,2
148-Beat of getting entangled-mas,13.8,140,26,46.7143,L,2,slide,6,0,1,R8(hold),2,8,tap,2,2.0,6,hold:8>None,2
148-Beat of getting entangled-mas,13.8,140,28,49.0714,L,2,tap,,0,1,,1,5,tap,3,1.25,8,,3
148-Beat of getting entangled-mas,13.8,140,31,54.2143,R,7,tap,,0,1,,1,2,slide,3,1.5,4,,3
148-Beat of getting entangled-mas,13.8,140,34,59.5714,L,2,tap,,0,1,R3(tap),2,6,hold,4,1.25,8,,3
148-Beat of getting entangled-mas,13.8,140,35,60.6429,R,7,tap,,1,1,,1,3,tap,4,0.75,7,slide:7>3,3
148-Beat of getting entangled-mas,13.8,140,35,60.75,R,7,slide,4,0,1,,1,7,tap,0,0.25,2,,3
148-Beat of getting entangled-mas,13.8,140,36,62.3571,R,6,hold,,0,1,,1,2,hold,4,1.5,2,,3
148-Beat of getting entangled-mas,13.8,140,37,64.3929,R,7,hold,,0,1,,1,5,slide,2,1.25,4,slide:5>1,3
148-Beat of getting entangled-mas,13.8,140,37,65.1429,L,3,hold,,0,1,,1,6,tap,3,1.0,7,,3
148-Beat of getting entangled-mas,13.8,140,48,82.9286,R,6,tap,,0,1,,1,1,slide,3,1.5,5,,4
148-Beat of getting entangled-mas,13.8,140,58,100.7143,L,2,hold,,0,1,,1,6,tap,4,1.25,6,,5
148-Beat of getting entangled-mas,13.8,140,60,104.5714,L,2,slide,7,0,1,,1,6,tap,4,1.0,8,,5
148-Beat of getting entangled-mas,13.8,140,62,106.7143,L,3,slide,6,0,1,,1,1,tap,2,1.0,6,,5
148-Beat of getting entangled-mas,13.8,140,64,110.7857,R,6,tap,,0,1,,1,2,hold,4,1.5,1,,5
148-Beat of getting entangled-mas,13.8,140,67,115.5,R,7,hold,,0,1,,1,3,hold,4,1.5,8,,5
148-Beat of getting entangled-remas,14.5,140,9,17.1429,R,7,slide,3,0,1,,1,1,tap,2,0.75,8,,1
148-Beat of getting entangled-remas,14.5,140,10,18.8571,R,6,slide,2,0,1,,1,1,tap,3,0.75,4,,1
148-Beat of getting entangled-remas,14.5,140,11,20.5714,L,2,slide,6,0,1,,1,8,tap,2,0.75,1,,1
148-Beat of getting entangled-remas,14.5,140,13,24.0,R,7,slide,3,0,1,,1,1,tap,2,0.75,8,,1
148-Beat of getting entangled-remas,14.5,140,26,45.8571,L,3,slide,6,0,1,,1,5,tap,2,1.0,4,hold:2>None,2
148-Beat of getting entangled-remas,14.5,140,28,49.2857,R,6,slide,3,0,1,,1,8,tap,2,2.0,4,,3
148-Beat of getting entangled-remas,14.5,140,30,52.7143,R,6,slide,3,0,1,,1,4,tap,2,1.0,5,hold:7>None,3
148-Beat of getting entangled-remas,14.5,140,32,56.1429,L,3,slide,6,0,1,,1,1,tap,2,2.0,5,,3
1482-スリップフリップ-mas,13.8,143,8,14.6853,R,7,slide,2,0,1,,1,2,slide,3,1.0,3,,1
1482-スリップフリップ-mas,13.8,143,10,18.042,R,7,slide,2,0,1,,1,2,slide,3,1.0,3,,1
1482-スリップフリップ-mas,13.8,143,30,51.8182,L,2,star,,0,1,R6(slide),2,6,star,4,1.0,8,slide:2>6,2
1482-スリップフリップ-mas,13.8,143,30,51.8182,R,6,slide,2,0,1,L2(star),2,2,slide,4,1.0,2,,2
1482-スリップフリップ-mas,13.8,143,36,60.8392,R,6,slide,2,0,1,,1,5,tap,1,1.0,3,,3
1482-スリップフリップ-mas,13.8,143,36,61.6783,L,3,slide,7,0,1,,1,4,tap,1,1.0,6,,3
1482-スリップフリップ-mas,13.8,143,37,62.5175,R,6,slide,2,0,1,,1,5,tap,1,1.0,3,,3
1482-スリップフリップ-mas,13.8,143,37,63.3566,L,3,slide,7,0,1,,1,4,tap,1,1.0,5,,3
1482-スリップフリップ-mas,13.8,143,40,68.3916,L,3,slide,6,0,1,,1,7,slide,4,1.0,6,,3
1482-スリップフリップ-mas,13.8,143,42,71.7483,L,3,slide,6,0,1,,1,7,slide,4,1.0,6,,3
1482-スリップフリップ-mas,13.8,143,62,105.5245,L,3,slide,7,0,1,R7(star),2,7,slide,4,1.0,7,,4
1482-スリップフリップ-mas,13.8,143,62,105.5245,R,7,star,,0,1,L3(slide),2,3,star,4,1.0,1,slide:7>3,4
1482-スリップフリップ-mas,13.8,143,67,112.7622,R,6,hold,,0,1,,1,2,tap,4,1.75,4,,5
1482-スリップフリップ-mas,13.8,143,68,114.5455,L,3,slide,6,0,1,R2(star),2,6,tap,3,2.5,1,slide:2>5,5
1482-スリップフリップ-mas,13.8,143,68,115.8042,R,6,slide,3,0,1,L7(star),2,1,slide,3,1.0,8,slide:7>4,5
1482-スリップフリップ-mas,13.8,143,73,122.9371,L,3,slide,6,0,1,,1,4,slide,1,1.0,6,,5
1482-スリップフリップ-mas,13.8,143,76,128.3916,R,6,slide,2,0,1,,1,2,slide,4,1.0,5,,5
1482-スリップフリップ-mas,13.8,143,78,131.7483,L,3,slide,7,0,1,,1,7,slide,4,1.0,4,,5
149-Blew Moon-mas,13.4,180,16,21.6667,R,6,hold,,0,1,,1,2,tap,4,2.5,2,,1
149-Blew Moon-mas,13.4,180,25,34.3333,R,7,slide,4,0,1,,1,8,slide,1,2.0,2,,2
149-Blew Moon-mas,13.4,180,27,36.6667,R,6,star,,0,1,L7(slide),2,8,slide,2,1.0,6,slide:7>3,2
149-Blew Moon-mas,13.4,180,27,37.0,R,6,slide,2,0,1,,1,6,star,0,1.0,2,,2
149-Blew Moon-mas,13.4,180,30,40.1667,R,7,tap,,0,1,,1,2,slide,3,1.5,1,,2
149-Blew Moon-mas,13.4,180,31,42.1667,R,6,hold,,0,1,,1,2,slide,4,1.5,5,,2
149-Blew Moon-mas,13.4,180,32,43.0,R,7,tap,,0,1,L6(tap),2,5,tap,2,0.5,8,,2
149-Blew Moon-mas,13.4,180,34,46.3333,L,2,tap,,1,1,,1,4,tap,2,2.0,8,,2
149-Blew Moon-mas,13.4,180,36,48.1667,L,3,tap,,0,1,,1,6,slide,3,1.5,7,,3
149-Blew Moon-mas,13.4,180,71,94.7778,R,7,tap,,0,1,,1,2,tap,3,0.667,5,,4
149-Blew Moon-mas,13.4,180,73,98.3333,R,7,slide,4,0,1,,1,8,slide,1,2.0,2,,5
149-Blew Moon-mas,13.4,180,75,100.6667,R,6,star,,0,1,L7(slide),2,8,slide,2,1.0,6,slide:7>3,5
149-Blew Moon-mas,13.4,180,75,101.0,R,6,slide,2,0,1,,1,6,star,0,1.0,2,,5
149-Blew Moon-mas,13.4,180,78,104.1667,R,7,tap,,0,1,,1,2,slide,3,1.5,1,,5
149-Blew Moon-mas,13.4,180,79,106.1667,R,6,hold,,0,1,,1,2,slide,4,1.5,5,,5
149-Blew Moon-mas,13.4,180,80,107.0,R,7,tap,,0,1,L6(tap),2,5,tap,2,0.5,8,,5
149-Blew Moon-mas,13.4,180,84,112.1667,L,3,tap,,0,1,,1,7,slide,4,1.5,7,,5
149-Blew Moon-mas,13.4,180,88,117.6667,L,2,tap,,0,1,R3(tap),2,4,tap,2,0.5,1,,5
1497-共感覚おばけ-mas,13.2,184,19,24.7826,L,3,star,,0,1,R2(star),2,5,hold,2,4.0,3,slide:2>7,1
1497-共感覚おばけ-mas,13.2,184,19,25.1087,L,3,slide,6,0,1,R2(slide),2,3,star,0,1.0,4,slide:2>7,1
1497-共感覚おばけ-mas,13.2,184,23,30.0,R,6,star,,0,1,,1,2,slide,4,3.0,6,hold:5>None,2
1497-共感覚おばけ-mas,13.2,184,23,30.3261,R,6,slide,4,0,1,,1,6,star,0,1.0,4,hold:5>None,2
1497-共感覚おばけ-mas,13.2,184,61,80.5435,R,7,tap,,0,1,,1,2,slide,3,6.0,6,hold:8>None,4
1497-共感覚おばけ-mas,13.2,184,62,80.8696,R,6,tap,,0,1,,1,7,tap,1,1.0,5,,4
1497-共感覚おばけ-mas,13.2,184,65,85.4348,R,7,tap,,0,1,,1,4,tap,3,1.0,4,,4
1497-共感覚おばけ-mas,13.2,184,68,88.6957,L,2,hold,,0,1,R5(hold),2,8,slide,2,1.0,3,hold:5>None,4
1497-共感覚おばけ-mas,13.2,184,68,89.0217,L,3,hold,,0,1,,1,2,hold,1,1.0,4,hold:5>None,4
150-ココロスキャンのうた-mas,13.8,203,8,9.7537,R,6,tap,,0,1,,1,8,tap,2,3.0,4,,1
150-ココロスキャンのうた-mas,13.8,203,12,14.1872,L,3,hold,,0,1,,1,4,tap,1,3.0,6,,1
150-ココロスキャンのうた-mas,13.8,203,12,14.9261,R,7,tap,,0,1,,1,4,tap,3,1.5,2,,1
150-ココロスキャンのうた-mas,13.8,203,16,19.6552,L,2,hold,,0,1,,1,6,tap,4,1.0,4,,1
150-ココロスキャンのうた-mas,13.8,203,32,38.2759,L,3,hold,,0,1,,1,4,hold,1,1.5,4,,2
150-ココロスキャンのうた-mas,13.8,203,33,39.3103,R,6,tap,,0,1,,1,2,hold,4,2.0,5,,2
150-ココロスキャンのうた-mas,13.8,203,35,41.6749,L,3,hold,,0,1,,1,7,hold,4,2.0,1,,2
150-ココロスキャンのうた-mas,13.8,203,36,43.3005,L,2,tap,,0,1,,1,4,tap,2,1.5,1,hold:3>None,2
150-ココロスキャンのうた-mas,13.8,203,40,48.1773,R,7,tap,,0,1,L6(tap),2,4,tap,3,1.0,2,,3
150-ココロスキャンのうた-mas,13.8,203,42,49.6552,R,7,tap,,0,1,L6(tap),2,4,tap,3,1.0,2,,3
150-ココロスキャンのうた-mas,13.8,203,42,50.2463,L,2,tap,,0,2,R3(tap),2,1,tap,1,1.0,1,,3
150-ココロスキャンのうた-mas,13.8,203,43,50.8374,R,7,tap,,0,1,L6(tap),2,2,tap,3,1.0,4,,3
150-ココロスキャンのうた-mas,13.8,203,44,52.9064,R,7,tap,,0,1,L6(tap),2,4,tap,3,1.0,2,,3
150-ココロスキャンのうた-mas,13.8,203,60,70.936,L,2,hold,,0,1,,1,4,tap,2,1.0,5,,4
150-ココロスキャンのうた-mas,13.8,203,63,74.7783,L,2,slide,6,0,1,R3(star),2,1,tap,1,2.0,4,slide:3>7,4
150-ココロスキャンのうた-mas,13.8,203,64,76.5517,R,6,tap,,0,1,L7(tap),2,8,tap,2,2.0,1,,4
150-ココロスキャンのうた-mas,13.8,203,66,78.3251,R,7,tap,,0,1,L6(tap),2,2,tap,3,2.0,3,,4
150-ココロスキャンのうた-mas,13.8,203,67,80.0985,R,7,tap,,0,1,L6(tap),2,3,tap,4,2.0,3,,4
150-ココロスキャンのうた-mas,13.8,203,72,85.5665,R,6,tap,,0,2,,1,8,hold,2,1.5,6,hold:7>None,4
150-ココロスキャンのうた-mas,13.8,203,72,85.7143,R,6,hold,,0,2,,1,6,tap,0,0.5,4,,4
150-ココロスキャンのうた-mas,13.8,203,73,86.7488,R,7,tap,,0,1,,1,4,hold,3,1.5,8,hold:6>None,4
150-ココロスキャンのうた-mas,13.8,203,92,108.7685,L,2,hold,,0,1,,1,4,tap,2,1.0,5,,5
151-Rooftop Run＿ Act1-remas,13.2,152,0,1.0855,L,3,hold,,0,1,,1,6,tap,3,1.75,6,,1
151-Rooftop Run＿ Act1-remas,13.2,152,1,3.0592,R,6,tap,,0,1,,1,8,tap,2,0.5,3,,1
151-Rooftop Run＿ Act1-remas,13.2,152,4,7.1053,R,7,hold,,0,1,,1,3,tap,4,1.5,5,,1
151-Rooftop Run＿ Act1-remas,13.2,152,38,60.2961,L,3,hold,,0,1,,1,5,tap,2,0.75,5,,3
151-Rooftop Run＿ Act1-remas,13.2,152,38,61.0855,R,6,hold,,0,1,,1,2,tap,4,1.25,3,,3
151-Rooftop Run＿ Act1-remas,13.2,152,39,61.875,L,2,hold,,0,1,,1,7,tap,3,1.25,6,,3
151-Rooftop Run＿ Act1-remas,13.2,152,39,62.6645,R,7,hold,,0,1,,1,1,tap,2,1.25,1,,3
151-Rooftop Run＿ Act1-remas,13.2,152,41,65.1316,R,7,hold,,0,2,,1,8,hold,1,1.0,5,,3
151-Rooftop Run＿ Act1-remas,13.2,152,42,66.7105,L,3,hold,,0,2,,1,4,hold,1,1.0,1,,3
151-Rooftop Run＿ Act1-remas,13.2,152,48,75.7895,R,7,hold,,0,1,,1,3,tap,4,1.0,5,,4
151-Rooftop Run＿ Act1-remas,13.2,152,52,82.4013,L,3,hold,,0,1,,1,6,tap,3,1.75,8,,4
151-Rooftop Run＿ Act1-remas,13.2,152,54,85.4605,L,2,tap,,0,1,,1,6,hold,4,1.5,6,hold:3>None,4
151-Rooftop Run＿ Act1-remas,13.2,152,54,85.8553,R,7,tap,,0,1,L6(tap),2,3,hold,4,1.5,3,,4
151-Rooftop Run＿ Act1-remas,13.2,152,58,91.7763,R,7,tap,,0,1,,1,3,hold,4,1.5,3,hold:6>None,5
151-Rooftop Run＿ Act1-remas,13.2,152,58,92.1711,L,2,tap,,0,1,R3(tap),2,6,hold,4,1.5,6,,5
1536-このピアノでお前を8759632145回ぶん殴る-mas,13.4,200,32,39.15,L,2,slide,7,0,1,,1,7,slide,3,1.5,1,,2
1536-このピアノでお前を8759632145回ぶん殴る-mas,13.4,200,34,41.55,R,7,slide,2,0,1,,1,2,slide,3,1.5,8,,2
154-放課後ストライド-mas,13.3,225,9,10.0,L,3,slide,7,0,1,,1,5,slide,2,1.5,4,,1
154-放課後ストライド-mas,13.3,225,13,14.2667,L,3,slide,7,0,1,,1,5,slide,2,1.5,4,,1
154-放課後ストライド-mas,13.3,225,15,16.4,R,6,slide,2,0,1,,1,4,slide,2,1.5,5,,1
154-放課後ストライド-mas,13.3,225,16,17.6,R,6,hold,,0,1,,1,8,hold,2,2.0,3,,1
154-放課後ストライド-mas,13.3,225,17,18.5333,L,3,slide,7,0,1,,1,5,slide,2,1.5,1,,1
154-放課後ストライド-mas,13.3,225,18,19.7333,L,3,hold,,0,1,,1,1,hold,2,2.0,6,,1
154-放課後ストライド-mas,13.3,225,20,21.8667,R,6,hold,,0,1,,1,8,hold,2,2.0,3,,1
154-放課後ストライド-mas,13.3,225,21,22.8,L,3,slide,7,0,1,,1,5,slide,2,1.5,4,,1
154-放課後ストライド-mas,13.3,225,22,24.0,L,3,hold,,0,1,,1,1,hold,2,2.0,6,,1
154-放課後ストライド-mas,13.3,225,23,24.9333,R,6,slide,2,0,1,,1,4,slide,2,1.5,8,,1
154-放課後ストライド-mas,13.3,225,27,29.0667,R,6,star,,0,1,L1(slide),2,1,star,3,1.0,3,slide:4>1,2
154-放課後ストライド-mas,13.3,225,27,29.6,L,3,slide,8,0,1,R8(star),2,6,slide,3,1.0,8,,2
154-放課後ストライド-mas,13.3,225,29,31.4667,L,3,hold,,0,1,,1,6,tap,3,1.5,1,,2
154-放課後ストライド-mas,13.3,225,35,37.6,L,3,star,,0,1,R8(slide),2,8,star,3,1.0,6,slide:5>8,2
154-放課後ストライド-mas,13.3,225,35,38.1333,R,6,slide,1,0,1,L1(star),2,3,slide,3,1.0,1,,2
154-放課後ストライド-mas,13.3,225,37,40.0,R,6,hold,,0,1,,1,3,tap,3,1.5,8,,2
154-放課後ストライド-mas,13.3,225,41,44.1333,L,3,slide,8,0,1,,1,5,slide,2,1.5,1,,2
154-放課後ストライド-mas,13.3,225,43,46.4,R,7,tap,,0,1,,1,4,slide,3,2.0,2,slide:6>1,2
154-放課後ストライド-mas,13.3,225,46,49.0667,R,7,star,,0,1,,1,3,hold,4,2.0,7,,2
154-放課後ストライド-mas,13.3,225,46,49.3333,R,7,slide,4,0,1,,1,7,star,0,1.0,3,,2
154-放課後ストライド-mas,13.3,225,71,76.5333,L,3,tap,,0,1,,1,1,hold,2,2.0,1,,3
154-放課後ストライド-mas,13.3,225,82,88.5333,L,3,slide,7,0,1,R5(star),2,6,slide,3,1.0,6,slide:5>1,4
154-放課後ストライド-mas,13.3,225,92,98.9333,R,6,star,,0,1,L1(slide),2,1,star,3,1.0,3,slide:4>1,4
154-放課後ストライド-mas,13.3,225,93,99.4667,L,3,slide,8,0,1,R8(star),2,6,slide,3,1.0,8,,4
154-放課後ストライド-mas,13.3,225,109,116.8,L,2,hold,,0,1,,1,7,slide,3,2.5,1,,5
156-全人類ノ非想天則-mas,13.2,168,1,1.7857,R,6,slide,3,0,1,,1,1,slide,3,0.5,3,,1
156-全人類ノ非想天則-mas,13.2,168,3,4.6429,L,3,slide,6,0,1,,1,8,slide,3,0.5,7,,1
156-全人類ノ非想天則-mas,13.2,168,10,14.8214,R,7,hold,,0,1,,1,8,tap,1,0.5,5,,1
156-全人類ノ非想天則-mas,13.2,168,15,22.4107,L,3,hold,,0,1,,1,8,tap,3,1.25,5,,1
156-全人類ノ非想天則-mas,13.2,168,19,27.5,L,3,slide,7,0,1,R5(tap),2,4,tap,1,2.0,7,,2
156-全人類ノ非想天則-mas,13.2,168,27,39.5536,L,3,hold,,0,1,,1,8,tap,3,1.25,6,,2
156-全人類ノ非想天則-mas,13.2,168,33,48.2143,R,7,hold,,0,1,,1,4,hold,3,1.5,2,hold:6>None,3
156-全人類ノ非想天則-mas,13.2,168,35,50.3571,L,3,hold,,0,1,,1,1,hold,2,1.0,5,,3
156-全人類ノ非想天則-mas,13.2,168,35,50.8929,R,6,hold,,0,1,,1,4,hold,2,1.0,8,,3
156-全人類ノ非想天則-mas,13.2,168,49,70.3571,L,2,tap,,0,1,R3(slide),2,4,tap,2,1.25,1,slide:3>8,4
156-全人類ノ非想天則-mas,13.2,168,50,71.7857,R,7,tap,,0,1,L6(slide),2,5,tap,2,1.25,8,slide:6>1,4
156-全人類ノ非想天則-mas,13.2,168,74,106.25,L,3,slide,6,0,1,R1(hold),2,7,slide,4,0.5,5,hold:1>None,5
156-全人類ノ非想天則-mas,13.2,168,76,109.2857,R,6,slide,1,0,1,,1,5,tap,1,0.5,2,,5
157-ローリンガール-mas,13.2,195,0,0.9231,L,3,slide,6,0,1,,1,8,slide,3,2.0,7,,1
157-ローリンガール-mas,13.2,195,4,5.8462,R,6,slide,3,0,1,,1,1,slide,3,2.0,2,,1
157-ローリンガール-mas,13.2,195,16,20.0,L,2,hold,,0,1,,1,7,tap,3,2.0,4,,1
157-ローリンガール-mas,13.2,195,23,28.9231,L,2,tap,,0,1,R3(tap),2,7,tap,3,1.0,8,,2
157-ローリンガール-mas,13.2,195,23,29.2308,R,6,tap,,0,1,L7(tap),2,1,tap,3,0.5,3,,2
157-ローリンガール-mas,13.2,195,26,32.9231,R,6,slide,2,0,1,,1,5,tap,1,0.5,1,,2
157-ローリンガール-mas,13.2,195,33,41.8462,R,6,slide,1,0,1,L1(star),2,3,slide,3,1.0,1,,2
157-ローリンガール-mas,13.2,195,36,45.2308,L,3,hold,,0,1,,1,1,hold,2,2.0,1,,2
157-ローリンガール-mas,13.2,195,38,46.7692,R,7,hold,,0,1,,1,8,tap,1,1.0,5,,2
157-ローリンガール-mas,13.2,195,39,48.9231,R,7,tap,,1,1,,1,5,hold,2,2.0,1,,3
157-ローリンガール-mas,13.2,195,44,54.7692,R,6,tap,,0,1,,1,2,hold,4,2.0,2,,3
157-ローリンガール-mas,13.2,195,52,64.6154,L,3,hold,,0,1,,1,5,tap,2,3.0,1,,3
157-ローリンガール-mas,13.2,195,54,67.5385,R,6,slide,3,0,1,L7(hold),2,2,hold,4,4.5,2,hold:7>None,3
157-ローリンガール-mas,13.2,195,56,70.0,L,3,tap,,0,1,R2(tap),2,6,tap,3,1.5,5,,3
157-ローリンガール-mas,13.2,195,58,71.5385,L,2,tap,,0,1,,1,5,tap,3,2.5,4,,4
157-ローリンガール-mas,13.2,195,64,79.3846,R,6,hold,,0,1,,1,8,hold,2,2.0,2,hold:7>None,4
157-ローリンガール-mas,13.2,195,65,80.6154,L,3,hold,,0,1,,1,1,hold,2,2.5,1,hold:2>None,4
157-ローリンガール-mas,13.2,195,71,87.5385,R,7,tap,,0,1,,1,5,tap,2,1.5,5,,4
157-ローリンガール-mas,13.2,195,72,89.2308,L,3,slide,6,0,1,,1,8,slide,3,1.0,6,,4
157-ローリンガール-mas,13.2,195,73,90.4615,R,6,slide,3,0,1,,1,1,slide,3,0.5,8,,4
157-ローリンガール-mas,13.2,195,74,91.8462,R,6,hold,,0,1,,1,8,hold,2,1.0,1,,4
157-ローリンガール-mas,13.2,195,77,96.0,L,3,slide,8,0,1,R8(star),2,7,slide,4,5.0,8,,5
157-ローリンガール-mas,13.2,195,78,96.9231,L,2,slide,6,0,1,,1,5,slide,3,1.0,7,,5
157-ローリンガール-mas,13.2,195,87,107.2308,L,2,tap,,0,1,,1,4,tap,2,1.5,4,,5
157-ローリンガール-mas,13.2,195,88,108.9231,R,6,slide,3,0,1,,1,1,slide,3,1.0,2,,5
157-ローリンガール-mas,13.2,195,90,111.5385,L,3,hold,,0,1,,1,1,hold,2,1.0,8,,5
157-ローリンガール-mas,13.2,195,94,116.3077,R,7,star,,0,1,L4(slide),2,4,star,3,1.0,3,slide:1>4,5
1578-L4TS＿2018 (feat. あひる & KTA)-mas,13.3,190,9,12.1579,R,6,tap,,0,2,,1,5,tap,1,1.0,6,hold:7>None,1
1578-L4TS＿2018 (feat. あひる & KTA)-mas,13.3,190,9,12.3158,R,6,tap,,0,2,,1,6,tap,0,0.5,4,hold:7>None,1
1578-L4TS＿2018 (feat. あひる & KTA)-mas,13.3,190,20,25.8947,R,7,slide,3,0,1,,1,8,tap,1,1.0,2,,2
1636-電車で電車でOPA!OPA!OPA! -GMT mashup--mas,13.8,134,11,20.1493,L,2,slide,7,0,1,R2(hold),2,7,slide,3,2.0,8,hold:2>None,1
1636-電車で電車でOPA!OPA!OPA! -GMT mashup--mas,13.8,134,16,29.1045,R,6,star,,0,1,L8(slide),2,3,slide,3,6.0,8,slide:8>6,2
1636-電車で電車でOPA!OPA!OPA! -GMT mashup--mas,13.8,134,16,30.0,R,6,tap,,0,1,L8(slide),2,8,star,2,1.0,1,slide:6>8,2
1636-電車で電車でOPA!OPA!OPA! -GMT mashup--mas,13.8,134,17,30.8955,L,3,star,,0,1,R1(slide),2,8,slide,3,2.0,1,slide:1>3,2
1636-電車で電車でOPA!OPA!OPA! -GMT mashup--mas,13.8,134,17,31.791,L,3,tap,,0,1,R1(slide),2,1,star,2,1.0,7,slide:3>1,2
1636-電車で電車でOPA!OPA!OPA! -GMT mashup--mas,13.8,134,18,33.1343,R,7,star,,0,1,L5(slide),2,5,star,2,1.0,5,slide:7>5,2
1636-電車で電車でOPA!OPA!OPA! -GMT mashup--mas,13.8,134,19,34.9254,L,2,star,,0,1,R4(slide),2,4,star,2,1.0,4,slide:2>4,2
1636-電車で電車でOPA!OPA!OPA! -GMT mashup--mas,13.8,134,49,89.6642,L,2,slide,7,0,1,,1,1,tap,1,1.25,4,hold:2>None,4
1636-電車で電車でOPA!OPA!OPA! -GMT mashup--mas,13.8,134,50,91.4552,R,6,slide,3,0,1,,1,5,tap,1,1.25,2,hold:6>None,4
1636-電車で電車でOPA!OPA!OPA! -GMT mashup--mas,13.8,134,53,96.7164,L,2,slide,3,0,1,,1,1,tap,1,1.25,8,slide:3>2,4
165-Burning Hearts ～炎のANGEL～-remas,13.8,155,4,6.5807,R,7,wifi,3,0,1,LR7(wifi),1,2,hold,3,2.0,1,,1
165-Burning Hearts ～炎のANGEL～-remas,13.8,155,8,12.7743,L,3,wifi,7,0,1,LR3(wifi),1,4,hold,1,2.0,6,,1
165-Burning Hearts ～炎のANGEL～-remas,13.8,155,8,13.5485,R,6,wifi,2,0,1,LR6(wifi),1,3,star,3,3.0,5,,1
165-Burning Hearts ～炎のANGEL～-remas,13.8,155,17,28.0646,R,6,wifi,2,0,1,LR6(wifi),1,8,slide,2,2.5,3,,2
165-Burning Hearts ～炎のANGEL～-remas,13.8,155,19,29.8065,R,6,tap,,0,1,,1,3,tap,3,0.5,4,,2
165-Burning Hearts ～炎のANGEL～-remas,13.8,155,21,32.7098,R,7,tap,,0,1,,1,2,hold,3,1.5,1,hold:8>None,2
165-Burning Hearts ～炎のANGEL～-remas,13.8,155,21,34.2581,L,3,wifi,7,0,1,LR3(wifi),1,5,tap,2,1.0,1,,2
165-Burning Hearts ～炎のANGEL～-remas,13.8,155,25,40.4517,L,3,wifi,7,0,1,LR3(wifi),1,8,tap,3,1.5,6,,2
165-Burning Hearts ～炎のANGEL～-remas,13.8,155,27,42.1936,L,3,tap,,0,2,,1,6,tap,3,0.5,5,,3
165-Burning Hearts ～炎のANGEL～-remas,13.8,155,29,46.6452,R,6,wifi,2,0,1,LR6(wifi),1,4,tap,2,1.0,4,,3
165-Burning Hearts ～炎のANGEL～-remas,13.8,155,36,56.5162,R,6,hold,,0,1,,1,2,hold,4,2.0,2,,3
165-Burning Hearts ～炎のANGEL～-remas,13.8,155,38,60.1936,L,2,wifi,6,0,1,LR2(wifi),1,1,tap,1,0.5,7,,3
165-Burning Hearts ～炎のANGEL～-remas,13.8,155,39,60.9678,R,7,wifi,3,0,1,LR7(wifi),1,8,tap,1,0.5,2,,3
165-Burning Hearts ～炎のANGEL～-remas,13.8,155,44,68.9033,L,3,tap,,0,1,,1,7,hold,4,2.0,7,,4
165-Burning Hearts ～炎のANGEL～-remas,13.8,155,45,71.0323,R,7,star,,0,1,L1(slide),2,2,tap,3,0.5,8,slide:1>7,4
165-Burning Hearts ～炎のANGEL～-remas,13.8,155,46,72.5807,L,2,star,,0,1,R8(slide),2,7,tap,3,0.5,4,slide:8>2,4
165-Burning Hearts ～炎のANGEL～-remas,13.8,155,49,77.613,L,3,wifi,7,0,1,LR3(wifi),1,6,tap,3,0.375,4,,4
165-Burning Hearts ～炎のANGEL～-remas,13.8,155,51,80.7098,L,3,wifi,7,0,1,LR3(wifi),1,6,tap,3,0.375,8,,4
165-Burning Hearts ～炎のANGEL～-remas,13.8,155,52,81.8711,R,6,tap,,0,1,,1,2,hold,4,1.5,1,,4
165-Burning Hearts ～炎のANGEL～-remas,13.8,155,53,83.8065,L,3,wifi,7,0,1,LR3(wifi),1,6,tap,3,0.375,6,,4
165-Burning Hearts ～炎のANGEL～-remas,13.8,155,54,84.7743,R,6,slide,3,0,1,L7(star),2,4,tap,2,2.625,3,slide:7>2,5
165-Burning Hearts ～炎のANGEL～-remas,13.8,155,55,85.5485,L,3,slide,6,0,1,R2(star),2,7,slide,4,1.0,5,slide:2>7,5
165-Burning Hearts ～炎のANGEL～-remas,13.8,155,57,90.0001,L,3,wifi,7,0,1,LR3(wifi),1,6,tap,3,0.375,4,,5
165-Burning Hearts ～炎のANGEL～-remas,13.8,155,59,93.0969,L,3,wifi,7,0,1,LR3(wifi),1,6,tap,3,0.375,8,,5
165-Burning Hearts ～炎のANGEL～-remas,13.8,155,60,94.2582,R,6,hold,,0,1,,1,2,hold,4,1.5,1,,5
165-Burning Hearts ～炎のANGEL～-remas,13.8,155,61,96.1936,L,3,wifi,7,0,1,LR3(wifi),1,6,tap,3,0.375,5,,5
166-awake-mas,13.2,170,0,0.0,L,2,hold,,0,1,,1,,,,,6,,1
166-awake-mas,13.2,170,16,23.6471,L,2,hold,,0,2,,1,1,hold,1,1.5,4,,2
166-awake-mas,13.2,170,18,26.4706,R,7,hold,,0,2,,1,8,hold,1,1.5,5,,2
166-awake-mas,13.2,170,28,40.9412,R,7,slide,3,0,1,L6(tap),2,1,slide,2,1.5,4,,3
166-awake-mas,13.2,170,32,46.4118,R,7,hold,,0,2,,1,4,tap,3,1.0,5,,3
166-awake-mas,13.2,170,34,49.2353,L,2,hold,,0,1,,1,5,tap,3,1.0,4,,4
166-awake-mas,13.2,170,38,55.2353,L,2,slide,6,0,1,R3(star),2,8,tap,2,3.5,7,slide:3>8,4
166-awake-mas,13.2,170,44,62.4706,R,6,tap,,0,1,L7(tap),2,3,hold,3,1.5,6,,4
166-awake-mas,13.2,170,44,63.0,R,6,tap,,0,1,L7(tap),2,6,tap,0,1.5,8,,4
166-awake-mas,13.2,170,45,64.4118,R,6,slide,3,0,1,L8(tap),2,8,slide,2,1.0,1,,5
166-awake-mas,13.2,170,46,65.2941,L,3,tap,,0,1,R2(tap),2,4,tap,1,0.5,3,,5
166-awake-mas,13.2,170,46,65.8235,L,3,tap,,0,1,R2(tap),2,3,tap,0,1.5,7,,5
167-Terminal Storm-mas,13.4,160,7,11.4375,R,7,slide,2,0,1,,1,8,slide,1,1.5,4,,1
167-Terminal Storm-mas,13.4,160,11,17.25,R,7,tap,,0,1,L6(tap),2,5,tap,2,0.5,8,,1
167-Terminal Storm-mas,13.4,160,18,27.375,R,7,tap,,0,1,L6(tap),2,5,tap,2,0.5,8,,2
167-Terminal Storm-mas,13.4,160,19,28.875,L,3,tap,,0,1,R2(tap),2,4,tap,1,0.5,4,,2
167-Terminal Storm-mas,13.4,160,32,48.75,L,2,hold,,0,1,,1,8,tap,2,1.25,6,,3
167-Terminal Storm-mas,13.4,160,33,50.25,R,6,hold,,0,1,,1,5,hold,1,2.5,1,,3
167-Terminal Storm-mas,13.4,160,34,51.9375,L,3,tap,,0,1,,1,8,hold,3,3.0,2,hold:4>None,3
167-Terminal Storm-mas,13.4,160,34,52.125,L,2,tap,,0,1,,1,3,tap,1,0.5,1,hold:4>None,3
167-Terminal Storm-mas,13.4,160,36,54.75,R,6,hold,,0,1,,1,3,hold,3,2.5,8,,4
167-Terminal Storm-mas,13.4,160,37,55.6875,R,7,tap,,0,1,,1,8,tap,1,0.5,6,hold:1>None,4
167-Terminal Storm-mas,13.4,160,37,55.875,R,6,tap,,0,1,,1,7,tap,1,0.5,5,hold:1>None,4
167-Terminal Storm-mas,13.4,160,38,57.0,R,6,tap,,0,1,,1,5,hold,1,2.0,5,hold:7>None,4
167-Terminal Storm-mas,13.4,160,39,59.4375,L,2,tap,,0,1,,1,5,hold,3,3.0,3,hold:1>None,4
167-Terminal Storm-mas,13.4,160,39,59.625,L,3,tap,,0,2,,1,2,tap,1,0.5,3,hold:1>None,4
167-Terminal Storm-mas,13.4,160,39,59.8125,L,3,hold,,0,2,,1,3,tap,0,0.5,7,,4
167-Terminal Storm-mas,13.4,160,45,69.1875,R,6,slide,2,0,1,L7(tap),2,1,slide,3,1.5,2,,4
167-Terminal Storm-mas,13.4,160,46,70.125,L,2,slide,6,0,1,R4(tap),2,1,tap,1,1.5,6,,4
167-Terminal Storm-mas,13.4,160,49,73.7812,L,3,hold,,0,1,,1,6,tap,3,1.75,1,,5
167-Terminal Storm-mas,13.4,160,50,75.2812,R,7,hold,,0,1,,1,3,tap,4,1.75,5,,5
167-Terminal Storm-mas,13.4,160,51,76.7812,L,2,hold,,0,1,,1,7,tap,3,1.75,4,,5
167-Terminal Storm-mas,13.4,160,52,78.2812,R,6,hold,,0,1,,1,2,tap,4,1.75,8,,5
167-Terminal Storm-mas,13.4,160,56,84.375,R,7,slide,3,0,1,,1,1,slide,2,2.0,1,,5
169-Save This World νMIX-mas,13.3,143,7,13.5315,R,7,slide,3,0,1,,1,8,hold,1,4.25,5,hold:6>None,1
169-Save This World νMIX-mas,13.3,143,10,16.7832,L,2,hold,,0,1,,1,4,hold,2,4.0,8,slide:3>7,1
169-Save This World νMIX-mas,13.3,143,11,18.4615,R,7,hold,,0,1,,1,1,hold,2,2.0,5,slide:8>4,1
169-Save This World νMIX-mas,13.3,143,12,21.5035,L,2,star,,0,2,,1,4,hold,2,3.25,1,slide:2>6,1
169-Save This World νMIX-mas,13.3,143,14,24.3357,R,6,star,,0,1,,1,2,slide,4,1.0,6,,1
169-Save This World νMIX-mas,13.3,143,14,24.7552,R,6,slide,1,0,1,L5(hold),2,6,star,0,1.0,2,hold:5>None,1
169-Save This World νMIX-mas,13.3,143,15,25.5944,L,2,slide,5,0,1,R2(hold),2,5,hold,3,2.0,6,hold:2>None,2
169-Save This World νMIX-mas,13.3,143,15,26.4336,R,6,slide,1,0,1,L6(hold),2,2,hold,4,2.0,3,hold:6>None,2
169-Save This World νMIX-mas,13.3,143,16,27.6923,R,7,star,,0,1,,1,3,slide,4,1.0,7,,2
169-Save This World νMIX-mas,13.3,143,16,28.1119,R,7,slide,4,0,1,L8(hold),2,7,star,0,1.0,3,hold:8>None,2
169-Save This World νMIX-mas,13.3,143,17,28.951,L,3,slide,8,0,1,R3(hold),2,8,hold,3,2.0,7,hold:3>None,2
169-Save This World νMIX-mas,13.3,143,17,29.7902,R,7,slide,4,0,1,L7(hold),2,3,hold,4,2.0,2,hold:7>None,2
169-Save This World νMIX-mas,13.3,143,18,30.8392,L,3,star,,0,1,,1,7,hold,4,2.5,3,,2
169-Save This World νMIX-mas,13.3,143,18,31.2587,L,3,slide,8,0,1,,1,3,star,0,1.0,6,,2
169-Save This World νMIX-mas,13.3,143,20,34.1958,L,2,star,,0,1,,1,6,slide,4,2.0,2,slide:8>4,2
169-Save This World νMIX-mas,13.3,143,20,34.6154,L,2,slide,7,0,1,,1,2,star,0,1.0,8,,2
169-Save This World νMIX-mas,13.3,143,28,48.2517,R,7,hold,,0,1,,1,1,hold,2,2.0,3,,2
169-Save This World νMIX-mas,13.3,143,31,52.8671,R,7,slide,3,0,1,,1,3,slide,4,5.0,7,,3
169-Save This World νMIX-mas,13.3,143,31,53.7063,R,7,slide,2,0,1,,1,7,slide,0,2.0,3,,3
169-Save This World νMIX-mas,13.3,143,33,56.2238,L,2,slide,6,0,1,,1,4,tap,2,3.5,2,,3
169-Save This World νMIX-mas,13.3,143,33,57.0629,L,2,slide,7,0,1,,1,2,slide,0,2.0,7,,3
169-Save This World νMIX-mas,13.3,143,35,60.0,L,2,star,,0,1,,1,7,slide,3,3.0,2,slide:1>5,3
169-Save This World νMIX-mas,13.3,143,35,60.4196,L,2,slide,6,0,1,,1,2,star,0,1.0,7,slide:1>5,3
169-Save This World νMIX-mas,13.3,143,39,65.4545,R,7,hold,,0,1,,1,3,slide,4,1.5,5,,3
169-Save This World νMIX-mas,13.3,143,40,67.1329,L,2,hold,,0,1,,1,6,tap,4,1.0,4,,3
169-Save This World νMIX-mas,13.3,143,41,69.4406,R,6,hold,,0,1,,1,8,hold,2,1.5,8,,3
169-Save This World νMIX-mas,13.3,143,42,71.1189,L,3,hold,,0,1,,1,1,hold,2,1.5,1,,3
169-Save This World νMIX-mas,13.3,143,43,72.7972,L,3,hold,,0,1,,1,7,hold,4,1.5,4,,3
169-Save This World νMIX-mas,13.3,143,44,75.1049,R,6,tap,,0,1,L7(tap),2,8,tap,2,1.0,8,,3
169-Save This World νMIX-mas,13.3,143,45,76.7832,L,3,tap,,0,2,R2(tap),2,1,tap,2,0.75,4,,4
169-Save This World νMIX-mas,13.3,143,46,78.4615,R,7,tap,,0,1,L6(tap),2,5,tap,2,1.0,5,,4
169-Save This World νMIX-mas,13.3,143,47,80.1399,L,2,tap,,0,1,R3(tap),2,4,tap,2,0.75,3,,4
169-Save This World νMIX-mas,13.3,143,49,82.2378,L,3,hold,,0,1,,1,2,tap,1,5.0,7,,4
169-Save This World νMIX-mas,13.3,143,52,88.5315,L,2,hold,,0,1,,1,6,hold,4,3.0,6,,4
169-Save This World νMIX-mas,13.3,143,69,117.0629,R,7,star,,0,1,,1,2,slide,3,3.0,7,slide:8>4,5
169-Save This World νMIX-mas,13.3,143,69,117.4825,R,7,slide,3,0,1,,1,7,star,0,1.0,2,slide:8>4,5
1701-しねばいいのに-mas,13,138,28,49.1304,R,7,wifi,3,0,1,LR7(wifi),1,5,slide,2,3.0,1,,3
1701-しねばいいのに-mas,13,138,28,50.0,R,7,wifi,3,0,1,LR7(wifi),1,5,slide,2,5.0,1,,3
1701-しねばいいのに-mas,13,138,29,50.8696,R,7,wifi,3,0,1,LR7(wifi),1,5,slide,2,7.0,1,,3
1701-しねばいいのに-mas,13,138,29,51.7391,R,7,wifi,3,0,1,LR7(wifi),1,5,slide,2,9.0,1,,3
1701-しねばいいのに-mas,13,138,36,63.4783,R,7,hold,,0,1,,1,8,hold,1,2.0,6,,3
1701-しねばいいのに-mas,13,138,36,63.913,L,3,hold,,0,1,,1,4,hold,1,2.0,2,,3
1701-しねばいいのに-mas,13,138,37,64.3478,R,6,hold,,0,1,,1,7,hold,1,2.0,5,,3
1701-しねばいいのに-mas,13,138,37,64.7826,L,2,hold,,0,1,,1,3,hold,1,2.0,3,,3
1701-しねばいいのに-mas,13,138,38,66.087,L,3,hold,,0,1,R4(tap),2,2,hold,1,3.0,1,,3
1701-しねばいいのに-mas,13,138,40,70.4348,R,7,hold,,0,1,,1,5,tap,2,2.0,4,,4
1701-しねばいいのに-mas,13,138,42,73.0435,L,3,hold,,0,1,R4(tap),2,8,hold,3,4.0,1,,4
1701-しねばいいのに-mas,13,138,44,76.5217,R,6,hold,,0,1,L5(tap),2,2,hold,4,6.0,8,,4
172-円舞曲、君に-mas,13.3,128,5,10.5547,L,3,hold,,0,1,,1,6,hold,3,1.333,1,,1
172-円舞曲、君に-mas,13.3,128,9,18.3672,R,6,hold,,0,1,,1,8,hold,2,1.333,4,,1
172-円舞曲、君に-mas,13.3,128,12,23.8359,R,7,hold,,0,1,,1,3,slide,4,4.0,5,,2
172-円舞曲、君に-mas,13.3,128,24,45.8672,L,3,tap,,0,2,,1,1,hold,2,1.333,3,hold:2>None,3
172-円舞曲、君に-mas,13.3,128,24,46.1797,L,3,hold,,0,2,,1,3,tap,0,0.667,5,,3
172-円舞曲、君に-mas,13.3,128,25,47.2734,R,6,tap,,0,2,,1,4,hold,2,1.333,6,hold:5>None,3
172-円舞曲、君に-mas,13.3,128,25,47.5859,R,6,hold,,0,2,,1,6,tap,0,0.667,8,,3
172-円舞曲、君に-mas,13.3,128,26,50.0859,R,7,tap,,0,2,,1,3,hold,4,1.333,7,hold:5>None,3
172-円舞曲、君に-mas,13.3,128,26,50.3984,R,7,tap,,0,2,,1,7,tap,0,0.667,8,,3
172-円舞曲、君に-mas,13.3,128,29,55.7109,L,3,tap,,0,1,R2(tap),2,1,tap,2,0.333,4,,3
172-円舞曲、君に-mas,13.3,128,30,57.4297,R,6,slide,1,0,1,L7(star),2,3,slide,3,1.0,1,slide:7>4,3
172-円舞曲、君に-mas,13.3,128,50,96.0234,R,6,slide,1,0,1,,1,5,slide,1,2.0,3,hold:6>None,5
172-円舞曲、君に-mas,13.3,128,51,96.9609,L,3,slide,8,0,1,,1,6,hold,3,2.333,5,hold:3>None,5
1732-おても☆Yan-mas,13,90,22,60.0,L,3,slide,6,0,1,,1,6,tap,3,2.0,6,,3
1732-おても☆Yan-mas,13,90,23,63.3333,R,7,star,,0,1,,1,2,slide,3,3.0,7,slide:6>3,3
1732-おても☆Yan-mas,13,90,23,64.0,R,7,slide,2,0,1,,1,7,star,0,1.0,2,slide:6>3,3
1732-おても☆Yan-mas,13,90,24,64.6667,L,3,star,,0,1,,1,6,slide,3,3.0,3,slide:7>2,3
1732-おても☆Yan-mas,13,90,24,65.3333,L,3,slide,6,0,1,,1,3,star,0,1.0,4,slide:7>2,3
1732-おても☆Yan-mas,13,90,29,79.3333,L,3,tap,,0,1,R2(tap),2,7,tap,4,1.0,6,,4
1732-おても☆Yan-mas,13,90,30,80.0,R,7,tap,,0,1,L6(tap),2,1,tap,2,0.5,3,,4
1732-おても☆Yan-mas,13,90,31,84.6667,R,6,tap,,0,1,L7(tap),2,2,tap,4,1.0,3,,4
1732-おても☆Yan-mas,13,90,32,85.3333,L,2,tap,,0,1,R3(tap),2,8,tap,2,0.5,6,,4
1732-おても☆Yan-mas,13,90,36,98.6667,L,3,slide,6,0,1,,1,7,slide,4,1.0,6,,5
1733-Garden Of The Dragon-mas,13.5,120,13,27.75,L,3,tap,,0,1,,1,6,hold,3,1.5,8,,2
1733-Garden Of The Dragon-mas,13.5,120,17,35.75,R,6,tap,,0,1,,1,3,hold,3,1.5,3,,2
1733-Garden Of The Dragon-mas,13.5,120,53,106.5,R,7,slide,8,0,1,L8(slide),2,8,slide,1,1.0,,slide:8>7,5
1785-ドクハク-mas,13.4,208,32,37.7885,R,7,hold,,0,1,,1,5,hold,2,2.0,8,,2
1785-ドクハク-mas,13.4,208,34,39.8077,L,3,hold,,0,1,,1,1,hold,2,2.0,4,,2
1785-ドクハク-mas,13.4,208,65,75.2885,L,2,tap,,0,1,,1,4,tap,2,0.667,4,,3
1785-ドクハク-mas,13.4,208,65,75.7692,R,7,tap,,0,1,,1,5,tap,2,0.667,5,,3
1785-ドクハク-mas,13.4,208,68,79.0385,L,3,hold,,0,1,,1,1,hold,2,2.0,4,,4
1785-ドクハク-mas,13.4,208,70,81.3462,R,6,hold,,0,1,,1,8,hold,2,2.0,5,,4
1785-ドクハク-mas,13.4,208,95,110.4808,L,2,star,,0,1,,1,7,slide,3,7.0,2,,5
1785-ドクハク-mas,13.4,208,95,110.7692,L,2,slide,7,0,1,R1(hold),2,2,star,0,1.0,7,hold:1>None,5
1785-ドクハク-mas,13.4,208,99,115.0962,L,2,star,,0,1,,1,7,slide,3,7.0,2,,5
1785-ドクハク-mas,13.4,208,99,115.3846,L,2,slide,7,0,1,R1(hold),2,2,star,0,1.0,6,hold:1>None,5
1785-ドクハク-mas,13.4,208,103,119.7115,L,3,star,,0,1,,1,6,slide,3,7.0,3,,5
1785-ドクハク-mas,13.4,208,103,120.0,L,3,slide,6,0,1,R5(hold),2,3,star,0,1.0,6,hold:5>None,5
1785-ドクハク-mas,13.4,208,107,124.3269,L,3,star,,0,1,,1,6,slide,3,7.0,3,,5
1785-ドクハク-mas,13.4,208,107,124.6154,L,3,slide,6,0,1,R4(hold),2,3,star,0,1.0,6,hold:4>None,5
1787-ユビキリ-mas,13.3,174,5,7.2414,R,7,slide,2,0,1,L6(slide),2,1,slide,2,3.0,3,slide:6>3,1
1787-ユビキリ-mas,13.3,174,12,16.7241,L,3,star,,0,1,,1,8,slide,3,1.5,7,hold:4>None,1
1787-ユビキリ-mas,13.3,174,13,18.1034,R,6,star,,0,1,,1,1,tap,3,1.5,2,hold:5>None,1
1787-ユビキリ-mas,13.3,174,14,20.3448,R,6,star,,0,1,L1(slide),2,1,star,3,1.0,3,slide:4>1,1
1787-ユビキリ-mas,13.3,174,15,21.0345,L,3,slide,8,0,1,,1,6,slide,3,1.0,8,slide:3>6,1
1787-ユビキリ-mas,13.3,174,44,61.0345,R,6,tap,,0,1,L7(tap),2,4,tap,2,1.0,7,,3
1787-ユビキリ-mas,13.3,174,44,61.5517,R,7,slide,2,0,1,L6(slide),2,6,tap,1,1.5,2,slide:6>1,3
1787-ユビキリ-mas,13.3,174,44,62.2414,L,2,slide,7,0,1,R3(slide),2,6,slide,4,2.0,6,slide:3>8,3
1787-ユビキリ-mas,13.3,174,54,74.6552,R,6,tap,,0,1,,1,8,tap,2,0.5,8,,4
1787-ユビキリ-mas,13.3,174,68,94.4828,L,2,star,,0,1,R6(slide),2,6,star,4,1.0,5,slide:1>6,5
1787-ユビキリ-mas,13.3,174,68,94.4828,R,6,slide,2,0,1,L2(star),2,1,slide,3,1.0,2,,5
1787-ユビキリ-mas,13.3,174,69,95.8621,R,6,slide,2,0,1,,1,1,slide,3,1.0,1,,5
1787-ユビキリ-mas,13.3,174,76,104.8276,L,2,star,,0,1,R3(tap),2,6,slide,4,1.0,2,,5
1787-ユビキリ-mas,13.3,174,76,105.1724,L,2,slide,7,0,1,R3(tap),2,2,star,0,1.0,7,,5
1789-咲キ誇レ常世ノ華-mas,13.5,170-210(170),5,7.4118,R,7,hold,,0,1,,1,1,hold,2,2.0,5,,1
1789-咲キ誇レ常世ノ華-mas,13.5,170-210(170),13,18.7303,R,6,hold,,0,1,,1,4,hold,2,1.668,8,,1
1789-咲キ誇レ常世ノ華-mas,13.5,170-210(170),44,55.485,L,3,star,,0,1,R8(slide),2,8,star,3,1.0,6,slide:5>8,3
1789-咲キ誇レ常世ノ華-mas,13.5,170-210(170),44,56.0565,R,6,slide,3,0,1,,1,3,slide,3,1.0,5,,3
1789-咲キ誇レ常世ノ華-mas,13.5,170-210(170),52,64.6279,R,6,star,,0,1,L1(slide),2,1,star,3,1.0,3,slide:4>1,3
1789-咲キ誇レ常世ノ華-mas,13.5,170-210(170),52,65.1993,L,3,slide,6,0,1,,1,6,slide,3,1.0,4,,3
1789-咲キ誇レ常世ノ華-mas,13.5,170-210(170),84,100.4374,L,3,tap,,0,1,,1,6,slide,3,1.333,7,,4
1789-咲キ誇レ常世ノ華-mas,13.5,170-210(170),92,109.7707,R,7,hold,,0,1,,1,5,hold,2,2.0,1,,5
1789-咲キ誇レ常世ノ華-mas,13.5,170-210(170),93,111.485,L,2,hold,,0,1,,1,8,slide,2,4.0,4,,5
1789-咲キ誇レ常世ノ華-mas,13.5,170-210(170),97,115.7707,L,3,slide,7,0,1,,1,4,tap,1,0.75,7,,5
1793-デッドレッドガールズ-mas,13.8,230,45,47.2174,L,2,slide,6,0,1,,1,6,slide,4,4.0,7,,2
1793-デッドレッドガールズ-mas,13.8,230,113,118.6957,R,6,hold,,0,1,,1,4,tap,2,2.0,1,,5
1793-デッドレッドガールズ-mas,13.8,230,115,120.5217,L,3,hold,,0,1,,1,4,slide,1,2.5,1,,5
1793-デッドレッドガールズ-mas,13.8,230,117,122.8696,L,3,hold,,0,1,,1,5,tap,2,2.0,6,,5
1793-デッドレッドガールズ-mas,13.8,230,119,124.9565,R,7,hold,,0,1,,1,4,tap,3,2.0,2,,5
1793-デッドレッドガールズ-mas,13.8,230,121,127.0435,L,3,hold,,0,1,,1,7,tap,4,3.0,8,,5
1793-デッドレッドガールズ-mas,13.8,230,123,128.8696,R,6,hold,,0,1,,1,5,slide,1,2.5,8,,5
1793-デッドレッドガールズ-mas,13.8,230,125,131.2174,R,6,hold,,0,1,,1,4,tap,2,2.0,3,,5
1793-デッドレッドガールズ-mas,13.8,230,127,133.3043,L,2,hold,,0,1,,1,5,tap,3,2.0,7,,5
1823-キレキャリオン-mas,13.1,170,10,15.0882,R,6,tap,,0,1,,1,3,tap,3,0.75,2,hold:5>None,1
1823-キレキャリオン-mas,13.1,170,11,15.7941,L,3,tap,,0,1,,1,5,hold,2,2.75,8,hold:2>None,1
1823-キレキャリオン-mas,13.1,170,14,20.7353,L,3,tap,,0,1,,1,6,tap,3,0.75,7,hold:4>None,1
1823-キレキャリオン-mas,13.1,170,15,21.4412,R,6,tap,,0,1,,1,4,hold,2,2.75,1,hold:7>None,1
1823-キレキャリオン-mas,13.1,170,22,31.7647,L,2,hold,,0,1,,1,4,tap,2,1.0,6,,2
1823-キレキャリオン-mas,13.1,170,24,34.8529,L,2,tap,,0,1,R3(tap),2,7,tap,3,0.75,6,,2
1823-キレキャリオン-mas,13.1,170,26,37.4118,R,7,hold,,0,1,,1,5,tap,2,1.0,3,,2
1823-キレキャリオン-mas,13.1,170,28,40.5,R,7,tap,,0,1,L6(tap),2,2,tap,3,0.75,3,,2
1823-キレキャリオン-mas,13.1,170,43,61.7647,R,6,tap,,0,1,L7(tap),2,1,tap,3,1.0,4,,3
1823-キレキャリオン-mas,13.1,170,45,64.5882,L,2,tap,,0,1,R3(tap),2,8,tap,2,1.0,4,,3
1823-キレキャリオン-mas,13.1,170,52,73.4118,L,2,hold,,0,1,R1(tap),2,7,slide,3,2.0,4,,4
1823-キレキャリオン-mas,13.1,170,54,76.7647,R,6,tap,,0,1,,1,8,tap,2,1.5,4,,4
1823-キレキャリオン-mas,13.1,170,56,79.0588,L,3,hold,,0,1,R4(tap),2,5,slide,2,2.0,1,,4
1823-キレキャリオン-mas,13.1,170,58,82.4118,R,7,tap,,0,1,,1,5,tap,2,1.5,1,,4
1823-キレキャリオン-mas,13.1,170,69,98.4706,L,3,tap,,0,1,R2(tap),2,8,tap,3,1.0,6,,5
1823-キレキャリオン-mas,13.1,170,71,101.2941,R,7,tap,,0,1,L6(tap),2,1,tap,2,1.0,5,,5
1826-どういうことなの！？-mas,13.4,175,0,0.5143,R,6,hold,,0,1,,1,4,tap,2,1.0,4,,1
1826-どういうことなの！？-mas,13.4,175,1,1.8857,L,3,hold,,0,1,,1,5,tap,2,1.0,5,,1
1826-どういうことなの！？-mas,13.4,175,2,3.2571,R,6,hold,,0,1,,1,4,tap,2,1.0,5,,1
1826-どういうことなの！？-mas,13.4,175,3,4.9714,L,2,tap,,0,1,,1,4,tap,2,1.5,1,hold:3>None,1
1826-どういうことなの！？-mas,13.4,175,4,6.0,L,2,hold,,0,1,,1,8,tap,2,1.0,8,,1
1826-どういうことなの！？-mas,13.4,175,5,7.3714,R,7,hold,,0,1,,1,1,tap,2,1.0,1,,1
1826-どういうことなの！？-mas,13.4,175,6,8.7429,L,2,hold,,0,1,,1,8,tap,2,1.0,1,,1
1826-どういうことなの！？-mas,13.4,175,8,12.0,R,7,tap,,0,1,,1,5,tap,2,1.5,1,,1
1826-どういうことなの！？-mas,13.4,175,12,17.4857,L,2,tap,,0,1,,1,4,tap,2,1.5,8,,1
1826-どういうことなの！？-mas,13.4,175,16,22.6286,L,2,tap,,0,1,,1,7,hold,3,2.0,4,,1
1826-どういうことなの！？-mas,13.4,175,24,33.6,R,7,tap,,0,1,,1,2,hold,3,2.0,5,,2
1826-どういうことなの！？-mas,13.4,175,60,82.6286,R,6,hold,,0,1,,1,3,hold,3,4.5,4,,4
1826-どういうことなの！？-mas,13.4,175,61,84.0,L,3,hold,,0,1,,1,7,tap,4,2.0,3,,4
1826-どういうことなの！？-mas,13.4,175,62,85.3714,L,3,star,,0,1,R2(slide),2,3,hold,0,4.0,7,slide:2>3,4
1826-どういうことなの！？-mas,13.4,175,62,86.0571,R,7,slide,3,0,1,,1,3,slide,4,1.0,1,,4
1826-どういうことなの！？-mas,13.4,175,64,88.2857,R,7,tap,,0,1,,1,5,tap,2,0.5,5,hold:6>None,4
1826-どういうことなの！？-mas,13.4,175,65,90.0,L,2,tap,,0,1,,1,4,hold,2,2.5,1,hold:3>None,4
1826-どういうことなの！？-mas,13.4,175,66,91.5429,R,7,tap,,0,1,L1(slide),2,5,tap,2,1.5,3,slide:1>5,4
1826-どういうことなの！？-mas,13.4,175,68,93.7714,L,2,tap,,0,1,,1,4,tap,2,0.5,4,hold:3>None,5
1826-どういうことなの！？-mas,13.4,175,69,95.4857,R,7,tap,,0,1,,1,5,hold,2,2.5,8,hold:6>None,5
1826-どういうことなの！？-mas,13.4,175,70,97.0286,L,2,tap,,0,1,R8(slide),2,4,tap,2,1.5,6,slide:8>4,5
1826-どういうことなの！？-mas,13.4,175,72,99.2571,L,3,tap,,0,1,,1,1,tap,2,0.5,1,hold:2>None,5
1826-どういうことなの！？-mas,13.4,175,73,100.9714,R,6,tap,,0,1,,1,8,hold,2,2.5,5,hold:7>None,5
1826-どういうことなの！？-mas,13.4,175,76,104.7429,R,6,tap,,0,1,,1,8,tap,2,0.5,8,hold:7>None,5
1826-どういうことなの！？-mas,13.4,175,77,106.4571,L,3,tap,,0,1,,1,1,hold,2,2.5,4,hold:2>None,5
1836-曖昧mind-mas,13.4,135,12,22.6667,R,6,wifi,2,0,1,LR6(wifi),1,4,tap,2,0.75,4,,1
1836-曖昧mind-mas,13.4,135,18,32.4444,R,6,slide,3,0,1,L7(slide),2,8,tap,2,1.5,2,slide:7>4,2
1836-曖昧mind-mas,13.4,135,22,39.5556,L,3,slide,6,0,1,R2(slide),2,1,tap,2,1.5,7,slide:2>5,2
1836-曖昧mind-mas,13.4,135,38,68.2222,L,2,tap,,0,1,,1,1,tap,1,0.167,6,slide:3>6,3
1836-曖昧mind-mas,13.4,135,54,96.6667,R,7,hold,,0,1,,1,5,hold,2,4.0,6,,5
1836-曖昧mind-mas,13.4,135,55,98.2222,R,6,star,,0,2,L1(slide),2,7,hold,1,3.5,6,slide:1>6,5
1836-曖昧mind-mas,13.4,135,55,98.4444,R,6,tap,,0,2,,1,6,star,0,0.5,3,slide:1>6,5
1836-曖昧mind-mas,13.4,135,55,99.1111,L,3,slide,8,0,1,R8(star),2,6,slide,3,1.0,8,,5
1836-曖昧mind-mas,13.4,135,56,100.4444,L,2,slide,7,0,1,R7(star),2,5,slide,3,1.0,7,,5
1836-曖昧mind-mas,13.4,135,56,100.4444,R,7,star,,0,2,L2(slide),2,2,tap,3,0.5,7,slide:5>2,5
1836-曖昧mind-mas,13.4,135,56,100.6667,R,7,tap,,0,2,,1,7,star,0,0.5,4,slide:2>7,5
1836-曖昧mind-mas,13.4,135,59,105.7778,R,7,tap,,0,1,L6(tap),2,3,tap,4,0.5,2,,5
1836-曖昧mind-mas,13.4,135,63,112.8889,L,2,tap,,0,1,R3(tap),2,6,tap,4,0.5,7,,5
1839-オモイヨシノ-mas,13.3,168,4,6.4286,L,2,tap,,0,1,,1,4,tap,2,1.5,1,hold:3>None,1
1839-オモイヨシノ-mas,13.3,168,5,7.8571,R,7,tap,,0,1,,1,5,tap,2,1.5,8,hold:6>None,1
1839-オモイヨシノ-mas,13.3,168,32,46.9643,L,2,hold,,0,1,,1,1,slide,1,1.5,4,,2
1839-オモイヨシノ-mas,13.3,168,34,49.8214,R,7,hold,,0,1,,1,8,slide,1,1.5,8,,2
1839-オモイヨシノ-mas,13.3,168,36,52.1429,L,2,slide,7,0,1,R6(slide),2,6,slide,4,1.0,6,slide:6>3,2
1839-オモイヨシノ-mas,13.3,168,36,52.1429,R,6,slide,3,0,1,L2(slide),2,2,slide,4,1.0,4,slide:2>7,2
1839-オモイヨシノ-mas,13.3,168,51,74.2857,L,2,slide,6,0,1,R6(slide),2,6,slide,4,1.0,7,slide:2>6,3
1839-オモイヨシノ-mas,13.3,168,51,74.2857,R,6,slide,2,0,1,L2(slide),2,2,slide,4,1.0,3,slide:6>2,3
1839-オモイヨシノ-mas,13.3,168,56,80.3571,L,2,tap,,0,2,,1,6,tap,4,2.0,2,hold:3>None,4
1839-オモイヨシノ-mas,13.3,168,56,80.5357,L,2,hold,,0,2,,1,2,tap,0,0.5,4,,4
1839-オモイヨシノ-mas,13.3,168,57,81.6071,R,6,tap,,0,1,,1,5,tap,1,1.0,5,hold:7>None,4
1839-オモイヨシノ-mas,13.3,168,58,83.75,R,6,tap,,0,1,,1,1,hold,3,2.5,4,,4
1839-オモイヨシノ-mas,13.3,168,60,86.0714,R,7,tap,,0,2,,1,3,slide,4,2.0,7,hold:6>None,4
1839-オモイヨシノ-mas,13.3,168,60,86.25,R,7,hold,,0,2,,1,7,tap,0,0.5,5,,4
1839-オモイヨシノ-mas,13.3,168,62,89.4643,R,6,tap,,0,1,,1,1,hold,3,2.5,4,,4
1839-オモイヨシノ-mas,13.3,168,69,99.6429,R,7,slide,2,0,1,L6(tap),2,1,slide,2,2.0,1,,4
1839-オモイヨシノ-mas,13.3,168,75,107.5,R,6,slide,3,0,1,L8(hold),2,8,tap,2,2.0,1,hold:8>None,5
1839-オモイヨシノ-mas,13.3,168,79,113.2143,L,3,slide,6,0,1,R1(hold),2,1,tap,2,2.0,8,hold:1>None,5
1839-オモイヨシノ-mas,13.3,168,87,124.6429,R,7,tap,,0,1,,1,5,tap,2,1.0,1,hold:4>None,5
203-Garakuta Doll Play-mas,14.2,256,9,8.9062,L,2,tap,,0,1,,1,8,slide,2,6.0,8,,1
203-Garakuta Doll Play-mas,14.2,256,13,12.6562,R,7,tap,,0,1,,1,1,slide,2,6.0,1,,1
203-Garakuta Doll Play-mas,14.2,256,48,45.2344,L,2,slide,6,0,1,,1,7,tap,3,3.0,6,,2
203-Garakuta Doll Play-mas,14.2,256,50,47.1094,R,7,slide,3,0,1,,1,5,tap,2,3.0,8,,2
203-Garakuta Doll Play-mas,14.2,256,52,48.9844,R,7,slide,3,0,1,,1,8,slide,1,2.0,3,,3
203-Garakuta Doll Play-mas,14.2,256,54,50.8594,L,2,slide,6,0,1,,1,4,tap,2,3.0,1,,3
203-Garakuta Doll Play-mas,14.2,256,57,54.1406,R,6,tap,,0,1,L7(tap),2,2,tap,4,1.5,3,,3
203-Garakuta Doll Play-mas,14.2,256,59,56.0156,L,3,tap,,0,1,R2(tap),2,7,tap,4,1.5,5,,3
203-Garakuta Doll Play-mas,14.2,256,63,59.7656,L,3,slide,8,0,1,,1,8,slide,3,1.0,1,,3
203-Garakuta Doll Play-mas,14.2,256,77,73.125,L,3,slide,6,0,1,,1,8,tap,3,5.0,6,slide:3>8,3
203-Garakuta Doll Play-mas,14.2,256,80,75.2344,R,7,slide,2,0,1,,1,2,tap,3,2.0,3,,4
203-Garakuta Doll Play-mas,14.2,256,82,77.9297,L,3,slide,7,0,1,,1,7,tap,4,2.0,6,,4
203-Garakuta Doll Play-mas,14.2,256,90,84.6094,R,6,slide,2,0,1,,1,3,tap,3,2.0,3,,4
204-System “Z”-mas,14.4,147,0,1.9388,L,3,slide,7,0,1,,1,4,tap,1,1.25,4,,1
204-System “Z”-mas,14.4,147,1,3.5714,R,6,slide,2,0,1,,1,5,tap,1,2.75,8,,1
204-System “Z”-mas,14.4,147,2,5.2041,L,2,slide,6,0,1,,1,1,tap,1,1.25,1,,1
204-System “Z”-mas,14.4,147,7,12.449,L,3,tap,,0,1,,1,5,tap,2,0.75,6,,1
204-System “Z”-mas,14.4,147,7,12.7551,R,7,tap,,0,1,,1,2,tap,3,0.5,2,,1
204-System “Z”-mas,14.4,147,11,18.9796,R,7,tap,,0,1,,1,1,tap,2,0.75,2,,1
204-System “Z”-mas,14.4,147,11,19.2857,L,3,tap,,0,1,,1,6,tap,3,0.5,8,,1
204-System “Z”-mas,14.4,147,13,22.8571,L,3,slide,7,0,1,,1,4,tap,1,1.25,8,,1
204-System “Z”-mas,14.4,147,14,23.3673,R,7,tap,,0,1,,1,3,tap,4,0.5,2,,2
204-System “Z”-mas,14.4,147,18,30.6122,R,7,slide,3,0,1,,1,8,slide,1,0.75,1,slide:4>7,2
204-System “Z”-mas,14.4,147,19,31.8367,L,2,slide,6,0,1,,1,1,slide,1,0.75,7,slide:5>2,2
204-System “Z”-mas,14.4,147,19,32.551,R,6,tap,,0,1,,1,5,slide,1,1.0,8,,2
204-System “Z”-mas,14.4,147,20,33.1633,L,3,tap,,0,1,,1,7,tap,4,0.75,6,,2
204-System “Z”-mas,14.4,147,20,33.8776,R,7,tap,,0,1,,1,2,tap,3,0.75,5,,2
204-System “Z”-mas,14.4,147,23,38.2653,L,3,tap,,0,1,R2(tap),2,1,tap,2,1.5,3,slide:2>7,2
204-System “Z”-mas,14.4,147,23,38.3673,L,3,slide,6,0,1,R2(slide),2,3,tap,0,0.25,6,slide:2>7,2
204-System “Z”-mas,14.4,147,26,43.3673,L,3,slide,7,0,1,,1,7,tap,4,0.75,6,hold:3>None,2
204-System “Z”-mas,14.4,147,26,44.1837,R,6,slide,2,0,1,,1,2,tap,4,0.75,4,hold:6>None,2
204-System “Z”-mas,14.4,147,30,49.898,R,6,slide,1,0,1,,1,1,star,3,0.75,1,hold:6>None,3
204-System “Z”-mas,14.4,147,30,50.7143,L,3,slide,8,0,1,,1,8,star,3,0.75,8,hold:3>None,3
204-System “Z”-mas,14.4,147,31,51.5306,R,7,slide,4,0,1,,1,4,star,3,0.75,4,hold:7>None,3
204-System “Z”-mas,14.4,147,36,58.7755,R,6,star,,0,1,L1(slide),2,1,slide,3,1.0,3,slide:1>6,3
204-System “Z”-mas,14.4,147,36,59.3878,L,3,slide,8,0,1,R8(star),2,6,slide,3,0.5,8,,3
204-System “Z”-mas,14.4,147,39,64.2857,R,6,slide,2,0,1,L7(star),2,2,slide,4,0.5,2,,3
204-System “Z”-mas,14.4,147,39,64.6939,R,7,slide,4,0,1,,1,2,slide,3,0.5,3,,3
204-System “Z”-mas,14.4,147,39,65.5102,L,3,slide,7,0,1,R2(star),2,7,slide,4,0.5,7,,3
204-System “Z”-mas,14.4,147,40,65.9184,L,2,slide,5,0,1,,1,7,slide,3,0.5,5,,3
204-System “Z”-mas,14.4,147,46,76.1224,R,7,tap,,0,1,,1,1,tap,2,0.75,2,,4
204-System “Z”-mas,14.4,147,46,76.4286,L,3,tap,,0,1,,1,6,tap,3,0.5,7,,4
204-System “Z”-mas,14.4,147,51,84.898,R,6,slide,2,0,1,,1,5,tap,1,1.25,1,,4
204-System “Z”-mas,14.4,147,52,85.4082,L,2,tap,,0,1,,1,6,tap,4,0.5,7,,4
204-System “Z”-mas,14.4,147,52,85.7143,R,6,tap,,0,1,,1,3,tap,3,0.5,3,,4
204-System “Z”-mas,14.4,147,55,90.8163,R,6,slide,3,0,1,,1,1,slide,3,0.25,4,,5
204-System “Z”-mas,14.4,147,55,91.6327,L,3,slide,6,0,1,,1,8,slide,3,0.25,5,,5
204-System “Z”-mas,14.4,147,56,92.449,L,2,slide,7,0,1,,1,5,slide,3,0.25,8,,5
204-System “Z”-mas,14.4,147,56,93.2653,R,7,slide,2,0,1,,1,4,slide,3,0.25,1,,5
204-System “Z”-remas,14.2,147,0,1.0204,L,2,tap,,0,1,,1,6,hold,4,1.5,1,hold:3>None,1
204-System “Z”-remas,14.2,147,0,1.4286,R,6,tap,,0,1,,1,3,hold,3,1.5,2,,1
204-System “Z”-remas,14.2,147,14,23.3673,R,6,tap,,0,1,,1,3,tap,3,0.5,8,,2
204-System “Z”-remas,14.2,147,23,38.2653,L,3,tap,,0,1,R2(tap),2,1,tap,2,1.5,3,slide:2>7,2
204-System “Z”-remas,14.2,147,23,38.3673,L,3,slide,6,0,1,R2(slide),2,3,tap,0,0.25,8,slide:2>7,2
204-System “Z”-remas,14.2,147,36,59.5918,L,3,slide,7,0,1,,1,7,slide,4,1.0,6,,3
204-System “Z”-remas,14.2,147,43,71.9388,L,2,slide,2,0,1,,1,8,slide,2,0.5,6,slide:3>3,4
204-System “Z”-remas,14.2,147,47,78.5714,R,6,slide,6,0,1,,1,1,slide,3,0.75,2,slide:7>7,4
204-System “Z”-remas,14.2,147,59,98.2653,R,6,slide,4,0,1,,1,8,slide,2,0.5,5,,5
204-System “Z”-remas,14.2,147,60,99.898,R,6,slide,4,0,1,,1,8,slide,2,0.5,5,,5
204-System “Z”-remas,14.2,147,66,108.2653,L,3,slide,7,0,1,R7(slide),2,7,slide,4,1.0,,slide:7>3,5
204-System “Z”-remas,14.2,147,66,108.2653,R,7,slide,3,0,1,L3(slide),2,3,slide,4,1.0,,slide:3>7,5
205-セガサターン起動音[H.][Remix]-mas,13,148,18,30.0,L,3,star,,0,1,R6(slide),2,6,star,3,1.0,8,slide:1>6,2
205-セガサターン起動音[H.][Remix]-mas,13,148,18,30.0,R,6,slide,3,0,1,L3(star),2,1,slide,3,1.0,3,,2
205-セガサターン起動音[H.][Remix]-mas,13,148,19,31.2162,L,2,star,,0,1,R5(slide),2,5,star,3,1.0,7,slide:8>5,3
205-セガサターン起動音[H.][Remix]-mas,13,148,20,32.8378,L,3,star,,0,1,R8(slide),2,4,tap,1,2.0,6,slide:8>3,3
205-セガサターン起動音[H.][Remix]-mas,13,148,20,33.6486,R,6,slide,1,0,1,L1(star),2,3,slide,3,1.0,1,,3
205-セガサターン起動音[H.][Remix]-mas,13,148,21,34.8649,L,2,tap,,0,1,R7(slide),2,7,star,3,1.0,5,slide:4>7,3
205-セガサターン起動音[H.][Remix]-mas,13,148,21,34.8649,R,7,slide,2,0,1,L2(tap),2,4,slide,3,1.0,8,,3
205-セガサターン起動音[H.][Remix]-mas,13,148,39,64.0541,L,2,slide,7,0,1,R3(star),2,6,slide,4,1.0,6,slide:3>7,5
205-セガサターン起動音[H.][Remix]-mas,13,148,42,68.5135,L,2,slide,7,0,1,R3(slide),2,6,tap,4,2.0,6,slide:3>6,5
205-セガサターン起動音[H.][Remix]-mas,13,148,43,70.1351,R,6,slide,3,0,1,L7(slide),2,3,slide,3,2.0,2,slide:7>2,5
205-セガサターン起動音[H.][Remix]-mas,13,148,45,73.7838,R,7,star,,0,1,L3(slide),2,3,star,4,1.0,5,slide:6>3,5
205-セガサターン起動音[H.][Remix]-mas,13,148,45,73.7838,L,3,slide,7,0,1,R7(star),2,6,slide,3,1.0,7,,5
207-裏表ラバーズ-mas,13.9,159,5,8.6792,R,6,tap,,0,1,L7(tap),2,5,tap,1,1.0,8,,1
207-裏表ラバーズ-mas,13.9,159,6,10.1887,L,3,tap,,0,1,R2(tap),2,4,tap,1,1.0,1,,1
207-裏表ラバーズ-mas,13.9,159,20,31.7925,R,7,slide,2,0,1,,1,8,tap,1,1.25,3,hold:6>None,2
207-裏表ラバーズ-mas,13.9,159,27,41.2264,L,2,tap,,0,1,,1,4,tap,2,0.5,6,,2
207-裏表ラバーズ-mas,13.9,159,28,42.7358,R,7,tap,,0,1,,1,5,tap,2,0.5,3,,2
207-裏表ラバーズ-mas,13.9,159,29,44.2453,L,2,tap,,0,1,,1,4,tap,2,0.5,7,,3
207-裏表ラバーズ-mas,13.9,159,30,45.7547,R,7,tap,,0,1,,1,5,tap,2,0.5,2,,3
207-裏表ラバーズ-mas,13.9,159,31,47.9245,R,7,slide,3,0,1,,1,5,tap,2,1.5,3,,3
207-裏表ラバーズ-mas,13.9,159,32,49.434,L,2,slide,6,0,1,,1,4,tap,2,1.5,6,,3
207-裏表ラバーズ-mas,13.9,159,35,53.9623,L,2,tap,,0,1,R3(tap),2,6,tap,4,0.75,7,,3
207-裏表ラバーズ-mas,13.9,159,36,55.4717,R,7,tap,,0,1,L6(tap),2,3,tap,4,0.75,2,,3
207-裏表ラバーズ-mas,13.9,159,37,56.9811,L,2,tap,,0,1,R3(tap),2,6,tap,4,0.75,4,,3
207-裏表ラバーズ-mas,13.9,159,38,58.4906,R,6,tap,,0,1,L7(tap),2,3,tap,3,0.75,4,,3
207-裏表ラバーズ-mas,13.9,159,51,77.4528,L,2,tap,,0,1,,1,4,tap,2,0.5,6,,4
207-裏表ラバーズ-mas,13.9,159,52,78.9623,R,7,tap,,0,1,,1,5,tap,2,0.5,3,,4
207-裏表ラバーズ-mas,13.9,159,53,80.4717,L,2,tap,,0,1,,1,4,tap,2,0.5,6,,4
207-裏表ラバーズ-mas,13.9,159,54,81.9811,R,7,tap,,0,1,,1,5,tap,2,0.5,2,,4
207-裏表ラバーズ-mas,13.9,159,54,82.6415,L,2,slide,6,0,1,,1,6,slide,4,0.5,6,,4
207-裏表ラバーズ-mas,13.9,159,55,83.4906,L,2,tap,,0,1,,1,5,tap,3,0.5,7,,4
207-裏表ラバーズ-mas,13.9,159,56,85.0,R,7,tap,,0,1,,1,4,tap,3,0.5,2,,4
207-裏表ラバーズ-mas,13.9,159,57,86.5094,L,2,tap,,0,1,,1,5,tap,3,0.5,4,,5
207-裏表ラバーズ-mas,13.9,159,60,91.1321,L,2,slide,5,0,1,,1,4,star,2,0.5,7,slide:8>3,5
207-裏表ラバーズ-mas,13.9,159,63,95.8491,R,6,slide,3,0,1,,1,5,tap,1,1.25,6,slide:6>1,5
207-裏表ラバーズ-mas,13.9,159,63,96.2264,R,6,slide,2,0,1,,1,6,slide,0,1.0,3,slide:6>1,5
207-裏表ラバーズ-mas,13.9,159,64,97.3585,L,3,slide,6,0,1,,1,4,tap,1,1.25,3,slide:3>8,5
207-裏表ラバーズ-mas,13.9,159,64,97.7358,L,3,slide,7,0,1,,1,3,slide,0,1.0,6,slide:3>8,5
207-裏表ラバーズ-mas,13.9,159,65,98.3962,R,7,tap,,0,1,,1,5,tap,2,0.5,5,,5
207-裏表ラバーズ-mas,13.9,159,65,98.8679,R,6,slide,3,0,1,,1,5,tap,1,0.75,6,slide:6>1,5
207-裏表ラバーズ-mas,13.9,159,65,99.2453,R,6,slide,2,0,1,,1,6,slide,0,1.0,3,slide:6>1,5
207-裏表ラバーズ-mas,13.9,159,66,99.9057,L,2,tap,,0,1,,1,4,tap,2,0.5,4,,5
207-裏表ラバーズ-mas,13.9,159,66,100.7547,R,7,slide,3,0,1,,1,3,slide,4,0.5,8,,5
207-裏表ラバーズ-mas,13.9,159,67,101.4151,R,6,tap,,0,1,,1,8,tap,2,0.5,8,,5
207-裏表ラバーズ-mas,13.9,159,67,102.0755,R,7,slide,2,0,1,,1,8,tap,1,1.25,2,slide:7>3,5
207-裏表ラバーズ-mas,13.9,159,68,102.9245,L,3,tap,,0,1,,1,1,tap,2,0.5,1,,5
207-裏表ラバーズ-mas,13.9,159,68,103.5849,L,2,slide,7,0,1,,1,1,tap,1,1.25,7,slide:2>6,5
207-裏表ラバーズ-mas,13.9,159,69,104.434,R,6,tap,,0,1,,1,8,tap,2,0.5,8,,5
207-裏表ラバーズ-mas,13.9,159,69,105.4717,L,3,slide,6,0,1,,1,7,slide,4,1.0,8,slide:1>4,5
208-ぽっぴっぽー-mas,13.3,150,12,20.3,R,6,hold,,0,1,,1,3,tap,3,1.25,1,,1
208-ぽっぴっぽー-mas,13.3,150,13,21.9,L,3,hold,,0,1,,1,6,tap,3,1.25,8,,2
208-ぽっぴっぽー-mas,13.3,150,14,23.5,R,6,hold,,0,1,,1,3,tap,3,1.25,1,,2
208-ぽっぴっぽー-mas,13.3,150,26,42.8,R,7,slide,2,0,1,L6(star),2,2,star,3,0.5,2,slide:6>3,3
208-ぽっぴっぽー-mas,13.3,150,28,46.2,R,6,tap,,0,1,,1,5,tap,1,1.25,2,,3
208-ぽっぴっぽー-mas,13.3,150,30,49.4,L,3,tap,,0,1,,1,4,tap,1,1.25,7,,3
208-ぽっぴっぽー-mas,13.3,150,36,58.0,L,2,slide,7,0,1,,1,7,hold,3,2.0,8,hold:2>None,3
208-ぽっぴっぽー-mas,13.3,150,44,71.4,L,2,tap,,0,1,R3(tap),2,4,tap,2,0.5,4,,4
208-ぽっぴっぽー-mas,13.3,150,45,73.0,R,7,tap,,0,1,L6(tap),2,5,tap,2,0.5,5,,4
208-ぽっぴっぽー-mas,13.3,150,46,74.4,R,7,slide,3,0,1,L6(star),2,1,slide,2,1.0,8,slide:6>1,4
208-ぽっぴっぽー-mas,13.3,150,48,78.0,R,6,tap,,0,1,L7(tap),2,8,tap,2,0.5,5,,4
208-ぽっぴっぽー-mas,13.3,150,49,79.6,L,2,tap,,0,2,R3(tap),2,1,tap,1,0.5,8,,5
208-ぽっぴっぽー-mas,13.3,150,50,80.8,L,2,slide,6,0,1,R3(star),2,8,slide,2,1.0,1,slide:3>8,5
208-ぽっぴっぽー-mas,13.3,150,59,94.4,R,6,tap,,0,1,,1,8,hold,2,2.0,4,,5
217-DADDY MULK -Groove remix--mas,13.8,154,5,9.3506,R,6,slide,1,0,1,,1,5,tap,1,2.0,2,hold:6>None,1
217-DADDY MULK -Groove remix--mas,13.8,154,21,32.8247,R,6,tap,,0,1,,1,4,tap,2,0.75,1,,2
217-DADDY MULK -Groove remix--mas,13.8,154,23,35.9416,L,3,tap,,0,1,,1,5,tap,2,0.75,8,,2
217-DADDY MULK -Groove remix--mas,13.8,154,42,65.7468,L,3,tap,,0,1,,1,8,tap,3,0.75,5,,3
217-DADDY MULK -Groove remix--mas,13.8,154,42,66.526,R,6,tap,,0,1,,1,4,tap,2,1.0,2,,3
217-DADDY MULK -Groove remix--remas,13.8,154,3,5.0649,R,7,tap,,0,1,,1,2,tap,3,2.0,6,hold:4>None,1
217-DADDY MULK -Groove remix--remas,13.8,154,3,5.8442,R,6,tap,,0,1,,1,7,tap,1,2.0,5,hold:4>None,1
217-DADDY MULK -Groove remix--remas,13.8,154,6,10.5195,L,2,tap,,0,1,,1,7,tap,3,2.0,8,,1
217-DADDY MULK -Groove remix--remas,13.8,154,15,23.5714,L,2,tap,,0,1,,1,8,tap,2,0.5,7,hold:5>None,1
217-DADDY MULK -Groove remix--remas,13.8,154,15,23.961,L,3,tap,,0,1,,1,7,tap,4,0.5,6,hold:5>None,1
217-DADDY MULK -Groove remix--remas,13.8,154,17,27.4675,L,3,slide,7,0,1,R3(hold),2,7,hold,4,2.5,6,hold:3>None,2
217-DADDY MULK -Groove remix--remas,13.8,154,19,30.5844,R,6,slide,2,0,1,L6(hold),2,2,hold,4,2.5,3,hold:6>None,2
217-DADDY MULK -Groove remix--remas,13.8,154,51,79.4806,R,7,hold,,0,1,L5(tap),2,4,tap,3,0.5,5,,4
217-DADDY MULK -Groove remix--remas,13.8,154,75,117.8573,L,3,slide,8,0,1,R5(tap),2,8,slide,3,0.5,8,,5
217-DADDY MULK -Groove remix--remas,13.8,154,77,120.9741,R,6,slide,1,0,1,L4(tap),2,1,slide,3,0.5,1,,5
227-セツナトリップ-mas,13.3,145,16,27.8276,L,2,tap,,0,1,,1,7,tap,3,0.75,4,,2
227-セツナトリップ-mas,13.3,145,18,31.1379,R,6,tap,,0,1,,1,2,tap,4,0.75,8,,2
227-セツナトリップ-mas,13.3,145,23,38.2759,R,7,tap,,0,1,L6(tap),2,1,tap,2,0.5,4,,2
227-セツナトリップ-mas,13.3,145,23,38.6897,L,2,tap,,0,1,R3(tap),2,5,tap,3,0.5,7,,2
227-セツナトリップ-mas,13.3,145,29,48.8276,L,2,slide,6,0,1,R3(star),2,8,slide,2,1.0,8,slide:3>7,3
227-セツナトリップ-mas,13.3,145,36,59.5862,L,2,hold,,0,1,,1,8,slide,2,1.0,4,,3
227-セツナトリップ-mas,13.3,145,38,63.5172,R,6,slide,2,0,1,,1,2,slide,4,0.5,3,,3
227-セツナトリップ-mas,13.3,145,38,64.3448,L,3,slide,7,0,1,,1,7,slide,4,0.5,1,,3
227-セツナトリップ-mas,13.3,145,40,67.6552,R,6,tap,,0,1,L7(tap),2,4,tap,2,0.75,8,,4
227-セツナトリップ-mas,13.3,145,41,68.2759,L,2,tap,,1,1,R3(tap),2,6,tap,4,0.5,1,,4
227-セツナトリップ-mas,13.3,145,41,69.4138,L,3,tap,,0,1,,1,8,tap,3,0.75,7,,4
227-セツナトリップ-mas,13.3,145,42,69.8276,R,6,tap,,0,1,,1,2,tap,4,0.75,4,,4
227-セツナトリップ-mas,13.3,145,42,70.5517,R,7,tap,,0,1,L6(tap),2,4,tap,3,0.5,1,,4
227-セツナトリップ-mas,13.3,145,42,70.9655,L,2,tap,,0,1,R3(tap),2,8,tap,2,0.5,6,,4
227-セツナトリップ-mas,13.3,145,44,74.2759,L,2,tap,,0,1,R3(tap),2,7,tap,3,0.75,1,,4
227-セツナトリップ-mas,13.3,145,45,74.8966,R,7,tap,,1,1,L6(tap),2,3,tap,4,0.5,8,,4
227-セツナトリップ-mas,13.3,145,49,81.931,R,6,slide,2,0,1,,1,2,slide,4,0.5,2,,4
227-セツナトリップ-mas,13.3,145,53,88.5517,L,3,slide,7,0,1,,1,7,slide,4,0.5,7,,5
235-天ノ弱-mas,13.3,200,0,0.9,R,6,hold,,0,1,,1,8,hold,2,3.0,1,,1
235-天ノ弱-mas,13.3,200,2,2.85,L,2,hold,,0,1,,1,4,tap,2,4.5,4,,1
235-天ノ弱-mas,13.3,200,7,8.4,L,3,tap,,0,1,,1,8,hold,3,2.5,4,hold:2>None,1
235-天ノ弱-mas,13.3,200,12,14.7,L,2,tap,,0,1,,1,4,tap,2,0.5,5,,1
235-天ノ弱-mas,13.3,200,12,15.0,R,6,hold,,0,1,,1,3,hold,3,2.0,2,,1
235-天ノ弱-mas,13.3,200,33,39.9,L,3,hold,,0,1,,1,4,tap,1,0.5,1,,2
235-天ノ弱-mas,13.3,200,37,45.0,R,7,hold,,0,1,,1,1,tap,2,1.5,1,,2
235-天ノ弱-mas,13.3,200,39,46.95,R,7,tap,,0,1,,1,8,hold,1,2.5,1,,2
235-天ノ弱-mas,13.3,200,41,49.8,R,7,hold,,0,1,,1,3,tap,4,1.0,5,,2
235-天ノ弱-mas,13.3,200,52,62.978,L,2,star,,0,1,R6(slide),2,6,star,4,1.0,7,slide:6>2,3
235-天ノ弱-mas,13.3,200,52,62.978,R,6,slide,2,0,1,L2(star),2,2,tap,4,2.0,2,,3
235-天ノ弱-mas,13.3,200,52,63.5634,R,7,slide,4,0,1,L4(star),2,2,slide,3,1.0,4,,3
235-天ノ弱-mas,13.3,200,54,65.9049,R,6,slide,2,0,1,L2(star),2,2,slide,4,1.0,2,,3
235-天ノ弱-mas,13.3,200,55,65.9049,L,2,star,,0,1,R6(slide),2,6,star,4,1.0,6,slide:2>6,3
235-天ノ弱-mas,13.3,200,55,67.0756,L,2,slide,6,0,1,R6(star),2,6,slide,4,1.0,6,,3
235-天ノ弱-mas,13.3,200,56,67.0756,R,6,star,,0,1,L2(slide),2,2,star,4,1.0,1,slide:6>2,3
235-天ノ弱-mas,13.3,200,62,74.6854,R,6,slide,3,0,1,L7(star),2,3,slide,3,1.0,8,slide:7>2,3
235-天ノ弱-mas,13.3,200,68,82.189,L,3,tap,,0,1,,1,1,tap,2,1.5,7,,4
235-天ノ弱-mas,13.3,200,70,83.839,L,3,slide,7,0,1,,1,7,slide,4,1.0,8,,4
235-天ノ弱-mas,13.3,200,75,90.0128,R,7,slide,3,0,1,L1(star),2,5,slide,2,1.0,3,slide:1>5,4
235-天ノ弱-mas,13.3,200,80,95.2811,L,3,star,,0,1,R5(slide),2,7,slide,4,1.0,3,slide:5>1,4
235-天ノ弱-mas,13.3,200,80,95.5737,L,3,slide,6,0,1,,1,3,star,0,1.0,7,,4
235-天ノ弱-mas,13.3,200,85,101.1697,L,2,tap,,0,2,,1,7,hold,3,4.0,2,,5
235-天ノ弱-mas,13.3,200,85,101.4682,L,2,hold,,0,2,,1,2,tap,0,1.0,6,,5
235-天ノ弱-mas,13.3,200,89,106.8413,R,7,slide,2,0,1,,1,5,slide,2,2.0,2,,5
235-天ノ弱-mas,13.3,200,93,111.0204,L,3,slide,7,0,1,,1,1,slide,2,1.5,7,,5
241-コトバ・カラフル-mas,13.7,169,8,11.8935,R,7,tap,,0,1,L6(tap),2,8,tap,1,0.5,2,,1
241-コトバ・カラフル-mas,13.7,169,9,12.9586,R,7,tap,,0,1,L6(tap),2,4,tap,3,1.0,5,,1
241-コトバ・カラフル-mas,13.7,169,9,13.6686,L,2,tap,,0,1,R3(tap),2,5,tap,3,1.0,1,,1
241-コトバ・カラフル-mas,13.7,169,35,50.0592,L,2,tap,,0,2,R3(tap),2,1,tap,1,0.5,4,,3
241-コトバ・カラフル-mas,13.7,169,35,50.4142,L,2,tap,,0,1,R3(tap),2,4,tap,2,0.5,7,,3
241-コトバ・カラフル-mas,13.7,169,37,52.8994,R,7,tap,,0,1,L6(tap),2,8,tap,1,0.5,5,,4
241-コトバ・カラフル-mas,13.7,169,37,53.2544,R,7,tap,,0,1,L6(tap),2,5,tap,2,0.5,2,,4
243-sweet little sister-mas,13.4,168,8,11.7857,L,2,hold,,0,1,,1,8,slide,2,4.0,4,,1
243-sweet little sister-mas,13.4,168,9,13.5714,R,7,hold,,0,1,,1,5,hold,2,2.0,7,,1
243-sweet little sister-mas,13.4,168,10,14.6429,R,7,hold,,0,1,,1,7,hold,0,3.0,5,,1
243-sweet little sister-mas,13.4,168,11,16.4286,L,2,hold,,0,1,,1,4,hold,2,2.0,5,,1
243-sweet little sister-mas,13.4,168,39,55.8929,L,3,tap,,0,1,,1,7,tap,4,1.5,4,hold:2>None,3
243-sweet little sister-mas,13.4,168,47,67.3214,L,2,tap,,0,1,,1,8,tap,2,1.5,1,hold:3>None,3
243-sweet little sister-mas,13.4,168,54,77.1429,L,2,hold,,0,1,,1,6,tap,4,0.667,7,,4
243-sweet little sister-mas,13.4,168,55,79.6429,L,3,tap,,0,2,,1,6,tap,3,1.0,3,,4
243-sweet little sister-mas,13.4,168,56,80.0,L,3,hold,,0,2,,1,3,tap,0,1.0,5,,4
243-sweet little sister-mas,13.4,168,56,81.0714,R,6,hold,,0,1,,1,2,tap,4,1.0,2,,4
243-sweet little sister-mas,13.4,168,59,85.3571,L,2,tap,,0,1,,1,6,hold,4,2.0,2,,4
243-sweet little sister-mas,13.4,168,60,86.0714,L,2,hold,,0,1,,1,2,tap,0,2.0,6,,4
243-sweet little sister-mas,13.4,168,61,87.1429,R,7,hold,,0,1,,1,5,hold,2,2.0,3,,4
256-MYTHOS-mas,14.4,158,31,48.038,L,2,tap,,0,1,,1,7,tap,3,0.5,7,,3
256-MYTHOS-mas,14.4,158,31,48.4177,L,2,tap,,0,1,,1,7,tap,3,0.5,8,,3
256-MYTHOS-mas,14.4,158,35,54.3038,L,2,slide,7,0,1,,1,5,slide,3,1.0,4,,3
256-MYTHOS-mas,14.4,158,49,74.7152,L,3,tap,,0,1,,1,1,tap,2,0.5,7,,4
256-MYTHOS-mas,14.4,158,49,75.2848,R,6,tap,,0,1,,1,8,tap,2,0.5,1,,4
256-MYTHOS-mas,14.4,158,57,86.8671,L,3,tap,,0,1,,1,5,tap,2,0.75,7,,4
256-MYTHOS-mas,14.4,158,57,87.2468,R,6,tap,,0,1,,1,2,tap,4,0.75,2,,4
256-MYTHOS-mas,14.4,158,60,92.4684,L,3,tap,,0,1,,1,1,star,2,0.5,1,,4
256-MYTHOS-mas,14.4,158,62,95.4114,R,7,tap,,0,1,,1,3,tap,4,0.5,5,,5
256-MYTHOS-mas,14.4,158,63,96.2658,R,6,tap,,0,1,,1,8,tap,2,0.5,2,,5
256-MYTHOS-mas,14.4,158,64,97.5,L,3,tap,,0,1,,1,1,tap,2,0.5,1,,5
256-MYTHOS-mas,14.4,158,75,114.019,R,6,tap,,0,1,,1,4,tap,2,0.5,8,,5
257-キズナの物語-mas,13.2,128,1,1.875,L,3,hold,,0,1,,1,,,,,5,,1
257-キズナの物語-mas,13.2,128,2,4.6875,R,6,hold,,0,1,,1,4,hold,2,2.0,8,,1
257-キズナの物語-mas,13.2,128,26,49.6875,R,7,star,,0,1,L4(slide),2,4,star,3,1.0,2,slide:1>4,3
257-キズナの物語-mas,13.2,128,26,50.625,L,2,slide,5,0,1,R5(star),2,7,slide,3,1.0,5,,3
257-キズナの物語-mas,13.2,128,32,60.9375,L,2,slide,4,0,1,R3(star),2,1,slide,1,1.0,4,slide:3>5,3
257-キズナの物語-mas,13.2,128,33,62.8125,R,6,slide,8,0,1,L7(star),2,5,slide,1,1.0,8,slide:7>1,3
257-キズナの物語-mas,13.2,128,34,64.6875,R,7,slide,5,0,1,L6(star),2,8,slide,1,1.0,5,slide:6>4,3
257-キズナの物語-mas,13.2,128,42,80.1562,L,3,star,,0,1,R8(slide),2,7,slide,4,3.0,6,slide:8>3,4
257-キズナの物語-mas,13.2,128,43,81.0938,R,6,slide,1,0,1,L1(star),2,3,slide,3,1.0,1,,4
257-キズナの物語-mas,13.2,128,43,82.5,R,7,slide,4,0,1,,1,4,slide,3,1.0,3,,4
257-キズナの物語-mas,13.2,128,47,89.0625,R,6,star,,0,1,L3(slide),2,3,star,3,1.0,2,slide:7>3,4
257-キズナの物語-mas,13.2,128,47,89.0625,L,3,slide,6,0,1,R6(star),2,7,slide,4,1.0,6,,4
257-キズナの物語-mas,13.2,128,47,90.0,L,2,slide,6,0,1,R6(tap),2,6,slide,4,1.0,1,,4
257-キズナの物語-mas,13.2,128,48,90.0,R,6,tap,,1,1,L2(slide),2,2,star,4,1.0,2,slide:6>2,4
257-キズナの物語-mas,13.2,128,49,93.75,R,7,slide,2,0,1,,1,8,slide,1,1.0,2,,4
258-CYCLES-mas,13.3,135,2,4.0,L,2,slide,7,0,1,R3(tap),2,4,slide,2,2.0,5,,1
258-CYCLES-mas,13.3,135,3,5.7778,R,6,slide,3,0,1,L7(tap),2,4,slide,2,2.0,1,,1
258-CYCLES-mas,13.3,135,6,11.1111,L,2,slide,7,0,1,R3(tap),2,4,slide,2,2.0,5,,1
258-CYCLES-mas,13.3,135,7,12.8889,R,6,slide,3,0,1,L7(tap),2,4,slide,2,2.0,2,,1
258-CYCLES-mas,13.3,135,12,22.6667,L,2,slide,7,0,1,,1,4,slide,2,1.0,5,,1
258-CYCLES-mas,13.3,135,13,24.4444,R,7,slide,2,0,1,,1,5,slide,2,1.0,2,,2
258-CYCLES-mas,13.3,135,21,39.3333,R,7,slide,6,0,1,,1,1,slide,2,2.5,2,hold:7>None,2
258-CYCLES-mas,13.3,135,22,40.0,L,2,hold,,0,2,,1,7,hold,3,2.0,7,slide:2>3,2
258-CYCLES-mas,13.3,135,29,51.5556,L,3,star,,0,1,R8(slide),2,8,slide,3,2.0,8,slide:8>3,3
258-CYCLES-mas,13.3,135,29,52.4444,L,3,star,,0,1,R8(slide),2,8,star,3,1.0,8,slide:3>8,3
258-CYCLES-mas,13.3,135,30,53.3333,L,3,star,,0,1,R8(slide),2,8,star,3,1.0,8,slide:3>8,3
258-CYCLES-mas,13.3,135,30,54.2222,L,3,star,,0,1,R8(slide),2,8,star,3,1.0,6,slide:3>8,3
258-CYCLES-mas,13.3,135,30,55.1111,R,6,slide,1,0,1,L1(star),2,3,slide,3,1.0,1,,3
258-CYCLES-mas,13.3,135,31,56.0,R,6,slide,1,0,1,L1(star),2,1,slide,3,1.0,1,,3
258-CYCLES-mas,13.3,135,31,56.8889,R,6,slide,1,0,1,L1(star),2,1,slide,3,1.0,1,,3
258-CYCLES-mas,13.3,135,33,58.6667,R,6,star,,0,1,L1(slide),2,1,slide,3,3.0,3,slide:1>6,3
258-CYCLES-mas,13.3,135,33,59.5556,L,3,slide,8,0,1,R8(star),2,6,slide,3,1.0,8,,3
258-CYCLES-mas,13.3,135,34,60.8889,R,7,star,,0,1,L2(slide),2,2,star,3,1.0,2,slide:5>2,3
258-CYCLES-mas,13.3,135,34,60.8889,L,2,slide,7,0,1,R7(star),2,5,slide,3,1.0,7,,3
258-CYCLES-mas,13.3,135,35,62.2222,L,3,star,,0,1,R8(slide),2,7,slide,4,2.0,6,slide:8>3,3
258-CYCLES-mas,13.3,135,35,63.1111,R,6,slide,1,0,1,L1(star),2,3,slide,3,1.0,1,,3
258-CYCLES-mas,13.3,135,36,64.4444,L,2,star,,0,1,R7(slide),2,7,star,3,1.0,7,slide:4>7,3
258-CYCLES-mas,13.3,135,36,64.4444,R,7,slide,2,0,1,L2(star),2,4,slide,3,1.0,2,,3
258-CYCLES-mas,13.3,135,37,67.7778,R,6,slide,1,0,1,,1,1,slide,3,0.5,3,,3
258-CYCLES-mas,13.3,135,38,68.6667,L,3,slide,8,0,1,,1,8,slide,3,0.5,6,,3
258-CYCLES-mas,13.3,135,38,69.5556,R,6,slide,3,0,1,,1,3,slide,3,0.5,2,,3
258-CYCLES-mas,13.3,135,39,70.4444,L,2,slide,7,0,1,,1,7,slide,3,0.5,5,,4
258-CYCLES-mas,13.3,135,44,78.6667,R,7,slide,3,0,1,L8(slide),2,2,slide,3,4.0,2,slide:8>7,4
258-CYCLES-mas,13.3,135,57,101.7778,L,3,slide,7,0,1,R7(slide),2,7,slide,4,1.0,7,slide:7>3,5
258-CYCLES-mas,13.3,135,57,101.7778,R,7,slide,3,0,1,L3(slide),2,3,slide,4,1.0,3,slide:3>7,5
258-CYCLES-mas,13.3,135,57,102.6667,L,3,slide,7,0,1,R7(slide),2,7,slide,4,1.0,7,slide:7>3,5
258-CYCLES-mas,13.3,135,57,102.6667,R,7,slide,3,0,1,L3(slide),2,3,slide,4,1.0,8,slide:3>7,5
258-CYCLES-mas,13.3,135,59,105.3333,L,2,slide,6,0,1,R6(slide),2,6,slide,4,1.0,6,slide:6>2,5
258-CYCLES-mas,13.3,135,59,105.3333,R,6,slide,2,0,1,L2(slide),2,2,slide,4,1.0,2,slide:2>6,5
258-CYCLES-mas,13.3,135,59,106.2222,L,2,slide,6,0,1,R6(slide),2,6,slide,4,1.0,1,slide:6>2,5
258-CYCLES-mas,13.3,135,59,106.2222,R,6,slide,2,0,1,L2(slide),2,2,slide,4,1.0,2,slide:2>6,5
278-幻想のサテライト-mas,14.1,230,38,39.913,R,6,star,,0,1,L1(slide),2,3,tap,3,2.0,3,slide:1>6,2
278-幻想のサテライト-mas,14.1,230,38,40.4348,L,3,slide,8,0,1,R8(star),2,6,slide,3,1.0,8,,2
278-幻想のサテライト-mas,14.1,230,39,41.2174,L,2,slide,7,0,1,R7(star),2,5,slide,3,1.0,7,,2
278-幻想のサテライト-mas,14.1,230,39,41.2174,R,7,star,,0,1,L2(slide),2,2,star,3,1.0,4,slide:5>2,2
278-幻想のサテライト-mas,14.1,230,40,42.2609,R,7,star,,0,1,L4(slide),2,4,star,3,1.0,2,slide:1>4,2
278-幻想のサテライト-mas,14.1,230,42,44.3478,L,3,slide,6,0,1,R6(star),2,8,slide,3,1.0,6,,2
278-幻想のサテライト-mas,14.1,230,42,44.3478,R,6,star,,0,1,L3(slide),2,3,star,3,1.0,1,slide:8>3,2
278-幻想のサテライト-mas,14.1,230,43,45.1304,R,7,star,,0,1,L4(slide),2,4,star,3,1.0,2,slide:1>4,2
278-幻想のサテライト-mas,14.1,230,43,45.6522,L,2,slide,5,0,1,R5(star),2,7,slide,3,1.0,5,,2
278-幻想のサテライト-mas,14.1,230,44,46.6957,L,2,slide,7,0,1,,1,5,slide,3,1.0,5,,2
278-幻想のサテライト-mas,14.1,230,46,48.6522,R,7,slide,2,0,1,,1,2,slide,3,0.5,2,,2
278-幻想のサテライト-mas,14.1,230,48,50.7391,L,2,slide,7,0,1,,1,7,slide,3,0.5,5,,2
278-幻想のサテライト-mas,14.1,230,50,52.8261,R,7,slide,2,0,1,,1,2,slide,3,0.5,2,,3
278-幻想のサテライト-mas,14.1,230,52,54.913,L,2,slide,7,0,1,,1,7,slide,3,0.5,6,,3
278-幻想のサテライト-mas,14.1,230,54,57.0,L,2,slide,7,0,1,,1,7,slide,3,0.5,5,slide:2>4,3
278-幻想のサテライト-mas,14.1,230,56,59.087,R,7,slide,2,0,1,,1,2,slide,3,0.5,4,slide:7>5,3
278-幻想のサテライト-mas,14.1,230,58,61.1739,L,2,slide,7,0,1,,1,7,slide,3,0.5,5,slide:2>4,3
278-幻想のサテライト-mas,14.1,230,60,63.2609,R,7,slide,2,0,1,,1,2,slide,3,0.5,4,slide:7>5,3
278-幻想のサテライト-mas,14.1,230,71,74.7391,L,2,slide,7,0,1,R6(slide),2,7,slide,3,0.5,5,slide:3>6,3
278-幻想のサテライト-mas,14.1,230,71,74.7391,R,6,slide,3,0,1,L2(slide),2,3,slide,3,0.5,3,slide:7>2,3
278-幻想のサテライト-mas,14.1,230,73,76.8261,L,3,slide,6,0,1,R7(slide),2,6,slide,3,0.5,8,slide:2>7,3
278-幻想のサテライト-mas,14.1,230,73,76.8261,R,7,slide,2,0,1,L3(slide),2,2,slide,3,0.5,1,slide:6>3,3
278-幻想のサテライト-mas,14.1,230,78,81.913,L,3,hold,,0,1,,1,5,hold,2,2.0,4,,4
278-幻想のサテライト-mas,14.1,230,79,82.6957,R,7,hold,,0,1,,1,2,hold,3,2.0,5,,4
278-幻想のサテライト-mas,14.1,230,80,84.0,L,2,hold,,0,1,,1,4,hold,2,2.0,6,,4
278-幻想のサテライト-mas,14.1,230,81,85.0435,L,3,hold,,0,1,,1,6,hold,3,2.0,5,,4
278-幻想のサテライト-mas,14.1,230,82,86.3478,R,6,hold,,0,1,,1,4,hold,2,2.0,5,,4
278-幻想のサテライト-mas,14.1,230,94,98.7391,R,6,slide,1,0,1,,1,1,slide,3,0.5,3,slide:6>4,4
278-幻想のサテライト-mas,14.1,230,96,100.8261,L,3,slide,8,0,1,,1,8,slide,3,0.5,8,slide:3>5,4
278-幻想のサテライト-mas,14.1,230,98,102.913,R,6,slide,1,0,1,,1,1,slide,3,0.5,3,slide:6>4,4
278-幻想のサテライト-mas,14.1,230,100,105.0,L,3,slide,8,0,1,,1,8,slide,3,0.5,6,slide:3>5,5
278-幻想のサテライト-mas,14.1,230,102,107.087,L,3,slide,8,0,1,,1,8,slide,3,0.5,5,slide:4>1,5
278-幻想のサテライト-mas,14.1,230,104,109.1739,R,6,slide,1,0,1,,1,1,slide,3,0.5,1,slide:5>8,5
278-幻想のサテライト-mas,14.1,230,106,111.2609,L,3,slide,8,0,1,,1,8,slide,3,0.5,5,slide:4>1,5
278-幻想のサテライト-mas,14.1,230,108,113.3478,R,6,slide,1,0,1,,1,1,slide,3,0.5,4,slide:5>8,5
278-幻想のサテライト-mas,14.1,230,118,124.0435,L,2,hold,,0,1,,1,5,tap,3,2.0,1,,5
285-Jack-the-Ripper◆-mas,14.1,210,12,14.2857,R,6,slide,3,0,1,,1,1,tap,3,1.5,4,,1
285-Jack-the-Ripper◆-mas,14.1,210,27,31.0,L,3,hold,,0,1,,1,8,tap,3,2.0,7,,2
285-Jack-the-Ripper◆-mas,14.1,210,27,31.8571,R,6,hold,,0,1,,1,5,hold,1,2.0,4,,2
285-Jack-the-Ripper◆-mas,14.1,210,33,37.8571,R,7,hold,,0,1,,1,3,tap,4,1.5,3,,2
285-Jack-the-Ripper◆-mas,14.1,210,33,38.7143,L,2,hold,,0,1,,1,1,hold,1,2.0,8,,2
285-Jack-the-Ripper◆-mas,14.1,210,52,59.5263,R,6,hold,,0,1,,1,2,hold,4,2.0,5,,3
285-Jack-the-Ripper◆-mas,14.1,210,54,62.1579,L,3,hold,,0,1,,1,7,hold,4,2.0,4,,3
285-Jack-the-Ripper◆-mas,14.1,210,57,64.7895,L,2,hold,,0,1,,1,6,hold,4,2.0,1,,3
285-Jack-the-Ripper◆-mas,14.1,210,59,67.4211,R,7,hold,,0,1,,1,3,hold,4,2.0,8,,3
285-Jack-the-Ripper◆-mas,14.1,210,78,86.6118,R,6,hold,,0,1,,1,1,hold,3,2.833,4,,4
285-Jack-the-Ripper◆-mas,14.1,210,79,87.6118,L,2,hold,,0,1,,1,8,hold,2,2.667,4,,4
285-Jack-the-Ripper◆-mas,14.1,210,82,90.6118,L,3,hold,,0,1,,1,8,hold,3,2.667,5,,4
285-Jack-the-Ripper◆-mas,14.1,210,83,91.5285,R,7,hold,,0,1,,1,1,hold,2,2.5,3,,4
285-Jack-the-Ripper◆-mas,14.1,210,85,93.2681,R,7,tap,,0,1,,1,5,tap,2,1.375,8,hold:6>None,4
285-Jack-the-Ripper◆-mas,14.1,210,93,101.4868,R,6,slide,1,0,1,L1(star),2,3,slide,3,1.0,1,,4
285-Jack-the-Ripper◆-mas,14.1,210,94,102.2368,L,3,tap,,0,1,R8(slide),2,8,star,3,1.0,8,slide:4>8,4
285-Jack-the-Ripper◆-mas,14.1,210,102,110.4868,R,6,slide,1,0,1,L1(star),2,3,slide,3,1.0,1,,4
285-Jack-the-Ripper◆-mas,14.1,210,103,111.2368,L,3,tap,,0,1,R8(slide),2,8,star,3,1.0,8,slide:4>8,5
285-Jack-the-Ripper◆-mas,14.1,210,105,113.4868,L,3,slide,8,0,1,R8(star),2,6,slide,3,1.0,8,,5
285-Jack-the-Ripper◆-mas,14.1,210,106,114.2368,R,6,tap,,0,1,L1(slide),2,1,star,3,1.0,2,slide:5>1,5
285-Jack-the-Ripper◆-mas,14.1,210,108,116.4868,L,3,slide,8,0,1,R8(star),2,6,slide,3,1.0,8,,5
285-Jack-the-Ripper◆-mas,14.1,210,109,117.2368,R,6,tap,,0,1,L1(slide),2,1,star,3,1.0,3,slide:5>1,5
285-Jack-the-Ripper◆-mas,14.1,210,111,119.4868,L,2,star,,0,1,R6(slide),2,6,star,4,1.0,6,slide:3>6,5
285-Jack-the-Ripper◆-mas,14.1,210,111,119.4868,R,6,slide,2,0,1,L2(star),2,3,slide,3,1.0,2,,5
285-Jack-the-Ripper◆-mas,14.1,210,111,119.9868,R,6,slide,1,0,1,L1(star),2,2,slide,4,1.0,1,,5
285-Jack-the-Ripper◆-mas,14.1,210,112,120.2368,L,3,tap,,1,1,R1(slide),2,1,star,2,1.0,6,slide:6>1,5
285-Jack-the-Ripper◆-mas,14.1,210,112,120.9868,R,7,star,,0,1,L3(slide),2,3,star,4,1.0,3,slide:6>3,5
285-Jack-the-Ripper◆-mas,14.1,210,112,120.9868,L,3,slide,7,0,1,R7(star),2,6,slide,3,1.0,7,,5
285-Jack-the-Ripper◆-mas,14.1,210,113,121.4868,L,3,slide,8,0,1,R8(star),2,7,slide,4,1.0,8,,5
285-Jack-the-Ripper◆-mas,14.1,210,113,121.7368,R,6,tap,,1,1,L8(slide),2,8,star,2,1.0,2,slide:3>8,5
285-Jack-the-Ripper◆-mas,14.1,210,117,125.7726,L,2,tap,,0,1,,1,6,slide,4,5.0,1,slide:2>7,5
290-B.B.K.K.B.K.K-mas,14,170,4,6.0,L,2,tap,,0,1,R3(tap),2,1,tap,1,1.0,7,,1
290-B.B.K.K.B.K.K-mas,14,170,4,6.3529,R,6,tap,,0,1,L7(tap),2,3,tap,3,1.0,5,,1
290-B.B.K.K.B.K.K-mas,14,170,16,23.0294,L,2,tap,,0,1,,1,1,tap,1,1.25,1,hold:3>None,1
290-B.B.K.K.B.K.K-mas,14,170,17,24.4412,R,7,tap,,0,1,,1,8,tap,1,1.25,8,hold:6>None,1
290-B.B.K.K.B.K.K-mas,14,170,20,28.8529,L,3,tap,,0,1,,1,6,tap,3,0.5,8,hold:1>None,2
290-B.B.K.K.B.K.K-mas,14,170,21,30.2647,R,6,tap,,0,1,,1,3,tap,3,0.5,1,hold:8>None,2
290-B.B.K.K.B.K.K-mas,14,170,28,39.8824,L,3,tap,,0,1,R2(tap),2,1,tap,2,1.0,8,,2
290-B.B.K.K.B.K.K-mas,14,170,29,41.2941,R,6,tap,,0,1,L7(tap),2,8,tap,2,1.0,7,,2
290-B.B.K.K.B.K.K-mas,14,170,29,41.6471,R,7,tap,,0,1,L1(hold),2,6,tap,1,1.0,8,hold:1>None,2
290-B.B.K.K.B.K.K-mas,14,170,39,56.1176,R,6,star,,0,1,L7(tap),2,1,tap,3,1.0,6,,3
290-B.B.K.K.B.K.K-mas,14,170,39,56.4706,R,6,slide,1,0,1,L7(star),2,6,star,0,1.0,8,slide:7>4,3
290-B.B.K.K.B.K.K-mas,14,170,42,60.7059,L,3,slide,8,0,1,R2(tap),2,8,slide,3,0.5,7,,3
290-B.B.K.K.B.K.K-mas,14,170,46,66.3529,R,6,slide,1,0,1,L7(tap),2,1,slide,3,0.5,2,,3
290-B.B.K.K.B.K.K-mas,14,170,60,85.0588,L,2,slide,6,0,1,R8(star),2,8,tap,2,1.0,6,slide:8>4,4
290-B.B.K.K.B.K.K-mas,14,170,62,87.8824,L,2,slide,6,0,1,R8(star),2,8,tap,2,1.0,6,slide:8>4,4
290-B.B.K.K.B.K.K-mas,14,170,64,90.3529,R,7,hold,,0,1,,1,1,tap,2,0.5,2,,4
290-B.B.K.K.B.K.K-mas,14,170,66,94.2353,L,3,slide,6,0,1,R7(slide),2,6,slide,3,0.5,4,slide:2>7,4
290-B.B.K.K.B.K.K-mas,14,170,66,94.2353,R,7,slide,2,0,1,L3(slide),2,2,slide,3,0.5,2,slide:6>3,4
290-B.B.K.K.B.K.K-mas,14,170,68,96.0,L,2,hold,,0,1,,1,7,tap,3,0.5,7,,4
290-B.B.K.K.B.K.K-mas,14,170,80,113.4706,L,3,slide,6,0,1,,1,1,hold,2,1.5,6,,5
290-B.B.K.K.B.K.K-mas,14,170,80,114.1765,R,6,slide,3,0,1,,1,8,hold,2,1.5,2,,5
290-B.B.K.K.B.K.K-mas,14,170,81,114.8824,L,2,slide,7,0,1,,1,4,hold,2,1.5,7,,5
292-FUJIN Rumble-mas,14.5,192,51,63.9844,R,7,tap,,0,1,,1,5,tap,2,0.5,1,,3
292-FUJIN Rumble-mas,14.5,192,55,68.9844,L,2,tap,,0,1,,1,4,tap,2,0.5,8,,3
292-FUJIN Rumble-mas,14.5,192,59,73.9844,R,7,tap,,0,1,,1,5,tap,2,0.5,1,,4
292-FUJIN Rumble-mas,14.5,192,61,77.1094,R,7,tap,,0,1,,1,5,tap,2,0.5,1,,4
292-FUJIN Rumble-mas,14.5,192,70,88.0469,L,2,tap,,0,1,,1,6,tap,4,0.583,4,,4
292-FUJIN Rumble-mas,14.5,192,75,93.9844,L,2,tap,,0,1,,1,7,tap,3,0.5,4,,4
292-FUJIN Rumble-mas,14.5,192,75,94.375,R,7,tap,,0,1,,1,1,tap,2,0.5,3,,4
292-FUJIN Rumble-mas,14.5,192,79,98.9844,R,7,tap,,0,1,,1,4,tap,3,0.5,5,,5
292-FUJIN Rumble-mas,14.5,192,79,99.375,L,2,tap,,0,1,,1,8,tap,2,0.5,6,,5
292-FUJIN Rumble-mas,14.5,192,80,100.2344,L,2,tap,,0,1,,1,7,tap,3,0.5,4,,5
292-FUJIN Rumble-mas,14.5,192,82,102.8125,R,6,tap,,0,1,,1,8,tap,2,0.5,1,,5
292-FUJIN Rumble-mas,14.5,192,83,105.0781,L,2,tap,,0,1,,1,4,tap,2,0.5,7,,5
292-FUJIN Rumble-mas,14.5,192,84,105.3125,R,6,tap,,0,1,,1,8,tap,2,0.5,1,,5
292-FUJIN Rumble-mas,14.5,192,86,107.8125,L,3,tap,,0,1,,1,1,tap,2,0.5,8,,5
292-FUJIN Rumble-mas,14.5,192,87,108.9844,L,2,tap,,0,1,,1,6,tap,4,0.583,4,,5
302-Ignis Danse-mas,14.5,246,46,45.4472,L,3,hold,,0,1,,1,6,tap,3,1.667,6,,2
302-Ignis Danse-mas,14.5,246,97,95.4472,R,7,tap,,0,1,,1,3,tap,4,0.667,2,,4
302-Ignis Danse-mas,14.5,246,98,95.6911,L,3,tap,,0,1,,1,6,tap,3,0.667,7,,5
302-Ignis Danse-mas,14.5,246,107,105.6098,L,2,slide,6,0,1,R3(star),2,1,slide,1,1.0,4,slide:3>7,5
302-Ignis Danse-mas,14.5,246,108,106.5854,R,6,slide,2,0,1,L7(star),2,5,slide,1,1.0,8,slide:7>3,5
311-Caliburne ～Story of the Legendary sword～-mas,14.3,190,34,43.8947,R,6,tap,,0,1,,1,5,hold,1,3.0,4,,2
311-Caliburne ～Story of the Legendary sword～-mas,14.3,190,48,61.7368,R,7,slide,2,0,1,L6(tap),2,2,slide,3,0.5,4,slide:6>2,3
311-Caliburne ～Story of the Legendary sword～-mas,14.3,190,50,63.6316,L,2,slide,7,0,1,R3(tap),2,7,slide,3,0.5,1,slide:3>7,3
311-Caliburne ～Story of the Legendary sword～-mas,14.3,190,51,65.2105,R,6,tap,,0,1,,1,8,tap,2,0.5,2,,3
311-Caliburne ～Story of the Legendary sword～-mas,14.3,190,53,67.3421,L,2,tap,,0,1,,1,4,tap,2,0.5,4,,3
311-Caliburne ～Story of the Legendary sword～-mas,14.3,190,54,69.0,R,6,slide,3,0,1,L8(star),2,3,slide,3,0.5,3,,3
311-Caliburne ～Story of the Legendary sword～-mas,14.3,190,55,70.8947,L,3,slide,6,0,1,R1(star),2,6,slide,3,0.5,6,,3
311-Caliburne ～Story of the Legendary sword～-mas,14.3,190,63,80.8421,R,7,slide,4,0,1,L4(tap),2,2,slide,3,1.0,2,,3
311-Caliburne ～Story of the Legendary sword～-mas,14.3,190,78,99.4737,R,6,slide,2,0,1,,1,2,slide,4,1.0,5,,4
311-Caliburne ～Story of the Legendary sword～-mas,14.3,190,80,101.3684,L,3,slide,7,0,1,,1,7,slide,4,1.0,4,,4
311-Caliburne ～Story of the Legendary sword～-mas,14.3,190,99,126.0,L,2,slide,6,0,1,R3(star),2,1,slide,1,1.0,8,slide:3>7,5
311-Caliburne ～Story of the Legendary sword～-mas,14.3,190,100,126.9474,R,7,slide,3,0,1,L6(tap),2,8,slide,1,1.0,2,,5
311-Caliburne ～Story of the Legendary sword～-mas,14.3,190,101,127.8158,L,3,tap,,0,1,,1,6,tap,3,0.5,8,,5
311-Caliburne ～Story of the Legendary sword～-mas,14.3,190,101,128.0526,R,6,tap,,0,1,,1,2,tap,4,0.5,4,,5
312-Outlaw's Lullaby-mas,14,145,22,37.4483,L,3,slide,6,0,1,R2(tap),2,1,slide,2,1.5,7,,2
312-Outlaw's Lullaby-mas,14,145,23,39.1034,R,6,slide,3,0,1,L7(tap),2,8,slide,2,1.5,2,,2
312-Outlaw's Lullaby-mas,14,145,24,40.1379,L,2,slide,7,0,1,R3(tap),2,6,tap,4,1.5,4,,2
312-Outlaw's Lullaby-mas,14,145,25,41.7931,R,7,slide,2,0,1,L6(tap),2,4,tap,3,1.5,5,,2
312-Outlaw's Lullaby-mas,14,145,28,47.1724,L,2,slide,7,0,1,R6(slide),2,6,slide,4,1.0,6,slide:6>3,3
312-Outlaw's Lullaby-mas,14,145,28,47.1724,R,6,slide,3,0,1,L2(slide),2,2,slide,4,1.0,2,slide:2>7,3
312-Outlaw's Lullaby-mas,14,145,30,50.4828,L,3,slide,6,0,1,R7(slide),2,7,slide,4,1.0,7,slide:7>2,3
312-Outlaw's Lullaby-mas,14,145,30,50.4828,R,7,slide,2,0,1,L3(slide),2,3,slide,4,1.0,3,slide:3>6,3
312-Outlaw's Lullaby-mas,14,145,42,70.1379,L,3,tap,,0,1,R2(tap),2,5,tap,2,0.5,6,,4
312-Outlaw's Lullaby-mas,14,145,42,70.3448,R,7,tap,,0,1,L6(tap),2,2,tap,3,0.5,2,,4
312-Outlaw's Lullaby-mas,14,145,42,70.9655,R,7,tap,,0,1,L6(tap),2,4,tap,3,0.5,2,,4
312-Outlaw's Lullaby-mas,14,145,47,79.2414,R,7,tap,,0,1,L6(tap),2,4,tap,3,0.75,2,,4
312-Outlaw's Lullaby-mas,14,145,51,84.5172,R,7,tap,,0,1,,1,5,tap,2,0.5,5,,4
312-Outlaw's Lullaby-mas,14,145,52,87.7241,R,6,tap,,1,1,L7(tap),2,3,tap,3,0.5,3,,5
312-Outlaw's Lullaby-mas,14,145,53,88.3448,L,2,tap,,1,1,R3(tap),2,7,tap,3,1.5,5,,5
314-FLOWER-mas,13.9,173,1,1.5607,L,3,hold,,0,1,,1,1,tap,2,1.5,5,,1
314-FLOWER-mas,13.9,173,5,7.1098,R,7,hold,,0,1,,1,5,hold,2,1.5,1,,1
314-FLOWER-mas,13.9,173,5,7.8035,L,2,hold,,0,1,,1,8,hold,2,1.5,4,,1
314-FLOWER-mas,13.9,173,6,8.4971,R,7,hold,,0,1,,1,3,hold,4,1.5,2,,1
314-FLOWER-mas,13.9,173,9,12.659,L,3,tap,,0,1,R2(slide),2,7,slide,4,2.0,4,slide:2>7,1
314-FLOWER-mas,13.9,173,11,15.7803,L,3,star,,0,1,R8(slide),2,8,star,3,1.0,7,slide:5>8,1
314-FLOWER-mas,13.9,173,12,17.341,R,6,slide,3,0,1,L7(star),2,2,slide,4,1.0,2,slide:7>2,1
314-FLOWER-mas,13.9,173,13,18.7283,L,2,slide,7,0,1,R3(star),2,6,slide,4,1.0,6,slide:3>6,1
314-FLOWER-mas,13.9,173,15,21.3295,L,3,star,,0,1,R1(slide),2,1,slide,2,2.5,5,slide:1>3,1
314-FLOWER-mas,13.9,173,19,27.052,R,7,star,,0,1,,1,2,slide,3,1.0,7,hold:8>None,2
314-FLOWER-mas,13.9,173,19,27.3988,R,7,slide,3,0,1,,1,7,star,0,1.0,6,,2
314-FLOWER-mas,13.9,173,20,28.2659,R,6,hold,,0,1,,1,7,slide,1,2.5,7,,2
314-FLOWER-mas,13.9,173,21,29.1329,R,7,tap,,0,2,,1,6,hold,1,2.5,7,hold:4>None,2
314-FLOWER-mas,13.9,173,21,29.4798,R,7,star,,0,2,,1,7,tap,0,1.0,7,hold:4>None,2
314-FLOWER-mas,13.9,173,21,29.8266,R,7,slide,2,0,1,,1,7,star,0,1.0,2,hold:4>None,2
314-FLOWER-mas,13.9,173,23,32.4277,R,6,hold,,0,1,,1,3,hold,3,2.0,2,,2
314-FLOWER-mas,13.9,173,23,32.7746,L,3,hold,,0,1,,1,7,hold,4,2.0,6,,2
314-FLOWER-mas,13.9,173,24,34.3353,L,3,star,,0,1,,1,6,slide,3,1.0,3,hold:2>None,2
314-FLOWER-mas,13.9,173,24,34.6821,L,3,slide,1,0,1,,1,3,star,0,1.0,1,hold:2>None,2
314-FLOWER-mas,13.9,173,26,36.4162,L,3,star,,0,1,,1,6,slide,3,1.0,3,hold:2>None,2
314-FLOWER-mas,13.9,173,26,36.763,L,3,slide,6,0,1,,1,3,star,0,1.0,8,,2
314-FLOWER-mas,13.9,173,39,54.104,L,3,tap,,0,1,R2(tap),2,8,tap,3,1.0,6,,3
314-FLOWER-mas,13.9,173,39,54.3642,R,7,tap,,0,1,L6(tap),2,2,tap,3,0.75,1,,3
314-FLOWER-mas,13.9,173,43,59.6532,R,6,tap,,0,1,L7(tap),2,4,tap,2,0.5,3,,3
314-FLOWER-mas,13.9,173,43,59.9133,L,2,tap,,0,1,R3(tap),2,7,tap,3,0.75,8,,3
314-FLOWER-mas,13.9,173,52,72.3988,L,3,hold,,0,1,,1,7,tap,4,0.75,7,,4
314-FLOWER-mas,13.9,173,54,75.1734,R,6,hold,,0,1,,1,2,tap,4,0.75,2,,4
314-FLOWER-mas,13.9,173,66,92.2543,L,2,slide,7,0,1,R6(slide),2,6,slide,4,1.0,7,slide:6>3,4
314-FLOWER-mas,13.9,173,66,92.2543,R,6,slide,3,0,1,L2(slide),2,2,slide,4,1.0,3,slide:2>7,4
314-FLOWER-mas,13.9,173,67,93.6416,L,3,slide,6,0,1,R7(slide),2,7,slide,4,1.0,5,slide:7>2,4
314-FLOWER-mas,13.9,173,67,93.6416,R,7,slide,2,0,1,L3(slide),2,3,slide,4,1.0,1,slide:3>6,4
314-FLOWER-mas,13.9,173,68,95.7225,L,3,tap,,0,1,R2(tap),2,8,slide,3,1.0,6,,4
314-FLOWER-mas,13.9,173,69,95.9827,R,7,tap,,0,1,L6(tap),2,2,tap,3,0.75,1,,5
314-FLOWER-remas,14.2,173,10,14.9133,L,3,hold,,0,1,,1,4,tap,1,3.5,7,,1
314-FLOWER-remas,14.2,173,58,81.2428,R,7,hold,,0,1,L6(hold),2,3,hold,4,0.75,4,hold:6>None,4
314-FLOWER-remas,14.2,173,66,92.2543,L,3,slide,6,0,1,R7(slide),2,7,slide,4,1.0,6,slide:7>2,4
314-FLOWER-remas,14.2,173,66,92.2543,R,7,slide,2,0,1,L3(slide),2,3,slide,4,1.0,2,slide:3>6,4
314-FLOWER-remas,14.2,173,67,93.6416,L,2,slide,7,0,1,R6(slide),2,6,slide,4,1.0,6,slide:6>3,4
314-FLOWER-remas,14.2,173,67,93.6416,R,6,slide,3,0,1,L2(slide),2,2,slide,4,1.0,5,slide:2>7,4
314-FLOWER-remas,14.2,173,80,111.763,R,7,hold,,0,1,L6(hold),2,3,hold,4,0.75,4,hold:6>None,5
314-FLOWER-remas,14.2,173,84,117.3121,L,2,hold,,0,1,R3(hold),2,6,hold,4,0.75,5,hold:3>None,5
315-DRAGONLADY-mas,13.9,150,22,35.6,L,2,slide,7,0,1,,1,5,tap,3,1.25,1,,3
316-Got more raves？-mas,14.1,266,1,1.3534,L,3,hold,,0,1,,1,,,,,7,,1
316-Got more raves？-mas,14.1,266,9,8.2331,R,6,tap,,0,1,,1,5,tap,1,1.0,5,,1
316-Got more raves？-mas,14.1,266,10,9.6992,R,7,tap,,0,1,,1,2,tap,3,2.0,8,,1
316-Got more raves？-mas,14.1,266,30,27.1805,L,2,tap,,0,1,,1,4,tap,2,1.0,4,,2
316-Got more raves？-mas,14.1,266,30,27.6316,L,2,tap,,0,1,,1,4,tap,2,1.0,6,,2
316-Got more raves？-mas,14.1,266,31,28.4211,R,7,tap,,0,1,,1,5,tap,2,1.0,5,,2
316-Got more raves？-mas,14.1,266,32,28.8722,R,7,tap,,0,1,,1,5,tap,2,1.0,3,,2
316-Got more raves？-mas,14.1,266,32,29.5489,L,2,tap,,0,1,,1,4,tap,2,1.0,4,,2
316-Got more raves？-mas,14.1,266,33,30.0,L,2,tap,,0,1,,1,4,tap,2,1.0,6,,2
316-Got more raves？-mas,14.1,266,34,30.7895,R,7,tap,,0,1,,1,5,tap,2,1.0,5,,2
316-Got more raves？-mas,14.1,266,34,31.2406,R,7,tap,,0,1,,1,5,tap,2,1.0,3,,2
316-Got more raves？-mas,14.1,266,36,32.4812,R,6,hold,,0,1,,1,2,hold,4,2.0,2,,2
316-Got more raves？-mas,14.1,266,37,34.0602,L,3,hold,,0,1,,1,7,hold,4,2.0,7,,2
316-Got more raves？-mas,14.1,266,39,35.6391,R,6,hold,,0,1,,1,2,hold,4,2.0,2,,2
316-Got more raves？-mas,14.1,266,41,37.218,L,3,hold,,0,1,,1,7,hold,4,2.0,7,,2
316-Got more raves？-mas,14.1,266,72,65.4135,L,2,tap,,0,1,R3(tap),2,4,tap,2,1.0,1,,3
316-Got more raves？-mas,14.1,266,73,66.4286,R,7,tap,,0,1,,1,5,tap,2,1.0,5,,3
316-Got more raves？-mas,14.1,266,76,68.9098,L,2,tap,,0,1,,1,4,tap,2,1.0,4,,3
316-Got more raves？-mas,14.1,266,108,97.6692,R,6,slide,1,0,1,L7(star),2,3,slide,3,1.0,3,slide:7>2,5
316-Got more raves？-mas,14.1,266,120,108.8346,L,2,tap,,0,1,,1,4,tap,2,1.0,4,,5
317-Windy Hill -Zone 1-mas,13.4,194,96,118.9175,R,6,tap,,0,2,L7(tap),2,3,tap,3,1.0,5,,5
317-Windy Hill -Zone 1-mas,13.4,194,96,119.3814,L,2,tap,,0,1,R3(tap),2,1,tap,1,0.5,6,,5
317-Windy Hill -Zone 1-mas,13.4,194,96,120.0,R,7,slide,2,0,1,L6(slide),2,3,tap,4,2.0,1,slide:6>3,5
318-Scars of FAUNA-mas,13.8,165,14,21.0909,L,2,slide,6,0,1,,1,1,slide,1,3.0,8,,1
318-Scars of FAUNA-mas,13.8,165,20,29.8182,R,6,slide,3,0,1,,1,2,slide,4,3.0,3,,2
318-Scars of FAUNA-mas,13.8,165,26,39.0909,L,3,slide,6,0,1,,1,8,slide,3,0.5,7,,2
318-Scars of FAUNA-mas,13.8,165,29,43.2727,R,7,tap,,0,1,L6(tap),2,2,tap,3,0.5,1,,2
318-Scars of FAUNA-mas,13.8,165,33,49.8182,R,7,slide,3,0,1,,1,3,slide,4,1.0,5,,3
318-Scars of FAUNA-mas,13.8,165,35,52.0,L,2,slide,6,0,1,,1,6,slide,4,1.0,4,,3
318-Scars of FAUNA-mas,13.8,165,43,64.1818,R,6,slide,3,0,1,,1,1,slide,3,0.5,4,,3
318-Scars of FAUNA-mas,13.8,165,46,68.5455,L,3,slide,6,0,1,,1,8,slide,3,0.5,7,,3
318-Scars of FAUNA-mas,13.8,165,54,80.1818,R,6,slide,2,0,1,L5(tap),2,2,slide,4,0.5,2,,4
318-Scars of FAUNA-mas,13.8,165,55,81.2727,L,3,slide,7,0,1,R4(tap),2,7,slide,4,0.5,7,,4
318-Scars of FAUNA-mas,13.8,165,60,88.9091,L,3,slide,7,0,1,R4(tap),2,7,slide,4,0.5,7,,4
318-Scars of FAUNA-mas,13.8,165,61,90.0,R,6,slide,2,0,1,L5(tap),2,2,slide,4,0.5,2,,4
318-Scars of FAUNA-mas,13.8,165,66,96.3636,L,3,hold,,0,1,,1,5,tap,2,0.875,7,,5
318-Scars of FAUNA-mas,13.8,165,73,106.7273,R,7,slide,3,0,1,,1,2,slide,3,0.5,8,,5
318-Scars of FAUNA-mas,13.8,165,73,107.8182,L,2,slide,6,0,1,,1,7,slide,3,0.5,8,,5
318-Scars of FAUNA-mas,13.8,165,74,108.9091,R,6,slide,3,0,1,,1,1,slide,3,0.5,2,,5
318-Scars of FAUNA-mas,13.8,165,76,111.0909,R,6,slide,2,0,1,,1,3,slide,3,0.5,1,,5
318-Scars of FAUNA-mas,13.8,165,76,112.1818,L,3,slide,7,0,1,,1,6,slide,3,0.5,8,,5
318-Scars of FAUNA-mas,13.8,165,78,114.1818,L,2,tap,,0,1,R3(tap),2,7,tap,3,0.5,5,,5
319-きたさいたま2000-mas,14.2,222,15,16.8919,R,7,tap,,0,1,,1,1,tap,2,0.5,5,,1
319-きたさいたま2000-mas,14.2,222,27,30.1351,R,6,tap,,0,1,,1,2,hold,4,1.0,1,,2
319-きたさいたま2000-mas,14.2,222,35,38.5135,L,3,tap,,0,1,,1,7,hold,4,1.0,8,,2
319-きたさいたま2000-mas,14.2,222,44,48.3784,R,7,hold,,0,1,,1,2,hold,3,1.5,7,,2
319-きたさいたま2000-mas,14.2,222,45,49.0541,R,7,hold,,0,1,,1,7,hold,0,2.5,3,,3
319-きたさいたま2000-mas,14.2,222,46,50.5405,R,6,tap,,0,1,,1,3,hold,3,1.5,8,hold:1>None,3
319-きたさいたま2000-mas,14.2,222,72,78.1081,L,3,slide,7,0,1,,1,6,slide,3,3.0,8,,4
319-きたさいたま2000-mas,14.2,222,75,81.6892,R,6,slide,3,0,1,,1,5,tap,1,1.25,8,slide:7>2,4
319-きたさいたま2000-mas,14.2,222,82,89.1892,R,7,slide,3,0,1,L6(star),2,8,slide,1,1.0,1,slide:6>4,4
319-きたさいたま2000-mas,14.2,222,86,93.5135,R,6,star,,0,1,L2(slide),2,2,star,4,1.0,1,slide:7>2,4
319-きたさいたま2000-mas,14.2,222,86,93.5135,L,2,slide,6,0,1,R6(star),2,7,slide,3,1.0,6,,4
323-Cosmic Magic Shooter-mas,13.9,163,8,12.3313,L,2,tap,,0,1,,1,1,tap,1,1.5,1,hold:3>None,1
323-Cosmic Magic Shooter-mas,13.9,163,10,15.2761,R,7,tap,,0,1,,1,8,tap,1,1.5,8,hold:6>None,1
323-Cosmic Magic Shooter-mas,13.9,163,12,18.2209,L,3,tap,,0,1,,1,6,tap,3,2.5,4,hold:2>None,1
323-Cosmic Magic Shooter-mas,13.9,163,14,21.1656,R,6,tap,,0,1,,1,5,tap,1,1.5,5,hold:7>None,1
323-Cosmic Magic Shooter-mas,13.9,163,21,30.9202,L,2,hold,,0,1,R1(tap),2,4,tap,2,0.5,6,,2
323-Cosmic Magic Shooter-mas,13.9,163,45,67.362,L,2,slide,7,0,1,R6(slide),2,6,slide,4,1.0,1,slide:6>3,4
323-Cosmic Magic Shooter-mas,13.9,163,45,67.362,R,6,slide,3,0,1,L2(slide),2,2,slide,4,1.0,2,slide:2>7,4
323-Cosmic Magic Shooter-mas,13.9,163,66,97.9141,L,3,tap,,0,1,R2(tap),2,5,tap,2,1.0,6,,5
323-Cosmic Magic Shooter-mas,13.9,163,66,98.0982,R,7,tap,,0,1,L6(tap),2,2,tap,3,0.5,2,,5
325-ロストワンの号哭-mas,13.6,162,8,12.3148,L,3,tap,,0,1,,1,4,tap,1,0.75,5,,1
325-ロストワンの号哭-mas,13.6,162,8,13.0556,R,6,tap,,0,1,,1,5,tap,1,0.75,4,,1
325-ロストワンの号哭-mas,13.6,162,10,15.7407,L,2,tap,,0,1,,1,4,tap,2,1.25,8,,1
325-ロストワンの号哭-mas,13.6,162,12,18.7037,R,7,tap,,0,1,,1,5,tap,2,1.25,1,,1
325-ロストワンの号哭-mas,13.6,162,17,26.1111,R,6,slide,2,0,1,L7(tap),2,5,tap,1,1.0,3,,1
325-ロストワンの号哭-mas,13.6,162,24,36.0185,L,2,tap,,0,1,,1,1,tap,1,0.75,8,,2
325-ロストワンの号哭-mas,13.6,162,24,36.7593,R,7,tap,,0,1,,1,8,tap,1,0.75,4,,2
325-ロストワンの号哭-mas,13.6,162,26,39.4444,L,3,tap,,0,1,,1,1,tap,2,1.25,5,,2
325-ロストワンの号哭-mas,13.6,162,28,42.4074,R,6,tap,,0,1,,1,8,tap,2,1.25,4,,2
325-ロストワンの号哭-mas,13.6,162,30,45.0,L,3,hold,,0,1,,1,1,tap,2,0.75,4,,2
325-ロストワンの号哭-mas,13.6,162,32,47.963,R,6,hold,,0,1,,1,8,tap,2,0.75,5,,2
325-ロストワンの号哭-remas,14.2,162,10,14.8148,L,2,hold,,0,1,,1,8,tap,2,0.5,7,,1
325-ロストワンの号哭-remas,14.2,162,10,15.7407,R,6,tap,,0,1,L7(hold),2,3,slide,3,0.75,5,hold:7>None,1
325-ロストワンの号哭-remas,14.2,162,11,16.8519,R,7,star,,0,1,,1,3,hold,4,1.5,7,,1
325-ロストワンの号哭-remas,14.2,162,11,17.2222,R,7,slide,3,0,1,,1,7,star,0,1.0,5,,1
325-ロストワンの号哭-remas,14.2,162,13,19.2593,R,7,hold,,0,1,,1,8,tap,1,0.5,3,,1
325-ロストワンの号哭-remas,14.2,162,14,20.7407,R,7,hold,,0,2,,1,3,slide,4,1.5,2,,1
325-ロストワンの号哭-remas,14.2,162,14,21.6667,L,3,tap,,0,1,R2(hold),2,6,slide,3,0.75,4,hold:2>None,1
325-ロストワンの号哭-remas,14.2,162,15,22.7778,L,2,star,,0,1,,1,6,hold,4,1.5,2,,1
325-ロストワンの号哭-remas,14.2,162,15,23.1481,L,2,slide,6,0,1,,1,2,star,0,1.0,4,,1
325-ロストワンの号哭-remas,14.2,162,17,25.1852,L,2,hold,,0,1,,1,1,tap,1,0.5,6,,1
325-ロストワンの号哭-remas,14.2,162,32,48.3333,L,2,tap,,0,1,R3(tap),2,8,tap,2,1.0,7,,2
325-ロストワンの号哭-remas,14.2,162,32,48.5185,R,6,tap,,0,1,L7(tap),2,3,tap,3,0.5,4,,2
325-ロストワンの号哭-remas,14.2,162,34,52.037,L,3,slide,6,0,1,R2(slide),2,3,tap,0,0.5,6,slide:2>6,2
325-ロストワンの号哭-remas,14.2,162,35,51.8519,L,3,tap,,0,1,R2(tap),2,6,slide,3,1.5,3,slide:2>6,3
325-ロストワンの号哭-remas,14.2,162,35,52.5926,R,6,tap,,0,1,L7(tap),2,2,slide,4,1.5,6,slide:7>3,3
325-ロストワンの号哭-remas,14.2,162,35,52.7778,R,6,slide,3,0,1,L7(slide),2,6,tap,0,0.5,4,slide:7>3,3
325-ロストワンの号哭-remas,14.2,162,37,55.5556,R,7,star,,0,1,L5(star),2,3,slide,4,1.5,7,slide:5>1,3
325-ロストワンの号哭-remas,14.2,162,37,55.9259,R,7,slide,3,0,1,L5(slide),2,7,star,0,1.0,3,slide:5>1,3
325-ロストワンの号哭-remas,14.2,162,44,65.6481,R,6,tap,,0,1,,1,3,tap,3,0.75,5,hold:4>None,3
325-ロストワンの号哭-remas,14.2,162,66,99.1667,R,7,slide,3,0,1,,1,2,slide,3,0.75,6,,4
325-ロストワンの号哭-remas,14.2,162,67,99.537,R,6,hold,,0,1,,1,7,slide,1,1.0,2,,4
325-ロストワンの号哭-remas,14.2,162,69,102.5,R,7,hold,,0,1,,1,3,slide,4,0.75,3,,4
325-ロストワンの号哭-remas,14.2,162,73,109.2593,L,2,slide,6,0,1,R3(slide),2,8,tap,2,1.5,5,slide:3>6,5
325-ロストワンの号哭-remas,14.2,162,77,114.4444,L,2,slide,7,0,1,R6(slide),2,6,slide,4,1.0,6,slide:6>3,5
325-ロストワンの号哭-remas,14.2,162,77,114.4444,R,6,slide,3,0,1,L2(slide),2,2,slide,4,1.0,2,slide:2>7,5
325-ロストワンの号哭-remas,14.2,162,77,115.1852,L,2,slide,7,0,1,R6(slide),2,6,slide,4,1.0,6,slide:6>3,5
325-ロストワンの号哭-remas,14.2,162,77,115.1852,R,6,slide,3,0,1,L2(slide),2,2,slide,4,1.0,2,slide:2>7,5
325-ロストワンの号哭-remas,14.2,162,78,115.9259,L,2,slide,7,0,1,R6(slide),2,6,slide,4,1.0,7,slide:6>3,5
325-ロストワンの号哭-remas,14.2,162,78,115.9259,R,6,slide,3,0,1,L2(slide),2,2,slide,4,1.0,3,slide:2>7,5
325-ロストワンの号哭-remas,14.2,162,81,120.3704,L,3,slide,6,0,1,R7(slide),2,7,slide,4,1.0,7,slide:7>2,5
325-ロストワンの号哭-remas,14.2,162,81,120.3704,R,7,slide,2,0,1,L3(slide),2,3,slide,4,1.0,3,slide:3>6,5
325-ロストワンの号哭-remas,14.2,162,81,121.1111,L,3,slide,6,0,1,R7(slide),2,7,slide,4,1.0,6,slide:7>2,5
325-ロストワンの号哭-remas,14.2,162,81,121.1111,R,7,slide,2,0,1,L3(slide),2,3,slide,4,1.0,3,slide:3>6,5
326-ケロ⑨destiny-mas,13,172,0,0.3488,L,2,tap,,0,1,,1,,,,,3,hold:1>None,1
326-ケロ⑨destiny-mas,13,172,0,0.6977,L,3,hold,,0,1,,1,2,tap,1,1.0,6,,1
326-ケロ⑨destiny-mas,13,172,6,8.7209,L,2,star,,0,1,R1(slide),2,7,slide,3,1.0,2,slide:1>5,1
326-ケロ⑨destiny-mas,13,172,6,9.0698,L,2,slide,6,0,1,R3(star),2,2,star,0,1.0,4,slide:3>7,1
326-ケロ⑨destiny-mas,13,172,7,10.4651,R,6,slide,2,0,1,L7(star),2,5,slide,1,1.0,8,slide:7>3,1
326-ケロ⑨destiny-mas,13,172,14,19.8837,R,6,hold,,0,1,,1,3,tap,3,1.0,1,,1
326-ケロ⑨destiny-mas,13,172,34,47.9651,L,2,tap,,0,1,,1,4,hold,2,1.5,7,,3
326-ケロ⑨destiny-mas,13,172,34,48.1395,R,6,hold,,0,1,,1,3,hold,3,1.25,8,,3
326-ケロ⑨destiny-mas,13,172,42,59.1279,R,7,tap,,0,1,,1,5,hold,2,1.5,2,,3
326-ケロ⑨destiny-mas,13,172,42,59.3023,L,3,hold,,0,1,,1,6,hold,3,1.25,1,,3
326-ケロ⑨destiny-mas,13,172,48,67.3256,L,2,hold,,0,1,,1,8,tap,2,1.0,4,,3
326-ケロ⑨destiny-mas,13,172,49,69.0698,R,7,hold,,0,1,,1,5,hold,2,2.0,5,,3
326-ケロ⑨destiny-mas,13,172,50,70.1163,L,2,hold,,0,1,,1,6,tap,4,1.0,4,,3
326-ケロ⑨destiny-mas,13,172,50,70.4651,R,7,hold,,0,1,,1,5,hold,2,2.0,1,,3
326-ケロ⑨destiny-mas,13,172,58,81.0174,L,3,tap,,0,1,,1,5,tap,2,0.5,1,,4
326-ケロ⑨destiny-mas,13,172,61,85.3779,L,3,hold,,0,1,,1,1,tap,2,1.25,6,,4
326-ケロ⑨destiny-mas,13,172,61,86.0756,R,7,hold,,0,1,,1,2,tap,3,1.25,8,,4
326-ケロ⑨destiny-mas,13,172,69,96.5407,R,6,hold,,0,1,,1,3,tap,3,1.25,3,,5
326-ケロ⑨destiny-mas,13,172,69,97.2384,L,2,hold,,0,1,,1,7,tap,3,1.25,1,,5
327-L9-mas,13.7,256,14,13.125,L,2,tap,,0,1,R5(slide),2,5,star,3,1.0,8,slide:8>5,1
327-L9-mas,13.7,256,14,13.5938,R,6,hold,,0,1,,1,5,slide,1,2.0,1,,1
327-L9-mas,13.7,256,17,15.9375,L,2,star,,0,1,R5(slide),2,5,star,3,1.0,4,slide:8>5,1
327-L9-mas,13.7,256,20,18.75,L,2,tap,,0,1,R5(slide),2,5,star,3,1.0,8,slide:8>5,1
327-L9-mas,13.7,256,20,19.2188,R,6,hold,,0,1,,1,5,slide,1,2.0,1,,1
327-L9-mas,13.7,256,24,23.2031,L,3,tap,,0,1,,1,1,tap,2,1.5,4,hold:2>None,1
327-L9-mas,13.7,256,33,31.1719,L,2,hold,,0,1,,1,5,tap,3,1.5,4,,2
327-L9-mas,13.7,256,34,31.875,R,7,star,,0,1,L4(slide),2,3,hold,4,2.0,2,slide:4>7,2
327-L9-mas,13.7,256,34,32.3438,L,2,slide,5,0,1,R5(star),2,7,slide,3,1.0,5,,2
327-L9-mas,13.7,256,37,34.6875,L,3,tap,,0,1,,1,4,tap,1,1.0,2,hold:8>None,2
327-L9-mas,13.7,256,37,34.9219,L,2,tap,,0,1,,1,3,tap,1,1.0,1,hold:8>None,2
327-L9-mas,13.7,256,73,68.9583,L,3,tap,,0,1,,1,4,tap,1,1.0,6,,3
327-L9-mas,13.7,256,89,84.0774,R,7,tap,,0,1,,1,5,hold,2,2.0,8,,4
327-L9-mas,13.7,256,91,85.9821,R,6,tap,,0,1,,1,8,hold,2,2.0,5,,4
33-Reach For The Stars-mas,13.9,203,3,3.6946,L,3,tap,,0,1,,1,5,hold,2,3.0,4,hold:2>None,1
33-Reach For The Stars-mas,13.9,203,3,4.2857,R,6,tap,,0,1,,1,2,hold,4,3.0,7,hold:5>None,1
33-Reach For The Stars-mas,13.9,203,3,4.4335,R,7,tap,,0,1,,1,6,tap,1,0.5,8,hold:5>None,1
33-Reach For The Stars-mas,13.9,203,6,7.0936,R,6,hold,,0,1,,1,8,hold,2,4.0,8,,1
33-Reach For The Stars-mas,13.9,203,9,10.6404,R,7,hold,,0,1,,1,5,hold,2,4.0,1,,1
33-Reach For The Stars-mas,13.9,203,32,37.8325,L,3,tap,,0,1,,1,5,tap,2,0.5,7,,3
33-Reach For The Stars-mas,13.9,203,35,42.266,R,6,slide,3,0,1,L7(slide),2,8,slide,2,2.0,8,slide:7>2,3
33-Reach For The Stars-mas,13.9,203,59,70.6404,R,6,slide,3,0,1,L7(slide),2,8,slide,2,2.0,2,slide:7>2,5
330-二息歩行-mas,13.3,180,1,2.0,L,3,hold,,0,1,,1,6,hold,3,2.0,6,,1
330-二息歩行-mas,13.3,180,6,8.3333,R,7,star,,0,1,L4(slide),2,2,slide,3,4.0,2,slide:4>7,1
330-二息歩行-mas,13.3,180,20,27.3333,R,6,hold,,0,1,,1,4,hold,2,2.0,2,,2
330-二息歩行-mas,13.3,180,29,39.3333,R,6,slide,3,0,1,L7(tap),2,3,slide,3,1.0,2,,2
330-二息歩行-mas,13.3,180,32,42.6667,R,7,hold,,0,1,L1(tap),2,5,slide,2,1.0,2,,3
330-二息歩行-mas,13.3,180,56,75.1667,R,6,tap,,0,1,,1,3,tap,3,2.0,5,hold:8>None,4
330-二息歩行-mas,13.3,180,72,96.0,L,3,tap,,0,1,R2(tap),2,8,slide,3,1.0,1,,5
330-二息歩行-mas,13.3,180,72,96.6667,L,3,tap,,0,1,R2(tap),2,1,tap,2,1.0,1,,5
330-二息歩行-mas,13.3,180,73,97.3333,L,3,tap,,0,1,R2(hold),2,1,tap,2,1.0,5,hold:2>None,5
330-二息歩行-mas,13.3,180,74,98.6667,R,6,tap,,0,1,L7(tap),2,2,hold,4,4.0,8,,5
330-二息歩行-mas,13.3,180,74,99.3333,R,6,tap,,0,1,L7(tap),2,8,tap,2,1.0,8,,5
330-二息歩行-mas,13.3,180,75,100.0,R,6,tap,,0,1,L7(hold),2,8,tap,2,1.0,4,hold:7>None,5
330-二息歩行-mas,13.3,180,76,101.3333,L,3,tap,,0,1,R2(tap),2,7,hold,4,4.0,4,,5
330-二息歩行-mas,13.3,180,78,104.6667,L,2,star,,0,1,R5(slide),2,5,star,3,1.0,7,slide:8>5,5
330-二息歩行-mas,13.3,180,78,105.3333,R,7,slide,3,0,1,L3(star),2,2,slide,3,1.0,3,,5
330-二息歩行-mas,13.3,180,79,105.3333,L,3,star,,0,1,R7(slide),2,7,star,4,1.0,8,slide:2>7,5
337-クローバー♣クラブ-mas,13.3,150,3,5.4,L,3,tap,,0,1,R8(slide),2,8,star,3,1.0,4,slide:5>8,1
337-クローバー♣クラブ-mas,13.3,150,9,14.6,R,7,tap,,0,1,,1,1,tap,2,1.0,6,hold:8>None,1
337-クローバー♣クラブ-mas,13.3,150,9,14.8,R,6,tap,,0,1,,1,7,tap,1,0.5,5,hold:8>None,1
337-クローバー♣クラブ-mas,13.3,150,10,16.4,L,2,star,,0,1,R7(slide),2,7,star,3,1.0,7,slide:2>7,1
337-クローバー♣クラブ-mas,13.3,150,10,16.4,R,7,slide,2,0,1,L2(star),2,2,slide,3,1.0,2,,1
337-クローバー♣クラブ-mas,13.3,150,10,17.2,R,7,slide,2,0,1,L5(tap),2,2,slide,3,1.0,3,,1
337-クローバー♣クラブ-mas,13.3,150,13,21.0,L,3,tap,,0,1,,1,5,tap,2,1.0,2,hold:4>None,1
337-クローバー♣クラブ-mas,13.3,150,13,21.2,L,2,tap,,0,1,,1,3,tap,1,0.5,1,hold:4>None,1
337-クローバー♣クラブ-mas,13.3,150,14,23.6,R,7,tap,,0,1,,1,8,tap,1,0.5,1,,1
337-クローバー♣クラブ-mas,13.3,150,16,27.0,L,3,tap,,0,1,R2(hold),2,6,slide,3,1.5,4,hold:2>None,2
337-クローバー♣クラブ-mas,13.3,150,20,33.4,R,6,tap,,0,1,L7(hold),2,3,slide,3,1.5,5,hold:7>None,2
337-クローバー♣クラブ-mas,13.3,150,22,35.4,L,2,tap,,0,1,,1,1,tap,1,0.5,3,hold:8>None,2
337-クローバー♣クラブ-mas,13.3,150,22,35.6,L,3,tap,,0,1,,1,2,tap,1,0.5,4,hold:8>None,2
337-クローバー♣クラブ-mas,13.3,150,30,48.4,L,3,slide,6,0,1,,1,5,hold,2,2.0,6,,2
337-クローバー♣クラブ-mas,13.3,150,39,63.0,R,7,slide,3,0,1,,1,2,slide,3,1.0,3,,3
337-クローバー♣クラブ-mas,13.3,150,53,84.8,R,6,tap,,0,1,,1,8,slide,2,1.5,7,hold:5>None,4
337-クローバー♣クラブ-mas,13.3,150,53,85.0,R,7,tap,,0,1,,1,6,tap,1,0.5,8,hold:5>None,4
337-クローバー♣クラブ-mas,13.3,150,63,102.6,L,2,slide,7,0,1,R6(slide),2,7,slide,3,0.5,7,slide:3>6,4
337-クローバー♣クラブ-mas,13.3,150,63,102.6,R,6,slide,3,0,1,L2(slide),2,3,slide,3,0.5,2,slide:7>2,4
337-クローバー♣クラブ-mas,13.3,150,65,104.8,R,7,tap,,1,1,L6(tap),2,1,slide,2,1.5,1,,5
337-クローバー♣クラブ-mas,13.3,150,67,109.0,L,2,slide,7,0,1,R6(slide),2,7,slide,3,0.5,7,slide:3>6,5
337-クローバー♣クラブ-mas,13.3,150,67,109.0,R,6,slide,3,0,1,L2(slide),2,3,slide,3,0.5,2,slide:7>2,5
337-クローバー♣クラブ-mas,13.3,150,69,111.2,L,3,tap,,1,1,R2(tap),2,8,slide,3,1.5,5,,5
337-クローバー♣クラブ-mas,13.3,150,71,115.4,L,2,slide,7,0,1,R6(slide),2,7,slide,3,0.5,7,slide:3>6,5
337-クローバー♣クラブ-mas,13.3,150,71,115.4,R,6,slide,3,0,1,L2(slide),2,3,slide,3,0.5,2,slide:7>2,5
337-クローバー♣クラブ-mas,13.3,150,75,121.8,L,2,slide,7,0,1,R6(slide),2,7,slide,3,0.5,7,slide:3>6,5
337-クローバー♣クラブ-mas,13.3,150,75,121.8,R,6,slide,3,0,1,L2(slide),2,3,slide,3,0.5,2,slide:7>2,5
337-クローバー♣クラブ-mas,13.3,150,78,124.8,R,7,tap,,0,1,,1,5,tap,2,2.0,8,hold:6>None,5
34-Like the Wind [Reborn]-mas,14,200,3,3.6,L,2,star,,0,1,,1,1,tap,1,0.25,4,slide:2>6,1
34-Like the Wind [Reborn]-mas,14,200,4,5.25,R,7,tap,,0,1,L6(tap),2,2,tap,3,1.0,3,,1
34-Like the Wind [Reborn]-mas,14,200,5,6.15,L,2,tap,,0,1,R3(tap),2,6,tap,4,1.0,7,,1
34-Like the Wind [Reborn]-mas,14,200,6,7.2,R,6,tap,,0,1,L7(tap),2,1,tap,3,0.5,4,,1
34-Like the Wind [Reborn]-mas,14,200,6,7.8,R,7,tap,,0,1,L6(tap),2,4,tap,3,1.25,1,,1
34-Like the Wind [Reborn]-mas,14,200,7,8.7,R,7,tap,,0,1,L6(tap),2,2,tap,3,1.0,3,,1
34-Like the Wind [Reborn]-mas,14,200,9,10.8,L,2,star,,0,1,,1,1,tap,1,0.25,4,slide:2>6,1
34-Like the Wind [Reborn]-mas,14,200,10,12.45,R,7,tap,,0,1,L6(tap),2,2,tap,3,1.0,3,,1
34-Like the Wind [Reborn]-mas,14,200,11,13.35,L,2,tap,,0,1,R3(tap),2,6,tap,4,1.0,7,,1
34-Like the Wind [Reborn]-mas,14,200,16,19.2,L,2,tap,,0,1,R3(tap),2,4,tap,2,0.5,5,,1
34-Like the Wind [Reborn]-mas,14,200,16,19.8,L,2,tap,,0,1,R3(tap),2,5,tap,3,1.0,1,,1
34-Like the Wind [Reborn]-mas,14,200,17,21.45,L,2,tap,,0,1,R3(tap),2,7,tap,3,1.0,8,,1
34-Like the Wind [Reborn]-mas,14,200,18,22.2,L,2,tap,,0,1,R3(tap),2,7,tap,3,1.0,5,,2
34-Like the Wind [Reborn]-mas,14,200,19,23.7,R,6,tap,,0,1,,1,2,tap,4,0.5,3,slide:1>5,2
34-Like the Wind [Reborn]-mas,14,200,20,24.6,L,3,tap,,0,1,R2(tap),2,6,tap,3,1.0,8,,2
34-Like the Wind [Reborn]-mas,14,200,20,25.05,R,7,tap,,0,1,L6(tap),2,1,tap,2,1.0,2,,2
34-Like the Wind [Reborn]-mas,14,200,21,26.25,R,6,tap,,0,1,L7(tap),2,2,tap,4,1.0,2,,2
34-Like the Wind [Reborn]-mas,14,200,24,29.7,R,7,slide,3,0,1,,1,1,slide,2,2.0,1,,2
34-Like the Wind [Reborn]-mas,14,200,26,32.1,R,7,slide,3,0,1,L6(tap),2,4,slide,3,2.0,8,,2
34-Like the Wind [Reborn]-mas,14,200,44,53.1,L,2,slide,6,0,1,R3(tap),2,8,tap,2,2.0,6,,3
34-Like the Wind [Reborn]-mas,14,200,45,54.6,L,3,tap,,0,1,,1,6,tap,3,1.0,7,slide:5>1,3
34-Like the Wind [Reborn]-mas,14,200,66,79.5,R,6,slide,2,0,1,L7(star),2,5,tap,1,1.5,8,slide:7>3,4
34-Like the Wind [Reborn]-mas,14,200,67,80.7,L,2,slide,6,0,1,R3(star),2,1,slide,1,1.0,4,slide:3>7,4
34-Like the Wind [Reborn]-mas,14,200,81,97.2,L,2,tap,,1,1,R3(tap),2,8,tap,2,1.0,8,,5
345-Oshama Scramble!-mas,14.5,190,41,53.0526,R,7,slide,3,0,1,L8(star),2,8,slide,1,1.0,1,slide:8>4,3
345-Oshama Scramble!-mas,14.5,190,45,58.1053,L,2,slide,6,0,1,R1(star),2,1,slide,1,1.0,8,slide:1>5,3
349-どうしてこうなった-mas,13.7,180,28,37.3333,R,6,star,,0,1,L1(star),2,2,slide,4,3.5,6,slide:1>5,2
349-どうしてこうなった-mas,13.7,180,28,37.6667,R,6,slide,2,0,1,L1(slide),2,6,star,0,1.0,1,slide:1>5,2
349-どうしてこうなった-mas,13.7,180,32,43.5,L,3,hold,,0,1,,1,1,tap,2,1.0,1,,2
349-どうしてこうなった-mas,13.7,180,34,46.0,L,2,slide,6,0,1,R1(tap),2,6,slide,4,1.0,4,,2
349-どうしてこうなった-mas,13.7,180,40,54.5,L,3,tap,,0,1,,1,8,tap,3,1.0,7,hold:2>None,2
349-どうしてこうなった-mas,13.7,180,41,54.8333,R,6,tap,,0,1,,1,2,hold,4,1.5,2,hold:7>None,3
349-どうしてこうなった-mas,13.7,180,69,93.0,R,6,hold,,0,1,,1,2,hold,4,1.0,4,,4
349-どうしてこうなった-mas,13.7,180,70,93.5,L,2,hold,,0,1,,1,8,hold,2,1.0,5,,4
349-どうしてこうなった-mas,13.7,180,79,106.0,R,6,slide,3,0,1,L7(star),2,2,slide,4,1.0,7,,4
349-どうしてこうなった-mas,13.7,180,79,106.3333,R,7,slide,2,0,1,L6(star),2,6,slide,1,1.0,6,,4
349-どうしてこうなった-mas,13.7,180,79,106.6667,R,6,slide,3,0,1,L7(star),2,7,slide,1,1.0,7,,4
349-どうしてこうなった-mas,13.7,180,80,107.0,R,7,slide,2,0,1,L6(tap),2,6,slide,1,1.0,3,,4
349-どうしてこうなった-mas,13.7,180,83,111.3333,L,3,slide,6,0,1,R2(star),2,7,slide,4,1.0,2,,5
349-どうしてこうなった-mas,13.7,180,83,111.6667,L,2,slide,7,0,1,R3(star),2,3,slide,1,1.0,3,,5
349-どうしてこうなった-mas,13.7,180,83,112.0,L,3,slide,6,0,1,R2(star),2,2,slide,1,1.0,2,,5
349-どうしてこうなった-mas,13.7,180,84,112.3333,L,2,slide,7,0,1,R3(tap),2,3,slide,1,1.0,6,,5
349-どうしてこうなった-mas,13.7,180,85,113.6667,L,2,hold,,0,1,,1,4,hold,2,1.0,4,,5
349-どうしてこうなった-mas,13.7,180,85,114.5,R,7,hold,,0,1,,1,5,hold,2,1.0,5,,5
349-どうしてこうなった-mas,13.7,180,90,120.6667,R,7,slide,2,0,1,,1,2,slide,3,1.0,4,,5
35-Lionheart-mas,13.4,132,16,29.5455,L,3,slide,6,0,1,R2(tap),2,7,tap,4,2.25,8,,2
35-Lionheart-mas,13.4,132,18,33.1818,R,6,slide,3,0,1,L7(tap),2,4,tap,2,2.25,1,,3
35-Lionheart-mas,13.4,132,21,38.6364,R,6,slide,3,0,1,L5(tap),2,2,slide,4,4.0,3,,3
35-Lionheart-mas,13.4,132,23,42.2727,L,3,slide,6,0,1,R4(tap),2,7,slide,4,4.0,6,,3
35-Lionheart-mas,13.4,132,24,44.0909,L,3,slide,6,0,1,R2(tap),2,7,tap,4,2.25,8,,3
35-Lionheart-mas,13.4,132,25,45.9091,R,7,slide,3,0,1,L6(tap),2,1,tap,2,1.5,4,,3
35-Lionheart-mas,13.4,132,26,47.7273,R,6,slide,3,0,1,L7(tap),2,4,tap,2,2.25,1,,3
35-Lionheart-mas,13.4,132,28,51.3636,L,2,slide,7,0,1,R4(tap),2,8,tap,2,1.25,1,,4
35-Lionheart-mas,13.4,132,30,55.0,R,7,slide,2,0,1,L5(tap),2,2,slide,3,2.0,8,,4
35-Lionheart-mas,13.4,132,32,58.6364,L,2,slide,7,0,1,R4(tap),2,7,slide,3,2.0,1,,4
35-Lionheart-mas,13.4,132,34,62.2727,R,7,slide,2,0,1,L5(tap),2,2,slide,3,2.0,8,,4
35-Lionheart-mas,13.4,132,37,69.0909,R,7,slide,2,0,1,L6(star),2,5,slide,2,1.0,3,slide:6>1,5
35-Lionheart-mas,13.4,132,41,76.3636,R,7,slide,2,0,1,L6(star),2,5,slide,2,1.0,3,slide:6>1,5
35-Lionheart-mas,13.4,132,43,78.4091,R,6,star,,0,1,,1,3,star,3,0.5,3,slide:7>3,5
35-Lionheart-mas,13.4,132,43,78.6364,L,2,star,,0,1,R3(slide),2,7,slide,3,1.0,7,slide:3>6,5
35-Lionheart-mas,13.4,132,43,78.8636,R,6,slide,2,0,1,L7(star),2,3,slide,3,0.5,2,slide:7>4,5
352-鼓動-mas,13.3,121,1,2.4793,R,7,slide,3,0,1,,1,5,slide,2,4.0,7,,1
352-鼓動-mas,13.3,121,1,3.4711,R,7,slide,3,0,1,,1,7,slide,0,2.0,1,,1
352-鼓動-mas,13.3,121,8,17.3554,L,2,slide,5,0,1,,1,1,hold,1,2.0,6,hold:2>None,1
352-鼓動-mas,13.3,121,9,18.3471,R,6,slide,1,0,1,,1,2,hold,4,2.5,3,hold:6>None,1
352-鼓動-mas,13.3,121,9,19.3388,L,3,slide,8,0,1,,1,6,hold,3,2.5,1,hold:3>None,1
352-鼓動-mas,13.3,121,10,21.3223,R,7,slide,4,0,1,,1,8,hold,1,2.0,3,hold:7>None,2
352-鼓動-mas,13.3,121,11,22.314,L,3,slide,8,0,1,,1,7,hold,4,2.5,6,hold:3>None,2
352-鼓動-mas,13.3,121,18,36.9421,L,2,tap,,0,1,,1,1,tap,1,1.0,4,,2
352-鼓動-mas,13.3,121,19,38.6777,R,7,hold,,0,1,,1,5,tap,2,0.5,8,,3
352-鼓動-mas,13.3,121,29,58.5124,L,2,tap,,0,1,R3(tap),2,8,tap,2,0.5,8,,4
352-鼓動-mas,13.3,121,29,59.0083,R,7,tap,,0,1,L6(tap),2,1,tap,2,0.5,1,,4
352-鼓動-mas,13.3,121,30,60.4959,L,3,tap,,0,1,R2(tap),2,5,tap,2,0.5,7,,4
352-鼓動-mas,13.3,121,30,60.9917,R,7,tap,,0,1,L6(tap),2,2,tap,3,0.5,2,,4
352-鼓動-mas,13.3,121,35,70.9091,R,7,slide,3,0,1,,1,2,slide,3,2.0,3,,4
354-待チ人ハ来ズ。-mas,13.2,160,2,3.0,L,2,hold,,0,1,,1,7,tap,3,1.0,6,,1
354-待チ人ハ来ズ。-mas,13.2,160,33,49.875,R,7,hold,,0,1,,1,1,hold,2,2.0,6,,2
354-待チ人ハ来ズ。-mas,13.2,160,33,50.625,R,6,slide,2,0,1,,1,7,hold,1,2.0,8,slide:7>3,2
354-待チ人ハ来ズ。-mas,13.2,160,40,60.375,R,6,slide,2,0,1,,1,4,slide,2,2.5,8,,3
354-待チ人ハ来ズ。-mas,13.2,160,41,62.25,L,3,tap,,0,3,,1,1,hold,2,2.0,6,,3
354-待チ人ハ来ズ。-mas,13.2,160,55,83.25,L,2,star,,0,1,,1,6,slide,4,1.0,2,hold:3>None,4
354-待チ人ハ来ズ。-mas,13.2,160,55,83.625,L,2,slide,5,0,1,,1,2,star,0,1.0,5,hold:3>None,4
354-待チ人ハ来ズ。-mas,13.2,160,57,86.25,R,6,star,,0,1,,1,1,slide,3,1.0,6,,4
354-待チ人ハ来ズ。-mas,13.2,160,57,86.625,R,6,slide,3,0,1,L7(tap),2,6,star,0,1.0,3,,4
354-待チ人ハ来ズ。-mas,13.2,160,63,95.25,R,7,star,,0,1,,1,3,slide,4,1.0,7,hold:6>None,4
354-待チ人ハ来ズ。-mas,13.2,160,63,95.625,R,7,slide,4,0,1,,1,7,star,0,1.0,4,hold:6>None,4
354-待チ人ハ来ズ。-mas,13.2,160,65,98.25,L,3,star,,0,1,,1,8,slide,3,1.0,3,,4
354-待チ人ハ来ズ。-mas,13.2,160,65,98.625,L,3,slide,6,0,1,R2(tap),2,3,star,0,1.0,6,,4
354-待チ人ハ来ズ。-mas,13.2,160,76,114.2812,R,6,hold,,0,1,,1,4,hold,2,1.25,8,,5
354-待チ人ハ来ズ。-mas,13.2,160,81,121.5,L,3,hold,,0,1,,1,7,tap,4,1.25,1,,5
354-待チ人ハ来ズ。-mas,13.2,160,82,123.0,R,6,hold,,0,1,,1,8,tap,2,1.0,8,,5
357-Aiolos-mas,14.3,205,0,0.8049,L,2,tap,,0,1,,1,4,tap,2,0.5,7,,1
357-Aiolos-mas,14.3,205,30,35.2683,L,3,tap,,0,1,,1,1,tap,2,0.5,1,,2
357-Aiolos-mas,14.3,205,32,37.6098,R,6,tap,,0,1,,1,8,tap,2,0.5,8,,2
357-Aiolos-mas,14.3,205,32,37.9024,R,6,tap,,0,1,,1,8,tap,2,0.5,8,,2
357-Aiolos-mas,14.3,205,35,42.0,R,6,tap,,0,1,,1,8,tap,2,0.5,1,,2
357-Aiolos-mas,14.3,205,43,51.439,L,3,slide,6,0,1,,1,7,slide,4,0.75,1,slide:8>4,2
357-Aiolos-mas,14.3,205,45,53.7805,L,2,slide,7,0,1,,1,6,slide,4,0.75,4,slide:5>1,3
357-Aiolos-mas,14.3,205,46,54.9512,R,7,slide,2,0,1,,1,3,slide,4,0.75,2,,3
357-Aiolos-mas,14.3,205,50,58.9756,R,6,tap,,0,1,,1,8,tap,2,0.5,1,,3
357-Aiolos-mas,14.3,205,74,86.8537,L,2,tap,,0,1,,1,5,tap,3,1.25,8,hold:3>None,4
357-Aiolos-mas,14.3,205,74,87.2195,R,6,hold,,0,1,,1,3,hold,3,2.0,4,,4
357-Aiolos-mas,14.3,205,90,106.6829,L,3,slide,7,0,1,R1(tap),2,6,tap,3,1.0,7,,5
357-Aiolos-mas,14.3,205,96,112.6829,L,3,tap,,0,1,,1,4,tap,1,0.25,8,,5
357-Aiolos-mas,14.3,205,96,113.122,R,6,tap,,0,1,,1,5,tap,1,0.25,1,,5
357-Aiolos-mas,14.3,205,97,113.561,L,3,tap,,0,1,,1,4,tap,1,0.25,8,,5
357-Aiolos-mas,14.3,205,97,114.0,R,6,tap,,0,1,,1,5,tap,1,0.25,1,,5
357-Aiolos-mas,14.3,205,97,114.439,L,3,tap,,1,1,,1,4,tap,1,0.25,1,,5
357-Aiolos-mas,14.3,205,98,116.0488,R,6,slide,2,0,1,L8(tap),2,3,tap,3,1.0,2,,5
369-LANCE-mas,13.8,156,0,0.9615,L,3,star,,0,1,R1(slide),2,7,slide,4,1.5,3,slide:1>5,1
369-LANCE-mas,13.8,156,0,1.3462,L,3,slide,7,0,1,,1,3,star,0,1.0,8,,1
369-LANCE-mas,13.8,156,4,6.5385,R,7,tap,,0,1,,1,3,tap,4,1.0,6,,1
369-LANCE-mas,13.8,156,4,6.9231,R,6,tap,,0,1,L4(hold),2,7,tap,1,1.0,2,hold:4>None,1
369-LANCE-mas,13.8,156,10,15.7692,L,3,tap,,0,1,,1,4,tap,1,0.75,7,hold:1>None,1
369-LANCE-mas,13.8,156,12,18.8462,R,6,tap,,0,1,,1,8,tap,2,0.75,2,hold:7>None,1
369-LANCE-mas,13.8,156,13,20.3846,L,3,tap,,0,1,,1,1,tap,2,0.75,7,hold:2>None,1
369-LANCE-mas,13.8,156,14,21.9231,R,7,tap,,0,1,,1,2,tap,3,0.75,5,hold:6>None,1
369-LANCE-mas,13.8,156,31,49.0385,R,6,tap,,0,1,,1,3,tap,3,0.5,1,,2
369-LANCE-mas,13.8,156,36,56.1538,R,7,star,,0,1,,1,5,tap,2,0.75,7,,3
369-LANCE-mas,13.8,156,36,56.5385,R,7,slide,3,0,1,L6(tap),2,7,star,0,1.0,4,,3
369-LANCE-mas,13.8,156,37,57.6923,L,2,star,,0,1,,1,4,tap,2,0.75,2,,3
369-LANCE-mas,13.8,156,37,58.0769,L,2,slide,6,0,1,R3(tap),2,2,star,0,1.0,6,,3
369-LANCE-mas,13.8,156,40,62.1154,R,7,hold,,0,1,,1,1,tap,2,1.0,3,,3
369-LANCE-mas,13.8,156,42,64.8077,R,7,tap,,0,1,,1,8,tap,1,0.5,5,hold:6>None,3
369-LANCE-mas,13.8,156,43,66.3462,L,2,hold,,0,1,,1,1,tap,1,0.5,8,,3
369-LANCE-mas,13.8,156,44,67.6923,L,2,hold,,0,1,,1,8,slide,2,1.0,7,,3
369-LANCE-mas,13.8,156,48,75.0,L,3,star,,0,2,,1,8,hold,3,3.0,3,hold:2>None,4
369-LANCE-mas,13.8,156,48,75.1923,L,3,tap,,0,2,,1,3,star,0,0.5,3,,4
369-LANCE-mas,13.8,156,48,75.3846,L,3,slide,6,0,1,,1,3,tap,0,0.5,5,,4
369-LANCE-mas,13.8,156,51,78.6538,L,2,tap,,0,1,,1,7,hold,3,2.0,1,hold:5>None,4
369-LANCE-mas,13.8,156,52,80.3846,L,3,star,,0,1,,1,8,hold,3,3.5,3,,4
369-LANCE-mas,13.8,156,52,80.7692,L,3,slide,7,0,1,,1,3,star,0,1.0,8,slide:1>5,4
369-LANCE-mas,13.8,156,54,84.0385,L,3,tap,,0,1,,1,5,tap,2,1.5,5,hold:4>None,4
37-千本桜-mas,13.4,154,0,0.0,R,6,tap,,0,1,L7(tap),2,,,,,6,,1
37-千本桜-mas,13.4,154,0,0.2922,R,6,tap,,0,1,L7(tap),2,6,tap,0,0.75,5,,1
37-千本桜-mas,13.4,154,0,0.7792,L,2,tap,,0,1,R3(tap),2,7,tap,3,0.5,2,,1
37-千本桜-mas,13.4,154,0,1.0714,L,2,tap,,0,1,R3(tap),2,2,tap,0,0.75,4,,1
37-千本桜-mas,13.4,154,1,1.5584,R,7,tap,,0,1,L6(tap),2,2,tap,3,0.5,7,,1
37-千本桜-mas,13.4,154,1,1.8506,R,7,tap,,0,1,L6(tap),2,7,tap,0,0.75,8,,1
37-千本桜-mas,13.4,154,1,2.3377,L,3,tap,,0,1,R2(tap),2,6,tap,3,0.5,1,,1
37-千本桜-mas,13.4,154,9,14.7078,L,2,tap,,0,1,,1,4,tap,2,0.5,4,,1
37-千本桜-mas,13.4,154,12,19.0909,R,6,hold,,0,1,,1,5,tap,1,3.5,8,,1
37-千本桜-mas,13.4,154,13,20.6494,L,2,hold,,0,1,,1,1,tap,1,2.0,1,,1
37-千本桜-mas,13.4,154,14,22.2078,R,6,hold,,0,1,,1,8,tap,2,1.5,5,,2
37-千本桜-mas,13.4,154,15,24.1558,R,7,hold,,0,1,,1,3,hold,4,2.0,2,,2
37-千本桜-mas,13.4,154,16,25.2273,L,3,tap,,0,2,,1,5,tap,2,1.75,3,hold:2>None,2
37-千本桜-mas,13.4,154,16,25.3247,L,3,hold,,0,2,,1,3,tap,0,0.25,5,,2
37-千本桜-mas,13.4,154,17,26.4935,R,7,hold,,0,1,,1,4,tap,3,1.0,8,,2
37-千本桜-mas,13.4,154,18,28.0519,L,2,hold,,0,1,,1,1,tap,1,1.5,1,,2
37-千本桜-mas,13.4,154,21,33.5065,L,3,star,,0,1,R2(tap),2,8,slide,3,1.0,3,,2
37-千本桜-mas,13.4,154,21,33.8961,L,3,slide,6,0,1,R2(tap),2,3,star,0,1.0,6,,2
37-千本桜-mas,13.4,154,23,36.6234,L,3,star,,0,1,R2(tap),2,6,slide,3,1.0,3,,2
37-千本桜-mas,13.4,154,23,37.013,L,3,slide,7,0,1,R2(tap),2,3,star,0,1.0,7,,2
37-千本桜-mas,13.4,154,26,40.5195,R,6,star,,0,1,L7(hold),2,3,slide,3,1.0,6,hold:7>None,2
37-千本桜-mas,13.4,154,26,40.9091,R,6,slide,1,0,1,,1,6,star,0,1.0,1,,2
37-千本桜-mas,13.4,154,30,47.0455,R,7,tap,,0,1,L6(tap),2,8,tap,1,0.75,5,,3
37-千本桜-mas,13.4,154,30,48.5065,L,2,slide,7,0,1,,1,4,tap,2,2.5,8,hold:2>None,3
37-千本桜-mas,13.4,154,38,59.513,R,7,tap,,0,2,L6(tap),2,5,tap,2,0.75,8,,3
37-千本桜-mas,13.4,154,40,62.6299,L,2,tap,,0,2,R3(tap),2,1,tap,1,0.75,4,,3
37-千本桜-mas,13.4,154,49,76.3636,L,2,tap,,0,1,,1,1,tap,1,2.5,1,hold:3>None,4
37-千本桜-mas,13.4,154,60,93.9935,L,2,tap,,0,1,,1,4,tap,2,0.75,4,,5
37-千本桜-mas,13.4,154,60,94.7727,R,7,tap,,0,1,,1,5,tap,2,0.75,5,,5
37-千本桜-mas,13.4,154,61,95.5519,L,2,tap,,0,1,,1,4,tap,2,0.75,4,,5
37-千本桜-mas,13.4,154,62,97.3052,L,3,tap,,0,1,,1,1,tap,2,0.5,6,,5
37-千本桜-mas,13.4,154,62,98.0844,R,6,tap,,0,1,,1,8,tap,2,0.5,2,,5
37-千本桜-mas,13.4,154,66,104.026,L,2,tap,,0,1,R3(tap),2,4,tap,2,0.5,1,,5
371-Axeria-mas,14.5,193,57,71.114,L,2,tap,,0,1,,1,4,tap,2,0.5,5,,4
371-Axeria-mas,14.5,193,58,72.3575,R,7,tap,,0,1,,1,5,tap,2,0.5,4,,4
371-Axeria-mas,14.5,193,59,74.0674,R,7,tap,,0,1,,1,5,tap,2,0.5,2,,4
371-Axeria-mas,14.5,193,59,74.3782,L,3,tap,,0,1,,1,6,tap,3,0.75,7,,4
371-Axeria-mas,14.5,193,60,75.3109,L,2,tap,,0,1,,1,4,tap,2,0.5,7,,4
371-Axeria-mas,14.5,193,60,75.6218,R,6,tap,,0,1,,1,3,tap,3,0.75,3,,4
371-Axeria-mas,14.5,193,61,76.5544,R,6,tap,,0,1,,1,8,tap,2,0.5,2,,4
371-Axeria-mas,14.5,193,62,77.7979,L,3,tap,,0,1,,1,1,tap,2,0.5,7,,4
371-Axeria-mas,14.5,193,63,78.5751,L,2,tap,,0,1,,1,4,tap,2,0.5,6,,4
371-Axeria-mas,14.5,193,63,79.0415,R,7,tap,,0,1,,1,5,tap,2,0.5,1,,4
371-Axeria-mas,14.5,193,67,84.4041,L,2,tap,,0,1,,1,4,tap,2,0.5,7,,4
371-Axeria-mas,14.5,193,68,85.6477,R,6,tap,,0,1,,1,8,tap,2,0.5,3,,4
371-Axeria-mas,14.5,193,69,86.0363,L,2,tap,,0,1,,1,4,tap,2,0.5,4,,4
371-Axeria-mas,14.5,193,69,86.8912,L,3,tap,,0,1,,1,1,tap,2,0.5,6,,4
371-Axeria-mas,14.5,193,70,87.2798,R,7,tap,,0,1,,1,5,tap,2,0.5,5,,4
371-Axeria-mas,14.5,193,73,91.5544,L,3,slide,8,0,1,R8(star),2,6,slide,3,1.0,8,,5
371-Axeria-mas,14.5,193,75,94.3523,L,2,tap,,0,1,,1,1,tap,1,0.167,4,slide:3>6,5
371-Axeria-mas,14.5,193,83,103.8342,R,7,slide,3,0,1,L5(star),2,1,slide,2,1.0,3,slide:5>1,5
373-緋色のDance-mas,13.3,155,20,31.3548,L,2,slide,7,0,1,R2(hold),2,1,tap,1,1.5,6,hold:2>None,2
373-緋色のDance-mas,13.3,155,21,32.9032,L,3,slide,6,0,1,R3(hold),2,4,tap,1,1.5,7,hold:3>None,2
373-緋色のDance-mas,13.3,155,28,43.7419,R,7,slide,2,0,1,L7(hold),2,8,tap,1,1.5,3,hold:7>None,3
373-緋色のDance-mas,13.3,155,29,45.2903,R,6,slide,3,0,1,L6(hold),2,5,tap,1,1.5,2,hold:6>None,3
373-緋色のDance-mas,13.3,155,34,53.4194,L,3,star,,0,1,R7(slide),2,7,tap,4,0.5,3,slide:2>7,3
373-緋色のDance-mas,13.3,155,34,53.4194,R,7,slide,3,0,1,L3(star),2,2,slide,3,1.0,3,,3
373-緋色のDance-mas,13.3,155,34,53.6129,L,3,tap,,0,1,,1,3,star,0,0.5,6,slide:7>3,3
373-緋色のDance-mas,13.3,155,34,54.1935,R,6,slide,3,0,1,L3(star),2,3,slide,3,1.0,3,,3
373-緋色のDance-mas,13.3,155,35,54.1935,L,3,star,,0,1,R6(slide),2,6,tap,3,0.5,3,slide:3>6,3
373-緋色のDance-mas,13.3,155,35,54.3871,L,3,tap,,0,1,,1,3,star,0,0.5,6,slide:6>3,3
373-緋色のDance-mas,13.3,155,36,56.5161,L,2,star,,0,1,R6(slide),2,6,tap,4,0.5,2,slide:2>6,3
373-緋色のDance-mas,13.3,155,36,56.5161,R,6,slide,2,0,1,L2(star),2,2,slide,4,1.0,2,,3
373-緋色のDance-mas,13.3,155,36,56.7097,L,2,tap,,0,1,,1,2,star,0,0.5,7,slide:6>2,3
373-緋色のDance-mas,13.3,155,37,58.0645,R,7,star,,0,1,L3(slide),2,3,tap,4,0.5,7,slide:7>3,3
373-緋色のDance-mas,13.3,155,37,58.0645,L,3,slide,7,0,1,R7(star),2,7,slide,4,1.0,7,,3
373-緋色のDance-mas,13.3,155,37,58.2581,R,7,tap,,0,1,,1,7,star,0,0.5,2,slide:3>7,3
373-緋色のDance-mas,13.3,155,48,74.5161,L,3,tap,,0,1,R2(tap),2,8,slide,3,1.0,6,,4
373-緋色のDance-mas,13.3,155,48,74.7097,R,7,tap,,0,1,L6(tap),2,2,tap,3,0.5,4,,4
373-緋色のDance-remas,13.7,155,32,50.7097,R,7,slide,3,0,1,L6(star),2,8,slide,1,1.0,5,slide:6>1,3
373-緋色のDance-remas,13.7,155,33,52.2581,L,3,slide,7,0,1,R2(star),2,4,slide,1,1.0,1,slide:2>5,3
373-緋色のDance-remas,13.7,155,34,53.8065,R,7,slide,3,0,1,L6(star),2,8,slide,1,1.0,5,slide:6>1,3
373-緋色のDance-remas,13.7,155,36,56.9032,L,2,slide,6,0,1,R3(star),2,1,slide,1,1.0,4,slide:3>8,3
373-緋色のDance-remas,13.7,155,37,58.4516,R,6,slide,2,0,1,L7(star),2,5,slide,1,1.0,8,slide:7>4,3
375-7thSense-mas,14.4,150,0,0.9333,L,2,tap,,0,1,,1,8,tap,2,0.458,3,hold:1>None,1
375-7thSense-mas,14.4,150,0,1.0667,L,3,tap,,0,1,,1,2,tap,1,0.333,4,hold:1>None,1
375-7thSense-mas,14.4,150,2,3.6,R,7,hold,,0,1,,1,4,tap,3,2.0,5,,1
375-7thSense-mas,14.4,150,4,7.2,L,3,hold,,0,1,,1,1,hold,2,4.0,4,,1
375-7thSense-mas,14.4,150,8,14.0,R,6,slide,3,0,1,L1(tap),2,3,tap,3,1.0,3,,1
375-7thSense-mas,14.4,150,9,15.4,R,7,hold,,0,1,,1,3,hold,4,2.0,3,,1
375-7thSense-mas,14.4,150,10,16.8,L,3,slide,6,0,1,R8(tap),2,1,hold,2,2.5,6,,1
375-7thSense-mas,14.4,150,11,18.2,L,2,hold,,0,1,,1,6,hold,4,2.0,6,,1
375-7thSense-mas,14.4,150,52,84.0,R,7,star,,0,1,L1(hold),2,3,tap,4,0.5,7,hold:1>None,4
375-7thSense-mas,14.4,150,52,84.4,R,7,slide,5,0,1,,1,7,star,0,1.0,1,,4
375-7thSense-mas,14.4,150,53,86.4,R,7,tap,,0,1,,1,5,tap,2,0.5,8,,4
375-7thSense-mas,14.4,150,54,87.8,L,2,tap,,0,1,,1,4,tap,2,0.5,1,,4
375-7thSense-mas,14.4,150,56,89.9,L,3,tap,,0,1,,1,6,tap,3,0.5,8,,4
375-7thSense-mas,14.4,150,56,90.2,R,6,tap,,0,1,,1,2,tap,4,0.5,1,,4
375-7thSense-mas,14.4,150,62,100.7,L,3,slide,7,0,1,R2(star),2,4,tap,1,1.0,1,slide:2>6,4
375-7thSense-mas,14.4,150,63,102.3,R,7,slide,3,0,1,L6(star),2,8,slide,1,1.0,5,slide:6>2,4
375-7thSense-mas,14.4,150,68,110.1,L,3,slide,5,0,1,R5(star),2,1,slide,2,1.0,5,,5
375-7thSense-mas,14.4,150,69,110.9,L,2,slide,6,0,1,R5(tap),2,5,slide,3,1.0,8,,5
375-7thSense-mas,14.4,150,70,112.9,R,6,slide,4,0,1,L4(star),2,8,slide,2,1.0,4,,5
375-7thSense-mas,14.4,150,70,113.7,R,7,slide,3,0,1,L4(tap),2,4,slide,3,1.0,5,,5
375-7thSense-mas,14.4,150,71,114.6,R,7,tap,,0,1,,1,5,tap,2,0.5,3,,5
375-7thSense-mas,14.4,150,73,117.4,L,2,tap,,0,1,,1,4,tap,2,0.5,6,,5
375-7thSense-mas,14.4,150,75,120.2,R,7,tap,,0,1,,1,5,tap,2,0.5,3,,5
376-Live & Learn-mas,13.3,172,15,21.1047,L,2,tap,,0,1,,1,1,tap,1,0.5,7,,2
376-Live & Learn-mas,13.3,172,15,21.6279,R,6,tap,,0,1,,1,1,tap,3,1.0,5,hold:7>None,2
376-Live & Learn-mas,13.3,172,16,22.3256,L,3,tap,,0,1,,1,6,tap,3,1.0,4,hold:2>None,2
378-METATRON-mas,14.1,190,17,22.1053,R,6,tap,,0,1,,1,5,tap,1,0.5,8,,1
378-METATRON-mas,14.1,190,29,37.5789,L,2,slide,6,0,1,,1,7,slide,3,2.0,7,,2
378-METATRON-mas,14.1,190,36,45.6316,L,3,tap,,0,1,,1,1,tap,2,0.5,1,,3
378-METATRON-mas,14.1,190,37,47.1316,R,7,tap,,0,1,,1,3,tap,4,0.5,5,,3
378-METATRON-mas,14.1,190,48,62.0526,R,6,slide,1,0,1,,1,4,slide,2,3.5,1,,3
378-METATRON-mas,14.1,190,50,64.4211,R,7,slide,4,0,1,,1,1,slide,2,3.0,2,,3
378-METATRON-mas,14.1,190,52,66.4737,L,2,slide,5,0,1,R3(tap),2,5,slide,3,1.5,7,,3
378-METATRON-mas,14.1,190,53,67.7368,R,7,slide,4,0,1,,1,4,slide,3,1.5,4,,3
378-METATRON-mas,14.1,190,60,75.9474,R,6,tap,,0,1,,1,8,tap,2,0.5,8,,4
378-METATRON-mas,14.1,190,61,77.4474,L,2,tap,,0,1,,1,6,tap,4,0.5,4,,4
378-METATRON-mas,14.1,190,68,86.2105,R,7,slide,2,0,1,,1,4,slide,3,1.0,1,,4
378-METATRON-mas,14.1,190,69,87.4737,L,2,slide,7,0,1,,1,5,slide,3,1.0,6,,4
378-METATRON-mas,14.1,190,79,100.5,L,2,tap,,0,1,,1,6,tap,4,0.5,4,,5
378-METATRON-mas,14.1,190,79,100.8947,R,6,tap,,0,1,,1,8,tap,2,0.5,8,,5
378-METATRON-mas,14.1,190,87,109.9737,L,2,tap,,0,1,,1,8,tap,2,0.5,4,,5
379-Contrapasso -paradiso--mas,14.4,243,59,59.0123,L,2,hold,,0,1,,1,4,hold,2,2.0,7,,3
38-JACKY [Remix]-mas,13.7,135,15,27.8889,R,6,tap,,0,1,,1,8,tap,2,0.5,8,,2
38-JACKY [Remix]-mas,13.7,135,41,74.0,L,2,star,,0,1,,1,6,star,4,0.5,6,slide:2>7,5
38-JACKY [Remix]-mas,13.7,135,45,81.3333,R,6,hold,,0,1,,1,8,tap,2,0.5,8,,5
38-JACKY [Remix]-mas,13.7,135,47,84.4444,L,3,star,,0,1,,1,6,slide,3,1.0,3,hold:2>None,5
38-JACKY [Remix]-mas,13.7,135,47,84.8889,L,3,slide,7,0,1,,1,3,star,0,1.0,8,hold:2>None,5
38-JACKY [Remix]-remas,14,135,1,2.2222,L,2,slide,5,0,1,,1,7,slide,3,2.5,7,,1
38-JACKY [Remix]-remas,14,135,4,8.2222,R,7,slide,3,0,1,L6(tap),2,2,slide,3,1.5,4,,1
38-JACKY [Remix]-remas,14,135,15,27.8889,R,6,tap,,0,1,,1,8,tap,2,0.5,8,,2
38-JACKY [Remix]-remas,14,135,38,68.3333,R,6,tap,,0,1,,1,2,tap,4,1.75,2,hold:7>None,4
38-JACKY [Remix]-remas,14,135,38,68.8889,L,3,tap,,0,1,,1,7,hold,4,1.75,5,hold:2>None,4
38-JACKY [Remix]-remas,14,135,42,75.4444,L,3,tap,,0,1,,1,7,tap,4,1.75,7,hold:2>None,5
38-JACKY [Remix]-remas,14,135,42,76.0,R,6,tap,,0,1,,1,2,hold,4,1.75,4,hold:7>None,5
380-儚きもの人間-mas,13.8,180,14,19.3333,L,3,tap,,0,1,R2(tap),2,8,slide,3,1.0,6,,1
380-儚きもの人間-mas,13.8,180,14,19.5833,R,7,tap,,0,1,L6(tap),2,2,tap,3,0.75,1,,1
380-儚きもの人間-mas,13.8,180,17,23.6667,R,6,slide,3,0,1,,1,8,tap,2,1.5,3,,1
380-儚きもの人間-mas,13.8,180,21,29.0,L,3,slide,6,0,1,,1,1,tap,2,1.5,6,,2
380-儚きもの人間-mas,13.8,180,25,34.3333,R,7,slide,2,0,1,,1,5,tap,2,1.5,2,,2
380-儚きもの人間-mas,13.8,180,28,37.5833,L,2,hold,,0,1,,1,7,tap,3,1.25,8,,2
380-儚きもの人間-mas,13.8,180,29,38.9167,R,7,hold,,0,1,,1,3,slide,4,1.75,1,,2
380-儚きもの人間-mas,13.8,180,74,99.5833,L,3,tap,,0,1,,1,8,tap,3,1.25,8,,5
380-儚きもの人間-mas,13.8,180,75,100.25,R,6,tap,,0,1,,1,1,tap,3,1.25,1,,5
382-Nitrous Fury-mas,14,144,21,35.625,L,2,tap,,0,1,,1,4,tap,2,0.5,4,,2
382-Nitrous Fury-mas,14,144,21,36.25,L,2,tap,,0,1,,1,4,tap,2,0.5,4,,2
382-Nitrous Fury-mas,14,144,22,36.875,L,2,tap,,0,1,,1,4,tap,2,0.5,4,,2
382-Nitrous Fury-mas,14,144,22,37.5,L,2,tap,,0,1,,1,4,tap,2,0.5,4,,2
382-Nitrous Fury-mas,14,144,23,38.9583,R,7,tap,,0,1,,1,5,tap,2,0.5,5,,2
382-Nitrous Fury-mas,14,144,23,39.5833,R,7,tap,,0,1,,1,5,tap,2,0.5,5,,2
382-Nitrous Fury-mas,14,144,24,40.2083,R,7,tap,,0,1,,1,5,tap,2,0.5,5,,2
382-Nitrous Fury-mas,14,144,24,40.8333,R,7,tap,,0,1,,1,5,tap,2,0.5,5,,2
382-Nitrous Fury-mas,14,144,25,41.7708,L,3,tap,,0,1,,1,4,tap,1,1.5,6,,2
382-Nitrous Fury-mas,14,144,25,42.7083,R,6,tap,,0,1,,1,5,tap,1,0.5,2,,2
382-Nitrous Fury-mas,14,144,25,43.0208,L,3,tap,,0,1,,1,5,tap,2,0.5,6,,2
382-Nitrous Fury-mas,14,144,26,43.9583,R,6,tap,,0,1,,1,5,tap,1,0.5,2,,3
390-四月の雨-mas,13.9,79,0,1.519,L,2,slide,7,0,1,,1,4,hold,2,0.5,7,,1
390-四月の雨-mas,13.9,79,1,4.557,R,7,slide,2,0,1,,1,5,hold,2,0.5,6,,1
390-四月の雨-mas,13.9,79,1,5.5063,R,6,hold,,0,1,,1,7,slide,1,1.25,2,,1
390-四月の雨-mas,13.9,79,4,13.6709,R,6,slide,1,0,1,L1(star),2,1,slide,3,1.0,1,,1
390-四月の雨-mas,13.9,79,5,16.7089,L,3,slide,8,0,1,R8(star),2,8,slide,3,1.0,8,,1
390-四月の雨-mas,13.9,79,6,19.3671,R,6,star,,0,1,L7(slide),2,2,star,4,0.5,3,slide:1>7,1
390-四月の雨-mas,13.9,79,6,19.7468,L,2,slide,6,0,1,R3(star),2,7,slide,3,0.5,6,slide:3>5,1
390-四月の雨-mas,13.9,79,8,25.0633,R,7,tap,,0,1,L8(slide),2,1,slide,2,1.0,7,slide:8>1,2
390-四月の雨-mas,13.9,79,8,25.2532,R,7,tap,,0,3,,1,7,tap,0,0.25,7,slide:8>1,2
390-四月の雨-mas,13.9,79,8,25.443,R,7,tap,,0,3,,1,7,tap,0,0.25,7,slide:8>1,2
390-四月の雨-mas,13.9,79,8,25.6329,R,7,tap,,0,3,,1,7,tap,0,0.25,6,slide:8>1,2
390-四月の雨-mas,13.9,79,8,25.8228,R,6,tap,,0,4,,1,7,tap,1,0.25,6,slide:8>1,2
390-四月の雨-mas,13.9,79,8,26.0127,R,6,tap,,0,4,,1,6,tap,0,0.25,6,slide:8>1,2
390-四月の雨-mas,13.9,79,8,26.2025,R,6,tap,,0,4,,1,6,tap,0,0.25,6,slide:8>1,2
390-四月の雨-mas,13.9,79,8,26.3924,R,6,tap,,0,4,,1,6,tap,0,0.25,5,slide:8>1,2
390-四月の雨-mas,13.9,79,11,36.8354,R,6,slide,4,0,1,,1,2,slide,4,0.25,8,,2
390-四月の雨-mas,13.9,79,20,62.8481,L,3,slide,7,0,1,,1,1,slide,2,0.25,4,,3
390-四月の雨-mas,13.9,79,20,64.3671,R,6,slide,2,0,1,,1,8,slide,2,0.25,3,,3
390-四月の雨-mas,13.9,79,23,71.0127,L,3,star,,0,1,,1,8,slide,3,1.0,8,hold:1>None,3
390-四月の雨-mas,13.9,79,27,82.9747,L,2,slide,6,0,1,,1,8,slide,2,1.75,7,slide:2>5,4
390-四月の雨-mas,13.9,79,27,84.4937,R,7,slide,3,0,1,,1,2,slide,3,1.5,3,slide:7>4,4
390-四月の雨-mas,13.9,79,28,86.0127,L,3,slide,7,0,1,,1,7,slide,4,1.5,6,slide:3>8,4
390-四月の雨-mas,13.9,79,28,87.5316,R,6,slide,2,0,1,,1,3,slide,3,1.5,4,slide:6>1,4
390-四月の雨-mas,13.9,79,34,105.7595,L,2,tap,,1,2,,1,6,star,4,0.25,6,slide:3>8,5
390-四月の雨-mas,13.9,79,37,113.7342,R,7,slide,3,0,1,,1,3,slide,4,0.25,4,,5
390-四月の雨-mas,13.9,79,37,115.2532,L,2,slide,6,0,1,,1,6,slide,4,0.25,7,,5
393-Panopticon-mas,14.4,110,0,1.5,R,6,tap,,0,1,L7(hold),2,8,tap,2,0.5,7,hold:7>None,1
393-Panopticon-mas,14.4,110,0,1.6364,R,7,slide,3,0,1,,1,6,tap,1,0.25,2,hold:7>None,1
393-Panopticon-mas,14.4,110,1,3.6818,L,2,hold,,0,2,R3(tap),2,1,tap,1,0.5,7,slide:2>6,1
393-Panopticon-mas,14.4,110,2,6.2727,L,2,tap,,0,1,,1,1,tap,1,0.125,7,slide:2>6,1
393-Panopticon-mas,14.4,110,4,10.0909,L,2,slide,4,0,1,,1,8,slide,2,0.75,7,slide:1>5,1
393-Panopticon-mas,14.4,110,11,25.9091,R,7,tap,,0,1,,1,5,tap,2,1.0,8,hold:6>None,1
393-Panopticon-mas,14.4,110,30,66.8182,L,2,slide,4,0,1,,1,8,slide,2,0.75,7,slide:1>5,3
393-Panopticon-mas,14.4,110,31,69.5455,R,6,tap,,0,1,,1,4,hold,2,1.25,3,hold:7>None,3
393-Panopticon-mas,14.4,110,32,71.7273,L,2,tap,,0,1,,1,5,hold,3,1.25,5,hold:1>None,3
393-Panopticon-mas,14.4,110,37,81.2727,L,2,slide,5,0,1,,1,8,tap,2,0.75,7,hold:2>None,4
393-Panopticon-mas,14.4,110,37,82.3636,R,7,slide,4,0,1,,1,1,tap,2,0.75,2,hold:7>None,4
393-Panopticon-mas,14.4,110,42,93.4091,L,3,tap,,0,1,,1,6,hold,3,0.75,7,hold:2>None,4
393-Panopticon-mas,14.4,110,42,93.6818,R,6,tap,,0,1,,1,2,hold,4,0.75,2,hold:7>None,4
393-Panopticon-mas,14.4,110,47,102.5455,L,3,hold,,0,1,,1,4,hold,1,0.5,2,,5
393-Panopticon-mas,14.4,110,47,102.6818,R,7,hold,,0,1,,1,8,hold,1,0.5,6,,5
393-Panopticon-mas,14.4,110,47,102.8182,L,2,hold,,0,1,,1,3,hold,1,0.5,1,,5
393-Panopticon-mas,14.4,110,47,102.9545,R,6,tap,,0,1,,1,7,hold,1,0.5,5,,5
393-Panopticon-mas,14.4,110,56,123.5455,R,7,tap,,0,1,,1,1,tap,2,0.5,2,slide:8>4,5
393-Panopticon-mas,14.4,110,56,124.0909,R,6,tap,,0,1,,1,2,tap,4,0.5,3,slide:8>4,5
393-Panopticon-mas,14.4,110,57,126.0,L,3,hold,,0,1,,1,8,slide,3,6.0,,slide:3>4,5
393-Panopticon-remas,14.3,110,6,15.0,L,2,tap,,0,1,,1,4,tap,2,0.25,8,,1
393-Panopticon-remas,14.3,110,48,106.6364,R,7,tap,,0,1,L6(tap),2,4,tap,3,0.5,1,,5
393-Panopticon-remas,14.3,110,49,108.2045,R,6,hold,,0,1,L7(hold),2,5,tap,1,0.062,6,hold:7>None,5
393-Panopticon-remas,14.3,110,49,108.5455,R,6,tap,,0,1,L7(tap),2,6,hold,0,0.625,4,,5
397-夢花火-mas,13.7,186,19,24.8387,R,6,slide,3,0,1,,1,2,slide,4,2.0,2,,1
397-夢花火-mas,13.7,186,24,31.2097,L,3,hold,,0,1,,1,5,tap,2,1.0,7,,2
397-夢花火-mas,13.7,186,26,34.0323,R,6,tap,,0,1,,1,8,hold,2,1.5,2,,2
397-夢花火-mas,13.7,186,28,36.371,R,6,hold,,0,1,,1,3,slide,3,1.75,2,,2
397-夢花火-mas,13.7,186,43,56.2903,R,7,slide,3,0,1,L4(tap),2,4,slide,3,0.75,5,,3
397-夢花火-mas,13.7,186,44,57.5806,L,2,slide,6,0,1,R5(tap),2,5,slide,3,0.75,7,,3
397-夢花火-mas,13.7,186,51,66.6129,L,2,slide,6,0,1,R5(tap),2,5,slide,3,0.75,4,,3
397-夢花火-mas,13.7,186,52,67.9032,R,7,slide,3,0,1,L4(tap),2,4,slide,3,0.75,2,,3
397-夢花火-mas,13.7,186,79,102.7419,R,6,slide,2,0,1,L1(tap),2,1,slide,3,0.75,8,,4
397-夢花火-mas,13.7,186,80,104.0323,L,3,slide,7,0,1,R8(tap),2,8,slide,3,0.75,6,,4
399-Maxi-mas,14,180,38,51.0,R,6,tap,,1,1,L7(slide),2,2,slide,4,2.0,1,slide:7>1,3
399-Maxi-mas,14,180,39,52.3333,R,7,slide,1,0,1,L6(tap),2,1,slide,2,2.0,1,,3
399-Maxi-mas,14,180,68,91.75,R,7,tap,,0,1,,1,2,slide,3,0.75,1,,5
399-Maxi-mas,14,180,69,93.0833,L,2,tap,,0,1,,1,8,slide,2,0.75,7,,5
399-Maxi-mas,14,180,70,94.4167,R,7,tap,,0,1,,1,2,slide,3,0.75,4,,5
399-Maxi-mas,14,180,74,99.25,L,3,tap,,0,1,,1,6,tap,3,0.5,8,,5
399-Maxi-mas,14,180,74,99.5,R,6,tap,,0,1,,1,2,tap,4,0.5,1,,5
399-Maxi-mas,14,180,82,110.0,R,6,tap,,1,2,,1,1,tap,3,1.0,6,hold:8>None,5
399-Maxi-mas,14,180,82,110.1667,R,6,tap,,1,2,,1,6,tap,0,0.5,2,hold:8>None,5
400-ECHO-mas,13.5,140,4,8.1429,R,6,tap,,0,1,,1,5,slide,1,1.0,5,hold:8>None,1
400-ECHO-mas,13.5,140,6,11.1429,L,3,star,,0,1,,1,8,hold,3,2.0,3,,1
400-ECHO-mas,13.5,140,6,11.5714,L,3,slide,6,0,1,,1,3,star,0,1.0,7,,1
400-ECHO-mas,13.5,140,8,15.0,L,3,tap,,0,1,,1,4,slide,1,1.0,4,hold:1>None,1
400-ECHO-mas,13.5,140,10,18.0,R,6,star,,0,1,,1,1,hold,3,2.0,6,,1
400-ECHO-mas,13.5,140,10,18.4286,R,6,slide,3,0,1,,1,6,star,0,1.0,2,,1
400-ECHO-mas,13.5,140,15,26.1429,R,7,star,,0,1,L4(slide),2,4,star,3,1.0,2,slide:1>4,2
400-ECHO-mas,13.5,140,34,59.25,L,2,hold,,0,1,,1,6,hold,4,1.5,8,,3
400-ECHO-mas,13.5,140,38,65.1429,R,7,hold,,0,1,,1,4,tap,3,1.0,5,,3
400-ECHO-mas,13.5,140,39,67.1786,L,3,hold,,0,1,,1,4,tap,1,1.75,5,,3
400-ECHO-mas,13.5,140,44,76.2857,R,6,tap,,0,1,L7(star),2,2,slide,4,1.0,8,slide:7>4,3
400-ECHO-mas,13.5,140,45,77.1429,L,3,tap,,0,1,R2(star),2,7,slide,4,1.0,1,slide:2>5,4
400-ECHO-mas,13.5,140,45,78.0,R,6,tap,,0,1,L7(star),2,2,slide,4,1.0,8,slide:7>4,4
400-ECHO-mas,13.5,140,46,79.7143,R,7,tap,,0,1,L6(star),2,3,slide,4,1.0,5,slide:6>1,4
400-ECHO-mas,13.5,140,47,80.5714,L,2,tap,,0,1,R3(star),2,6,slide,4,1.0,4,slide:3>8,4
400-ECHO-mas,13.5,140,47,81.4286,R,7,tap,,0,1,L6(star),2,3,slide,4,1.0,5,slide:6>1,4
400-ECHO-mas,13.5,140,73,125.1429,L,3,hold,,0,1,,1,1,hold,2,4.0,,,5
401-Selector-mas,13.8,148,14,23.1081,L,2,slide,7,0,1,R3(slide),2,4,tap,2,2.0,6,slide:3>6,1
401-Selector-mas,13.8,148,14,23.9189,R,7,slide,2,0,1,L6(slide),2,3,slide,4,2.0,3,slide:6>3,1
401-Selector-mas,13.8,148,15,25.1351,L,3,slide,7,0,1,,1,8,tap,3,2.0,7,,1
401-Selector-mas,13.8,148,16,26.25,R,6,hold,,0,1,,1,3,slide,3,1.75,5,,2
401-Selector-mas,13.8,148,17,27.8716,L,3,hold,,0,1,,1,5,star,2,3.25,8,,2
401-Selector-mas,13.8,148,20,33.2432,R,6,slide,4,0,1,L4(star),2,8,slide,2,1.0,4,,2
401-Selector-mas,13.8,148,20,33.6486,L,2,star,,0,1,R4(slide),2,4,star,2,1.0,7,slide:6>4,2
401-Selector-mas,13.8,148,21,34.4595,R,7,slide,4,0,1,L4(star),2,2,slide,3,1.0,4,,2
401-Selector-mas,13.8,148,21,35.6757,R,6,slide,2,0,1,L2(star),2,1,slide,3,1.0,2,,2
401-Selector-mas,13.8,148,22,35.6757,L,2,star,,0,1,R6(slide),2,6,star,4,1.0,6,slide:1>6,2
401-Selector-mas,13.8,148,22,36.4865,L,2,star,,0,1,R6(slide),2,6,star,4,1.0,5,slide:2>6,2
401-Selector-mas,13.8,148,22,36.4865,R,6,slide,2,0,1,L2(star),2,2,slide,4,1.0,2,,2
401-Selector-mas,13.8,148,39,63.6486,R,6,slide,3,0,1,L7(slide),2,1,tap,3,2.0,2,slide:7>2,3
401-Selector-mas,13.8,148,39,64.4595,L,3,slide,6,0,1,R2(slide),2,7,slide,4,2.0,6,slide:2>7,3
401-Selector-mas,13.8,148,40,65.6757,R,6,slide,2,0,1,,1,1,tap,3,2.0,4,,3
401-Selector-mas,13.8,148,43,70.9459,L,3,slide,6,0,1,,1,6,slide,3,2.0,5,,3
"402-Endless, Sleepless Night-mas",13.3,165,1,1.8182,L,3,hold,,0,1,,1,7,tap,4,1.5,7,,1
"402-Endless, Sleepless Night-mas",13.3,165,3,4.7273,R,6,hold,,0,1,,1,4,tap,2,2.0,2,,1
"402-Endless, Sleepless Night-mas",13.3,165,13,19.6364,L,2,tap,,0,1,R3(tap),2,7,tap,3,0.5,6,,1
"402-Endless, Sleepless Night-mas",13.3,165,32,47.4545,R,7,hold,,0,1,,1,3,hold,4,1.5,5,,2
"402-Endless, Sleepless Night-mas",13.3,165,34,50.3636,R,6,hold,,0,1,,1,2,hold,4,1.5,8,,3
"402-Endless, Sleepless Night-mas",13.3,165,39,57.2727,L,3,star,,0,1,R2(slide),2,7,slide,4,2.5,3,slide:2>7,3
"402-Endless, Sleepless Night-mas",13.3,165,39,57.6364,L,3,slide,6,0,1,R1(tap),2,3,star,0,1.0,6,,3
"402-Endless, Sleepless Night-mas",13.3,165,41,60.1818,R,6,star,,0,1,L7(slide),2,2,slide,4,2.5,6,slide:7>2,3
"402-Endless, Sleepless Night-mas",13.3,165,41,60.5455,R,6,slide,3,0,1,L8(tap),2,6,star,0,1.0,1,,3
"402-Endless, Sleepless Night-mas",13.3,165,48,70.1818,R,6,star,,0,1,L8(slide),2,8,slide,2,4.0,4,slide:8>6,3
"402-Endless, Sleepless Night-mas",13.3,165,50,73.0909,L,3,star,,0,1,R1(slide),2,1,slide,2,4.0,5,slide:1>3,4
"402-Endless, Sleepless Night-mas",13.3,165,52,76.0,L,2,star,,0,1,R4(slide),2,8,tap,2,1.5,7,slide:4>2,4
"402-Endless, Sleepless Night-mas",13.3,165,60,88.4545,L,2,slide,6,0,1,,1,8,tap,2,0.75,5,,4
"402-Endless, Sleepless Night-mas",13.3,165,73,106.9091,L,2,slide,4,0,1,,1,7,tap,3,1.5,4,slide:1>3,5
"402-Endless, Sleepless Night-mas",13.3,165,75,109.8182,R,7,slide,5,0,1,,1,2,tap,3,1.5,5,slide:8>6,5
"402-Endless, Sleepless Night-mas",13.3,165,77,113.0909,R,7,slide,3,0,1,,1,4,slide,3,1.0,6,,5
"402-Endless, Sleepless Night-mas",13.3,165,78,113.8182,R,6,hold,,0,1,,1,7,slide,1,2.0,2,,5
"402-Endless, Sleepless Night-mas",13.3,165,79,116.0,L,2,slide,6,0,1,,1,5,slide,3,1.0,3,,5
"402-Endless, Sleepless Night-mas",13.3,165,80,116.7273,L,3,hold,,0,1,,1,2,slide,1,2.0,7,,5
403-最終鬼畜妹・一部声-mas,13.9,200,48,57.6,L,2,hold,,0,1,,1,8,slide,2,3.0,5,,3
403-最終鬼畜妹・一部声-mas,13.9,200,50,60.0,R,7,hold,,0,1,,1,8,tap,1,1.0,4,,3
404-四次元跳躍機関-mas,13.4,135,12,22.1111,R,7,hold,,0,1,,1,3,slide,4,1.75,5,,1
404-四次元跳躍機関-mas,13.4,135,13,23.8889,L,2,hold,,0,1,,1,7,tap,3,1.25,4,,1
404-四次元跳躍機関-mas,13.4,135,14,25.6667,R,7,hold,,0,1,,1,2,tap,3,1.25,5,,2
404-四次元跳躍機関-mas,13.4,135,15,27.4444,L,2,hold,,0,1,,1,6,hold,4,3.25,4,,2
404-四次元跳躍機関-mas,13.4,135,18,33.1111,R,7,tap,,0,1,,1,5,tap,2,0.5,4,hold:6>None,2
404-四次元跳躍機関-mas,13.4,135,19,34.8889,L,2,tap,,0,1,,1,4,tap,2,0.5,5,hold:3>None,2
404-四次元跳躍機関-mas,13.4,135,21,37.7778,L,3,tap,,0,2,R2(tap),2,4,tap,1,0.75,4,,2
404-四次元跳躍機関-mas,13.4,135,22,39.5556,R,6,tap,,0,1,L7(tap),2,5,tap,1,0.75,8,,2
404-四次元跳躍機関-mas,13.4,135,23,41.3333,L,2,tap,,0,1,R3(tap),2,1,tap,1,0.75,1,,2
404-四次元跳躍機関-mas,13.4,135,24,43.1111,R,7,tap,,0,1,L6(tap),2,8,tap,1,0.75,3,,2
404-四次元跳躍機関-mas,13.4,135,26,46.6667,R,6,tap,,0,1,L7(tap),2,4,tap,2,0.75,8,,2
404-四次元跳躍機関-mas,13.4,135,27,48.4444,L,3,tap,,0,1,R2(tap),2,5,tap,2,0.75,1,,3
404-四次元跳躍機関-mas,13.4,135,39,69.7778,L,2,tap,,0,1,,1,1,tap,1,1.0,4,slide:5>5,3
405-東方スイーツ！～鬼畜姉妹と受難メイド～-mas,13.2,179,0,0.6704,R,6,hold,,0,1,,1,2,hold,4,2.0,1,,1
405-東方スイーツ！～鬼畜姉妹と受難メイド～-mas,13.2,179,1,2.3464,L,3,hold,,0,1,,1,7,hold,4,2.0,8,,1
405-東方スイーツ！～鬼畜姉妹と受難メイド～-mas,13.2,179,3,4.0223,R,7,hold,,0,1,,1,3,hold,4,2.0,4,,1
405-東方スイーツ！～鬼畜姉妹と受難メイド～-mas,13.2,179,4,5.6983,L,2,hold,,0,1,,1,6,hold,4,2.0,5,,1
405-東方スイーツ！～鬼畜姉妹と受難メイド～-mas,13.2,179,9,13.0726,L,2,slide,7,0,1,R3(tap),2,5,tap,3,1.0,6,,1
405-東方スイーツ！～鬼畜姉妹と受難メイド～-mas,13.2,179,11,15.7542,R,7,slide,2,0,1,L6(tap),2,4,tap,3,1.0,3,,1
405-東方スイーツ！～鬼畜姉妹と受難メイド～-mas,13.2,179,22,29.8324,R,6,slide,3,0,1,,1,8,tap,2,2.0,1,,2
405-東方スイーツ！～鬼畜姉妹と受難メイド～-mas,13.2,179,24,32.514,L,3,slide,6,0,1,,1,1,tap,2,2.0,8,,2
405-東方スイーツ！～鬼畜姉妹と受難メイド～-mas,13.2,179,30,41.2291,R,6,slide,2,0,1,,1,5,slide,1,2.0,1,,2
405-東方スイーツ！～鬼畜姉妹と受難メイド～-mas,13.2,179,32,43.9106,L,3,slide,7,0,1,,1,4,slide,1,2.0,1,,3
405-東方スイーツ！～鬼畜姉妹と受難メイド～-mas,13.2,179,38,51.8715,L,3,hold,,0,1,,1,5,tap,2,1.25,5,,3
405-東方スイーツ！～鬼畜姉妹と受難メイド～-mas,13.2,179,39,53.2123,R,6,hold,,0,1,,1,4,tap,2,1.25,1,,3
405-東方スイーツ！～鬼畜姉妹と受難メイド～-mas,13.2,179,40,53.8827,L,2,hold,,0,1,,1,7,tap,3,1.25,8,,3
405-東方スイーツ！～鬼畜姉妹と受難メイド～-mas,13.2,179,40,54.5531,R,7,hold,,0,1,,1,3,tap,4,1.25,4,,3
405-東方スイーツ！～鬼畜姉妹と受難メイド～-mas,13.2,179,42,57.486,R,6,tap,,0,1,,1,2,hold,4,1.5,8,,3
405-東方スイーツ！～鬼畜姉妹と受難メイド～-mas,13.2,179,43,58.8268,L,3,tap,,0,1,,1,7,hold,4,1.5,1,,3
405-東方スイーツ！～鬼畜姉妹と受難メイド～-mas,13.2,179,55,74.9162,L,2,tap,,0,1,,1,7,star,3,0.75,7,slide:2>7,4
405-東方スイーツ！～鬼畜姉妹と受難メイド～-mas,13.2,179,57,77.5978,R,7,tap,,0,1,,1,2,star,3,0.75,2,slide:7>2,4
405-東方スイーツ！～鬼畜姉妹と受難メイド～-mas,13.2,179,59,80.2793,R,6,tap,,0,1,,1,3,star,3,0.75,3,slide:6>3,4
407-響縁-mas,13,180,1,2.25,R,6,hold,,0,1,,1,4,slide,2,3.75,2,,1
407-響縁-mas,13,180,2,2.9167,L,3,hold,,0,1,,1,5,tap,2,1.25,5,,1
407-響縁-mas,13,180,3,4.9167,L,3,hold,,0,1,,1,8,tap,3,1.75,7,,1
407-響縁-mas,13,180,4,5.5833,R,6,hold,,0,1,,1,4,tap,2,1.25,4,,1
407-響縁-mas,13,180,5,7.3333,R,7,hold,,0,1,,1,1,tap,2,1.0,5,,1
407-響縁-mas,13,180,6,8.0,L,2,hold,,0,1,,1,6,hold,4,1.25,4,,1
407-響縁-mas,13,180,15,20.0,R,7,star,,0,1,L4(slide),2,4,star,3,1.0,2,slide:1>4,1
407-響縁-mas,13,180,15,20.6667,L,2,slide,5,0,1,R5(tap),2,7,slide,3,1.0,7,,1
407-響縁-mas,13,180,24,33.0,L,3,slide,4,0,1,R4(tap),2,7,tap,4,3.0,6,,2
407-響縁-mas,13,180,26,35.6667,R,6,slide,5,0,1,L5(tap),2,5,tap,1,1.0,3,,2
407-響縁-mas,13,180,28,38.3333,L,3,slide,4,0,1,R4(tap),2,4,tap,1,1.0,6,,2
407-響縁-mas,13,180,30,41.0,R,6,slide,4,0,1,L5(tap),2,5,tap,1,1.0,5,,2
407-響縁-mas,13,180,50,66.9167,L,2,hold,,0,1,,1,6,tap,4,1.25,1,,3
407-響縁-mas,13,180,54,73.3333,L,3,slide,6,0,1,R7(slide),2,7,slide,4,1.0,6,slide:7>2,4
407-響縁-mas,13,180,54,73.3333,R,7,slide,2,0,1,L3(slide),2,3,slide,4,1.0,2,slide:3>6,4
407-響縁-mas,13,180,55,74.3333,L,2,slide,7,0,1,R6(slide),2,6,slide,4,1.0,7,slide:6>3,4
407-響縁-mas,13,180,55,74.3333,R,6,slide,3,0,1,L2(slide),2,2,slide,4,1.0,2,slide:2>7,4
407-響縁-mas,13,180,75,101.0,L,2,slide,7,0,1,R1(slide),2,1,tap,1,0.5,8,slide:1>4,5
407-響縁-mas,13,180,83,111.6667,R,7,slide,2,0,1,L8(slide),2,8,tap,1,0.5,1,slide:8>5,5
41-Streak-mas,13.7,150,12,20.6,R,6,slide,3,0,1,,1,1,slide,3,0.5,4,,2
41-Streak-mas,13.7,150,13,20.8,L,2,hold,,0,1,,1,6,tap,4,1.25,8,slide:6>3,2
41-Streak-mas,13.7,150,14,23.2,R,7,star,,0,1,L2(slide),2,2,star,3,1.0,4,slide:5>2,2
41-Streak-mas,13.7,150,14,23.2,L,2,slide,7,0,1,R7(star),2,5,slide,3,1.0,7,,2
41-Streak-mas,13.7,150,20,33.4,L,3,slide,8,0,1,,1,6,slide,3,0.5,2,,3
41-Streak-mas,13.7,150,21,34.0,L,2,hold,,0,1,,1,3,slide,1,1.5,6,,3
41-Streak-mas,13.7,150,22,36.0,L,2,star,,0,1,R7(slide),2,7,star,3,1.0,5,slide:4>7,3
41-Streak-mas,13.7,150,22,36.0,R,7,slide,2,0,1,L2(star),2,4,slide,3,1.0,2,,3
41-Streak-mas,13.7,150,24,39.8,R,6,slide,3,0,1,,1,1,slide,3,0.5,5,,3
41-Streak-mas,13.7,150,25,41.4,L,3,slide,6,0,1,,1,8,slide,3,0.5,8,,3
41-Streak-mas,13.7,150,37,59.6,L,2,tap,,0,2,,1,4,tap,2,1.25,4,,4
41-Streak-mas,13.7,150,41,66.4,L,3,star,,0,1,R7(slide),2,7,star,4,1.0,8,slide:2>7,5
41-Streak-mas,13.7,150,41,66.4,R,7,slide,3,0,1,L3(star),2,2,slide,3,1.0,3,,5
41-Streak-mas,13.7,150,43,69.6,R,7,star,,0,1,L3(slide),2,3,star,4,1.0,3,slide:6>3,5
41-Streak-mas,13.7,150,43,69.6,L,3,slide,7,0,1,R7(star),2,6,slide,3,1.0,7,,5
41-Streak-mas,13.7,150,44,71.8,R,6,slide,3,0,1,,1,2,slide,4,0.5,6,,5
41-Streak-mas,13.7,150,45,72.4,R,6,hold,,0,1,,1,6,slide,0,1.5,3,,5
411-Still-mas,13.4,176,18,25.0568,R,6,hold,,0,1,L7(tap),2,8,slide,2,1.0,5,,1
411-Still-mas,13.4,176,22,30.5114,L,3,hold,,0,1,R2(tap),2,1,slide,2,1.0,4,,2
411-Still-mas,13.4,176,35,48.2386,R,7,star,,0,1,,1,4,hold,3,2.5,7,,2
411-Still-mas,13.4,176,35,48.5795,R,7,slide,2,0,1,L1(tap),2,7,star,0,1.0,3,,2
411-Still-mas,13.4,176,51,69.6307,L,3,hold,,0,1,,1,6,hold,3,3.75,1,,3
411-Still-mas,13.4,176,62,85.7386,R,6,hold,,0,1,L5(tap),2,3,tap,3,0.5,8,,4
411-Still-mas,13.4,176,79,107.8977,L,2,star,,0,1,,1,6,slide,4,2.0,2,,4
411-Still-mas,13.4,176,79,108.2386,L,2,slide,5,0,1,R3(tap),2,2,star,0,1.0,7,,4
411-Still-mas,13.4,176,98,134.8295,L,3,slide,7,0,1,,1,7,slide,4,3.0,7,,5
413-TRUST-mas,13.1,190,5,7.3421,L,3,tap,,0,1,,1,1,tap,2,0.5,5,,1
413-TRUST-mas,13.1,190,32,40.4211,R,7,hold,,0,1,L5(tap),2,5,tap,2,1.0,3,,2
413-TRUST-mas,13.1,190,36,45.4737,L,2,hold,,0,1,R4(tap),2,8,tap,2,1.0,6,,2
413-TRUST-mas,13.1,190,41,51.7895,R,7,star,,0,1,,1,3,hold,4,4.0,7,,3
413-TRUST-mas,13.1,190,41,52.1053,R,7,slide,3,0,1,,1,7,star,0,1.0,2,,3
413-TRUST-mas,13.1,190,44,55.8947,R,6,slide,2,0,1,,1,2,slide,4,1.0,8,,3
413-TRUST-mas,13.1,190,46,58.4211,L,3,tap,,0,1,R2(star),2,1,tap,2,1.0,8,slide:2>5,3
413-TRUST-mas,13.1,190,47,59.3684,R,6,tap,,0,1,L7(star),2,8,tap,2,1.0,1,slide:7>4,3
413-TRUST-mas,13.1,190,48,60.9474,R,6,tap,,0,1,L7(star),2,8,tap,2,1.0,1,slide:7>4,3
413-TRUST-mas,13.1,190,52,66.0,L,3,slide,7,0,1,,1,7,slide,4,1.0,7,,3
413-TRUST-mas,13.1,190,54,68.5263,R,6,tap,,0,1,L7(star),2,8,tap,2,1.0,1,slide:7>4,3
413-TRUST-mas,13.1,190,55,69.4737,L,3,tap,,0,1,R2(star),2,1,tap,2,1.0,8,slide:2>5,3
413-TRUST-mas,13.1,190,56,71.0526,L,3,tap,,0,1,R2(star),2,1,tap,2,1.0,8,slide:2>5,3
413-TRUST-mas,13.1,190,63,80.5263,L,2,tap,,0,1,R7(slide),2,7,star,3,1.0,5,slide:4>7,4
413-TRUST-mas,13.1,190,63,80.5263,R,7,slide,2,0,1,L2(tap),2,4,slide,3,1.0,3,,4
413-TRUST-mas,13.1,190,66,83.6842,R,6,tap,,0,1,L7(star),2,8,tap,2,1.0,1,slide:7>4,4
413-TRUST-mas,13.1,190,67,84.6316,L,3,tap,,0,1,R2(star),2,1,tap,2,1.0,8,slide:2>5,4
413-TRUST-mas,13.1,190,68,86.2105,L,3,tap,,0,1,R2(star),2,1,tap,2,1.0,8,slide:2>5,4
413-TRUST-mas,13.1,190,72,91.2632,R,6,slide,2,0,1,,1,2,slide,4,1.0,2,,4
413-TRUST-mas,13.1,190,74,93.7895,L,3,tap,,0,1,R2(star),2,1,tap,2,1.0,8,slide:2>5,4
413-TRUST-mas,13.1,190,75,94.7368,R,6,tap,,0,1,L7(star),2,8,tap,2,1.0,1,slide:7>4,4
413-TRUST-mas,13.1,190,76,96.3158,R,6,tap,,0,1,L7(star),2,8,tap,2,1.0,1,slide:7>4,5
413-TRUST-mas,13.1,190,93,118.2632,R,7,slide,3,0,1,,1,2,slide,3,2.0,3,,5
419-エピクロスの虹はもう見えない-remas,13.2,155,1,2.129,R,7,tap,,0,1,,1,,,,,5,hold:6>None,1
419-エピクロスの虹はもう見えない-remas,13.2,155,1,2.9032,R,7,hold,,0,1,,1,5,hold,2,1.5,5,,1
419-エピクロスの虹はもう見えない-remas,13.2,155,3,5.2258,R,6,hold,,0,1,,1,4,slide,2,3.0,8,,1
419-エピクロスの虹はもう見えない-remas,13.2,155,4,6.1935,L,3,star,,0,1,,1,1,hold,2,1.0,6,slide:3>6,1
419-エピクロスの虹はもう見えない-remas,13.2,155,4,6.9677,L,3,star,,0,1,R6(slide),2,6,star,3,1.0,3,slide:3>6,1
419-エピクロスの虹はもう見えない-remas,13.2,155,4,6.9677,R,6,slide,2,0,1,L3(star),2,3,slide,3,1.0,3,slide:3>6,1
419-エピクロスの虹はもう見えない-remas,13.2,155,4,7.3548,L,3,slide,6,0,1,,1,3,star,0,1.0,2,slide:6>2,1
419-エピクロスの虹はもう見えない-remas,13.2,155,5,8.3226,L,2,tap,,0,1,,1,3,slide,1,2.5,4,hold:3>None,1
419-エピクロスの虹はもう見えない-remas,13.2,155,5,9.0968,L,2,hold,,0,1,,1,4,hold,2,1.5,6,,1
419-エピクロスの虹はもう見えない-remas,13.2,155,10,16.2581,L,2,slide,6,0,1,,1,8,hold,2,1.5,1,hold:3>None,1
419-エピクロスの虹はもう見えない-remas,13.2,155,17,27.4839,L,2,star,,0,1,,1,4,slide,2,2.0,2,,2
419-エピクロスの虹はもう見えない-remas,13.2,155,17,27.871,L,2,slide,6,0,1,,1,2,star,0,1.0,7,hold:1>None,2
419-エピクロスの虹はもう見えない-remas,13.2,155,19,30.1935,L,2,star,,0,1,R3(hold),2,1,slide,1,1.0,2,hold:3>None,2
419-エピクロスの虹はもう見えない-remas,13.2,155,19,30.5806,L,2,slide,6,0,1,,1,2,star,0,1.0,4,,2
419-エピクロスの虹はもう見えない-remas,13.2,155,21,34.0645,L,2,slide,6,0,1,,1,8,hold,2,1.5,4,hold:3>None,2
419-エピクロスの虹はもう見えない-remas,13.2,155,23,36.3871,R,6,star,,0,1,L7(hold),2,5,slide,1,1.0,6,hold:7>None,2
419-エピクロスの虹はもう見えない-remas,13.2,155,23,36.7742,R,6,slide,2,0,1,,1,6,star,0,1.0,8,,2
419-エピクロスの虹はもう見えない-remas,13.2,155,25,39.871,R,7,star,,0,1,,1,5,slide,2,2.0,7,,2
419-エピクロスの虹はもう見えない-remas,13.2,155,25,40.2581,R,7,slide,3,0,1,,1,7,star,0,1.0,2,hold:8>None,2
419-エピクロスの虹はもう見えない-remas,13.2,155,27,42.5806,R,7,star,,0,1,L6(hold),2,8,slide,1,1.0,7,hold:6>None,2
419-エピクロスの虹はもう見えない-remas,13.2,155,27,42.9677,R,7,slide,3,0,1,,1,7,star,0,1.0,5,,2
419-エピクロスの虹はもう見えない-remas,13.2,155,28,45.0968,R,7,slide,3,0,1,,1,5,hold,2,1.5,1,hold:8>None,2
419-エピクロスの虹はもう見えない-remas,13.2,155,29,46.4516,R,7,slide,3,0,1,,1,1,hold,2,1.5,5,hold:6>None,2
419-エピクロスの虹はもう見えない-remas,13.2,155,31,48.7742,L,3,star,,0,1,R2(hold),2,4,slide,1,1.0,3,hold:2>None,3
419-エピクロスの虹はもう見えない-remas,13.2,155,31,49.1613,L,3,slide,7,0,1,,1,3,star,0,1.0,1,,3
419-エピクロスの虹はもう見えない-remas,13.2,155,33,52.2581,L,3,tap,,0,1,R8(slide),2,8,star,3,1.0,4,slide:5>8,3
419-エピクロスの虹はもう見えない-remas,13.2,155,34,53.2258,R,7,hold,,0,1,,1,5,hold,2,1.0,2,,3
419-エピクロスの虹はもう見えない-remas,13.2,155,35,55.3548,R,7,slide,3,0,1,,1,2,slide,3,2.0,8,,3
419-エピクロスの虹はもう見えない-remas,13.2,155,37,58.4516,R,6,tap,,0,1,L1(slide),2,1,star,3,1.0,5,slide:4>1,3
419-エピクロスの虹はもう見えない-remas,13.2,155,38,59.4194,L,2,hold,,0,1,,1,4,hold,2,1.0,8,,3
419-エピクロスの虹はもう見えない-remas,13.2,155,43,67.5484,L,2,hold,,0,1,,1,4,hold,2,1.0,5,,3
419-エピクロスの虹はもう見えない-remas,13.2,155,44,68.5161,R,6,star,,0,1,L1(slide),2,1,slide,3,1.0,3,slide:1>6,4
419-エピクロスの虹はもう見えない-remas,13.2,155,44,69.2903,L,3,slide,7,0,1,R8(tap),2,6,slide,3,1.0,6,,4
419-エピクロスの虹はもう見えない-remas,13.2,155,47,73.5484,L,3,hold,,0,1,,1,6,tap,3,1.5,7,,4
419-エピクロスの虹はもう見えない-remas,13.2,155,51,79.9355,R,7,hold,,0,1,,1,5,hold,2,1.0,4,,4
419-エピクロスの虹はもう見えない-remas,13.2,155,52,80.9032,L,3,star,,0,1,R8(slide),2,8,slide,3,1.0,6,slide:8>3,4
419-エピクロスの虹はもう見えない-remas,13.2,155,52,81.6774,R,6,slide,2,0,1,L1(tap),2,3,slide,3,1.0,3,,4
419-エピクロスの虹はもう見えない-remas,13.2,155,55,85.9355,R,7,hold,,0,1,,1,3,tap,4,1.5,2,,4
419-エピクロスの虹はもう見えない-remas,13.2,155,57,88.6452,L,2,star,,0,1,,1,1,slide,1,4.0,2,,4
419-エピクロスの虹はもう見えない-remas,13.2,155,57,89.0323,L,2,slide,6,0,1,R3(hold),2,2,star,0,1.0,4,hold:3>None,4
419-エピクロスの虹はもう見えない-remas,13.2,155,58,90.5806,R,6,slide,2,0,1,L7(hold),2,5,hold,1,2.0,8,hold:7>None,4
419-エピクロスの虹はもう見えない-remas,13.2,155,61,95.2258,R,7,slide,3,0,1,L6(hold),2,8,hold,1,2.0,5,hold:6>None,5
419-エピクロスの虹はもう見えない-remas,13.2,155,62,96.7742,L,3,slide,7,0,1,R2(hold),2,4,hold,1,2.0,1,hold:2>None,5
419-エピクロスの虹はもう見えない-remas,13.2,155,65,100.6452,R,7,hold,,0,1,,1,3,tap,4,1.0,5,,5
419-エピクロスの虹はもう見えない-remas,13.2,155,66,102.9677,R,6,hold,,0,1,,1,3,hold,3,2.5,3,,5
419-エピクロスの虹はもう見えない-remas,13.2,155,67,104.129,L,2,hold,,0,1,,1,5,hold,3,2.0,6,,5
419-エピクロスの虹はもう見えない-remas,13.2,155,67,105.2903,R,6,slide,2,0,1,,1,1,hold,3,2.0,3,hold:5>None,5
419-エピクロスの虹はもう見えない-remas,13.2,155,68,106.0645,L,3,slide,7,0,1,,1,5,hold,2,2.5,1,hold:4>None,5
420-麒麟-mas,14.1,220,2,2.1818,L,3,hold,,0,1,,1,8,hold,3,8.0,7,hold:1>None,1
420-麒麟-mas,14.1,220,31,34.7045,L,2,tap,,0,1,,1,4,tap,2,0.5,8,,2
420-麒麟-mas,14.1,220,32,35.8636,L,3,star,,0,1,R8(slide),2,8,star,3,1.0,6,slide:5>8,2
420-麒麟-mas,14.1,220,33,36.4091,R,6,slide,4,0,1,L8(hold),2,3,slide,3,1.0,1,hold:8>None,2
420-麒麟-mas,14.1,220,34,38.0455,R,6,star,,0,1,L1(slide),2,1,star,3,1.0,3,slide:4>1,2
420-麒麟-mas,14.1,220,35,38.5909,L,3,slide,5,0,1,R1(hold),2,6,slide,3,1.0,5,hold:1>None,2
420-麒麟-mas,14.1,220,46,50.9318,L,2,tap,,0,1,,1,4,tap,2,0.5,7,,2
420-麒麟-mas,14.1,220,63,69.6136,R,7,tap,,0,1,,1,5,tap,2,0.5,1,,3
420-麒麟-mas,14.1,220,99,108.8864,R,7,tap,,0,1,,1,5,tap,2,0.5,1,,5
420-麒麟-mas,14.1,220,107,117.6136,L,3,tap,,0,1,,1,1,tap,2,0.5,5,,5
422-Hyper Active-mas,13.9,160,4,6.5625,R,6,hold,,0,1,,1,8,hold,2,1.5,4,,1
422-Hyper Active-mas,13.9,160,5,8.0625,L,3,star,,0,1,,1,1,hold,2,1.5,3,,1
422-Hyper Active-mas,13.9,160,5,8.4375,L,3,slide,6,0,1,,1,3,star,0,1.0,1,,1
422-Hyper Active-mas,13.9,160,11,17.625,L,3,wifi,7,0,1,LR3(wifi),1,5,tap,2,1.75,1,,1
422-Hyper Active-mas,13.9,160,35,53.0156,L,3,tap,,0,1,,1,4,tap,1,0.125,7,slide:2>7,2
422-Hyper Active-mas,13.9,160,36,55.2656,R,7,tap,,0,1,,1,8,tap,1,0.125,3,slide:6>3,3
422-Hyper Active-mas,13.9,160,52,78.5625,L,3,hold,,0,1,,1,1,hold,2,1.5,5,,3
422-Hyper Active-mas,13.9,160,53,80.0625,R,6,hold,,0,1,,1,8,hold,2,1.5,4,,3
422-Hyper Active-mas,13.9,160,56,84.75,L,3,tap,,0,3,R2(tap),2,1,tap,2,1.0,4,,4
422-Hyper Active-mas,13.9,160,57,86.25,R,7,tap,,0,3,L6(tap),2,5,tap,2,1.0,8,,4
422-Hyper Active-mas,13.9,160,77,116.7188,R,7,slide,3,0,1,,1,2,slide,3,0.75,8,,5
422-Hyper Active-mas,13.9,160,85,127.5938,R,7,tap,,0,1,,1,5,tap,2,0.5,1,,5
422-Hyper Active-mas,13.9,160,87,131.25,R,7,hold,,0,1,,1,3,hold,4,1.5,1,,5
422-Hyper Active-mas,13.9,160,88,132.4688,R,6,hold,,0,1,,1,1,hold,3,1.5,3,,5
422-Hyper Active-mas,13.9,160,89,134.25,R,6,hold,,0,1,,1,2,hold,4,1.5,,,5
423-チュルリラ・チュルリラ・ダッダッダ！-mas,13.3,220,13,14.7273,R,6,slide,4,0,1,,1,2,slide,4,1.0,1,,1
423-チュルリラ・チュルリラ・ダッダッダ！-mas,13.3,220,15,16.3636,L,3,hold,,0,1,R2(hold),2,5,tap,2,1.0,6,hold:2>None,1
423-チュルリラ・チュルリラ・ダッダッダ！-mas,13.3,220,15,16.9091,R,7,hold,,0,1,L6(hold),2,2,hold,3,2.0,2,hold:6>None,1
423-チュルリラ・チュルリラ・ダッダッダ！-mas,13.3,220,17,18.5455,R,6,tap,,0,1,L7(hold),2,1,slide,3,1.0,2,hold:7>None,1
423-チュルリラ・チュルリラ・ダッダッダ！-mas,13.3,220,17,19.0909,L,3,tap,,0,1,R2(hold),2,7,hold,4,2.0,7,hold:2>None,1
423-チュルリラ・チュルリラ・ダッダッダ！-mas,13.3,220,21,22.9091,L,2,hold,,0,1,R4(tap),2,8,tap,2,2.0,5,,1
423-チュルリラ・チュルリラ・ダッダッダ！-mas,13.3,220,25,27.2727,R,7,hold,,0,1,L5(tap),2,4,slide,3,2.0,5,,2
423-チュルリラ・チュルリラ・ダッダッダ！-mas,13.3,220,65,70.9091,R,7,hold,,0,2,L6(star),2,2,tap,3,2.0,3,slide:6>1,3
423-チュルリラ・チュルリラ・ダッダッダ！-mas,13.3,220,65,71.4545,L,2,hold,,0,1,R3(star),2,6,slide,4,1.0,1,slide:3>6,3
423-チュルリラ・チュルリラ・ダッダッダ！-mas,13.3,220,72,79.6364,L,2,hold,,0,1,R3(star),2,7,tap,3,2.0,6,slide:3>8,3
423-チュルリラ・チュルリラ・ダッダッダ！-mas,13.3,220,73,80.1818,R,7,hold,,0,1,L6(star),2,3,slide,4,1.0,8,slide:6>3,4
423-チュルリラ・チュルリラ・ダッダッダ！-mas,13.3,220,91,100.3636,R,7,star,,0,1,L1(star),2,2,slide,3,1.0,7,slide:1>5,4
423-チュルリラ・チュルリラ・ダッダッダ！-mas,13.3,220,91,100.6364,R,7,slide,3,0,1,L1(slide),2,7,star,0,1.0,2,slide:1>5,4
424-エンドマークに希望と涙を添えて-mas,14.3,257,15,14.7082,L,2,tap,,1,1,,1,6,tap,4,1.0,4,,1
424-エンドマークに希望と涙を添えて-mas,14.3,257,53,49.9611,L,2,star,,0,1,R6(slide),2,6,star,4,1.0,5,slide:1>6,2
424-エンドマークに希望と涙を添えて-mas,14.3,257,53,49.9611,R,6,slide,2,0,1,L2(star),2,1,slide,3,1.0,2,,2
424-エンドマークに希望と涙を添えて-mas,14.3,257,54,51.3619,L,2,slide,6,0,1,R6(star),2,6,slide,4,1.0,6,,2
424-エンドマークに希望と涙を添えて-mas,14.3,257,55,51.3619,R,6,star,,0,1,L2(slide),2,2,star,4,1.0,3,slide:6>2,2
424-エンドマークに希望と涙を添えて-mas,14.3,257,55,51.8288,L,3,slide,8,0,1,R8(star),2,6,slide,3,1.0,8,,2
424-エンドマークに希望と涙を添えて-mas,14.3,257,89,83.1907,L,3,tap,,0,1,,1,1,tap,2,2.333,7,,4
424-エンドマークに希望と涙を添えて-mas,14.3,257,89,83.4241,R,6,tap,,0,1,,1,4,tap,2,0.667,2,,4
424-エンドマークに希望と涙を添えて-mas,14.3,257,89,83.6576,L,3,tap,,0,1,,1,5,tap,2,0.667,7,,4
424-エンドマークに希望と涙を添えて-mas,14.3,257,90,84.358,R,7,tap,,0,1,,1,3,tap,4,0.667,1,,4
424-エンドマークに希望と涙を添えて-mas,14.3,257,90,84.5914,L,2,tap,,0,1,,1,6,tap,4,0.667,8,,4
424-エンドマークに希望と涙を添えて-mas,14.3,257,90,84.8249,R,7,tap,,0,1,,1,3,tap,4,0.667,4,,4
424-エンドマークに希望と涙を添えて-mas,14.3,257,91,85.0584,L,3,tap,,0,1,,1,6,tap,3,0.667,5,,4
424-エンドマークに希望と涙を添えて-mas,14.3,257,91,85.2918,R,6,tap,,0,1,,1,2,tap,4,0.667,4,,4
424-エンドマークに希望と涙を添えて-mas,14.3,257,91,85.5253,L,3,tap,,0,1,,1,7,tap,4,0.667,5,,4
424-エンドマークに希望と涙を添えて-mas,14.3,257,91,85.7588,R,6,tap,,0,1,,1,2,tap,4,0.667,3,,4
424-エンドマークに希望と涙を添えて-mas,14.3,257,92,85.9922,L,2,tap,,0,1,,1,7,tap,3,0.667,6,,4
424-エンドマークに希望と涙を添えて-mas,14.3,257,92,86.2257,R,7,tap,,0,1,,1,1,tap,2,0.667,3,,4
424-エンドマークに希望と涙を添えて-mas,14.3,257,92,86.4591,L,2,tap,,0,1,,1,8,tap,2,0.667,6,,4
424-エンドマークに希望と涙を添えて-mas,14.3,257,94,88.0156,R,7,tap,,0,1,,1,1,tap,2,0.667,5,,4
424-エンドマークに希望と涙を添えて-mas,14.3,257,94,88.4047,R,7,tap,,0,1,,1,4,tap,3,0.667,5,,4
424-エンドマークに希望と涙を添えて-mas,14.3,257,119,111.5953,R,7,star,,0,1,L3(slide),2,3,star,4,1.0,4,slide:8>3,5
424-エンドマークに希望と涙を添えて-mas,14.3,257,119,111.5953,L,3,slide,7,0,1,R7(star),2,8,slide,3,1.0,7,,5
424-エンドマークに希望と涙を添えて-mas,14.3,257,120,112.9961,L,3,star,,0,1,R7(slide),2,7,star,4,1.0,6,slide:3>7,5
424-エンドマークに希望と涙を添えて-mas,14.3,257,120,112.9961,R,7,slide,3,0,1,L3(star),2,3,slide,4,1.0,3,,5
424-エンドマークに希望と涙を添えて-mas,14.3,257,121,113.463,R,6,slide,1,0,1,L1(star),2,3,slide,3,1.0,1,,5
425-デスパレイト-mas,13.9,145,29,48.8276,R,7,slide,3,0,1,L8(slide),2,8,slide,1,1.0,2,slide:8>4,3
425-デスパレイト-mas,13.9,145,35,59.5862,R,7,tap,,0,1,,1,8,tap,1,0.167,5,slide:6>3,3
425-デスパレイト-mas,13.9,145,36,60.2069,R,7,tap,,0,1,L6(tap),2,3,tap,4,0.5,2,,3
425-デスパレイト-mas,13.9,145,36,61.0345,L,3,tap,,0,1,R2(tap),2,7,tap,4,0.5,6,,3
425-デスパレイト-mas,13.9,145,37,62.1379,L,3,tap,,0,1,,1,1,tap,2,0.333,5,,3
425-デスパレイト-mas,13.9,145,40,66.931,L,2,hold,,0,1,,1,8,hold,2,1.5,4,,3
425-デスパレイト-mas,13.9,145,44,73.931,R,7,tap,,0,1,,1,1,tap,2,0.417,1,,4
425-デスパレイト-mas,13.9,145,46,76.3448,L,2,star,,0,1,,1,4,tap,2,4.167,2,slide:5>4,4
425-デスパレイト-mas,13.9,145,46,76.7586,L,2,slide,7,0,1,,1,2,star,0,1.0,4,,4
425-デスパレイト-mas,13.9,145,48,79.6552,R,7,star,,0,1,,1,3,slide,4,5.0,7,slide:4>5,4
425-デスパレイト-mas,13.9,145,48,80.069,R,7,slide,2,0,1,,1,7,star,0,1.0,5,,4
425-デスパレイト-mas,13.9,145,52,87.7241,L,3,tap,,0,1,,1,8,hold,3,1.5,8,hold:1>None,4
425-デスパレイト-mas,13.9,145,53,88.1379,R,6,tap,,0,1,,1,1,hold,3,1.5,1,hold:8>None,4
425-デスパレイト-mas,13.9,145,53,88.5517,L,2,tap,,0,1,,1,8,hold,2,1.5,8,hold:1>None,4
425-デスパレイト-mas,13.9,145,53,88.9655,R,7,tap,,0,1,,1,1,hold,2,1.5,1,hold:8>None,4
425-デスパレイト-mas,13.9,145,56,93.7241,L,3,slide,7,0,1,R1(star),2,6,slide,3,1.0,6,slide:1>5,4
425-デスパレイト-mas,13.9,145,59,99.3103,L,2,slide,6,0,1,R1(slide),2,1,slide,1,1.0,7,slide:1>5,5
425-デスパレイト-mas,13.9,145,62,104.2759,L,2,tap,,0,1,,1,1,tap,1,0.167,4,slide:3>6,5
425-デスパレイト-mas,13.9,145,63,104.8966,L,3,tap,,0,1,R2(tap),2,6,tap,3,0.5,7,,5
425-デスパレイト-mas,13.9,145,63,105.7241,R,7,tap,,0,1,L6(tap),2,2,tap,3,0.5,3,,5
431-猫祭り-mas,13.4,160,9,13.5,R,6,tap,,0,1,,1,4,hold,2,3.0,5,hold:7>None,1
431-猫祭り-mas,13.4,160,10,15.75,L,3,tap,,0,1,,1,5,hold,2,2.0,4,hold:2>None,1
431-猫祭り-mas,13.4,160,13,19.5,L,3,tap,,0,1,,1,5,hold,2,3.0,4,hold:2>None,1
431-猫祭り-mas,13.4,160,19,28.875,L,3,star,,0,1,,1,4,tap,1,1.0,3,slide:3>6,2
431-猫祭り-mas,13.4,160,19,29.25,R,6,tap,,0,1,L3(slide),2,3,slide,3,4.0,5,slide:3>6,2
431-猫祭り-mas,13.4,160,19,29.25,L,3,slide,6,0,1,R6(tap),2,3,star,0,1.0,7,,2
431-猫祭り-mas,13.4,160,53,81.0,L,3,slide,7,0,1,,1,6,slide,3,2.0,7,,3
431-猫祭り-mas,13.4,160,61,91.875,R,6,star,,0,1,,1,5,tap,1,1.0,6,slide:6>3,4
431-猫祭り-mas,13.4,160,61,92.25,L,3,tap,,0,1,R6(slide),2,6,slide,3,4.0,4,slide:6>3,4
431-猫祭り-mas,13.4,160,61,92.25,R,6,slide,3,0,1,L3(tap),2,6,star,0,1.0,2,,4
432-Doll Judgment-mas,13.8,230,9,9.913,L,3,tap,,0,1,,1,6,tap,3,1.0,6,hold:8>None,1
432-Doll Judgment-mas,13.8,230,10,11.2174,R,6,tap,,0,1,,1,3,tap,3,1.0,1,,1
432-Doll Judgment-mas,13.8,230,18,19.2174,R,7,hold,,0,1,,1,1,tap,2,2.667,5,,1
432-Doll Judgment-mas,13.8,230,22,23.3913,R,7,hold,,0,1,,1,1,tap,2,2.667,4,,1
432-Doll Judgment-mas,13.8,230,57,59.913,L,2,tap,,0,1,,1,4,tap,2,0.667,4,,3
432-Doll Judgment-mas,13.8,230,59,61.7391,R,7,tap,,0,1,,1,5,tap,2,0.667,5,,3
432-Doll Judgment-mas,13.8,230,59,62.087,R,7,tap,,0,1,,1,5,tap,2,0.667,5,,3
432-Doll Judgment-mas,13.8,230,59,62.4348,R,7,tap,,0,1,,1,5,tap,2,0.667,8,,3
434-日本の米は世界一-mas,13.3,138,25,43.913,R,7,tap,,0,2,L6(tap),2,5,tap,2,0.5,8,,2
434-日本の米は世界一-mas,13.3,138,25,44.7826,L,2,tap,,0,2,R3(tap),2,1,tap,1,0.5,4,,2
434-日本の米は世界一-mas,13.3,138,33,57.7174,R,7,tap,,1,1,L6(tap),2,2,tap,3,0.75,3,,3
434-日本の米は世界一-mas,13.3,138,41,71.6304,L,2,tap,,1,1,R3(tap),2,7,tap,3,0.75,6,,4
434-日本の米は世界一-mas,13.3,138,46,81.7391,R,6,slide,1,0,1,L4(star),2,3,slide,3,1.0,5,slide:4>8,4
434-日本の米は世界一-mas,13.3,138,47,82.6087,L,3,star,,1,1,R5(slide),2,4,slide,1,1.0,7,slide:5>1,4
434-日本の米は世界一-mas,13.3,138,47,83.0435,L,3,slide,6,0,1,,1,7,tap,4,0.5,1,,4
434-日本の米は世界一-mas,13.3,138,50,87.1739,L,2,tap,,0,1,R3(tap),2,5,tap,3,0.5,5,,4
434-日本の米は世界一-mas,13.3,138,50,87.6087,R,7,tap,,0,1,L6(tap),2,4,tap,3,0.5,4,,4
434-日本の米は世界一-mas,13.3,138,51,89.1304,R,6,hold,,0,1,L5(tap),2,4,tap,2,0.5,4,,4
434-日本の米は世界一-mas,13.3,138,51,90.0,L,2,hold,,0,1,R3(tap),2,5,tap,3,0.5,5,,4
436-疾走あんさんぶる-mas,13.7,195,9,11.2308,R,6,tap,,0,2,,1,5,hold,1,2.5,6,,1
436-疾走あんさんぶる-mas,13.7,195,9,11.3846,R,6,hold,,0,2,,1,6,tap,0,0.5,3,,1
436-疾走あんさんぶる-mas,13.7,195,10,12.6154,L,2,hold,,0,1,,1,4,tap,2,1.5,8,,1
436-疾走あんさんぶる-mas,13.7,195,63,77.5385,L,2,tap,,0,1,,1,4,hold,2,2.0,4,,4
436-疾走あんさんぶる-mas,13.7,195,89,109.8462,R,7,slide,3,0,1,L6(slide),2,8,tap,1,2.0,8,slide:6>2,5
436-疾走あんさんぶる-mas,13.7,195,103,127.0769,L,2,wifi,6,0,1,LR2(wifi),1,1,tap,1,1.125,,,5
439-SPILL OVER COLORS-mas,13.3,142,12,20.7042,R,6,tap,,0,1,L4(slide),2,2,tap,4,1.0,5,slide:4>6,1
439-SPILL OVER COLORS-mas,13.3,142,12,21.5493,L,3,tap,,0,1,R5(slide),2,7,tap,4,1.0,4,slide:5>3,1
439-SPILL OVER COLORS-mas,13.3,142,13,22.3944,R,6,tap,,0,1,L4(slide),2,2,tap,4,1.0,5,slide:4>6,1
439-SPILL OVER COLORS-mas,13.3,142,13,23.2394,L,3,tap,,0,1,R5(slide),2,7,tap,4,1.0,4,slide:5>3,1
439-SPILL OVER COLORS-mas,13.3,142,16,27.4648,L,3,tap,,0,1,R8(slide),2,6,tap,3,1.0,1,slide:8>2,2
439-SPILL OVER COLORS-mas,13.3,142,16,28.3099,R,6,tap,,0,1,L1(slide),2,3,tap,3,1.0,8,slide:1>7,2
439-SPILL OVER COLORS-mas,13.3,142,17,29.1549,L,3,tap,,0,1,R8(slide),2,6,tap,3,1.0,1,slide:8>2,2
439-SPILL OVER COLORS-mas,13.3,142,17,30.0,R,6,tap,,0,1,L1(slide),2,3,tap,3,1.0,8,slide:1>7,2
439-SPILL OVER COLORS-mas,13.3,142,52,89.1549,R,7,star,,0,1,L2(slide),2,2,star,3,1.0,4,slide:5>2,4
439-SPILL OVER COLORS-mas,13.3,142,52,89.1549,L,2,slide,7,0,1,R7(star),2,5,slide,3,1.0,7,,4
439-SPILL OVER COLORS-mas,13.3,142,72,122.1127,R,7,slide,1,0,1,L6(slide),2,4,slide,3,2.0,2,slide:6>1,5
439-SPILL OVER COLORS-mas,13.3,142,72,122.9577,L,2,slide,8,0,1,R3(slide),2,6,slide,4,2.0,6,slide:3>8,5
439-SPILL OVER COLORS-mas,13.3,142,73,124.6479,L,2,star,,0,1,R7(slide),2,7,star,3,1.0,5,slide:4>7,5
439-SPILL OVER COLORS-mas,13.3,142,73,124.6479,R,7,slide,2,0,1,L2(star),2,4,slide,3,1.0,2,,5
44-DO RORO DERODERO ON DO RORO-mas,13.7,190,1,1.5789,R,6,hold,,0,1,,1,,,,,2,,1
44-DO RORO DERODERO ON DO RORO-mas,13.7,190,2,3.5789,L,3,tap,,0,1,,1,1,tap,2,0.667,6,,1
44-DO RORO DERODERO ON DO RORO-mas,13.7,190,4,5.6842,R,7,star,,0,1,,1,5,tap,2,1.0,7,hold:6>None,1
44-DO RORO DERODERO ON DO RORO-mas,13.7,190,4,6.0,R,7,slide,2,0,1,,1,7,star,0,1.0,2,,1
44-DO RORO DERODERO ON DO RORO-mas,13.7,190,6,7.8947,R,6,tap,,0,1,,1,3,tap,3,2.333,2,hold:5>None,1
44-DO RORO DERODERO ON DO RORO-mas,13.7,190,17,21.4737,L,3,hold,,0,1,,1,4,tap,1,1.333,7,,2
44-DO RORO DERODERO ON DO RORO-mas,13.7,190,21,27.1579,L,2,hold,,0,1,,1,4,hold,2,2.0,8,,2
44-DO RORO DERODERO ON DO RORO-mas,13.7,190,22,28.1053,R,7,hold,,0,1,,1,1,hold,2,2.0,5,,2
44-DO RORO DERODERO ON DO RORO-mas,13.7,190,25,32.2105,L,2,hold,,0,1,,1,8,hold,2,2.0,4,,2
44-DO RORO DERODERO ON DO RORO-mas,13.7,190,27,35.3684,R,6,tap,,0,1,,1,2,tap,4,1.0,5,,2
44-DO RORO DERODERO ON DO RORO-mas,13.7,190,31,39.4737,L,3,tap,,0,1,,1,7,tap,4,2.0,7,hold:2>None,2
44-DO RORO DERODERO ON DO RORO-mas,13.7,190,31,40.1053,R,6,tap,,0,1,,1,2,hold,4,3.0,5,hold:7>None,2
44-DO RORO DERODERO ON DO RORO-mas,13.7,190,33,42.0,R,7,tap,,0,1,,1,5,tap,2,2.0,8,hold:6>None,3
44-DO RORO DERODERO ON DO RORO-mas,13.7,190,37,47.0526,R,7,hold,,0,1,,1,1,slide,2,2.333,5,,3
44-DO RORO DERODERO ON DO RORO-mas,13.7,190,41,52.7368,R,7,tap,,0,1,,1,2,hold,3,2.0,7,,3
44-DO RORO DERODERO ON DO RORO-mas,13.7,190,42,53.0526,R,7,tap,,1,1,L6(tap),2,7,tap,0,1.0,2,,3
44-DO RORO DERODERO ON DO RORO-mas,13.7,190,47,60.0,R,7,hold,,0,1,,1,1,slide,2,1.0,8,,3
44-DO RORO DERODERO ON DO RORO-mas,13.7,190,48,61.2632,L,2,hold,,0,1,,1,1,tap,1,1.0,2,,4
44-DO RORO DERODERO ON DO RORO-mas,13.7,190,49,62.2105,L,2,slide,6,0,1,R3(tap),2,2,hold,0,3.0,8,,4
44-DO RORO DERODERO ON DO RORO-mas,13.7,190,50,63.4737,R,7,slide,3,0,1,L6(tap),2,2,hold,3,3.0,2,,4
44-DO RORO DERODERO ON DO RORO-mas,13.7,190,56,71.0526,R,7,tap,,0,1,,1,5,hold,2,2.0,8,hold:6>None,4
44-DO RORO DERODERO ON DO RORO-mas,13.7,190,63,80.2105,R,6,star,,0,1,,1,2,slide,4,1.0,6,,4
44-DO RORO DERODERO ON DO RORO-mas,13.7,190,63,80.5263,R,6,slide,3,0,1,L1(tap),2,6,star,0,1.0,2,,4
44-DO RORO DERODERO ON DO RORO-mas,13.7,190,64,81.4737,R,6,star,,0,1,,1,2,slide,4,1.0,6,,5
44-DO RORO DERODERO ON DO RORO-mas,13.7,190,64,81.7895,R,6,slide,3,0,1,L1(tap),2,6,star,0,1.0,2,,5
44-DO RORO DERODERO ON DO RORO-mas,13.7,190,75,95.3684,L,2,hold,,0,1,,1,7,tap,3,2.333,8,,5
44-DO RORO DERODERO ON DO RORO-mas,13.7,190,78,99.6316,R,7,tap,,0,1,,1,5,star,2,0.5,5,,5
440-Mare Maris-mas,13.9,150,3,5.6,R,6,tap,,0,1,,1,2,tap,4,1.0,2,,1
440-Mare Maris-mas,13.9,150,3,6.2,L,3,tap,,0,1,,1,7,tap,4,1.0,5,,1
440-Mare Maris-mas,13.9,150,4,7.4,R,7,slide,4,0,1,L7(hold),2,8,tap,1,0.75,3,hold:7>None,1
440-Mare Maris-mas,13.9,150,5,9.0,L,2,slide,5,0,1,R2(hold),2,1,tap,1,0.75,6,hold:2>None,1
440-Mare Maris-mas,13.9,150,11,19.0,L,3,slide,8,0,1,R1(tap),2,8,slide,3,1.5,7,,1
440-Mare Maris-mas,13.9,150,12,20.6,R,6,slide,1,0,1,L8(tap),2,1,slide,3,1.5,2,,1
440-Mare Maris-mas,13.9,150,13,22.2,L,3,slide,8,0,1,R1(tap),2,8,slide,3,1.5,7,,1
440-Mare Maris-mas,13.9,150,23,37.8,L,2,slide,5,0,1,R2(hold),2,1,tap,1,0.75,7,hold:2>None,2
440-Mare Maris-mas,13.9,150,27,44.2,R,7,slide,4,0,1,L7(hold),2,8,tap,1,0.75,2,hold:7>None,2
440-Mare Maris-mas,13.9,150,31,50.6,R,7,slide,4,0,1,L7(hold),2,8,tap,1,0.75,2,hold:7>None,2
440-Mare Maris-mas,13.9,150,32,51.6,R,7,hold,,0,1,,1,2,hold,3,1.5,5,,3
440-Mare Maris-mas,13.9,150,35,57.0,L,2,slide,5,0,1,R2(hold),2,1,tap,1,0.75,7,hold:2>None,3
440-Mare Maris-mas,13.9,150,36,58.0,L,2,hold,,0,1,,1,7,hold,3,1.5,4,,3
440-Mare Maris-mas,13.9,150,40,65.0,L,3,tap,,0,1,,1,5,hold,2,1.5,4,hold:2>None,3
440-Mare Maris-mas,13.9,150,42,67.8,R,7,tap,,0,1,,1,1,hold,2,1.5,8,hold:6>None,3
440-Mare Maris-mas,13.9,150,43,70.0,R,7,tap,,0,3,L6(tap),2,5,tap,2,1.0,8,,3
440-Mare Maris-mas,13.9,150,44,71.6,L,3,tap,,0,3,R2(tap),2,1,tap,2,1.0,4,,3
440-Mare Maris-mas,13.9,150,52,84.0,L,2,hold,,0,1,R3(hold),2,7,hold,3,0.5,6,hold:3>None,4
440-Mare Maris-mas,13.9,150,63,101.8,R,7,slide,4,0,1,L7(hold),2,8,tap,1,0.5,3,hold:7>None,4
440-Mare Maris-mas,13.9,150,64,103.6,R,6,tap,,0,1,,1,8,slide,2,1.0,7,hold:5>None,5
440-Mare Maris-mas,13.9,150,64,103.6667,R,7,tap,,0,1,,1,6,tap,1,0.167,8,hold:5>None,5
440-Mare Maris-mas,13.9,150,67,108.2,L,2,slide,5,0,1,R2(hold),2,1,tap,1,0.5,6,hold:2>None,5
440-Mare Maris-mas,13.9,150,68,110.0,L,3,tap,,0,1,,1,1,slide,2,1.0,2,hold:4>None,5
440-Mare Maris-mas,13.9,150,68,110.0667,L,2,tap,,0,1,,1,3,tap,1,0.167,1,hold:4>None,5
441-Justified-mas,14,185,12,16.3784,L,3,tap,,0,1,,1,6,hold,3,2.0,4,hold:2>None,1
441-Justified-mas,14,185,20,26.7568,R,6,tap,,0,1,,1,3,hold,3,2.0,5,hold:7>None,2
441-Justified-mas,14,185,29,38.1081,L,3,hold,,0,1,,1,5,tap,2,1.5,4,,2
441-Justified-mas,14,185,31,40.7027,R,6,hold,,0,1,,1,4,tap,2,1.5,5,,2
441-Justified-mas,14,185,36,47.5135,R,6,tap,,0,1,,1,1,hold,3,2.0,1,,2
441-Justified-mas,14,185,37,48.8108,L,2,tap,,0,1,,1,5,hold,3,2.0,5,,2
441-Justified-mas,14,185,41,54.1622,L,2,star,,0,1,R7(slide),2,7,star,3,1.0,5,slide:4>7,3
441-Justified-mas,14,185,41,54.1622,R,7,slide,2,0,1,L2(star),2,4,slide,3,1.0,2,,3
441-Justified-mas,14,185,45,59.1892,L,3,star,,0,1,,1,5,tap,2,1.0,3,hold:2>None,3
441-Justified-mas,14,185,45,59.5135,L,3,slide,5,0,1,,1,3,star,0,1.0,1,,3
441-Justified-mas,14,185,49,64.3784,R,6,star,,0,1,,1,5,tap,1,1.0,6,hold:7>None,3
441-Justified-mas,14,185,49,64.7027,R,6,slide,4,0,1,,1,6,star,0,1.0,5,,3
441-Justified-mas,14,185,53,68.7568,L,2,hold,,0,1,R8(slide),2,7,tap,3,1.5,3,slide:8>4,3
441-Justified-mas,14,185,53,69.5676,L,3,slide,8,0,1,R2(star),2,2,hold,1,2.5,6,slide:2>5,3
441-Justified-mas,14,185,55,71.3514,R,7,hold,,0,1,L1(slide),2,2,tap,3,1.5,6,slide:1>5,3
441-Justified-mas,14,185,55,72.1622,R,6,slide,1,0,1,L7(star),2,7,hold,1,2.5,3,slide:7>4,3
441-Justified-mas,14,185,63,82.5405,R,6,slide,2,0,1,L7(slide),2,4,tap,2,2.0,4,slide:7>3,4
441-Justified-mas,14,185,66,86.7568,L,3,star,,0,1,,1,7,slide,4,1.5,3,,4
441-Justified-mas,14,185,66,87.0811,L,3,slide,7,0,1,,1,3,star,0,1.0,1,,4
441-Justified-mas,14,185,71,92.9189,L,3,slide,7,0,1,R2(slide),2,5,tap,2,2.0,5,slide:2>6,4
441-Justified-mas,14,185,98,127.2973,R,6,tap,,0,1,L7(tap),2,3,tap,3,0.5,3,,5
441-Justified-mas,14,185,98,127.9459,L,3,tap,,0,1,R2(tap),2,6,tap,3,0.5,7,,5
442-バッド・ダンス・ホール-mas,13.4,152,1,2.6645,L,3,hold,,0,1,,1,4,hold,1,3.25,5,,1
442-バッド・ダンス・ホール-mas,13.4,152,2,3.9474,R,7,hold,,0,1,,1,4,hold,3,2.5,5,,1
442-バッド・ダンス・ホール-mas,13.4,152,3,5.8224,L,3,hold,,0,1,,1,6,tap,3,1.75,8,,1
442-バッド・ダンス・ホール-mas,13.4,152,26,42.2368,L,3,tap,,0,2,,1,7,hold,4,1.5,3,hold:1>None,2
442-バッド・ダンス・ホール-mas,13.4,152,26,42.4342,L,3,hold,,0,2,,1,3,tap,0,0.5,7,,2
442-バッド・ダンス・ホール-mas,13.4,152,35,56.25,R,6,slide,3,0,1,L8(tap),2,2,slide,4,0.75,2,,3
442-バッド・ダンス・ホール-mas,13.4,152,77,122.3684,L,2,slide,6,0,1,R3(star),2,1,slide,1,1.0,4,slide:3>7,5
442-バッド・ダンス・ホール-mas,13.4,152,78,123.9474,R,6,slide,2,0,1,L7(star),2,5,slide,1,1.0,8,slide:7>3,5
443-FEEL the BEATS-mas,13.6,166,0,0.5422,R,7,hold,,0,1,,1,,,,,1,,1
443-FEEL the BEATS-mas,13.6,166,1,1.988,L,2,hold,,0,1,,1,6,hold,4,2.5,8,,1
443-FEEL the BEATS-mas,13.6,166,2,3.4337,R,7,hold,,0,1,,1,3,hold,4,2.5,2,,1
443-FEEL the BEATS-mas,13.6,166,24,35.241,L,3,tap,,0,1,R2(tap),2,6,tap,3,0.5,6,,2
443-FEEL the BEATS-mas,13.6,166,24,35.6024,R,7,tap,,0,1,L6(tap),2,2,tap,3,1.0,2,,2
443-FEEL the BEATS-mas,13.6,166,26,37.5904,L,2,tap,,0,1,,1,4,hold,2,1.0,4,,2
443-FEEL the BEATS-mas,13.6,166,26,38.6747,R,7,tap,,0,1,,1,5,hold,2,1.0,8,,2
443-FEEL the BEATS-mas,13.6,166,27,39.2169,L,3,tap,,0,1,R2(tap),2,5,tap,2,1.0,4,,2
443-FEEL the BEATS-mas,13.6,166,33,49.1566,L,3,slide,7,0,1,,1,7,slide,4,0.5,6,,2
443-FEEL the BEATS-mas,13.6,166,41,60.7229,R,7,slide,3,0,1,,1,3,slide,4,0.5,2,,3
443-FEEL the BEATS-mas,13.6,166,57,83.1325,L,2,hold,,0,1,,1,7,slide,3,1.5,4,,4
443-FEEL the BEATS-mas,13.6,166,58,84.2169,R,7,hold,,0,1,,1,5,hold,2,1.5,5,,4
443-FEEL the BEATS-mas,13.6,166,68,99.759,R,6,slide,2,0,1,,1,2,slide,4,0.5,1,,4
443-FEEL the BEATS-mas,13.6,166,69,101.3855,L,2,slide,6,0,1,,1,7,tap,3,1.5,6,slide:1>5,4
443-FEEL the BEATS-mas,13.6,166,74,108.4337,R,7,slide,3,0,1,,1,3,slide,4,0.5,1,,5
443-FEEL the BEATS-mas,13.6,166,76,111.3253,R,7,slide,3,0,1,,1,3,slide,4,0.5,4,,5
443-FEEL the BEATS-mas,13.6,166,77,112.9518,L,3,slide,7,0,1,,1,6,tap,3,1.5,7,slide:4>8,5
443-FEEL the BEATS-remas,13.9,166,18,26.2048,L,3,tap,,0,1,,1,5,hold,2,1.5,4,hold:2>None,2
443-FEEL the BEATS-remas,13.9,166,22,31.988,R,6,tap,,0,1,,1,4,hold,2,1.5,5,hold:7>None,2
443-FEEL the BEATS-remas,13.9,166,23,33.9759,L,2,slide,7,0,1,,1,5,slide,3,0.5,4,,2
443-FEEL the BEATS-remas,13.9,166,24,35.4217,R,7,slide,2,0,1,,1,4,slide,3,0.5,1,,2
443-FEEL the BEATS-remas,13.9,166,25,37.0482,L,3,hold,,0,1,,1,8,hold,3,2.5,6,,2
443-FEEL the BEATS-remas,13.9,166,25,37.4096,R,7,hold,,0,1,,1,2,hold,3,2.0,7,,2
443-FEEL the BEATS-remas,13.9,166,26,38.1325,R,7,tap,,1,1,,1,7,hold,0,2.0,5,hold:6>None,2
443-FEEL the BEATS-remas,13.9,166,30,43.9157,R,7,slide,2,0,1,,1,5,hold,2,3.0,2,,2
443-FEEL the BEATS-remas,13.9,166,38,54.9398,R,7,tap,,0,1,,1,5,tap,2,0.5,8,hold:6>None,3
443-FEEL the BEATS-remas,13.9,166,46,66.5061,L,2,tap,,0,1,,1,4,tap,2,0.5,1,hold:3>None,3
443-FEEL the BEATS-remas,13.9,166,57,83.3134,R,6,hold,,0,1,,1,1,hold,3,2.5,3,,4
443-FEEL the BEATS-remas,13.9,166,57,83.6748,L,2,hold,,0,1,,1,7,hold,3,2.0,2,,4
443-FEEL the BEATS-remas,13.9,166,58,84.3977,L,2,tap,,1,1,,1,2,hold,0,2.0,4,hold:3>None,4
443-FEEL the BEATS-remas,13.9,166,62,90.1808,L,2,slide,7,0,1,,1,4,hold,2,3.0,7,,4
443-FEEL the BEATS-remas,13.9,166,71,102.6507,L,2,tap,,0,1,,1,4,tap,2,0.5,1,hold:3>None,4
443-FEEL the BEATS-remas,13.9,166,79,114.2171,R,7,tap,,0,1,,1,5,tap,2,0.5,8,hold:6>None,5
443-FEEL the BEATS-remas,13.9,166,82,118.5996,R,6,tap,,0,1,,1,5,tap,1,0.125,7,hold:8>None,5
443-FEEL the BEATS-remas,13.9,166,82,118.6449,R,7,tap,,0,1,,1,6,tap,1,0.125,1,hold:8>None,5
443-FEEL the BEATS-remas,13.9,166,82,118.9611,R,6,tap,,0,1,,1,5,tap,1,0.125,7,hold:8>None,5
443-FEEL the BEATS-remas,13.9,166,82,119.0063,R,7,tap,,0,1,,1,6,tap,1,0.125,1,hold:8>None,5
443-FEEL the BEATS-remas,13.9,166,82,119.3225,R,6,tap,,0,1,,1,5,tap,1,0.125,7,hold:8>None,5
443-FEEL the BEATS-remas,13.9,166,82,119.3678,R,7,tap,,0,1,,1,6,tap,1,0.125,1,hold:8>None,5
443-FEEL the BEATS-remas,13.9,166,82,119.684,R,6,tap,,0,1,,1,5,tap,1,0.125,7,hold:8>None,5
443-FEEL the BEATS-remas,13.9,166,82,119.7292,R,7,tap,,0,1,,1,6,tap,1,0.125,1,hold:8>None,5
445-アウターサイエンス-mas,13.3,195,14,18.1538,L,3,slide,6,0,1,,1,1,tap,2,2.5,6,,1
445-アウターサイエンス-mas,13.3,195,18,23.0769,R,6,slide,3,0,1,,1,8,tap,2,2.5,2,,1
445-アウターサイエンス-mas,13.3,195,36,44.3077,R,6,hold,,0,1,L4(star),2,1,slide,3,4.0,5,slide:4>5,2
445-アウターサイエンス-mas,13.3,195,61,75.6923,L,3,tap,,0,1,R2(tap),2,6,slide,3,1.5,4,,3
445-アウターサイエンス-mas,13.3,195,61,76.0,L,3,tap,,0,1,R2(tap),2,4,tap,1,0.5,1,,3
445-アウターサイエンス-mas,13.3,195,63,78.1538,R,7,wifi,3,0,1,LR7(wifi),1,3,slide,4,1.5,1,,4
445-アウターサイエンス-mas,13.3,195,65,80.6154,R,6,tap,,0,1,L7(tap),2,3,slide,3,1.5,5,,4
445-アウターサイエンス-mas,13.3,195,65,80.9231,R,6,tap,,0,1,L7(tap),2,5,tap,1,0.5,5,,4
445-アウターサイエンス-mas,13.3,195,68,83.6923,L,3,hold,,0,1,R5(slide),2,4,tap,1,2.0,4,slide:5>4,4
445-アウターサイエンス-mas,13.3,195,95,117.8462,L,3,slide,7,0,1,,1,7,slide,4,1.0,7,,5
445-アウターサイエンス-mas,13.3,195,99,122.7692,R,6,slide,2,0,1,,1,2,slide,4,1.0,2,,5
449-AMAZING MIGHTYYYY!!!!-remas,14.5,185,25,32.6757,L,2,tap,,0,1,,1,4,tap,2,0.5,4,,2
449-AMAZING MIGHTYYYY!!!!-remas,14.5,185,29,37.8649,R,7,tap,,0,1,,1,5,tap,2,0.5,5,,2
449-AMAZING MIGHTYYYY!!!!-remas,14.5,185,29,38.5946,R,6,slide,2,0,1,,1,5,tap,1,1.75,2,,2
449-AMAZING MIGHTYYYY!!!!-remas,14.5,185,51,66.6486,R,7,star,,0,1,L3(slide),2,3,star,4,1.0,3,slide:7>3,3
449-AMAZING MIGHTYYYY!!!!-remas,14.5,185,51,66.6486,L,3,slide,7,0,1,R7(star),2,7,slide,4,1.0,7,,3
449-AMAZING MIGHTYYYY!!!!-remas,14.5,185,55,71.8378,L,2,tap,,0,1,R6(slide),2,6,star,4,1.0,8,slide:2>6,3
449-AMAZING MIGHTYYYY!!!!-remas,14.5,185,55,71.8378,R,6,slide,2,0,1,L2(tap),2,2,slide,4,1.0,1,,3
449-AMAZING MIGHTYYYY!!!!-remas,14.5,185,86,111.8108,R,6,tap,,0,1,,1,4,tap,2,0.75,3,hold:7>None,5
450-ダンスロボットダンス-mas,13.3,190,4,6.0,R,6,tap,,0,1,,1,5,tap,1,1.0,2,hold:7>None,1
450-ダンスロボットダンス-mas,13.3,190,5,7.2632,L,3,tap,,0,1,,1,4,tap,1,1.0,8,hold:2>None,1
450-ダンスロボットダンス-mas,13.3,190,6,8.2105,R,6,tap,,0,1,,1,5,tap,1,1.0,7,hold:8>None,1
450-ダンスロボットダンス-mas,13.3,190,6,8.5263,R,7,tap,,0,1,,1,6,tap,1,1.0,3,hold:8>None,1
450-ダンスロボットダンス-mas,13.3,190,36,46.1053,R,6,tap,,0,1,L7(tap),2,4,slide,2,2.0,4,,2
450-ダンスロボットダンス-mas,13.3,190,52,66.0,L,3,slide,6,0,1,,1,6,slide,3,5.0,7,,3
450-ダンスロボットダンス-mas,13.3,190,53,67.2632,R,6,slide,3,0,1,,1,2,slide,4,2.0,2,,3
450-ダンスロボットダンス-mas,13.3,190,54,68.8421,R,6,star,,0,1,L2(slide),2,2,star,4,1.0,2,slide:6>2,3
450-ダンスロボットダンス-mas,13.3,190,54,68.8421,L,2,slide,6,0,1,R6(star),2,6,slide,4,1.0,6,,3
450-ダンスロボットダンス-mas,13.3,190,55,69.4737,R,6,tap,,0,1,,1,2,tap,4,1.0,5,slide:6>2,3
450-ダンスロボットダンス-mas,13.3,190,58,73.5789,R,6,slide,2,0,1,L7(slide),2,5,tap,1,2.0,2,slide:7>1,3
450-ダンスロボットダンス-mas,13.3,190,58,73.8947,L,3,star,,0,1,R2(star),2,7,slide,4,1.0,3,slide:2>8,3
450-ダンスロボットダンス-mas,13.3,190,58,74.2105,L,3,slide,7,0,1,R2(slide),2,3,star,0,1.0,6,slide:2>8,3
450-ダンスロボットダンス-mas,13.3,190,59,74.8421,R,7,slide,2,0,1,L6(slide),2,2,slide,3,2.0,1,slide:6>3,3
450-ダンスロボットダンス-mas,13.3,190,90,114.3158,R,6,star,,0,1,L2(slide),2,2,star,4,1.0,2,slide:6>2,4
450-ダンスロボットダンス-mas,13.3,190,90,114.3158,L,2,slide,6,0,1,R6(star),2,6,slide,4,1.0,6,,4
450-ダンスロボットダンス-mas,13.3,190,91,114.9474,R,6,tap,,0,1,,1,2,tap,4,1.0,4,slide:6>2,5
450-ダンスロボットダンス-mas,13.3,190,94,119.0526,L,3,slide,7,0,1,R2(slide),2,8,slide,3,2.0,7,slide:2>8,5
450-ダンスロボットダンス-mas,13.3,190,94,119.3684,R,6,star,,0,1,L7(star),2,2,slide,4,1.0,6,slide:7>1,5
450-ダンスロボットダンス-mas,13.3,190,94,119.6842,R,6,slide,2,0,1,L7(slide),2,6,star,0,1.0,2,slide:7>1,5
450-ダンスロボットダンス-mas,13.3,190,95,120.3158,L,2,slide,7,0,1,R3(slide),2,7,slide,3,2.0,5,slide:3>6,5
450-ダンスロボットダンス-mas,13.3,190,106,135.1579,L,2,slide,7,0,1,R3(star),2,4,slide,2,1.0,7,slide:3>6,5
451-World Vanquisher-mas,14.3,170,5,7.6765,R,6,hold,,0,1,,1,5,tap,1,1.25,2,,1
451-World Vanquisher-mas,14.3,170,5,8.3824,L,3,hold,,0,1,,1,5,tap,2,1.25,6,,1
451-World Vanquisher-mas,14.3,170,24,34.2353,L,3,hold,,0,1,R5(star),2,6,slide,3,1.0,7,slide:5>1,2
451-World Vanquisher-mas,14.3,170,25,36.1765,L,2,hold,,0,1,,1,6,hold,4,1.5,7,slide:4>8,2
451-World Vanquisher-mas,14.3,170,37,52.5882,L,2,hold,,0,1,,1,6,hold,4,4.0,3,,2
451-World Vanquisher-mas,14.3,170,38,54.0,L,3,star,,1,1,,1,2,hold,1,4.0,3,hold:4>None,2
451-World Vanquisher-mas,14.3,170,38,54.3529,L,3,slide,7,0,1,,1,3,star,0,1.0,7,hold:4>None,2
451-World Vanquisher-mas,14.3,170,40,57.5294,R,6,hold,,0,1,,1,1,tap,3,2.0,2,,3
451-World Vanquisher-mas,14.3,170,42,59.6471,L,3,star,,1,1,,1,4,hold,1,4.0,3,hold:2>None,3
451-World Vanquisher-mas,14.3,170,42,60.0,L,3,slide,7,0,1,,1,3,star,0,1.0,7,hold:2>None,3
451-World Vanquisher-mas,14.3,170,78,110.1176,L,3,tap,,0,1,,1,4,slide,1,1.5,4,hold:2>None,4
451-World Vanquisher-mas,14.3,170,82,116.6471,L,2,hold,,0,1,,1,6,hold,4,1.5,7,slide:4>8,5
451-World Vanquisher-mas,14.3,170,83,118.0588,R,7,hold,,0,1,,1,3,hold,4,1.5,2,slide:5>1,5
451-World Vanquisher-mas,14.3,170,90,128.0294,L,2,tap,,0,1,,1,7,tap,3,0.5,1,,5
451-World Vanquisher-mas,14.3,170,91,128.5588,L,2,tap,,0,1,,1,7,tap,3,0.5,4,,5
451-World Vanquisher-mas,14.3,170,92,130.8529,R,7,tap,,0,1,,1,2,tap,3,0.5,8,,5
451-World Vanquisher-mas,14.3,170,93,131.3824,R,7,tap,,0,1,,1,2,tap,3,0.5,5,,5
451-World Vanquisher-mas,14.3,170,94,132.8824,L,2,tap,,0,1,,1,5,tap,3,0.5,8,,5
454-FestivaLight-mas,13.4,125,16,32.48,R,7,tap,,0,2,,1,5,hold,2,1.667,7,hold:6>None,2
454-FestivaLight-mas,13.4,125,17,32.64,R,7,hold,,0,2,,1,7,tap,0,0.333,2,,2
454-FestivaLight-mas,13.4,125,19,37.92,R,6,slide,3,0,1,,1,1,tap,3,1.0,3,,2
454-FestivaLight-mas,13.4,125,21,42.72,R,6,slide,4,0,1,L7(star),2,1,tap,3,2.0,8,slide:7>3,2
454-FestivaLight-mas,13.4,125,22,44.64,L,2,slide,6,0,1,R3(star),2,1,slide,1,1.0,8,slide:3>5,2
454-FestivaLight-mas,13.4,125,32,61.76,L,2,hold,,0,1,R3(hold),2,7,tap,3,0.667,1,hold:3>None,3
454-FestivaLight-mas,13.4,125,33,63.68,R,7,hold,,0,1,L6(hold),2,2,tap,3,0.667,8,hold:6>None,3
454-FestivaLight-mas,13.4,125,51,99.36,L,2,tap,,0,2,,1,7,slide,3,2.0,1,,5
458-妄想感傷代償連盟-remas,13.2,110,24,54.0,L,3,slide,6,0,1,R1(tap),2,6,slide,3,2.0,6,,2
458-妄想感傷代償連盟-remas,13.2,110,40,89.0,L,3,tap,,0,1,,1,8,tap,3,0.417,7,,4
458-妄想感傷代償連盟-remas,13.2,110,40,89.2727,R,6,tap,,0,1,,1,4,tap,2,0.333,3,,4
458-妄想感傷代償連盟-remas,13.2,110,50,109.3636,L,2,tap,,0,1,R3(tap),2,4,tap,2,0.5,8,,4
458-妄想感傷代償連盟-remas,13.2,110,50,109.9091,R,6,tap,,0,1,L7(tap),2,1,star,3,0.5,1,slide:8>5,4
458-妄想感傷代償連盟-remas,13.2,110,54,118.0909,R,7,tap,,0,1,L6(tap),2,5,tap,2,0.5,1,,5
458-妄想感傷代償連盟-remas,13.2,110,54,118.6364,L,3,tap,,0,1,R2(tap),2,8,star,3,0.5,8,slide:1>4,5
458-妄想感傷代償連盟-remas,13.2,110,55,122.1818,R,7,star,,0,1,L3(slide),2,3,slide,4,1.0,3,slide:3>7,5
458-妄想感傷代償連盟-remas,13.2,110,55,122.1818,L,3,slide,7,0,1,R7(star),2,6,slide,3,3.0,7,,5
458-妄想感傷代償連盟-remas,13.2,110,56,123.2727,R,7,tap,,0,1,L3(slide),2,3,star,4,1.0,3,slide:7>3,5
458-妄想感傷代償連盟-remas,13.2,110,56,123.2727,L,3,slide,7,0,1,R7(tap),2,7,slide,4,1.0,6,,5
458-妄想感傷代償連盟-remas,13.2,110,59,130.9091,L,2,star,,0,1,R6(slide),2,6,slide,4,1.0,6,slide:6>2,5
458-妄想感傷代償連盟-remas,13.2,110,59,130.9091,R,6,slide,2,0,1,L2(star),2,3,slide,3,3.0,2,,5
458-妄想感傷代償連盟-remas,13.2,110,60,132.0,L,2,tap,,0,1,R6(slide),2,6,star,4,1.0,6,slide:2>6,5
458-妄想感傷代償連盟-remas,13.2,110,60,132.0,R,6,slide,2,0,1,L2(tap),2,2,slide,4,1.0,3,,5
46-We Gonna Party-mas,13.7,159,9,14.2453,R,6,tap,,0,1,,1,2,tap,4,1.0,8,,1
46-We Gonna Party-mas,13.7,159,16,25.566,L,2,tap,,0,1,,1,4,tap,2,0.5,7,,2
46-We Gonna Party-mas,13.7,159,24,36.2264,R,6,star,,0,1,,1,8,slide,2,3.0,6,,3
46-We Gonna Party-mas,13.7,159,24,36.6038,R,6,slide,3,0,1,,1,6,star,0,1.0,3,,3
46-We Gonna Party-mas,13.7,159,29,44.434,L,2,tap,,0,1,,1,6,tap,4,1.0,4,,3
46-We Gonna Party-mas,13.7,159,36,55.7547,R,7,tap,,0,1,,1,5,tap,2,0.5,2,,4
46-We Gonna Party-mas,13.7,159,48,73.0189,R,6,slide,3,0,1,,1,2,slide,4,0.5,8,,5
46-We Gonna Party-mas,13.7,159,49,74.5283,L,2,tap,,0,1,,1,8,tap,2,0.5,4,,5
463-進め！イッスン軍団 -Rebellion of the Dwarfs--mas,13.7,172,27,39.0698,R,6,slide,3,0,1,L1(star),2,3,slide,3,1.0,4,slide:1>6,2
463-進め！イッスン軍団 -Rebellion of the Dwarfs--mas,13.7,172,35,50.2326,L,3,slide,6,0,1,R8(star),2,6,slide,3,1.0,5,slide:8>3,3
463-進め！イッスン軍団 -Rebellion of the Dwarfs--mas,13.7,172,48,67.3256,R,6,slide,3,0,1,L1(star),2,3,slide,3,1.0,3,slide:1>6,3
463-進め！イッスン軍団 -Rebellion of the Dwarfs--mas,13.7,172,51,71.5116,L,3,slide,6,0,1,R2(slide),2,1,hold,2,1.5,8,slide:2>7,4
463-進め！イッスン軍団 -Rebellion of the Dwarfs--mas,13.7,172,53,74.6512,L,3,slide,4,0,1,,1,8,slide,3,1.0,7,,4
463-進め！イッスン軍団 -Rebellion of the Dwarfs--mas,13.7,172,59,82.6744,R,6,slide,3,0,1,L7(slide),2,8,hold,2,1.5,1,slide:7>2,4
463-進め！イッスン軍団 -Rebellion of the Dwarfs--mas,13.7,172,61,85.814,R,6,slide,3,0,1,,1,1,slide,3,1.0,2,,4
463-進め！イッスン軍団 -Rebellion of the Dwarfs--mas,13.7,172,70,98.3721,R,7,tap,,0,1,,1,2,hold,3,3.5,1,hold:5>None,5
463-進め！イッスン軍団 -Rebellion of the Dwarfs--mas,13.7,172,71,99.7674,L,3,tap,,0,1,,1,5,hold,2,2.0,5,hold:1>None,5
463-進め！イッスン軍団 -Rebellion of the Dwarfs--mas,13.7,172,72,101.1628,L,3,tap,,0,1,,1,5,hold,2,3.5,4,hold:8>None,5
464-Brain Power-mas,13.4,170-173(170),0,0.7059,L,3,slide,4,0,1,R5(tap),2,6,tap,3,1.0,8,,1
464-Brain Power-mas,13.4,170-173(170),4,6.3529,R,6,slide,5,0,1,L4(tap),2,3,tap,3,1.0,4,,1
464-Brain Power-mas,13.4,170-173(170),8,12.0,L,2,tap,,0,1,R8(slide),2,1,tap,1,1.0,2,slide:8>1,1
464-Brain Power-mas,13.4,170-173(170),8,12.3529,L,2,tap,,0,2,,1,2,tap,0,1.0,2,slide:8>1,1
464-Brain Power-mas,13.4,170-173(170),9,12.7059,L,2,tap,,0,2,,1,2,tap,0,1.0,1,slide:8>1,1
464-Brain Power-mas,13.4,170-173(170),47,67.3994,L,2,slide,3,0,1,R3(star),2,8,slide,2,1.0,3,,4
464-Brain Power-mas,13.4,170-173(170),47,67.7503,L,3,slide,8,0,1,R8(star),2,2,slide,1,1.0,8,,4
464-Brain Power-mas,13.4,170-173(170),52,73.3277,R,7,hold,,0,1,,1,5,hold,2,1.0,1,,4
464-Brain Power-mas,13.4,170-173(170),53,75.4087,R,6,hold,,0,1,,1,8,tap,2,0.75,4,,4
464-Brain Power-mas,13.4,170-173(170),53,75.9289,L,3,hold,,0,1,,1,5,hold,2,1.0,1,,4
464-Brain Power-mas,13.4,170-173(170),56,78.8769,R,7,hold,,0,1,,1,5,hold,2,1.0,1,,4
464-Brain Power-mas,13.4,170-173(170),58,82.3451,R,7,slide,2,0,1,L6(slide),2,1,tap,2,1.75,2,slide:6>3,4
464-Brain Power-mas,13.4,170-173(170),58,83.0387,L,2,slide,7,0,1,R3(slide),2,6,slide,4,2.0,7,slide:3>6,4
464-Brain Power-mas,13.4,170-173(170),60,85.1196,L,2,slide,7,0,1,R3(slide),2,8,hold,2,2.0,6,slide:3>6,5
464-Brain Power-mas,13.4,170-173(170),60,85.8133,R,7,slide,2,0,1,L6(slide),2,3,slide,4,2.0,2,slide:6>3,5
464-Brain Power-mas,13.4,170-173(170),61,86.5069,L,3,hold,,0,1,,1,1,tap,2,0.75,5,,5
464-Brain Power-mas,13.4,170-173(170),61,87.0272,R,6,hold,,0,1,,1,4,hold,2,1.0,8,,5
464-Brain Power-mas,13.4,170-173(170),62,87.8942,R,7,slide,2,0,1,L6(slide),2,8,tap,1,1.5,2,slide:6>3,5
464-Brain Power-mas,13.4,170-173(170),62,88.5879,L,2,slide,7,0,1,R3(slide),2,6,slide,4,2.0,7,slide:3>6,5
464-Brain Power-mas,13.4,170-173(170),64,90.6688,L,2,slide,7,0,1,R3(slide),2,8,hold,2,2.0,6,slide:3>6,5
464-Brain Power-mas,13.4,170-173(170),64,91.3624,R,7,slide,2,0,1,L6(slide),2,3,slide,4,2.0,2,slide:6>3,5
466-Lividi-mas,14.1,191,2,3.6126,L,2,tap,,0,2,,1,6,hold,4,1.0,1,,1
466-Lividi-mas,14.1,191,6,8.3246,L,3,hold,,0,1,,1,6,tap,3,1.0,7,,1
466-Lividi-mas,14.1,191,12,16.178,L,2,tap,,0,1,,1,4,tap,2,0.5,8,,1
466-Lividi-mas,14.1,191,16,20.9686,R,6,tap,,0,1,,1,8,tap,2,1.25,8,,1
466-Lividi-mas,14.1,191,20,26.2304,L,2,tap,,0,1,,1,4,tap,2,0.5,8,,2
466-Lividi-mas,14.1,191,67,84.8953,L,2,tap,,0,1,,1,4,tap,2,0.5,7,,4
466-Lividi-mas,14.1,191,69,87.4084,R,7,tap,,0,1,,1,5,tap,2,0.5,3,,4
466-Lividi-mas,14.1,191,70,88.6649,L,3,tap,,0,1,,1,1,tap,2,0.5,7,,4
466-Lividi-mas,14.1,191,82,103.6649,L,3,star,,0,1,,1,7,hold,4,1.0,3,,5
466-Lividi-mas,14.1,191,82,103.9791,R,7,tap,,0,1,L3(slide),2,1,hold,2,1.5,8,slide:3>6,5
466-Lividi-mas,14.1,191,82,103.9791,L,3,slide,6,0,1,R7(tap),2,3,star,0,1.0,6,,5
466-Lividi-mas,14.1,191,86,108.2199,L,2,tap,,0,1,,1,1,tap,1,0.167,2,slide:3>6,5
466-Lividi-mas,14.1,191,86,108.534,L,2,hold,,0,1,,1,2,tap,0,1.0,6,,5
467-天火明命-mas,14,155,0,0.3871,L,2,tap,,0,1,R3(tap),2,5,tap,3,1.0,8,,1
467-天火明命-mas,14,155,7,11.2258,L,2,tap,,0,1,R3(tap),2,8,tap,2,1.0,5,,1
467-天火明命-mas,14,155,7,12.0,R,7,tap,,0,1,L6(tap),2,4,tap,3,1.0,8,,1
467-天火明命-mas,14,155,21,33.3871,R,7,tap,,0,1,,1,3,tap,4,0.5,5,,2
467-天火明命-mas,14,155,58,90.9677,R,7,slide,3,0,1,,1,3,slide,4,1.0,4,,4
467-天火明命-mas,14,155,61,95.2258,L,2,hold,,0,1,,1,1,tap,1,2.0,4,,4
467-天火明命-mas,14,155,63,97.9355,R,6,slide,3,0,1,,1,5,hold,1,2.0,5,,4
467-天火明命-mas,14,155,78,121.1613,L,3,tap,,0,1,R1(hold),2,1,tap,2,0.5,4,hold:1>None,5
467-天火明命-mas,14,155,80,124.2581,R,6,tap,,0,1,L8(hold),2,8,tap,2,0.5,5,hold:8>None,5
467-天火明命-mas,14,155,82,128.3226,L,3,star,,0,1,R7(slide),2,5,star,2,0.5,8,slide:1>7,5
467-天火明命-mas,14,155,82,128.3226,R,7,slide,5,0,1,L3(star),2,1,slide,2,0.5,5,,5
467-天火明命-mas,14,155,83,129.871,L,2,tap,,0,1,R3(tap),2,5,tap,3,0.5,8,,5
467-天火明命-mas,14,155,84,130.6452,R,6,tap,,0,1,L7(tap),2,5,star,1,0.5,5,slide:4>1,5
468-ねぇ、壊れタ人形ハ何処へ棄テらレるノ？-mas,14.5,188,0,0.0,R,6,tap,,0,1,L5(hold),2,,,,,4,hold:5>None,1
468-ねぇ、壊れタ人形ハ何処へ棄テらレるノ？-mas,14.5,188,1,1.5957,R,6,tap,,0,1,,1,5,tap,1,1.0,7,,1
468-ねぇ、壊れタ人形ハ何処へ棄テらレるノ？-mas,14.5,188,1,1.9149,R,7,tap,,0,1,L5(hold),2,6,tap,1,1.0,4,hold:5>None,1
468-ねぇ、壊れタ人形ハ何処へ棄テらレるノ？-mas,14.5,188,2,3.5106,R,7,tap,,0,1,,1,5,tap,2,1.0,8,,1
468-ねぇ、壊れタ人形ハ何処へ棄テらレるノ？-mas,14.5,188,3,4.4681,L,3,tap,,0,1,,1,1,tap,2,1.0,3,,1
468-ねぇ、壊れタ人形ハ何処へ棄テらレるノ？-mas,14.5,188,3,4.7872,L,3,tap,,0,1,R1(hold),2,3,tap,0,1.0,8,hold:1>None,1
468-ねぇ、壊れタ人形ハ何処へ棄テらレるノ？-mas,14.5,188,9,12.1277,L,2,slide,6,0,1,R8(slide),2,8,slide,2,1.0,6,slide:8>4,1
468-ねぇ、壊れタ人形ハ何処へ棄テらレるノ？-mas,14.5,188,26,33.8298,R,7,tap,,0,1,,1,3,tap,4,1.0,8,,2
468-ねぇ、壊れタ人形ハ何処へ棄テらレるノ？-mas,14.5,188,37,48.0851,L,2,tap,,0,1,,1,1,tap,1,0.333,3,hold:5>None,2
468-ねぇ、壊れタ人形ハ何処へ棄テらレるノ？-mas,14.5,188,37,48.1915,L,3,tap,,0,1,,1,2,tap,1,0.333,5,,2
468-ねぇ、壊れタ人形ハ何処へ棄テらレるノ？-mas,14.5,188,39,50.0,R,7,tap,,0,1,,1,8,tap,1,0.333,6,hold:4>None,2
468-ねぇ、壊れタ人形ハ何処へ棄テらレるノ？-mas,14.5,188,39,50.1064,R,6,tap,,0,1,,1,7,tap,1,0.333,4,,2
468-ねぇ、壊れタ人形ハ何処へ棄テらレるノ？-mas,14.5,188,40,52.0213,L,3,tap,,0,1,,1,4,tap,1,0.333,8,,2
468-ねぇ、壊れタ人形ハ何処へ棄テらレるノ？-mas,14.5,188,41,52.9787,R,6,tap,,0,1,,1,5,tap,1,0.333,1,,2
468-ねぇ、壊れタ人形ハ何処へ棄テらレるノ？-mas,14.5,188,42,53.9362,L,3,tap,,0,1,,1,4,tap,1,0.333,1,,2
468-ねぇ、壊れタ人形ハ何処へ棄テらレるノ？-mas,14.5,188,45,57.766,L,2,slide,5,0,1,R5(tap),2,6,slide,4,1.0,7,,3
468-ねぇ、壊れタ人形ハ何処へ棄テらレるノ？-mas,14.5,188,45,58.7234,R,7,slide,4,0,1,L4(tap),2,3,slide,4,1.0,3,,3
468-ねぇ、壊れタ人形ハ何処へ棄テらレるノ？-mas,14.5,188,49,63.5106,L,3,hold,,0,1,,1,1,hold,2,1.0,1,,3
468-ねぇ、壊れタ人形ハ何処へ棄テらレるノ？-mas,14.5,188,50,64.4681,R,6,hold,,0,1,,1,8,hold,2,1.0,1,,3
468-ねぇ、壊れタ人形ハ何処へ棄テらレるノ？-mas,14.5,188,51,65.1064,L,3,hold,,0,1,,1,7,hold,4,1.0,7,,3
468-ねぇ、壊れタ人形ハ何処へ棄テらレるノ？-mas,14.5,188,51,66.0638,R,6,hold,,0,1,,1,2,hold,4,1.0,2,,3
468-ねぇ、壊れタ人形ハ何処へ棄テらレるノ？-mas,14.5,188,76,98.1383,L,2,tap,,0,1,,1,5,tap,3,0.5,5,,4
468-ねぇ、壊れタ人形ハ何処へ棄テらレるノ？-mas,14.5,188,77,98.4574,L,2,tap,,0,1,,1,5,tap,3,0.5,5,,4
468-ねぇ、壊れタ人形ハ何処へ棄テらレるノ？-mas,14.5,188,77,98.7766,L,2,tap,,0,1,,1,5,tap,3,0.5,5,,4
468-ねぇ、壊れタ人形ハ何処へ棄テらレるノ？-mas,14.5,188,77,99.0957,L,2,tap,,0,1,,1,5,tap,3,0.5,7,,4
468-ねぇ、壊れタ人形ハ何処へ棄テらレるノ？-mas,14.5,188,78,99.5745,R,7,tap,,0,1,,1,4,tap,3,0.5,4,,4
468-ねぇ、壊れタ人形ハ何処へ棄テらレるノ？-mas,14.5,188,78,99.8936,R,7,tap,,0,1,,1,4,tap,3,0.5,4,,4
468-ねぇ、壊れタ人形ハ何処へ棄テらレるノ？-mas,14.5,188,78,100.2128,R,7,tap,,0,1,,1,4,tap,3,0.5,4,,4
468-ねぇ、壊れタ人形ハ何処へ棄テらレるノ？-mas,14.5,188,81,103.484,L,3,tap,,0,1,,1,4,tap,1,0.5,5,,4
468-ねぇ、壊れタ人形ハ何処へ棄テらレるノ？-mas,14.5,188,81,104.2021,R,6,tap,,0,1,,1,4,tap,2,0.5,8,,4
468-ねぇ、壊れタ人形ハ何処へ棄テらレるノ？-mas,14.5,188,83,106.0372,R,6,tap,,0,1,,1,5,tap,1,0.5,4,,4
468-ねぇ、壊れタ人形ハ何処へ棄テらレるノ？-mas,14.5,188,83,106.7553,L,3,tap,,0,1,,1,5,tap,2,0.5,1,,4
468-ねぇ、壊れタ人形ハ何処へ棄テらレるノ？-mas,14.5,188,89,114.3351,R,7,tap,,0,1,,1,3,tap,4,0.5,5,,5
469-keep hopping-mas,13.9,155,13,20.9032,L,3,tap,,0,1,R2(tap),2,1,tap,2,1.0,4,,1
469-keep hopping-mas,13.9,155,14,22.4516,R,6,tap,,0,1,L7(tap),2,8,tap,2,1.0,5,,1
469-keep hopping-mas,13.9,155,37,58.8387,L,2,tap,,0,1,,1,8,hold,2,1.5,4,,3
47-Acceleration-mas,13.4,180,0,0.0,L,2,hold,,0,1,,1,,,,,5,,1
47-Acceleration-mas,13.4,180,25,33.6667,R,7,tap,,0,1,L6(tap),2,1,tap,2,0.5,2,,3
47-Acceleration-mas,13.4,180,30,40.0,L,2,tap,,0,1,R3(tap),2,6,tap,4,1.0,1,,3
47-Acceleration-mas,13.4,180,32,42.8333,R,7,tap,,0,1,L6(tap),2,1,tap,2,0.5,4,,3
47-Acceleration-mas,13.4,180,32,43.1667,L,2,tap,,0,1,R3(tap),2,5,tap,3,0.5,6,,3
47-Acceleration-mas,13.4,180,43,57.6667,R,7,tap,,0,1,L6(tap),2,1,tap,2,0.5,2,,4
47-Acceleration-mas,13.4,180,48,64.0,L,2,tap,,0,1,R3(tap),2,6,tap,4,1.0,1,,5
47-Acceleration-mas,13.4,180,50,66.8333,R,7,tap,,0,1,L6(tap),2,1,tap,2,0.5,4,,5
47-Acceleration-mas,13.4,180,50,67.1667,L,2,tap,,0,1,R3(tap),2,5,tap,3,0.5,6,,5
47-Acceleration-mas,13.4,180,57,76.6667,R,7,tap,,0,2,L6(tap),2,5,tap,2,0.5,8,,5
47-Acceleration-mas,13.4,180,58,77.5,R,7,tap,,0,1,L6(tap),2,1,tap,2,0.5,4,,5
47-Acceleration-mas,13.4,180,58,77.8333,L,2,tap,,0,1,R3(tap),2,5,tap,3,0.5,4,,5
47-Acceleration-mas,13.4,180,59,79.5,L,2,tap,,0,1,R3(tap),2,4,tap,2,1.0,8,,5
470-インビジブル-remas,13.7,192,18,23.125,L,2,star,,0,1,R6(slide),2,6,star,4,1.0,7,slide:3>6,1
470-インビジブル-remas,13.7,192,18,23.125,R,6,slide,2,0,1,L2(star),2,3,slide,3,1.0,2,,1
470-インビジブル-remas,13.7,192,18,23.75,R,7,slide,3,0,1,L3(star),2,2,slide,3,1.0,3,,1
470-インビジブル-remas,13.7,192,19,23.75,L,3,star,,0,1,R7(slide),2,7,star,4,1.0,6,slide:2>7,1
470-インビジブル-remas,13.7,192,19,24.375,R,6,slide,1,0,1,,1,3,slide,3,1.0,5,,1
470-インビジブル-remas,13.7,192,21,26.25,R,6,tap,,0,2,,1,2,tap,4,1.0,6,hold:7>None,2
470-インビジブル-remas,13.7,192,21,26.4062,R,6,tap,,0,2,,1,6,tap,0,0.5,4,hold:7>None,2
470-インビジブル-remas,13.7,192,25,31.25,L,3,tap,,0,2,,1,7,tap,4,1.0,3,hold:2>None,2
470-インビジブル-remas,13.7,192,25,31.4062,L,3,tap,,0,2,,1,3,tap,0,0.5,6,hold:2>None,2
470-インビジブル-remas,13.7,192,93,117.3438,R,7,slide,2,0,1,L4(tap),2,4,slide,3,1.0,3,,5
470-インビジブル-remas,13.7,192,95,119.8438,L,2,slide,7,0,1,R5(tap),2,5,slide,3,1.0,6,,5
470-インビジブル-remas,13.7,192,96,120.625,L,2,hold,,0,1,R3(star),2,6,tap,4,1.0,6,slide:3>8,5
470-インビジブル-remas,13.7,192,97,121.25,R,7,hold,,0,1,L6(star),2,3,slide,4,1.0,4,slide:6>1,5
470-インビジブル-remas,13.7,192,102,128.125,R,6,tap,,0,1,,1,5,tap,1,0.167,,hold:7>None,5
471-初音ミクの激唱-mas,14.5,200,6,7.2,R,7,hold,,0,1,,1,3,hold,4,8.0,3,,1
471-初音ミクの激唱-mas,14.5,200,8,9.6,R,6,hold,,0,1,,1,3,tap,3,5.0,2,,1
471-初音ミクの激唱-mas,14.5,200,34,41.9,L,3,tap,,0,1,,1,1,hold,2,1.667,4,,2
471-初音ミクの激唱-mas,14.5,200,35,42.9,R,6,hold,,0,1,,1,2,hold,4,4.0,2,,2
471-初音ミクの激唱-mas,14.5,200,37,45.15,R,6,hold,,0,1,,1,8,hold,2,1.0,4,,2
471-初音ミクの激唱-mas,14.5,200,63,76.5,L,2,tap,,0,1,,1,8,tap,2,0.667,6,,3
471-初音ミクの激唱-mas,14.5,200,65,78.9,R,7,tap,,0,1,,1,1,tap,2,0.667,5,,3
473-CITRUS MONSTER-mas,14.5,220,35,39.0,R,7,slide,3,0,1,L5(tap),2,3,slide,4,0.5,4,,2
473-CITRUS MONSTER-mas,14.5,220,41,45.2727,R,7,slide,3,0,1,L4(star),2,3,slide,4,0.5,3,slide:4>8,2
473-CITRUS MONSTER-mas,14.5,220,45,49.6364,L,2,slide,6,0,1,R5(star),2,6,slide,4,0.5,7,slide:5>1,3
473-CITRUS MONSTER-mas,14.5,220,60,65.7273,L,3,tap,,0,1,R5(hold),2,6,tap,3,1.0,6,hold:5>None,3
473-CITRUS MONSTER-mas,14.5,220,61,66.8182,R,6,tap,,0,1,L4(hold),2,4,tap,2,0.5,3,hold:4>None,3
473-CITRUS MONSTER-mas,14.5,220,62,67.9091,L,3,tap,,0,1,R5(hold),2,5,tap,2,0.5,6,hold:5>None,3
473-CITRUS MONSTER-mas,14.5,220,66,73.0909,L,3,slide,8,0,1,R8(star),2,8,slide,3,1.0,8,,4
473-CITRUS MONSTER-mas,14.5,220,70,77.4545,R,7,slide,4,0,1,L4(star),2,4,slide,3,1.0,4,,4
473-CITRUS MONSTER-mas,14.5,220,105,115.0909,R,7,slide,3,0,1,L5(star),2,3,slide,4,0.5,4,slide:5>1,5
473-CITRUS MONSTER-mas,14.5,220,107,116.8636,R,7,tap,,0,1,,1,4,tap,3,1.0,8,hold:5>None,5
475-STAIRWAY TO GENERATION-mas,13.7,150,4,7.0,L,3,tap,,0,1,,1,1,hold,2,1.5,6,,1
475-STAIRWAY TO GENERATION-mas,13.7,150,4,7.2,R,7,hold,,0,1,,1,2,hold,3,1.25,5,,1
475-STAIRWAY TO GENERATION-mas,13.7,150,5,8.0,L,2,hold,,0,1,,1,6,hold,4,1.25,4,,1
475-STAIRWAY TO GENERATION-mas,13.7,150,6,9.9,R,7,hold,,0,1,,1,2,tap,3,1.25,2,,1
475-STAIRWAY TO GENERATION-mas,13.7,150,6,10.7,L,3,hold,,0,1,,1,6,tap,3,1.25,7,,1
475-STAIRWAY TO GENERATION-mas,13.7,150,7,11.5,R,6,hold,,0,1,,1,4,tap,2,1.25,1,,1
475-STAIRWAY TO GENERATION-mas,13.7,150,20,32.2,L,2,tap,,0,1,,1,4,hold,2,1.5,6,,2
475-STAIRWAY TO GENERATION-mas,13.7,150,26,42.0,R,6,tap,,0,1,,1,8,tap,2,0.5,4,slide:7>3,2
475-STAIRWAY TO GENERATION-mas,13.7,150,26,42.8,R,6,tap,,0,1,,1,8,tap,2,0.5,4,slide:7>3,2
475-STAIRWAY TO GENERATION-mas,13.7,150,31,49.8,L,2,tap,,0,1,,1,8,tap,2,1.0,4,hold:3>None,3
475-STAIRWAY TO GENERATION-mas,13.7,150,31,51.0,R,6,tap,,0,1,,1,3,hold,3,1.5,3,hold:4>None,3
475-STAIRWAY TO GENERATION-mas,13.7,150,32,52.6,L,2,tap,,0,1,,1,7,hold,3,1.5,3,hold:1>None,3
475-STAIRWAY TO GENERATION-mas,13.7,150,33,52.8,L,3,hold,,0,1,,1,2,tap,1,0.5,6,,3
475-STAIRWAY TO GENERATION-mas,13.7,150,48,77.1,L,2,hold,,0,1,,1,8,tap,2,0.875,7,,4
475-STAIRWAY TO GENERATION-mas,13.7,150,56,90.2,R,6,hold,,0,1,,1,4,tap,2,0.5,8,,4
475-STAIRWAY TO GENERATION-mas,13.7,150,56,90.8,L,3,tap,,0,1,,1,1,tap,2,0.5,5,hold:6>None,4
475-STAIRWAY TO GENERATION-mas,13.7,150,57,92.6,L,3,hold,,0,1,,1,1,tap,2,0.5,5,,4
475-STAIRWAY TO GENERATION-mas,13.7,150,58,92.8,R,6,tap,,0,1,,1,4,hold,2,2.5,8,hold:3>None,4
475-STAIRWAY TO GENERATION-mas,13.7,150,59,94.6,R,6,tap,,0,1,,1,4,tap,2,0.5,8,hold:1>None,4
475-STAIRWAY TO GENERATION-mas,13.7,150,60,96.6,R,6,tap,,0,1,,1,8,hold,2,1.5,2,,5
475-STAIRWAY TO GENERATION-mas,13.7,150,64,103.0,R,7,hold,,0,1,,1,5,hold,2,1.5,1,,5
475-STAIRWAY TO GENERATION-mas,13.7,150,65,104.6,L,2,hold,,0,1,,1,4,hold,2,1.5,8,,5
475-STAIRWAY TO GENERATION-mas,13.7,150,66,106.6,L,2,tap,,0,1,,1,7,hold,3,1.75,8,,5
475-STAIRWAY TO GENERATION-mas,13.7,150,67,108.2,R,7,tap,,0,1,,1,2,hold,3,1.75,1,,5
477-Ragnarok-mas,14.1,184,0,0.0,L,3,hold,,0,1,R5(star),2,,,,,5,slide:5>4,1
477-Ragnarok-mas,14.1,184,9,11.7391,R,6,hold,,0,1,,1,4,hold,2,3.0,2,,1
477-Ragnarok-mas,14.1,184,9,12.7174,L,3,hold,,0,1,,1,5,tap,2,1.5,7,,1
477-Ragnarok-mas,14.1,184,24,32.4457,L,3,slide,7,0,1,R7(slide),2,6,slide,3,0.5,1,slide:2>7,2
477-Ragnarok-mas,14.1,184,24,32.4457,R,7,slide,3,0,1,L3(slide),2,2,slide,3,0.5,5,slide:6>3,2
477-Ragnarok-mas,14.1,184,29,38.7228,L,3,hold,,0,1,,1,7,hold,4,1.5,6,,2
477-Ragnarok-mas,14.1,184,35,46.5489,R,6,hold,,0,1,,1,2,hold,4,1.5,1,,3
477-Ragnarok-mas,14.1,184,41,53.8043,R,7,tap,,0,1,L6(tap),2,1,tap,2,0.5,7,,3
477-Ragnarok-mas,14.1,184,41,53.8859,R,7,tap,,0,1,L6(tap),2,7,tap,0,0.25,2,,3
477-Ragnarok-mas,14.1,184,41,54.0489,L,3,tap,,0,1,R2(tap),2,6,tap,3,0.5,3,,3
477-Ragnarok-mas,14.1,184,41,54.1304,L,3,tap,,0,1,R2(tap),2,3,tap,0,0.25,8,,3
477-Ragnarok-mas,14.1,184,51,66.5217,R,7,hold,,0,1,L6(tap),2,2,slide,3,1.0,5,,3
477-Ragnarok-mas,14.1,184,52,68.4783,L,2,hold,,0,1,R3(tap),2,4,tap,2,0.25,4,,3
477-Ragnarok-mas,14.1,184,54,71.5761,L,2,hold,,0,1,R3(hold),2,6,hold,4,0.75,7,hold:3>None,4
477-Ragnarok-mas,14.1,184,55,71.8207,R,6,hold,,0,1,L7(hold),2,3,hold,3,0.75,1,hold:7>None,4
477-Ragnarok-mas,14.1,184,66,86.25,R,7,tap,,0,1,,1,8,tap,1,0.167,2,slide:6>3,4
477-Ragnarok-mas,14.1,184,69,90.163,L,2,tap,,0,1,,1,1,tap,1,0.167,7,slide:3>6,4
477-Ragnarok-mas,14.1,184,77,100.5163,R,7,hold,,0,1,,1,1,tap,2,1.0,3,,5
477-Ragnarok-mas,14.1,184,82,107.2826,L,2,hold,,0,1,R3(tap),2,5,tap,3,0.5,6,,5
477-Ragnarok-mas,14.1,184,82,107.7717,R,7,hold,,0,1,L6(tap),2,1,tap,2,0.75,5,,5
478-Xevel-mas,14.3,176-185 (176),23,30.8845,L,3,tap,,0,2,,1,6,tap,3,2.167,3,hold:1>None,2
478-Xevel-mas,14.3,176-185 (176),24,31.5332,L,3,hold,,0,2,,1,3,tap,0,2.0,7,,2
478-Xevel-mas,14.3,176-185 (176),73,95.7494,R,7,slide,3,0,1,L6(star),2,8,slide,1,1.0,5,slide:6>2,4
478-Xevel-mas,14.3,176-185 (176),74,97.0467,L,3,slide,7,0,1,R2(star),2,4,slide,1,1.0,1,slide:2>6,4
478-Xevel-mas,14.3,176-185 (176),80,104.2629,L,2,tap,,0,1,,1,6,tap,4,0.5,4,,5
478-Xevel-mas,14.3,176-185 (176),84,109.4521,R,7,tap,,0,1,,1,1,tap,2,0.5,5,,5
478-Xevel-mas,14.3,176-185 (176),97,126.7224,R,7,star,,1,1,L8(tap),2,2,tap,3,0.5,7,slide:1>5,5
478-Xevel-mas,14.3,176-185 (176),97,127.0467,R,7,slide,3,0,1,,1,7,star,0,1.0,,slide:1>5,5
479-ARROW-mas,13.3,131,9,17.8626,R,7,slide,3,0,1,L6(tap),2,8,slide,1,1.0,5,,1
479-ARROW-mas,13.3,131,11,20.6107,L,2,slide,6,0,1,R3(tap),2,7,slide,3,1.0,4,,1
479-ARROW-mas,13.3,131,23,43.9695,L,2,slide,6,0,1,R3(slide),2,8,tap,2,1.5,7,slide:3>8,2
479-ARROW-mas,13.3,131,26,47.6336,L,2,tap,,0,1,,1,5,hold,3,1.5,1,,2
479-ARROW-mas,13.3,131,30,55.1908,L,2,hold,,0,1,,1,8,slide,2,2.0,1,,3
479-ARROW-mas,13.3,131,31,57.0229,R,7,hold,,0,1,,1,8,tap,1,1.0,8,,3
479-ARROW-mas,13.3,131,36,66.6412,L,3,tap,,0,1,,1,1,hold,2,1.5,7,,3
479-ARROW-mas,13.3,131,36,67.5573,R,6,tap,,0,1,,1,8,hold,2,1.5,2,,3
479-ARROW-mas,13.3,131,37,68.4733,L,3,tap,,0,1,,1,1,hold,2,1.5,4,,3
479-ARROW-mas,13.3,131,43,80.6107,R,7,slide,3,0,1,L6(slide),2,4,tap,3,2.0,3,slide:6>1,4
479-ARROW-mas,13.3,131,44,81.5267,L,2,hold,,0,1,,1,6,slide,4,2.0,4,,4
479-ARROW-mas,13.3,131,46,86.1069,R,7,hold,,0,1,,1,5,hold,2,4.0,4,,4
479-ARROW-mas,13.3,131,50,92.5191,L,2,hold,,0,1,,1,4,hold,2,1.0,8,,4
479-ARROW-mas,13.3,131,53,98.9313,R,7,tap,,0,1,,1,4,hold,3,1.5,8,,4
479-ARROW-mas,13.3,131,58,106.4885,R,7,hold,,0,1,,1,4,slide,3,2.0,8,,5
479-ARROW-mas,13.3,131,59,108.3206,L,2,hold,,0,1,,1,1,tap,1,1.0,1,,5
48-air's gravity-mas,13.3,137,4,7.4453,R,7,hold,,0,1,,1,2,hold,3,2.5,2,,1
48-air's gravity-mas,13.3,137,6,10.5109,R,7,tap,,0,1,,1,5,hold,2,3.0,3,,1
48-air's gravity-mas,13.3,137,6,11.1679,L,2,tap,,0,1,,1,5,tap,3,1.0,4,hold:3>None,1
48-air's gravity-mas,13.3,137,7,12.9197,R,6,tap,,0,1,,1,3,tap,3,1.5,3,hold:7>None,1
48-air's gravity-mas,13.3,137,8,14.0146,L,3,tap,,0,1,,1,7,hold,4,3.0,6,,1
48-air's gravity-mas,13.3,137,32,57.7007,R,6,tap,,0,1,,1,8,tap,2,0.5,2,,4
48-air's gravity-remas,13.7,137,2,3.9416,R,7,hold,,0,1,,1,1,tap,2,1.0,3,,1
48-air's gravity-remas,13.7,137,5,9.4161,L,3,tap,,0,1,,1,1,tap,2,1.0,4,hold:2>None,1
48-air's gravity-remas,13.7,137,30,53.4307,L,3,tap,,0,2,R8(star),2,8,slide,3,1.0,4,slide:8>3,4
48-air's gravity-remas,13.7,137,34,60.438,R,6,tap,,0,2,L1(star),2,1,slide,3,1.0,5,slide:1>6,4
48-air's gravity-remas,13.7,137,38,67.7737,L,3,tap,,0,1,,1,4,tap,1,0.25,2,hold:5>None,5
48-air's gravity-remas,13.7,137,38,67.8832,L,2,tap,,0,1,,1,3,tap,1,0.25,1,hold:5>None,5
48-air's gravity-remas,13.7,137,42,75.1095,R,7,tap,,0,1,,1,8,tap,1,0.25,1,slide:8>4,5
480-サドマミホリック-remas,13.3,200,95,114.975,R,7,tap,,0,1,,1,5,tap,2,0.5,1,,5
481-アマノジャクリバース feat. ｙｔｒ-mas,13.9,160,27,42.0,L,2,slide,7,0,1,,1,1,tap,1,1.5,6,,2
481-アマノジャクリバース feat. ｙｔｒ-mas,13.9,160,37,56.25,R,7,wifi,3,0,1,LR7(wifi),1,8,tap,1,0.5,2,,3
481-アマノジャクリバース feat. ｙｔｒ-mas,13.9,160,38,57.6562,R,7,tap,,0,1,,1,5,tap,2,0.5,5,,3
481-アマノジャクリバース feat. ｙｔｒ-mas,13.9,160,41,61.6875,R,6,hold,,0,1,,1,8,hold,2,1.0,4,,3
481-アマノジャクリバース feat. ｙｔｒ-mas,13.9,160,41,62.25,L,3,hold,,0,1,,1,5,hold,2,1.0,1,,3
481-アマノジャクリバース feat. ｙｔｒ-mas,13.9,160,45,68.25,L,3,wifi,7,0,1,LR3(wifi),1,4,tap,1,0.5,6,,3
481-アマノジャクリバース feat. ｙｔｒ-mas,13.9,160,46,69.6562,L,3,tap,,0,1,,1,1,tap,2,0.5,1,,3
481-アマノジャクリバース feat. ｙｔｒ-mas,13.9,160,49,73.6875,L,3,hold,,0,1,,1,1,hold,2,1.0,5,,3
481-アマノジャクリバース feat. ｙｔｒ-mas,13.9,160,49,74.25,R,6,hold,,0,1,,1,4,hold,2,1.0,8,,3
483-ULTRA B+K-mas,13.9,175,16,22.8,R,7,slide,4,0,1,,1,8,tap,1,1.5,2,slide:1>5,1
483-ULTRA B+K-mas,13.9,175,18,25.5429,L,2,slide,5,0,1,,1,4,tap,2,1.5,7,slide:8>4,2
483-ULTRA B+K-mas,13.9,175,20,28.2857,L,3,slide,8,0,1,,1,4,tap,1,1.5,6,slide:5>1,2
483-ULTRA B+K-mas,13.9,175,22,31.2,R,7,tap,,0,1,,1,4,star,3,0.75,4,slide:6>1,2
483-ULTRA B+K-mas,13.9,175,28,39.0857,L,2,tap,,0,1,R3(tap),2,8,tap,2,1.25,2,slide:3>8,2
483-ULTRA B+K-mas,13.9,175,28,39.2571,L,2,slide,5,0,1,R3(slide),2,2,tap,0,0.5,6,slide:3>8,2
483-ULTRA B+K-mas,13.9,175,29,39.7714,R,7,tap,,0,1,L6(tap),2,3,slide,4,1.5,3,,2
483-ULTRA B+K-mas,13.9,175,32,44.2286,R,6,slide,3,0,1,,1,3,tap,3,1.0,3,,2
483-ULTRA B+K-mas,13.9,175,34,46.9714,L,3,slide,6,0,1,,1,6,tap,3,1.0,7,,2
483-ULTRA B+K-mas,13.9,175,36,49.7143,R,7,slide,1,0,1,,1,2,tap,3,1.0,2,,3
483-ULTRA B+K-mas,13.9,175,38,52.4571,L,2,slide,8,0,1,,1,7,tap,3,1.0,6,,3
483-ULTRA B+K-mas,13.9,175,41,56.2286,R,6,hold,,0,1,,1,4,tap,2,1.0,8,,3
483-ULTRA B+K-mas,13.9,175,43,59.1429,L,2,tap,,0,1,,1,4,tap,2,1.0,1,hold:3>None,3
483-ULTRA B+K-mas,13.9,175,45,62.4,R,7,slide,2,0,1,,1,2,hold,3,2.0,5,slide:6>3,3
483-ULTRA B+K-mas,13.9,175,47,65.3143,L,3,slide,6,0,1,,1,7,hold,4,2.5,6,slide:2>7,3
483-ULTRA B+K-mas,13.9,175,64,88.0286,L,2,hold,,0,1,R3(hold),2,4,hold,2,0.75,1,hold:3>None,4
483-ULTRA B+K-mas,13.9,175,65,89.4,R,7,hold,,0,2,L6(hold),2,5,hold,2,0.75,8,hold:6>None,4
483-ULTRA B+K-mas,13.9,175,73,101.3143,L,2,tap,,0,1,,1,1,hold,1,0.75,7,,5
483-ULTRA B+K-mas,13.9,175,84,116.0571,L,3,wifi,7,0,1,LR3(wifi),1,1,tap,2,1.0,4,,5
483-ULTRA B+K-mas,13.9,175,85,117.4286,L,2,wifi,6,0,1,LR2(wifi),1,4,tap,2,1.0,1,,5
485-花と、雪と、ドラムンベース。-mas,14.3,180,7,11.0,R,7,slide,2,0,1,L6(tap),2,5,slide,2,8.0,3,,1
485-花と、雪と、ドラムンベース。-mas,14.3,180,8,12.3333,L,3,slide,6,0,1,R2(tap),2,4,tap,1,2.0,7,,1
485-花と、雪と、ドラムンベース。-mas,14.3,180,10,13.6667,R,6,tap,,0,1,,1,8,tap,2,2.0,5,hold:7>None,1
485-花と、雪と、ドラムンベース。-mas,14.3,180,12,17.3333,L,2,hold,,0,1,,1,8,hold,2,2.0,4,,1
485-花と、雪と、ドラムンベース。-mas,14.3,180,22,30.3333,L,3,tap,,0,1,,1,1,tap,2,2.0,7,slide:2>6,2
485-花と、雪と、ドラムンベース。-mas,14.3,180,24,32.3333,R,6,slide,1,0,1,,1,5,tap,1,2.0,2,hold:6>None,2
485-花と、雪と、ドラムンベース。-mas,14.3,180,24,33.0,L,2,slide,5,0,1,,1,6,hold,4,2.5,4,hold:2>None,2
485-花と、雪と、ドラムンベース。-mas,14.3,180,26,35.0,R,6,slide,1,0,1,,1,8,hold,2,2.5,2,hold:6>None,2
485-花と、雪と、ドラムンベース。-mas,14.3,180,26,35.6667,L,2,slide,5,0,1,,1,6,hold,4,2.5,4,hold:2>None,2
485-花と、雪と、ドラムンベース。-mas,14.3,180,35,48.3333,L,3,slide,6,0,1,R2(slide),2,5,tap,2,2.0,5,slide:2>7,2
485-花と、雪と、ドラムンベース。-mas,14.3,180,36,49.6667,R,6,slide,3,0,1,L7(slide),2,8,tap,2,1.5,4,slide:7>2,2
485-花と、雪と、ドラムンベース。-mas,14.3,180,38,52.3333,L,2,slide,6,0,1,R6(slide),2,6,slide,4,1.0,8,slide:6>2,2
485-花と、雪と、ドラムンベース。-mas,14.3,180,38,52.3333,R,6,slide,2,0,1,L2(slide),2,2,slide,4,1.0,4,slide:2>6,2
485-花と、雪と、ドラムンベース。-mas,14.3,180,47,64.3333,R,7,slide,2,0,1,L6(tap),2,4,slide,3,2.0,3,,3
485-花と、雪と、ドラムンベース。-mas,14.3,180,48,65.6667,L,3,slide,6,0,1,R2(tap),2,4,tap,1,2.0,7,,3
485-花と、雪と、ドラムンベース。-mas,14.3,180,50,67.0,R,6,tap,,0,1,,1,8,tap,2,2.0,5,hold:7>None,3
485-花と、雪と、ドラムンベース。-mas,14.3,180,52,70.6667,R,6,hold,,0,1,,1,4,hold,2,2.0,8,,3
485-花と、雪と、ドラムンベース。-mas,14.3,180,56,75.0,R,6,tap,,0,3,,1,8,tap,2,2.0,6,hold:4>None,3
485-花と、雪と、ドラムンベース。-mas,14.3,180,56,75.1667,R,6,tap,,0,3,,1,6,tap,0,0.5,6,hold:4>None,3
485-花と、雪と、ドラムンベース。-mas,14.3,180,56,75.3333,R,6,tap,,0,3,,1,6,tap,0,0.5,8,hold:4>None,3
485-花と、雪と、ドラムンベース。-mas,14.3,180,58,78.3333,L,2,tap,,0,1,,1,6,tap,4,1.0,4,hold:8>None,3
485-花と、雪と、ドラムンベース。-mas,14.3,180,71,96.3333,L,3,slide,7,0,1,,1,5,tap,2,2.0,5,,4
485-花と、雪と、ドラムンベース。-mas,14.3,180,75,101.0,L,3,slide,6,0,1,,1,5,slide,2,1.5,1,,4
485-花と、雪と、ドラムンベース。-mas,14.3,180,78,105.0,L,3,slide,5,0,1,R5(star),2,1,slide,2,1.0,5,,4
485-花と、雪と、ドラムンベース。-mas,14.3,180,78,105.3333,R,7,tap,,0,1,L5(slide),2,5,star,2,1.0,8,slide:3>5,4
485-花と、雪と、ドラムンベース。-mas,14.3,180,79,106.1667,L,2,tap,,0,1,,1,5,slide,3,2.5,1,hold:3>None,4
485-花と、雪と、ドラムンベース。-mas,14.3,180,79,107.0,R,6,slide,2,0,1,,1,3,hold,3,3.0,4,,4
485-花と、雪と、ドラムンベース。-mas,14.3,180,83,111.6667,R,6,slide,3,0,1,,1,4,slide,2,1.5,8,,5
485-花と、雪と、ドラムンベース。-mas,14.3,180,90,120.1667,R,6,hold,,0,1,,1,1,hold,3,8.5,8,,5
485-花と、雪と、ドラムンベース。-mas,14.3,180,90,121.0,L,3,hold,,0,1,,1,1,hold,2,1.0,5,,5
485-花と、雪と、ドラムンベース。-mas,14.3,180,95,128.0,L,2,slide,7,0,1,R6(slide),2,6,slide,4,1.0,6,slide:6>3,5
485-花と、雪と、ドラムンベース。-mas,14.3,180,95,128.0,R,6,slide,3,0,1,L2(slide),2,2,slide,4,1.0,2,slide:2>7,5
485-花と、雪と、ドラムンベース。-remas,13.8,180,1,2.0,L,2,tap,,1,1,,1,6,tap,4,2.0,7,slide:2>7,1
485-花と、雪と、ドラムンベース。-remas,13.8,180,7,10.3333,L,3,tap,,0,1,,1,6,tap,3,1.5,8,slide:4>1,1
485-花と、雪と、ドラムンベース。-remas,13.8,180,9,13.0,L,3,slide,7,0,1,,1,4,tap,1,4.0,6,slide:3>7,1
485-花と、雪と、ドラムンベース。-remas,13.8,180,49,66.0,R,6,slide,2,0,1,,1,5,tap,1,3.0,4,slide:6>2,3
485-花と、雪と、ドラムンベース。-remas,13.8,180,76,101.6667,R,7,tap,,0,1,L6(slide),2,4,tap,3,1.0,2,slide:6>3,4
485-花と、雪と、ドラムンベース。-remas,13.8,180,78,104.6667,L,2,star,,0,1,R6(slide),2,5,tap,3,1.0,1,slide:2>6,4
485-花と、雪と、ドラムンベース。-remas,13.8,180,78,104.6667,R,6,slide,2,0,1,L2(star),2,2,slide,4,2.0,2,,4
485-花と、雪と、ドラムンベース。-remas,13.8,180,79,106.0,L,2,tap,,0,1,,1,5,tap,3,1.0,5,slide:2>6,4
485-花と、雪と、ドラムンベース。-remas,13.8,180,85,114.6667,R,6,slide,3,0,1,,1,2,slide,4,2.0,1,slide:4>1,5
485-花と、雪と、ドラムンベース。-remas,13.8,180,94,126.0,L,2,slide,7,0,1,,1,7,slide,3,8.0,6,,5
489-My First Phone-mas,13.8,114,2,5.7895,R,6,slide,3,0,1,L4(star),2,2,slide,4,1.0,2,slide:4>8,1
489-My First Phone-mas,13.8,114,4,9.2105,L,3,tap,,0,1,,1,6,hold,3,1.0,7,,1
489-My First Phone-mas,13.8,114,4,10.2632,R,6,tap,,0,1,,1,3,hold,3,1.0,2,,1
489-My First Phone-mas,13.8,114,5,11.3158,L,3,tap,,0,1,,1,6,hold,3,1.0,7,,1
489-My First Phone-mas,13.8,114,8,17.6316,L,3,tap,,0,1,,1,7,hold,4,1.0,2,,1
489-My First Phone-mas,13.8,114,8,18.1579,L,2,hold,,0,1,,1,3,tap,1,1.0,6,,1
489-My First Phone-mas,13.8,114,9,19.7368,L,3,tap,,0,1,,1,7,hold,4,1.0,7,,1
489-My First Phone-mas,13.8,114,10,22.6316,L,2,slide,6,0,1,R3(star),2,7,slide,3,1.0,1,slide:3>6,1
489-My First Phone-mas,13.8,114,16,35.5263,L,3,tap,,0,1,,1,7,tap,4,0.5,7,hold:2>None,2
489-My First Phone-mas,13.8,114,17,36.0526,R,6,tap,,0,1,,1,2,hold,4,1.5,5,hold:7>None,2
489-My First Phone-mas,13.8,114,18,38.4211,L,2,slide,5,0,1,R3(star),2,1,slide,1,1.0,4,slide:3>8,2
489-My First Phone-mas,13.8,114,19,40.5263,R,7,star,,0,1,L6(slide),2,5,slide,2,1.0,7,slide:6>1,2
489-My First Phone-mas,13.8,114,19,41.0526,R,7,slide,3,0,1,L8(tap),2,7,star,0,1.0,8,,2
489-My First Phone-mas,13.8,114,20,42.6316,R,7,slide,4,0,1,L6(star),2,8,slide,1,1.0,5,slide:6>1,2
489-My First Phone-mas,13.8,114,21,44.7368,L,2,star,,0,1,R3(slide),2,4,slide,2,1.0,2,slide:3>8,2
489-My First Phone-mas,13.8,114,21,45.2632,L,2,slide,6,0,1,R1(tap),2,2,star,0,1.0,6,,2
489-My First Phone-mas,13.8,114,22,46.8421,R,6,slide,8,0,1,L7(star),2,5,slide,1,1.0,8,slide:7>3,2
489-My First Phone-mas,13.8,114,23,48.9474,L,3,star,,0,1,R2(slide),2,1,slide,2,1.0,3,slide:2>4,2
489-My First Phone-mas,13.8,114,23,49.4737,L,3,slide,7,0,1,R4(star),2,3,star,0,1.0,5,slide:4>6,2
489-My First Phone-mas,13.8,114,39,83.6842,R,7,slide,3,0,1,L4(tap),2,1,tap,2,1.0,2,,3
489-My First Phone-mas,13.8,114,40,85.7895,L,2,slide,6,0,1,R5(tap),2,8,tap,2,1.0,8,,4
489-My First Phone-mas,13.8,114,43,91.5789,R,6,slide,2,0,1,L1(star),2,3,slide,3,1.0,2,slide:1>7,4
489-My First Phone-mas,13.8,114,48,101.5789,R,7,slide,3,0,1,L6(star),2,1,slide,2,2.0,4,slide:6>1,4
489-My First Phone-mas,13.8,114,48,102.6316,L,3,star,,0,1,R4(slide),2,6,slide,3,1.0,3,slide:4>5,4
489-My First Phone-mas,13.8,114,48,103.1579,L,3,slide,8,0,1,R2(star),2,3,star,0,1.0,7,slide:2>6,4
489-My First Phone-mas,13.8,114,52,110.5263,L,3,slide,5,0,1,R2(star),2,1,slide,2,1.0,4,slide:2>8,4
489-My First Phone-mas,13.8,114,53,112.6316,R,6,slide,4,0,1,L7(star),2,8,slide,2,1.0,5,slide:7>1,5
489-My First Phone-mas,13.8,114,60,127.8947,R,7,tap,,0,1,,1,1,tap,2,0.5,2,slide:8>5,5
489-My First Phone-mas,13.8,114,64,136.3158,L,2,tap,,0,1,,1,8,tap,2,0.5,7,slide:1>4,5
49-Fragrance-mas,14.2,180,39,52.25,L,2,tap,,0,1,,1,4,tap,2,0.5,4,,4
491-極圏-mas,14.4,207,3,3.7681,R,7,hold,,0,1,L6(hold),2,2,hold,3,1.0,3,hold:6>None,1
491-極圏-mas,14.4,207,35,41.1594,L,3,hold,,0,1,,1,7,tap,4,2.0,2,slide:2>3,2
491-極圏-mas,14.4,207,36,41.7391,L,2,hold,,0,1,,1,3,hold,1,2.0,1,slide:2>3,2
491-極圏-mas,14.4,207,47,55.3623,R,6,slide,2,0,1,L7(tap),2,3,slide,3,1.0,3,,3
491-極圏-mas,14.4,207,48,56.5217,L,3,slide,7,0,1,R2(tap),2,6,slide,3,1.0,8,,3
491-極圏-mas,14.4,207,55,64.6377,R,6,slide,2,0,1,L7(tap),2,3,slide,3,1.0,3,,3
491-極圏-mas,14.4,207,56,65.7971,L,3,slide,7,0,1,R2(tap),2,6,slide,3,1.0,5,,3
491-極圏-mas,14.4,207,63,73.4058,R,7,tap,,0,1,,1,5,tap,2,0.5,1,,4
491-極圏-mas,14.4,207,69,80.7971,R,6,tap,,0,1,,1,4,tap,2,0.5,8,,4
491-極圏-mas,14.4,207,95,110.4348,R,7,hold,,0,1,,1,2,tap,3,1.0,5,,5
491-極圏-mas,14.4,207,96,111.8841,L,2,hold,,0,1,,1,4,hold,2,2.0,8,,5
492-Scarlet Lance-mas,14.2,185,16,21.8378,R,6,tap,,0,1,,1,8,tap,2,0.667,5,,1
492-Scarlet Lance-mas,14.2,185,18,24.4324,L,3,tap,,0,1,,1,1,tap,2,0.667,4,,1
492-Scarlet Lance-mas,14.2,185,20,27.027,L,2,tap,,0,1,,1,4,tap,2,0.667,1,,2
492-Scarlet Lance-mas,14.2,185,22,29.6216,R,6,tap,,0,1,,1,4,tap,2,0.667,4,,2
492-Scarlet Lance-mas,14.2,185,51,66.4054,L,2,tap,,0,1,,1,5,tap,3,0.75,8,hold:3>None,3
492-Scarlet Lance-mas,14.2,185,51,67.0541,R,7,tap,,0,1,,1,4,tap,3,0.75,1,hold:6>None,3
492-Scarlet Lance-mas,14.2,185,56,73.6216,R,6,tap,,0,2,,1,4,tap,2,1.0,6,hold:5>None,3
492-Scarlet Lance-mas,14.2,185,56,73.7838,R,6,tap,,0,2,,1,6,tap,0,0.5,2,hold:5>None,3
492-Scarlet Lance-mas,14.2,185,63,82.1351,R,7,tap,,0,1,,1,2,tap,3,0.5,5,,4
492-Scarlet Lance-mas,14.2,185,73,95.6757,R,7,slide,2,0,1,,1,1,tap,2,1.5,1,,4
492-Scarlet Lance-mas,14.2,185,86,112.5405,R,7,slide,2,0,1,,1,2,tap,3,1.0,8,,5
493-セイクリッド ルイン-mas,13.9,186,8,11.4516,R,6,slide,2,0,1,L2(star),2,1,slide,3,1.0,2,,1
493-セイクリッド ルイン-mas,13.9,186,8,11.4516,L,2,star,,0,1,R6(slide),2,6,star,4,1.0,6,slide:1>6,1
493-セイクリッド ルイン-mas,13.9,186,9,12.0968,R,6,slide,3,0,1,L3(star),2,2,slide,4,1.0,3,,1
493-セイクリッド ルイン-mas,13.9,186,9,12.0968,L,3,star,,0,1,R6(slide),2,6,star,3,1.0,4,slide:2>6,1
493-セイクリッド ルイン-mas,13.9,186,14,18.7097,L,2,tap,,0,1,R5(slide),2,5,star,3,1.0,1,slide:8>5,1
493-セイクリッド ルイン-mas,13.9,186,62,80.2419,L,2,tap,,0,1,,1,4,tap,2,0.5,4,,4
493-セイクリッド ルイン-mas,13.9,186,62,80.5645,L,2,tap,,0,1,,1,4,tap,2,0.5,4,,4
493-セイクリッド ルイン-mas,13.9,186,62,80.8871,L,2,tap,,0,1,,1,4,tap,2,0.5,4,,4
493-セイクリッド ルイン-mas,13.9,186,62,81.2097,L,2,tap,,0,1,,1,4,tap,2,0.5,6,,4
493-セイクリッド ルイン-mas,13.9,186,63,81.4516,R,7,tap,,0,1,,1,3,tap,4,0.5,5,,4
493-セイクリッド ルイン-mas,13.9,186,63,81.7742,R,7,tap,,0,1,,1,5,tap,2,0.5,5,,4
493-セイクリッド ルイン-mas,13.9,186,63,82.0968,R,7,tap,,0,1,,1,5,tap,2,0.5,5,,4
493-セイクリッド ルイン-mas,13.9,186,63,82.4194,R,7,tap,,0,1,,1,5,tap,2,0.5,5,,4
493-セイクリッド ルイン-mas,13.9,186,64,83.0645,R,7,tap,,0,1,,1,5,hold,2,1.5,3,,4
493-セイクリッド ルイン-mas,13.9,186,64,83.7097,L,2,tap,,0,1,,1,4,hold,2,1.5,8,,4
493-セイクリッド ルイン-mas,13.9,186,92,119.8387,R,7,star,,0,1,L3(slide),2,3,star,4,1.0,3,slide:8>3,5
493-セイクリッド ルイン-mas,13.9,186,92,119.8387,L,3,slide,7,0,1,R7(star),2,8,slide,3,1.0,7,,5
493-セイクリッド ルイン-mas,13.9,186,93,120.4839,R,6,star,,0,1,L3(slide),2,3,star,3,1.0,5,slide:7>3,5
493-セイクリッド ルイン-mas,13.9,186,93,120.4839,L,3,slide,6,0,1,R6(star),2,7,slide,4,1.0,6,,5
493-セイクリッド ルイン-mas,13.9,186,98,127.0968,R,7,tap,,0,1,L4(slide),2,4,star,3,1.0,8,slide:1>4,5
494-Schwarzschild-mas,14.3,188,5,6.8085,L,3,tap,,0,1,,1,1,tap,2,0.667,7,,1
494-Schwarzschild-mas,14.3,188,5,7.3404,L,3,tap,,0,1,,1,6,tap,3,0.667,1,,1
494-Schwarzschild-mas,14.3,188,24,30.7181,L,2,tap,,0,1,,1,7,tap,3,0.5,4,,2
494-Schwarzschild-mas,14.3,188,24,31.117,R,6,tap,,0,1,,1,8,tap,2,0.5,2,,2
494-Schwarzschild-mas,14.3,188,24,31.6755,R,7,tap,,0,1,,1,5,tap,2,0.5,1,,2
494-Schwarzschild-mas,14.3,188,39,50.266,L,3,tap,,0,1,,1,1,hold,2,1.5,7,,3
494-Schwarzschild-mas,14.3,188,39,50.9043,R,6,tap,,0,1,,1,8,hold,2,1.5,4,,3
494-Schwarzschild-mas,14.3,188,69,89.1223,L,3,tap,,0,1,,1,4,tap,1,0.5,5,,4
494-Schwarzschild-mas,14.3,188,71,91.6755,R,6,tap,,0,1,,1,5,tap,1,0.5,4,,4
494-Schwarzschild-mas,14.3,188,77,98.617,L,2,tap,,0,1,,1,4,tap,2,0.5,4,,5
494-Schwarzschild-mas,14.3,188,77,99.0957,L,3,tap,,0,1,,1,1,tap,2,0.5,1,,5
494-Schwarzschild-mas,14.3,188,79,101.1702,R,7,tap,,0,1,,1,5,tap,2,0.5,5,,5
494-Schwarzschild-mas,14.3,188,79,101.6489,R,6,tap,,0,1,,1,8,tap,2,0.5,8,,5
50-FEEL ALIVE-mas,13.7,162,7,10.3704,R,6,hold,,0,1,,1,4,tap,2,0.5,3,,1
50-FEEL ALIVE-mas,13.7,162,7,11.4815,L,2,tap,,0,1,,1,7,tap,3,2.0,8,,1
50-FEEL ALIVE-mas,13.7,162,17,26.3889,L,2,tap,,0,1,,1,1,tap,1,0.5,1,,2
50-FEEL ALIVE-mas,13.7,162,21,32.4074,R,7,tap,,1,1,,1,5,tap,2,0.5,2,,2
50-FEEL ALIVE-mas,13.7,162,22,32.963,L,3,tap,,0,1,,1,8,tap,3,1.25,7,hold:2>None,3
50-FEEL ALIVE-mas,13.7,162,23,34.0741,R,6,tap,,0,1,,1,2,hold,4,4.0,2,hold:7>None,3
50-FEEL ALIVE-mas,13.7,162,26,38.8889,L,3,tap,,0,1,,1,8,tap,3,1.5,7,hold:2>None,3
50-FEEL ALIVE-mas,13.7,162,27,40.0,R,6,tap,,0,1,,1,2,hold,4,4.0,2,hold:7>None,3
50-FEEL ALIVE-mas,13.7,162,28,42.7778,L,3,tap,,0,1,,1,4,tap,1,0.5,6,,3
50-FEEL ALIVE-mas,13.7,162,30,45.0,R,6,slide,2,0,1,,1,3,slide,3,0.5,8,,3
50-FEEL ALIVE-mas,13.7,162,32,48.7037,R,6,tap,,0,1,,1,8,tap,2,0.5,4,,3
50-FEEL ALIVE-mas,13.7,162,34,51.5741,R,6,tap,,0,1,,1,8,tap,2,0.5,4,,4
50-FEEL ALIVE-mas,13.7,162,43,64.8148,L,2,slide,5,0,1,,1,7,tap,3,1.5,6,slide:2>7,4
50-FEEL ALIVE-mas,13.7,162,49,73.7963,L,2,tap,,0,1,,1,1,tap,1,0.5,1,,5
500-Alea jacta est!-mas,14.4,162,19,28.5185,L,2,slide,4,0,1,,1,5,tap,3,1.5,6,slide:2>4,2
500-Alea jacta est!-mas,14.4,162,20,29.6296,R,7,hold,,0,1,,1,1,tap,2,0.5,1,,2
500-Alea jacta est!-mas,14.4,162,20,30.3704,L,2,hold,,0,1,,1,8,tap,2,0.5,5,,2
500-Alea jacta est!-mas,14.4,162,24,37.037,R,6,star,,0,2,,1,4,tap,2,2.25,6,slide:7>2,2
500-Alea jacta est!-mas,14.4,162,24,37.4074,R,6,slide,3,0,1,,1,6,tap,0,0.25,3,slide:7>2,2
500-Alea jacta est!-mas,14.4,162,25,37.3148,R,6,tap,,0,2,,1,6,star,0,0.75,6,slide:7>2,2
500-Alea jacta est!-mas,14.4,162,27,41.4815,L,2,hold,,0,1,R3(star),2,7,tap,3,1.0,7,slide:3>5,2
500-Alea jacta est!-mas,14.4,162,28,42.2222,R,6,hold,,0,1,L7(star),2,3,slide,3,1.0,2,slide:7>1,2
500-Alea jacta est!-mas,14.4,162,34,50.7407,L,2,tap,,0,1,,1,4,tap,2,0.5,8,,2
500-Alea jacta est!-mas,14.4,162,34,51.4815,R,6,tap,,0,1,,1,8,tap,2,0.5,8,,2
500-Alea jacta est!-mas,14.4,162,50,74.8148,R,6,tap,,0,2,,1,3,hold,3,2.0,1,,3
500-Alea jacta est!-mas,14.4,162,55,82.8704,R,6,slide,2,0,1,,1,8,slide,2,0.75,5,,4
500-Alea jacta est!-mas,14.4,162,64,95.0926,L,2,tap,,0,1,,1,4,tap,2,0.5,4,,4
501-B.M.S-mas,14.2,200,2,3.3,L,3,tap,,0,1,R2(tap),2,4,tap,1,1.5,3,,1
501-B.M.S-mas,14.2,200,2,3.45,L,3,tap,,0,1,R2(tap),2,3,tap,0,0.5,4,,1
501-B.M.S-mas,14.2,200,11,13.425,R,7,tap,,0,1,,1,2,tap,3,0.5,2,,1
501-B.M.S-mas,14.2,200,24,28.95,L,3,tap,,0,1,,1,1,tap,2,0.5,1,,2
501-B.M.S-mas,14.2,200,24,29.25,L,3,tap,,0,1,,1,1,tap,2,0.5,1,,2
501-B.M.S-mas,14.2,200,24,29.55,L,3,tap,,0,1,,1,1,tap,2,0.5,1,,2
501-B.M.S-mas,14.2,200,24,29.85,L,3,tap,,0,1,,1,1,tap,2,0.5,1,,2
501-B.M.S-mas,14.2,200,25,30.15,L,3,tap,,0,1,,1,1,tap,2,0.5,1,,2
501-B.M.S-mas,14.2,200,26,31.575,R,7,tap,,0,1,,1,5,tap,2,0.5,5,,2
501-B.M.S-mas,14.2,200,26,31.875,R,7,tap,,0,1,,1,5,tap,2,0.5,5,,2
501-B.M.S-mas,14.2,200,26,32.175,R,7,tap,,0,1,,1,5,tap,2,0.5,5,,2
501-B.M.S-mas,14.2,200,32,39.45,L,3,slide,5,0,1,,1,4,tap,1,1.5,6,hold:3>None,3
501-B.M.S-mas,14.2,200,54,65.625,R,7,tap,,0,1,,1,3,tap,4,0.5,4,,4
501-B.M.S-mas,14.2,200,63,76.125,L,2,slide,6,0,1,,1,6,tap,4,0.5,6,,5
501-B.M.S-mas,14.2,200,65,78.825,L,2,tap,,0,1,,1,4,tap,2,0.5,4,,5
501-B.M.S-mas,14.2,200,65,79.125,L,2,tap,,0,1,,1,4,tap,2,0.5,4,,5
501-B.M.S-mas,14.2,200,66,79.425,L,2,tap,,0,1,,1,4,tap,2,0.5,8,,5
501-B.M.S-mas,14.2,200,67,81.225,R,7,tap,,0,1,,1,5,tap,2,0.5,5,,5
501-B.M.S-mas,14.2,200,67,81.525,R,7,tap,,0,1,,1,5,tap,2,0.5,5,,5
501-B.M.S-mas,14.2,200,68,81.825,R,7,tap,,0,1,,1,5,tap,2,0.5,4,,5
501-B.M.S-mas,14.2,200,76,91.875,L,2,tap,,0,1,,1,7,slide,3,1.25,4,,5
501-B.M.S-mas,14.2,200,76,92.175,L,2,tap,,0,1,,1,4,tap,2,0.5,4,,5
501-B.M.S-mas,14.2,200,77,92.475,L,2,tap,,0,1,,1,4,tap,2,0.5,4,,5
503-FFT-mas,14,180,42,56.5,L,3,slide,1,0,1,R2(tap),2,7,slide,4,0.5,8,,3
503-FFT-mas,14,180,43,58.1667,R,6,slide,2,0,1,L8(tap),2,2,slide,4,1.0,3,slide:8>4,3
503-FFT-mas,14,180,46,61.8333,L,3,slide,7,0,1,R2(tap),2,7,slide,4,0.5,1,,3
503-FFT-mas,14,180,67,91.0,R,7,slide,2,0,1,L2(tap),2,2,slide,3,1.0,1,,4
503-FFT-mas,14,180,68,91.0,L,2,tap,,0,1,R7(slide),2,7,star,3,1.0,7,slide:2>7,4
503-FFT-mas,14,180,69,92.75,L,2,tap,,0,1,,1,4,tap,2,0.5,4,,4
503-FFT-mas,14,180,82,110.5,R,6,slide,2,0,1,L8(tap),2,2,slide,4,0.5,2,,5
503-FFT-mas,14,180,84,113.0,R,6,slide,2,0,1,L4(star),2,2,slide,4,1.0,8,slide:4>6,5
503-FFT-remas,14.5,180,7,9.6667,L,2,tap,,0,1,,1,6,tap,4,0.5,3,slide:1>5,1
503-FFT-remas,14.5,180,7,9.75,L,3,tap,,0,1,,1,2,tap,1,0.25,4,slide:1>5,1
503-FFT-remas,14.5,180,12,17.3333,R,7,slide,2,0,1,L2(star),2,4,slide,3,1.0,2,,1
503-FFT-remas,14.5,180,13,17.3333,L,2,star,,0,1,R7(slide),2,7,star,3,1.0,5,slide:4>7,1
503-FFT-remas,14.5,180,13,18.3333,L,3,star,,0,1,R8(slide),2,8,star,3,1.0,6,slide:5>8,1
503-FFT-remas,14.5,180,14,19.5417,R,7,tap,,0,1,,1,5,tap,2,0.25,8,hold:6>None,1
503-FFT-remas,14.5,180,14,19.875,R,7,tap,,0,1,,1,5,tap,2,0.25,8,hold:6>None,1
503-FFT-remas,14.5,180,19,25.5,R,6,tap,,0,1,,1,5,tap,1,0.125,8,hold:1>None,2
503-FFT-remas,14.5,180,27,36.1667,L,3,tap,,0,1,,1,4,tap,1,0.125,1,hold:8>None,2
503-FFT-remas,14.5,180,68,91.6667,L,3,slide,7,0,1,R7(slide),2,7,slide,4,1.0,5,slide:7>3,4
503-FFT-remas,14.5,180,68,91.6667,R,7,slide,3,0,1,L3(slide),2,3,slide,4,1.0,1,slide:3>7,4
503-FFT-remas,14.5,180,71,95.8333,L,3,slide,7,0,1,R4(slide),2,7,slide,4,0.5,5,slide:8>4,4
505-Ultranova-mas,14,156,3,5.3846,L,2,hold,,0,1,,1,6,tap,4,0.5,4,,1
505-Ultranova-mas,14,156,16,25.5769,L,3,tap,,0,1,,1,4,tap,1,0.5,2,hold:5>None,2
505-Ultranova-mas,14,156,16,25.7692,L,2,tap,,0,1,,1,3,tap,1,0.5,1,hold:5>None,2
505-Ultranova-mas,14,156,16,26.1538,L,2,hold,,0,1,,1,1,tap,1,0.5,6,,2
505-Ultranova-mas,14,156,17,27.5,R,7,tap,,0,1,,1,5,hold,2,2.0,6,hold:8>None,2
505-Ultranova-mas,14,156,17,27.6923,R,6,hold,,0,1,,1,7,tap,1,0.5,2,,2
505-Ultranova-mas,14,156,18,28.4615,L,2,tap,,0,1,,1,1,tap,1,0.5,1,hold:6>None,2
505-Ultranova-mas,14,156,25,40.0,L,3,hold,,0,1,R8(star),2,1,slide,2,7.0,1,slide:8>2,2
505-Ultranova-mas,14,156,27,43.0769,R,6,hold,,0,1,L1(star),2,2,slide,4,3.0,5,slide:1>7,2
505-Ultranova-mas,14,156,36,55.6731,L,3,tap,,0,1,,1,7,hold,4,4.75,4,hold:2>None,3
505-Ultranova-mas,14,156,37,57.2115,R,6,tap,,0,1,,1,2,hold,4,4.75,5,hold:7>None,3
505-Ultranova-mas,14,156,69,106.9231,R,7,hold,,0,1,,1,3,tap,4,0.5,5,,5
51-腐れ外道とチョコレゐト-mas,13.7,260,12,11.0769,R,7,hold,,0,1,,1,5,tap,2,1.0,5,,1
51-腐れ外道とチョコレゐト-mas,13.7,260,14,13.1538,L,3,tap,,0,1,,1,7,tap,4,2.0,5,,1
51-腐れ外道とチョコレゐト-mas,13.7,260,15,14.3077,L,3,hold,,0,1,,1,7,hold,4,2.0,7,,1
51-腐れ外道とチョコレゐト-mas,13.7,260,16,15.0,R,6,tap,,0,1,,1,1,hold,3,2.0,3,,1
51-腐れ外道とチョコレゐト-mas,13.7,260,18,17.3077,L,2,tap,,0,1,R3(tap),2,7,tap,3,1.0,6,,1
51-腐れ外道とチョコレゐト-mas,13.7,260,20,18.6923,R,6,tap,,0,1,,1,4,tap,2,1.5,3,,1
51-腐れ外道とチョコレゐト-mas,13.7,260,20,18.9231,L,2,hold,,0,1,,1,7,hold,3,2.0,6,,1
51-腐れ外道とチョコレゐト-mas,13.7,260,21,19.6154,R,7,tap,,0,1,,1,3,tap,4,2.0,2,,1
51-腐れ外道とチョコレゐト-mas,13.7,260,21,19.8462,L,3,hold,,0,1,,1,6,hold,3,2.0,8,,1
51-腐れ外道とチョコレゐト-mas,13.7,260,33,31.1538,L,3,slide,6,0,1,,1,7,slide,4,2.0,7,,2
51-腐れ外道とチョコレゐト-mas,13.7,260,34,32.0769,R,7,slide,3,0,1,,1,2,slide,3,2.0,2,,2
51-腐れ外道とチョコレゐト-mas,13.7,260,36,33.2308,R,6,hold,,0,1,,1,2,slide,4,3.0,3,,2
51-腐れ外道とチョコレゐト-mas,13.7,260,36,33.9231,L,2,tap,,0,1,,1,7,tap,3,2.0,6,,2
51-腐れ外道とチョコレゐト-mas,13.7,260,37,34.1538,R,7,hold,,0,1,,1,3,hold,4,2.0,2,,2
51-腐れ外道とチョコレゐト-mas,13.7,260,37,34.8462,L,3,tap,,0,1,,1,6,tap,3,2.0,5,,2
51-腐れ外道とチョコレゐト-mas,13.7,260,52,48.4615,R,7,star,,0,1,,1,3,slide,4,1.0,7,hold:6>None,3
51-腐れ外道とチョコレゐト-mas,13.7,260,52,48.6923,R,7,slide,2,0,1,,1,7,star,0,1.0,3,,3
51-腐れ外道とチョコレゐト-mas,13.7,260,53,49.3846,R,7,star,,0,1,,1,3,slide,4,1.0,7,hold:5>None,3
51-腐れ外道とチョコレゐト-mas,13.7,260,53,49.6154,R,7,slide,2,0,1,,1,7,star,0,1.0,3,,3
51-腐れ外道とチョコレゐト-mas,13.7,260,56,52.1538,L,2,star,,0,1,,1,6,slide,4,1.0,2,hold:3>None,3
51-腐れ外道とチョコレゐト-mas,13.7,260,56,52.3846,L,2,slide,7,0,1,,1,2,star,0,1.0,6,,3
51-腐れ外道とチョコレゐト-mas,13.7,260,57,53.0769,L,2,star,,0,1,,1,6,slide,4,1.0,2,hold:4>None,3
51-腐れ外道とチョコレゐト-mas,13.7,260,57,53.3077,L,2,slide,7,0,1,,1,2,star,0,1.0,6,,3
51-腐れ外道とチョコレゐト-mas,13.7,260,62,57.4615,R,7,tap,,0,1,,1,2,tap,3,1.0,6,,3
51-腐れ外道とチョコレゐト-mas,13.7,260,62,57.6923,R,6,tap,,0,1,L4(hold),2,7,tap,1,1.0,3,hold:4>None,3
51-腐れ外道とチョコレゐト-mas,13.7,260,63,58.3846,R,6,tap,,0,1,,1,3,tap,3,1.0,7,,3
51-腐れ外道とチョコレゐト-mas,13.7,260,63,58.6154,R,7,tap,,0,1,L1(hold),2,6,tap,1,1.0,2,hold:1>None,3
51-腐れ外道とチョコレゐト-mas,13.7,260,66,60.9231,L,3,tap,,0,1,R2(tap),2,1,tap,2,1.0,6,,3
51-腐れ外道とチョコレゐト-mas,13.7,260,71,65.7692,L,3,hold,,0,1,,1,4,tap,1,5.0,7,,3
51-腐れ外道とチョコレゐト-mas,13.7,260,76,70.1538,R,7,hold,,0,1,,1,8,tap,1,2.0,5,,3
51-腐れ外道とチョコレゐト-mas,13.7,260,77,71.3077,L,3,tap,,0,1,,1,4,tap,1,1.5,5,,4
51-腐れ外道とチョコレゐト-mas,13.7,260,78,72.2308,R,6,tap,,0,1,,1,5,tap,1,1.5,4,,4
51-腐れ外道とチョコレゐト-mas,13.7,260,80,73.8462,R,6,hold,,0,2,,1,2,tap,4,2.0,8,,4
51-腐れ外道とチョコレゐト-mas,13.7,260,81,75.0,L,2,tap,,0,1,,1,1,tap,1,1.5,8,,4
51-腐れ外道とチョコレゐト-mas,13.7,260,89,82.1538,L,3,tap,,0,1,R2(star),2,6,slide,3,3.0,4,slide:2>7,4
51-腐れ外道とチョコレゐト-mas,13.7,260,92,85.3846,R,6,star,,0,1,L7(tap),2,2,slide,4,1.0,6,,4
51-腐れ外道とチョコレゐト-mas,13.7,260,92,85.6154,R,6,slide,3,0,1,L7(tap),2,6,star,0,1.0,2,,4
51-腐れ外道とチョコレゐト-mas,13.7,260,93,86.3077,R,6,star,,0,1,L7(tap),2,2,slide,4,1.0,6,,4
51-腐れ外道とチョコレゐト-mas,13.7,260,93,86.5385,R,6,slide,3,0,1,L7(tap),2,6,star,0,1.0,2,,4
51-腐れ外道とチョコレゐト-mas,13.7,260,96,89.0769,L,3,star,,0,1,R2(tap),2,7,slide,4,1.0,3,,4
51-腐れ外道とチョコレゐト-mas,13.7,260,96,89.3077,L,3,slide,6,0,1,R2(tap),2,3,star,0,1.0,7,,4
51-腐れ外道とチョコレゐト-mas,13.7,260,97,90.0,L,3,star,,0,1,R2(tap),2,7,slide,4,1.0,3,,4
51-腐れ外道とチョコレゐト-mas,13.7,260,97,90.2308,L,3,slide,6,0,1,R2(tap),2,3,star,0,1.0,7,,4
51-腐れ外道とチョコレゐト-mas,13.7,260,102,94.3846,R,7,tap,,0,1,,1,2,tap,3,1.0,6,,4
51-腐れ外道とチョコレゐト-mas,13.7,260,102,94.6154,R,6,tap,,0,1,L4(hold),2,7,tap,1,1.0,3,hold:4>None,4
51-腐れ外道とチョコレゐト-mas,13.7,260,103,95.3077,R,6,tap,,0,1,,1,3,tap,3,1.0,7,,5
51-腐れ外道とチョコレゐト-mas,13.7,260,103,95.5385,R,7,tap,,0,1,L1(hold),2,6,tap,1,1.0,2,hold:1>None,5
51-腐れ外道とチョコレゐト-mas,13.7,260,107,99.2308,R,7,hold,,0,1,,1,2,tap,3,2.0,5,,5
51-腐れ外道とチョコレゐト-mas,13.7,260,110,101.5385,L,3,tap,,1,1,,1,1,hold,2,5.0,6,,5
51-腐れ外道とチョコレゐト-mas,13.7,260,119,110.0769,L,2,hold,,0,1,,1,4,tap,2,3.0,5,,5
512-夜明けまであと３秒-mas,14,182,1,2.1469,R,6,tap,,0,1,,1,2,tap,4,0.667,3,,1
512-夜明けまであと３秒-mas,14,182,1,2.4859,L,2,tap,,0,1,,1,7,tap,3,0.667,6,,1
512-夜明けまであと３秒-mas,14,182,3,4.8588,R,6,tap,,0,1,,1,2,tap,4,0.667,3,,1
512-夜明けまであと３秒-mas,14,182,3,5.1977,L,2,tap,,0,1,,1,7,tap,3,0.667,6,,1
512-夜明けまであと３秒-mas,14,182,5,7.5706,R,6,tap,,0,1,,1,2,tap,4,0.667,3,,1
512-夜明けまであと３秒-mas,14,182,5,7.9096,L,2,tap,,0,1,,1,7,tap,3,0.667,4,,1
512-夜明けまであと３秒-mas,14,182,6,9.2655,L,3,tap,,0,1,,1,7,tap,4,0.667,6,,1
512-夜明けまであと３秒-mas,14,182,8,11.965,L,2,tap,,0,1,,1,6,tap,4,0.667,5,,1
512-夜明けまであと３秒-mas,14,182,9,12.954,R,7,tap,,0,1,,1,3,tap,4,0.667,2,,1
512-夜明けまであと３秒-mas,14,182,9,13.2837,L,3,tap,,0,1,,1,6,tap,3,0.667,1,,1
512-夜明けまであと３秒-mas,14,182,10,14.2727,R,7,tap,,0,1,,1,5,tap,2,0.667,1,,1
512-夜明けまであと３秒-mas,14,182,10,14.6023,L,2,tap,,0,1,,1,6,tap,4,0.667,5,,1
512-夜明けまであと３秒-mas,14,182,11,15.5914,R,7,tap,,0,1,,1,3,tap,4,0.667,2,,1
512-夜明けまであと３秒-mas,14,182,12,16.3606,R,7,tap,,0,1,,1,1,tap,2,0.667,5,,1
512-夜明けまであと３秒-mas,14,182,12,16.91,L,2,tap,,0,1,,1,4,tap,2,0.667,8,,1
512-夜明けまであと３秒-mas,14,182,12,17.2397,R,7,tap,,0,1,,1,3,tap,4,0.667,4,,1
512-夜明けまであと３秒-mas,14,182,13,18.2287,L,2,tap,,0,1,,1,6,tap,4,0.667,7,,1
512-夜明けまであと３秒-mas,14,182,13,18.5584,R,6,tap,,0,1,,1,3,tap,3,0.667,8,,1
512-夜明けまであと３秒-mas,14,182,14,19.5474,L,2,tap,,0,1,,1,4,tap,2,0.667,5,,1
512-夜明けまであと３秒-mas,14,182,14,19.8771,R,6,tap,,0,1,,1,3,tap,3,0.667,2,,1
512-夜明けまであと３秒-mas,14,182,15,20.2067,L,3,tap,,0,1,,1,7,tap,4,0.667,6,,1
512-夜明けまであと３秒-mas,14,182,15,20.5364,R,7,tap,,0,1,,1,4,tap,3,0.667,3,,1
512-夜明けまであと３秒-mas,14,182,16,21.6353,R,6,tap,,0,1,,1,4,tap,2,0.667,8,,1
512-夜明けまであと３秒-mas,14,182,29,39.5474,L,3,tap,,0,1,,1,4,tap,1,0.25,1,slide:3>7,2
512-夜明けまであと３秒-mas,14,182,32,42.8441,L,3,tap,,0,1,,1,4,tap,1,0.25,8,,2
512-夜明けまであと３秒-mas,14,182,36,48.2837,R,7,tap,,0,1,L6(tap),2,4,tap,3,0.75,8,,2
512-夜明けまであと３秒-mas,14,182,40,54.0529,L,2,slide,4,0,1,R4(tap),2,6,slide,4,1.0,7,,3
512-夜明けまであと３秒-mas,14,182,47,63.1188,R,7,star,,0,1,,1,1,slide,2,2.0,7,slide:4>6,3
512-夜明けまであと３秒-mas,14,182,47,63.4485,R,7,slide,3,0,1,,1,7,star,0,1.0,1,,3
512-夜明けまであと３秒-mas,14,182,48,64.3826,L,2,hold,,0,1,,1,8,tap,2,0.333,6,,3
512-夜明けまであと３秒-mas,14,182,49,65.4265,R,7,star,,0,2,,1,3,slide,4,0.5,7,hold:2>None,3
512-夜明けまであと３秒-mas,14,182,49,65.6738,R,7,tap,,0,2,,1,7,star,0,0.75,7,hold:2>None,3
512-夜明けまであと３秒-mas,14,182,49,65.7562,R,7,slide,4,0,1,,1,7,tap,0,0.25,3,hold:2>None,3
512-夜明けまであと３秒-mas,14,182,50,67.0199,R,7,hold,,0,1,,1,5,tap,2,0.333,3,,3
512-夜明けまであと３秒-mas,14,182,51,68.0639,L,2,star,,0,2,,1,6,slide,4,0.5,2,hold:7>None,3
512-夜明けまであと３秒-mas,14,182,51,68.3111,L,2,tap,,0,2,,1,2,star,0,0.75,2,hold:7>None,3
512-夜明けまであと３秒-mas,14,182,51,68.3936,L,2,slide,5,0,1,,1,2,tap,0,0.25,6,hold:7>None,3
512-夜明けまであと３秒-mas,14,182,52,69.6573,L,2,hold,,0,1,,1,4,tap,2,0.333,6,,3
512-夜明けまであと３秒-mas,14,182,53,70.7012,R,7,star,,0,2,,1,3,slide,4,0.5,7,hold:2>None,3
512-夜明けまであと３秒-mas,14,182,53,70.9485,R,7,tap,,0,2,,1,7,star,0,0.75,7,hold:2>None,3
512-夜明けまであと３秒-mas,14,182,53,71.0309,R,7,slide,4,0,1,,1,7,tap,0,0.25,3,hold:2>None,3
512-夜明けまであと３秒-mas,14,182,55,74.0804,R,6,hold,,0,1,L7(hold),2,5,hold,1,0.75,8,hold:7>None,3
512-夜明けまであと３秒-mas,14,182,57,76.4705,R,7,star,,0,2,,1,2,slide,3,0.5,7,hold:4>None,3
512-夜明けまであと３秒-mas,14,182,57,76.7177,R,7,tap,,0,2,,1,7,star,0,0.75,7,hold:4>None,3
512-夜明けまであと３秒-mas,14,182,57,76.8001,R,7,slide,2,0,1,,1,7,tap,0,0.25,3,hold:4>None,3
512-夜明けまであと３秒-mas,14,182,58,77.4595,R,7,tap,,0,1,,1,3,slide,4,0.5,2,,3
512-夜明けまであと３秒-mas,14,182,63,83.9705,L,2,hold,,0,1,R4(hold),2,1,hold,1,0.75,7,hold:4>None,4
512-夜明けまであと３秒-mas,14,182,66,88.1188,R,6,tap,,0,1,,1,2,tap,4,0.667,3,,4
512-夜明けまであと３秒-mas,14,182,66,88.4485,L,2,tap,,0,1,,1,7,tap,3,0.667,6,,4
512-夜明けまであと３秒-mas,14,182,68,90.7562,R,6,tap,,0,1,,1,2,tap,4,0.667,3,,4
512-夜明けまであと３秒-mas,14,182,68,91.0859,L,2,tap,,0,1,,1,7,tap,3,0.667,6,,4
512-夜明けまであと３秒-mas,14,182,70,93.3936,R,6,tap,,0,1,,1,2,tap,4,0.667,3,,4
512-夜明けまであと３秒-mas,14,182,70,93.7232,L,2,tap,,0,1,,1,7,tap,3,0.667,4,,4
512-夜明けまであと３秒-mas,14,182,71,95.0419,L,3,tap,,0,1,,1,7,tap,4,0.667,6,,4
512-夜明けまであと３秒-mas,14,182,72,95.3716,R,7,tap,,0,1,,1,2,tap,3,0.667,5,,4
512-夜明けまであと３秒-mas,14,182,72,96.0309,R,6,tap,,0,1,,1,3,tap,3,0.667,4,,4
512-夜明けまであと３秒-mas,14,182,72,96.3606,L,3,tap,,0,1,,1,7,tap,4,0.667,5,,4
512-夜明けまであと３秒-mas,14,182,73,96.8001,L,3,tap,,0,1,,1,5,tap,2,0.667,1,,4
512-夜明けまであと３秒-mas,14,182,73,97.4595,L,2,tap,,0,1,,1,4,tap,2,0.667,4,,4
512-夜明けまであと３秒-mas,14,182,74,98.3386,L,2,tap,,0,1,,1,4,tap,2,0.667,8,,4
512-夜明けまであと３秒-mas,14,182,80,106.1408,L,3,tap,,0,1,,1,4,tap,1,0.25,1,slide:3>7,5
512-夜明けまであと３秒-mas,14,182,86,114.8771,R,7,tap,,0,1,L6(tap),2,4,tap,3,0.75,8,,5
516-幸せになれる隠しコマンドがあるらしい-mas,14,142,5,8.4507,R,6,tap,,0,1,,1,5,tap,1,1.0,3,hold:7>None,1
516-幸せになれる隠しコマンドがあるらしい-mas,14,142,6,10.1408,L,3,tap,,0,1,R2(tap),2,7,tap,4,2.0,5,,1
516-幸せになれる隠しコマンドがあるらしい-mas,14,142,6,11.4085,L,2,tap,,0,1,R3(tap),2,8,tap,2,1.0,2,,1
516-幸せになれる隠しコマンドがあるらしい-mas,14,142,7,11.831,L,2,tap,,0,1,R3(tap),2,2,tap,0,1.0,5,,1
516-幸せになれる隠しコマンドがあるらしい-mas,14,142,7,12.6761,L,2,tap,,0,1,R3(tap),2,5,tap,3,1.0,2,,1
516-幸せになれる隠しコマンドがあるらしい-mas,14,142,7,13.0986,L,2,tap,,0,1,R3(tap),2,2,tap,0,1.0,8,,1
516-幸せになれる隠しコマンドがあるらしい-mas,14,142,9,15.2113,R,6,tap,,0,1,L7(tap),2,4,tap,2,1.0,3,,1
516-幸せになれる隠しコマンドがあるらしい-mas,14,142,9,15.6338,L,2,tap,,0,1,R3(tap),2,7,tap,3,1.0,7,,1
516-幸せになれる隠しコマンドがあるらしい-mas,14,142,10,17.7465,R,6,star,,0,1,L5(slide),2,1,slide,3,1.0,6,slide:5>8,1
516-幸せになれる隠しコマンドがあるらしい-mas,14,142,10,18.169,R,6,slide,3,0,1,L7(star),2,6,star,0,1.0,8,slide:7>2,1
516-幸せになれる隠しコマンドがあるらしい-mas,14,142,11,19.4366,R,7,slide,2,0,1,L6(star),2,8,slide,1,1.0,5,slide:6>3,1
516-幸せになれる隠しコマンドがあるらしい-mas,14,142,15,26.1972,R,6,star,,0,1,L5(slide),2,1,slide,3,1.0,6,slide:5>8,1
516-幸せになれる隠しコマンドがあるらしい-mas,14,142,15,26.6197,R,6,slide,3,0,1,L7(star),2,6,star,0,1.0,8,slide:7>2,1
516-幸せになれる隠しコマンドがあるらしい-mas,14,142,16,27.8873,R,7,slide,2,0,1,L6(star),2,8,slide,1,1.0,5,slide:6>3,1
516-幸せになれる隠しコマンドがあるらしい-mas,14,142,18,31.6901,R,7,slide,2,0,1,L6(star),2,3,slide,4,1.0,1,slide:6>3,2
516-幸せになれる隠しコマンドがあるらしい-mas,14,142,19,32.9577,R,6,star,,0,1,L5(slide),2,1,slide,3,1.0,6,slide:5>8,2
516-幸せになれる隠しコマンドがあるらしい-mas,14,142,19,33.3803,R,6,slide,3,0,1,L7(star),2,6,star,0,1.0,8,slide:7>2,2
516-幸せになれる隠しコマンドがあるらしい-mas,14,142,20,34.6479,R,7,slide,2,0,1,L6(star),2,8,slide,1,1.0,5,slide:6>3,2
516-幸せになれる隠しコマンドがあるらしい-mas,14,142,21,37.6056,R,7,slide,6,0,1,L6(star),2,3,slide,4,1.0,6,,2
516-幸せになれる隠しコマンドがあるらしい-mas,14,142,22,38.0282,R,6,slide,8,0,1,L8(tap),2,7,slide,1,1.0,1,,2
516-幸せになれる隠しコマンドがあるらしい-mas,14,142,39,66.1268,R,7,tap,,0,1,,1,5,tap,2,0.5,8,hold:6>None,3
516-幸せになれる隠しコマンドがあるらしい-mas,14,142,40,68.9789,L,3,slide,6,0,1,,1,4,tap,1,0.75,8,,3
516-幸せになれる隠しコマンドがあるらしい-mas,14,142,42,72.3592,R,7,slide,2,0,1,,1,8,tap,1,0.75,4,,3
516-幸せになれる隠しコマンドがあるらしい-mas,14,142,54,92.5352,R,6,slide,4,0,1,L7(star),2,4,tap,2,1.5,7,slide:7>1,4
516-幸せになれる隠しコマンドがあるらしい-mas,14,142,54,93.3803,R,7,slide,4,0,1,,1,6,slide,1,2.0,8,,4
516-幸せになれる隠しコマンドがあるらしい-mas,14,142,56,95.9155,L,2,slide,5,0,1,R5(slide),2,5,slide,3,1.0,5,slide:5>2,4
516-幸せになれる隠しコマンドがあるらしい-mas,14,142,57,97.6056,L,3,slide,6,0,1,R7(slide),2,7,slide,4,1.0,7,slide:7>2,4
516-幸せになれる隠しコマンドがあるらしい-mas,14,142,57,97.6056,R,7,slide,2,0,1,L3(slide),2,3,slide,4,1.0,2,slide:3>6,4
516-幸せになれる隠しコマンドがあるらしい-mas,14,142,77,130.5634,L,3,star,,0,1,R2(slide),2,5,slide,2,1.0,8,slide:2>3,5
516-幸せになれる隠しコマンドがあるらしい-mas,14,142,79,135.2113,L,2,slide,7,0,1,R6(slide),2,6,slide,4,1.0,6,slide:6>3,5
516-幸せになれる隠しコマンドがあるらしい-mas,14,142,79,135.2113,R,6,slide,3,0,1,L2(slide),2,2,slide,4,1.0,2,slide:2>7,5
516-幸せになれる隠しコマンドがあるらしい-mas,14,142,81,137.3239,L,3,star,,0,1,R2(slide),2,5,slide,2,1.0,8,slide:2>3,5
516-幸せになれる隠しコマンドがあるらしい-mas,14,142,83,141.9718,L,2,slide,7,0,1,R6(slide),2,6,slide,4,1.0,6,slide:6>3,5
516-幸せになれる隠しコマンドがあるらしい-mas,14,142,83,141.9718,R,6,slide,3,0,1,L2(slide),2,2,slide,4,1.0,2,slide:2>7,5
533-最終鬼畜妹フランドール・S-remas,13.7,200,8,9.9,R,7,tap,,0,1,,1,1,slide,2,2.0,4,hold:6>None,1
533-最終鬼畜妹フランドール・S-remas,13.7,200,8,10.5,L,2,tap,,0,1,,1,6,hold,4,3.0,8,hold:4>None,1
533-最終鬼畜妹フランドール・S-remas,13.7,200,9,11.1,R,6,tap,,0,1,,1,4,hold,2,3.0,2,hold:8>None,1
533-最終鬼畜妹フランドール・S-remas,13.7,200,12,15.3,L,3,tap,,0,2,,1,7,hold,4,3.0,3,hold:5>None,1
533-最終鬼畜妹フランドール・S-remas,13.7,200,13,15.6,L,3,hold,,0,2,,1,3,tap,0,1.0,7,,1
533-最終鬼畜妹フランドール・S-remas,13.7,200,57,68.4,R,6,star,,0,1,,1,2,slide,4,1.0,6,slide:5>4,3
533-最終鬼畜妹フランドール・S-remas,13.7,200,57,68.7,R,6,slide,2,0,1,,1,6,star,0,1.0,3,slide:5>4,3
533-最終鬼畜妹フランドール・S-remas,13.7,200,58,70.2,R,6,star,,0,1,,1,8,slide,2,1.0,6,slide:5>4,3
533-最終鬼畜妹フランドール・S-remas,13.7,200,58,70.5,R,6,slide,1,0,1,,1,6,star,0,1.0,2,slide:5>4,3
533-最終鬼畜妹フランドール・S-remas,13.7,200,70,85.2,L,2,slide,7,0,1,R2(hold),2,1,tap,1,1.0,8,hold:2>None,4
533-最終鬼畜妹フランドール・S-remas,13.7,200,100,120.225,L,2,tap,,0,1,,1,4,tap,2,0.5,6,,5
533-最終鬼畜妹フランドール・S-remas,13.7,200,100,120.675,R,7,tap,,0,1,,1,5,tap,2,0.5,3,,5
533-最終鬼畜妹フランドール・S-remas,13.7,200,100,121.125,L,2,tap,,0,1,,1,4,tap,2,0.5,7,,5
533-最終鬼畜妹フランドール・S-remas,13.7,200,102,122.625,R,6,tap,,0,1,,1,8,tap,2,0.5,2,,5
533-最終鬼畜妹フランドール・S-remas,13.7,200,102,123.075,L,3,tap,,0,1,,1,1,tap,2,0.5,7,,5
533-最終鬼畜妹フランドール・S-remas,13.7,200,102,123.525,R,6,tap,,0,1,,1,8,tap,2,0.5,2,,5
547-HERA-mas,14.3,185,17,22.2162,R,6,hold,,0,2,,1,8,tap,2,1.0,2,,1
547-HERA-mas,14.3,185,17,23.027,L,3,tap,,0,2,,1,7,hold,4,1.5,3,hold:2>None,1
547-HERA-mas,14.3,185,17,23.1892,L,3,hold,,0,2,,1,3,tap,0,0.5,5,,1
547-HERA-mas,14.3,185,19,24.6486,R,6,tap,,0,2,,1,2,slide,4,2.5,6,slide:7>1,1
547-HERA-mas,14.3,185,19,24.8108,R,6,hold,,0,2,,1,6,tap,0,0.5,2,,1
547-HERA-mas,14.3,185,19,25.6216,L,3,tap,,0,2,,1,7,hold,4,1.5,3,hold:2>None,1
547-HERA-mas,14.3,185,19,25.7838,L,3,hold,,0,2,,1,3,tap,0,0.5,8,,1
547-HERA-mas,14.3,185,21,27.4054,L,2,hold,,0,2,,1,6,slide,4,1.0,6,,2
547-HERA-mas,14.3,185,21,28.2162,R,7,tap,,0,2,,1,3,hold,4,1.5,7,hold:6>None,2
547-HERA-mas,14.3,185,21,28.3784,R,7,hold,,0,2,,1,7,tap,0,0.5,4,,2
547-HERA-mas,14.3,185,30,40.5405,L,3,slide,7,0,1,,1,7,slide,4,16.0,6,,2
547-HERA-mas,14.3,185,40,52.7027,L,2,tap,,0,2,,1,1,tap,1,0.5,2,slide:3>7,2
547-HERA-mas,14.3,185,40,52.8649,L,2,tap,,1,2,,1,2,tap,0,0.5,1,slide:3>7,2
547-HERA-mas,14.3,185,49,64.2162,R,6,hold,,0,1,,1,8,hold,2,2.0,8,,3
547-HERA-mas,14.3,185,50,65.5135,L,3,hold,,0,1,,1,1,hold,2,2.0,1,,3
547-HERA-mas,14.3,185,52,67.9459,R,7,hold,,0,1,,1,1,slide,2,1.5,4,,3
547-HERA-mas,14.3,185,53,69.4054,L,3,hold,,0,1,,1,1,hold,2,2.0,1,,3
547-HERA-mas,14.3,185,54,70.7027,R,6,hold,,0,1,,1,8,hold,2,2.0,8,,3
547-HERA-mas,14.3,185,56,73.1351,L,2,hold,,0,1,,1,8,slide,2,1.5,5,,3
547-HERA-mas,14.3,185,84,109.4595,R,6,tap,,0,1,,1,8,tap,2,0.5,2,,5
547-HERA-mas,14.3,185,86,112.0541,L,3,tap,,0,1,,1,1,tap,2,0.5,7,,5
547-HERA-mas,14.3,185,86,112.2973,R,6,tap,,0,1,,1,4,star,2,0.5,4,,5
547-HERA-mas,14.3,185,88,114.6486,R,7,tap,,0,1,,1,5,tap,2,0.5,3,,5
547-HERA-mas,14.3,185,88,114.8919,L,2,tap,,0,1,,1,8,star,2,0.5,8,,5
547-HERA-mas,14.3,185,90,117.2432,L,2,tap,,0,1,,1,4,tap,2,0.5,6,,5
547-HERA-mas,14.3,185,90,117.4865,R,7,tap,,0,1,,1,1,star,2,0.5,1,,5
547-HERA-mas,14.3,185,91,118.7027,R,6,hold,,0,1,,1,1,slide,3,3.25,8,,5
547-HERA-mas,14.3,185,92,120.0811,R,6,hold,,0,1,,1,8,hold,2,1.5,5,,5
547-HERA-mas,14.3,185,95,123.8919,L,3,hold,,0,1,,1,1,hold,2,2.0,1,,5
547-HERA-mas,14.3,185,96,125.2703,L,3,hold,,0,1,,1,1,hold,2,1.5,4,,5
547-HERA-mas,14.3,185,104,135.8919,L,3,slide,7,0,1,R7(slide),2,7,slide,4,1.0,,slide:3>7,5
547-HERA-mas,14.3,185,104,135.8919,R,7,slide,3,0,1,L3(slide),2,3,slide,4,1.0,,slide:7>3,5
55-ウッーウッーウマウマ(ﾟ∀ﾟ)-mas,13.4,164,9,13.1707,R,7,tap,,0,1,L6(hold),2,5,tap,2,6.5,8,hold:6>None,1
55-ウッーウッーウマウマ(ﾟ∀ﾟ)-mas,13.4,164,21,31.0067,R,6,tap,,0,1,L7(tap),2,4,tap,2,1.0,3,,2
55-ウッーウッーウマウマ(ﾟ∀ﾟ)-mas,13.4,164,21,31.3703,L,2,tap,,0,1,R3(tap),2,7,tap,3,1.0,7,,2
55-ウッーウッーウマウマ(ﾟ∀ﾟ)-mas,13.4,164,24,35.0067,L,3,tap,,0,1,R2(tap),2,7,tap,4,1.0,6,,2
55-ウッーウッーウマウマ(ﾟ∀ﾟ)-mas,13.4,164,24,35.3703,R,7,tap,,0,1,L6(tap),2,2,tap,3,1.0,3,,2
55-ウッーウッーウマウマ(ﾟ∀ﾟ)-mas,13.4,164,25,36.8248,R,6,tap,,0,2,L7(tap),2,5,tap,1,1.0,3,,2
55-ウッーウッーウマウマ(ﾟ∀ﾟ)-mas,13.4,164,25,37.1885,L,2,tap,,0,1,R3(tap),2,7,tap,3,1.0,7,,2
55-ウッーウッーウマウマ(ﾟ∀ﾟ)-mas,13.4,164,27,39.5527,R,7,tap,,0,1,L6(tap),2,2,tap,3,1.497,2,,3
55-ウッーウッーウマウマ(ﾟ∀ﾟ)-mas,13.4,164,28,41.3764,R,7,tap,,0,1,L6(tap),2,1,tap,2,1.0,1,,3
55-ウッーウッーウマウマ(ﾟ∀ﾟ)-mas,13.4,164,28,42.1059,R,7,tap,,0,1,L6(tap),2,1,tap,2,1.0,2,,3
55-ウッーウッーウマウマ(ﾟ∀ﾟ)-mas,13.4,164,30,44.2943,L,2,tap,,1,1,R3(tap),2,5,tap,3,1.0,5,,3
55-ウッーウッーウマウマ(ﾟ∀ﾟ)-mas,13.4,164,30,45.0238,L,3,tap,,0,1,R2(tap),2,5,tap,2,1.0,5,,3
55-ウッーウッーウマウマ(ﾟ∀ﾟ)-mas,13.4,164,36,52.8602,R,6,tap,,0,1,L7(tap),2,4,tap,2,1.5,3,,3
55-ウッーウッーウマウマ(ﾟ∀ﾟ)-mas,13.4,164,36,53.2238,L,2,tap,,0,1,R3(tap),2,7,tap,3,1.0,7,,3
55-ウッーウッーウマウマ(ﾟ∀ﾟ)-mas,13.4,164,36,53.5875,R,6,tap,,0,1,L7(tap),2,3,tap,3,1.0,5,,3
55-ウッーウッーウマウマ(ﾟ∀ﾟ)-mas,13.4,164,42,61.5875,L,2,tap,,0,1,R3(tap),2,1,tap,1,1.5,7,,4
55-ウッーウッーウマウマ(ﾟ∀ﾟ)-mas,13.4,164,42,61.9511,R,6,tap,,0,1,L7(tap),2,3,tap,3,1.0,1,,4
55-ウッーウッーウマウマ(ﾟ∀ﾟ)-mas,13.4,164,52,76.3562,R,7,slide,2,0,1,,1,5,tap,2,2.0,3,,4
562-ENERGY SYNERGY MATRIX-mas,13.9,160,3,4.5,L,2,hold,,0,1,,1,6,tap,4,1.0,4,,1
562-ENERGY SYNERGY MATRIX-mas,13.9,160,3,5.25,R,7,hold,,0,1,,1,3,hold,4,1.25,5,,1
562-ENERGY SYNERGY MATRIX-mas,13.9,160,26,40.5,R,6,tap,,1,1,,1,2,hold,4,2.0,5,hold:8>None,2
562-ENERGY SYNERGY MATRIX-mas,13.9,160,52,78.75,L,3,tap,,0,3,R2(tap),2,1,tap,2,1.0,4,,4
562-ENERGY SYNERGY MATRIX-mas,13.9,160,53,80.25,R,7,tap,,0,3,L6(tap),2,5,tap,2,1.0,8,,4
562-ENERGY SYNERGY MATRIX-mas,13.9,160,68,103.125,L,3,tap,,0,1,R1(star),2,6,tap,3,0.75,6,slide:1>4,5
562-ENERGY SYNERGY MATRIX-mas,13.9,160,74,112.0312,L,3,slide,7,0,1,,1,5,slide,2,0.75,6,,5
562-ENERGY SYNERGY MATRIX-mas,13.9,160,76,115.0312,L,2,slide,7,0,1,,1,8,slide,2,0.75,6,,5
57-ナイト・オブ・ナイツ-mas,13.3,180,28,37.75,R,7,tap,,0,1,,1,1,tap,2,0.75,4,,2
57-ナイト・オブ・ナイツ-mas,13.3,180,47,63.6667,R,6,tap,,1,2,L7(tap),2,5,tap,1,1.0,3,,3
57-ナイト・オブ・ナイツ-mas,13.3,180,50,67.8333,L,2,hold,,0,1,,1,8,tap,2,1.5,1,,4
57-ナイト・オブ・ナイツ-mas,13.3,180,54,73.0,L,2,tap,,0,1,,1,6,hold,4,2.0,8,,4
57-ナイト・オブ・ナイツ-mas,13.3,180,55,73.6667,R,6,tap,,0,1,,1,4,hold,2,3.0,3,hold:8>None,4
57-ナイト・オブ・ナイツ-remas,14.4,180,78,104.25,L,3,tap,,0,1,,1,5,slide,2,0.75,7,,5
58-おちゃめ機能-mas,13.6,150,15,24.0,L,2,hold,,0,1,,1,7,tap,3,0.5,6,,2
58-おちゃめ機能-mas,13.6,150,33,52.8,L,2,hold,,0,1,,1,7,tap,3,0.5,6,,3
58-おちゃめ機能-mas,13.6,150,37,59.2,L,2,tap,,1,1,R3(tap),2,6,tap,4,1.0,5,,4
58-おちゃめ機能-mas,13.6,150,38,61.3,L,2,tap,,0,1,,1,4,tap,2,1.25,8,,4
58-おちゃめ機能-mas,13.6,150,39,63.0,R,6,tap,,0,1,,1,5,tap,1,1.5,2,,4
58-おちゃめ機能-mas,13.6,150,48,77.6,R,7,tap,,0,1,,1,3,tap,4,0.5,3,,5
59-マトリョシカ-remas,13.3,205,13,15.5122,L,2,slide,7,0,1,,1,7,tap,3,2.5,6,,1
59-マトリョシカ-remas,13.3,205,15,17.8537,R,7,slide,2,0,1,,1,2,tap,3,2.5,3,,1
59-マトリョシカ-remas,13.3,205,17,20.1951,L,2,slide,7,0,1,,1,7,tap,3,2.5,6,,1
59-マトリョシカ-remas,13.3,205,25,29.561,L,3,slide,8,0,1,,1,6,tap,3,2.5,1,,2
59-マトリョシカ-remas,13.3,205,30,35.7073,R,6,star,,0,1,L1(slide),2,2,hold,4,2.5,3,slide:1>6,2
59-マトリョシカ-remas,13.3,205,30,36.2927,L,3,slide,8,0,1,R8(star),2,6,slide,3,1.0,8,,2
59-マトリョシカ-remas,13.3,205,82,96.5854,R,7,tap,,0,1,L4(slide),2,4,star,3,1.0,2,slide:1>4,5
59-マトリョシカ-remas,13.3,205,86,101.2683,L,2,tap,,0,1,R5(slide),2,5,star,3,1.0,7,slide:8>5,5
591-Moon of Noon-mas,14.4,200,0,0.3,L,2,tap,,0,1,,1,,,,,3,hold:1>None,1
591-Moon of Noon-mas,14.4,200,0,0.9,L,3,tap,,0,1,,1,2,tap,1,2.0,4,hold:1>None,1
591-Moon of Noon-mas,14.4,200,14,17.4,R,7,hold,,0,1,L6(hold),2,3,slide,4,2.0,8,hold:6>None,1
591-Moon of Noon-mas,14.4,200,18,22.2,L,2,hold,,0,1,R3(hold),2,6,slide,4,2.0,1,hold:3>None,1
591-Moon of Noon-mas,14.4,200,20,24.45,L,2,tap,,0,1,,1,1,hold,1,1.5,1,hold:4>None,2
591-Moon of Noon-mas,14.4,200,20,25.05,L,2,tap,,0,1,,1,1,hold,1,1.5,1,hold:4>None,2
591-Moon of Noon-mas,14.4,200,22,26.85,R,7,tap,,0,1,,1,8,hold,1,1.5,8,hold:5>None,2
591-Moon of Noon-mas,14.4,200,22,27.45,R,7,tap,,0,1,,1,8,hold,1,1.5,8,hold:5>None,2
591-Moon of Noon-mas,14.4,200,24,29.25,L,3,tap,,0,1,,1,1,hold,2,1.5,1,hold:4>None,2
591-Moon of Noon-mas,14.4,200,24,29.85,L,3,tap,,0,1,,1,1,hold,2,1.5,1,hold:4>None,2
591-Moon of Noon-mas,14.4,200,26,31.95,R,7,tap,,0,1,,1,5,hold,2,1.5,5,hold:8>None,2
591-Moon of Noon-mas,14.4,200,39,47.4,L,2,tap,,0,2,R3(tap),2,1,tap,1,1.0,4,,3
591-Moon of Noon-mas,14.4,200,50,60.45,R,7,tap,,0,1,L6(tap),2,5,tap,2,0.5,8,,3
591-Moon of Noon-mas,14.4,200,66,79.65,L,3,slide,6,0,1,,1,7,tap,4,1.5,1,,4
591-Moon of Noon-mas,14.4,200,67,81.0,L,2,slide,6,0,1,,1,1,slide,1,1.5,3,,4
591-Moon of Noon-mas,14.4,200,67,81.45,L,3,slide,6,0,1,,1,2,slide,1,1.5,1,,4
591-Moon of Noon-mas,14.4,200,71,85.5,R,6,slide,2,0,1,,1,4,slide,2,1.5,3,slide:7>1,4
591-Moon of Noon-mas,14.4,200,71,86.1,L,3,slide,5,0,1,,1,7,slide,4,1.5,7,slide:2>6,4
591-Moon of Noon-mas,14.4,200,74,89.25,R,6,slide,3,0,1,,1,2,tap,4,1.5,8,,4
591-Moon of Noon-mas,14.4,200,75,90.6,R,7,slide,3,0,1,,1,8,slide,1,1.5,6,,4
591-Moon of Noon-mas,14.4,200,75,91.05,R,6,slide,3,0,1,,1,7,slide,1,1.5,8,,4
591-Moon of Noon-mas,14.4,200,79,95.1,L,3,slide,7,0,1,,1,5,slide,2,1.5,6,slide:2>8,5
591-Moon of Noon-mas,14.4,200,79,95.7,R,6,slide,4,0,1,,1,2,slide,4,1.5,2,slide:7>3,5
591-Moon of Noon-mas,14.4,200,84,101.1,R,6,slide,3,0,1,L7(tap),2,2,tap,4,3.0,6,,5
591-Moon of Noon-mas,14.4,200,84,101.7,R,6,slide,3,0,1,L7(tap),2,6,slide,0,2.0,6,,5
591-Moon of Noon-mas,14.4,200,85,102.3,R,6,slide,3,0,1,L7(tap),2,6,slide,0,2.0,6,,5
591-Moon of Noon-mas,14.4,200,85,102.6,R,6,slide,1,0,1,L7(tap),2,6,slide,0,1.0,6,,5
591-Moon of Noon-mas,14.4,200,85,102.9,R,6,slide,3,0,1,L7(tap),2,6,slide,0,1.0,8,,5
591-Moon of Noon-mas,14.4,200,88,105.9,L,3,slide,6,0,1,R2(tap),2,4,slide,1,5.0,3,,5
591-Moon of Noon-mas,14.4,200,88,106.5,L,3,slide,6,0,1,R2(tap),2,3,slide,0,2.0,3,,5
591-Moon of Noon-mas,14.4,200,89,107.1,L,3,slide,6,0,1,R2(tap),2,3,slide,0,2.0,3,,5
591-Moon of Noon-mas,14.4,200,89,107.4,L,3,slide,8,0,1,R2(tap),2,3,slide,0,1.0,3,,5
591-Moon of Noon-mas,14.4,200,89,107.7,L,3,slide,6,0,1,R2(tap),2,3,slide,0,1.0,1,,5
591-Moon of Noon-mas,14.4,200,96,116.1,R,6,tap,,0,1,,1,2,tap,4,0.667,1,,5
592-前前前世-mas,13,190,1,1.8947,R,6,slide,3,0,1,L8(tap),2,8,hold,2,2.5,2,,1
592-前前前世-mas,13,190,3,4.4211,L,3,slide,6,0,1,R1(tap),2,1,hold,2,2.5,7,,1
592-前前前世-mas,13,190,44,55.8947,L,2,hold,,0,1,,1,5,tap,3,2.0,4,,3
592-前前前世-mas,13,190,48,60.9474,R,7,hold,,0,1,,1,4,tap,3,2.0,5,,3
592-前前前世-mas,13,190,50,64.4211,R,7,slide,3,0,1,L6(star),2,8,slide,1,1.0,5,slide:6>2,3
592-前前前世-mas,13,190,71,90.9474,L,3,star,,0,1,R8(slide),2,8,star,3,1.0,4,slide:5>8,5
592-前前前世-mas,13,190,75,95.3684,L,3,slide,6,0,1,R1(tap),2,1,hold,2,2.5,8,,5
592-前前前世-mas,13,190,79,100.4211,R,6,slide,3,0,1,L8(tap),2,8,hold,2,2.5,1,,5
60-39-mas,13,175,0,0.0,L,2,hold,,0,1,,1,,,,,4,,1
60-39-mas,13,175,1,2.5714,R,7,tap,,0,1,,1,5,tap,2,3.0,1,,1
60-39-mas,13,175,2,3.4286,R,7,hold,,0,1,,1,1,tap,2,1.0,5,,1
60-39-mas,13,175,4,6.0,L,2,tap,,0,1,,1,4,tap,2,3.0,8,,1
60-39-mas,13,175,20,28.6286,R,7,tap,,0,1,L6(tap),2,4,tap,3,1.0,1,,2
60-39-mas,13,175,21,29.3143,L,2,tap,,0,1,R3(tap),2,8,tap,2,1.0,5,,2
60-39-mas,13,175,27,37.2,L,3,tap,,0,1,,1,7,hold,4,3.5,1,,2
60-39-mas,13,175,29,39.9429,L,2,tap,,0,1,,1,6,hold,4,3.5,5,,2
60-39-mas,13,175,38,52.6286,R,6,tap,,0,1,L7(tap),2,2,tap,4,1.0,4,,3
60-39-mas,13,175,73,100.2857,R,7,hold,,0,1,,1,2,slide,3,2.0,2,,5
60-39-mas,13,175,74,102.3429,R,7,hold,,0,1,,1,2,hold,3,3.0,8,,5
60-39-mas,13,175,76,104.7429,R,7,hold,,0,1,,1,2,hold,3,3.0,3,,5
60-39-mas,13,175,77,106.8,R,6,hold,,0,1,,1,3,hold,3,3.0,2,,5
60-39-mas,13,175,80,110.7429,R,7,hold,,0,1,,1,2,tap,3,0.5,1,,5
60-39-mas,13,175,81,111.7714,L,2,hold,,0,1,,1,8,tap,2,1.5,5,,5
60-39-mas,13,175,82,112.8,R,6,hold,,0,1,,1,1,tap,3,1.5,4,,5
60-39-mas,13,175,83,113.8286,L,3,hold,,0,1,,1,5,tap,2,1.5,,,5
607-D✪N’T ST✪P R✪CKIN’-mas,13.8,140,2,4.0714,L,2,tap,,0,1,,1,1,tap,1,0.5,3,slide:8>4,1
607-D✪N’T ST✪P R✪CKIN’-mas,13.8,140,2,4.7143,L,3,slide,7,0,1,R2(tap),2,2,tap,1,1.5,8,,1
607-D✪N’T ST✪P R✪CKIN’-mas,13.8,140,4,7.5,L,3,tap,,0,3,R2(tap),2,1,tap,2,1.0,4,,1
607-D✪N’T ST✪P R✪CKIN’-mas,13.8,140,5,9.2143,R,7,tap,,0,3,L6(tap),2,5,tap,2,1.0,8,,1
607-D✪N’T ST✪P R✪CKIN’-mas,13.8,140,9,16.7143,R,7,slide,3,0,1,L2(tap),2,2,slide,3,1.0,5,,1
607-D✪N’T ST✪P R✪CKIN’-mas,13.8,140,9,16.7143,L,2,tap,,0,1,R7(slide),2,7,star,3,1.0,7,slide:2>7,1
607-D✪N’T ST✪P R✪CKIN’-mas,13.8,140,11,20.1429,L,2,slide,6,0,1,R7(tap),2,7,slide,3,1.0,4,,1
607-D✪N’T ST✪P R✪CKIN’-mas,13.8,140,11,20.1429,R,7,tap,,1,1,L2(slide),2,2,star,3,1.0,2,slide:7>2,1
607-D✪N’T ST✪P R✪CKIN’-mas,13.8,140,13,23.5714,R,7,slide,3,0,1,L2(tap),2,2,slide,3,1.0,5,,1
607-D✪N’T ST✪P R✪CKIN’-mas,13.8,140,13,23.5714,L,2,tap,,0,1,R7(slide),2,7,star,3,1.0,7,slide:2>7,1
607-D✪N’T ST✪P R✪CKIN’-mas,13.8,140,14,25.5,R,7,tap,,0,1,L6(tap),2,2,tap,3,1.0,2,,1
607-D✪N’T ST✪P R✪CKIN’-mas,13.8,140,15,26.1429,L,3,tap,,0,1,R2(tap),2,5,tap,2,1.0,7,,2
607-D✪N’T ST✪P R✪CKIN’-mas,13.8,140,16,28.0714,L,3,slide,6,0,1,R7(slide),2,6,slide,3,0.5,8,slide:2>7,2
607-D✪N’T ST✪P R✪CKIN’-mas,13.8,140,16,28.0714,R,7,slide,2,0,1,L3(slide),2,2,slide,3,0.5,1,slide:6>3,2
607-D✪N’T ST✪P R✪CKIN’-mas,13.8,140,17,29.7857,L,3,slide,6,0,1,R7(slide),2,6,slide,3,0.5,5,slide:2>7,2
607-D✪N’T ST✪P R✪CKIN’-mas,13.8,140,17,29.7857,R,7,slide,2,0,1,L3(slide),2,2,slide,3,0.5,4,slide:6>3,2
607-D✪N’T ST✪P R✪CKIN’-mas,13.8,140,20,34.9286,L,2,slide,7,0,1,R6(slide),2,7,slide,3,0.5,8,slide:3>6,2
607-D✪N’T ST✪P R✪CKIN’-mas,13.8,140,20,34.9286,R,6,slide,3,0,1,L2(slide),2,3,slide,3,0.5,1,slide:7>2,2
607-D✪N’T ST✪P R✪CKIN’-mas,13.8,140,21,36.6429,L,2,slide,7,0,1,R6(slide),2,7,slide,3,0.5,5,slide:3>6,2
607-D✪N’T ST✪P R✪CKIN’-mas,13.8,140,21,36.6429,R,6,slide,3,0,1,L2(slide),2,3,slide,3,0.5,4,slide:7>2,2
607-D✪N’T ST✪P R✪CKIN’-mas,13.8,140,27,46.7143,R,7,slide,3,0,1,,1,5,tap,2,0.5,4,,2
607-D✪N’T ST✪P R✪CKIN’-mas,13.8,140,29,50.1429,L,2,slide,6,0,1,,1,4,tap,2,0.5,5,,3
607-D✪N’T ST✪P R✪CKIN’-mas,13.8,140,32,55.7143,L,2,hold,,0,1,,1,8,tap,2,0.5,2,hold:1>None,3
607-D✪N’T ST✪P R✪CKIN’-mas,13.8,140,33,57.2143,L,2,tap,,0,1,,1,2,hold,0,3.5,4,hold:3>None,3
607-D✪N’T ST✪P R✪CKIN’-mas,13.8,140,35,60.0,R,7,hold,,0,1,,1,5,tap,2,0.5,1,hold:6>None,3
607-D✪N’T ST✪P R✪CKIN’-mas,13.8,140,36,62.5714,R,7,hold,,0,1,,1,1,tap,2,0.5,7,hold:8>None,3
607-D✪N’T ST✪P R✪CKIN’-mas,13.8,140,37,64.0714,R,7,tap,,0,1,,1,7,hold,0,3.5,5,hold:6>None,3
607-D✪N’T ST✪P R✪CKIN’-mas,13.8,140,39,66.8571,L,2,hold,,0,1,,1,4,tap,2,0.5,7,hold:3>None,3
607-D✪N’T ST✪P R✪CKIN’-mas,13.8,140,40,69.2143,R,6,tap,,0,1,L7(tap),2,8,tap,2,1.0,5,,3
607-D✪N’T ST✪P R✪CKIN’-mas,13.8,140,41,70.9286,L,2,tap,,0,1,R3(tap),2,4,tap,2,1.0,1,,3
607-D✪N’T ST✪P R✪CKIN’-mas,13.8,140,48,82.9286,L,3,slide,6,0,1,R7(slide),2,6,slide,3,0.5,6,slide:2>7,4
607-D✪N’T ST✪P R✪CKIN’-mas,13.8,140,48,82.9286,R,7,slide,2,0,1,L3(slide),2,2,slide,3,0.5,2,slide:6>3,4
607-D✪N’T ST✪P R✪CKIN’-mas,13.8,140,50,86.3571,L,3,slide,6,0,1,R7(slide),2,6,slide,3,0.5,6,slide:2>7,4
607-D✪N’T ST✪P R✪CKIN’-mas,13.8,140,50,86.3571,R,7,slide,2,0,1,L3(slide),2,2,slide,3,0.5,2,slide:6>3,4
607-D✪N’T ST✪P R✪CKIN’-mas,13.8,140,52,89.7857,L,2,slide,7,0,1,R6(slide),2,7,slide,3,0.5,7,slide:3>6,4
607-D✪N’T ST✪P R✪CKIN’-mas,13.8,140,52,89.7857,R,6,slide,3,0,1,L2(slide),2,3,slide,3,0.5,3,slide:7>2,4
607-D✪N’T ST✪P R✪CKIN’-mas,13.8,140,54,93.2143,L,2,slide,7,0,1,R6(slide),2,7,slide,3,0.5,7,slide:3>6,4
607-D✪N’T ST✪P R✪CKIN’-mas,13.8,140,54,93.2143,R,6,slide,3,0,1,L2(slide),2,3,slide,3,0.5,3,slide:7>2,4
607-D✪N’T ST✪P R✪CKIN’-remas,13.5,140,2,3.8571,L,3,star,,0,1,,1,5,hold,2,3.0,4,hold:2>None,1
607-D✪N’T ST✪P R✪CKIN’-remas,13.5,140,2,4.2857,L,3,slide,6,0,1,,1,4,tap,1,0.5,5,,1
607-D✪N’T ST✪P R✪CKIN’-remas,13.5,140,20,35.1429,R,7,slide,2,0,1,,1,3,slide,4,1.0,5,,2
607-D✪N’T ST✪P R✪CKIN’-remas,13.5,140,24,42.0,R,7,slide,2,0,1,,1,3,slide,4,1.0,4,,2
607-D✪N’T ST✪P R✪CKIN’-remas,13.5,140,41,70.2857,R,6,tap,,0,2,L5(hold),2,4,tap,2,1.0,6,hold:5>None,3
607-D✪N’T ST✪P R✪CKIN’-remas,13.5,140,41,70.5,R,6,tap,,0,2,,1,6,tap,0,0.5,7,hold:5>None,3
607-D✪N’T ST✪P R✪CKIN’-remas,13.5,140,41,70.7143,R,7,tap,,0,2,,1,6,tap,1,0.5,7,hold:5>None,3
607-D✪N’T ST✪P R✪CKIN’-remas,13.5,140,41,70.9286,R,7,tap,,0,2,,1,7,tap,0,0.5,8,hold:5>None,3
607-D✪N’T ST✪P R✪CKIN’-remas,13.5,140,43,73.7143,L,3,tap,,0,2,R4(hold),2,5,hold,2,8.0,3,hold:4>None,3
607-D✪N’T ST✪P R✪CKIN’-remas,13.5,140,43,73.9286,L,3,tap,,0,2,,1,3,tap,0,0.5,2,hold:4>None,3
607-D✪N’T ST✪P R✪CKIN’-remas,13.5,140,43,74.1429,L,2,tap,,0,2,,1,3,tap,1,0.5,2,hold:4>None,3
607-D✪N’T ST✪P R✪CKIN’-remas,13.5,140,43,74.3571,L,2,tap,,0,2,,1,2,tap,0,0.5,1,hold:4>None,3
607-D✪N’T ST✪P R✪CKIN’-remas,13.5,140,57,98.3036,L,3,tap,,0,1,,1,4,tap,1,0.125,7,slide:2>7,4
607-D✪N’T ST✪P R✪CKIN’-remas,13.5,140,57,98.5714,R,6,slide,3,0,1,,1,2,slide,4,1.0,5,,4
607-D✪N’T ST✪P R✪CKIN’-remas,13.5,140,59,101.7321,L,2,tap,,0,1,,1,1,tap,1,0.125,7,slide:3>6,4
607-D✪N’T ST✪P R✪CKIN’-remas,13.5,140,59,102.0,R,7,slide,2,0,1,,1,3,slide,4,1.0,8,,4
607-D✪N’T ST✪P R✪CKIN’-remas,13.5,140,61,105.1607,R,7,tap,,0,1,,1,8,tap,1,0.125,3,slide:6>3,5
607-D✪N’T ST✪P R✪CKIN’-remas,13.5,140,61,105.4286,L,2,slide,7,0,1,,1,6,slide,4,1.0,1,,5
607-D✪N’T ST✪P R✪CKIN’-remas,13.5,140,63,108.5893,R,6,tap,,0,1,,1,5,tap,1,0.125,1,slide:7>2,5
607-D✪N’T ST✪P R✪CKIN’-remas,13.5,140,63,108.8571,L,3,slide,6,0,1,,1,7,slide,4,1.0,5,,5
607-D✪N’T ST✪P R✪CKIN’-remas,13.5,140,72,123.8571,L,2,slide,7,0,1,R6(slide),2,6,slide,4,1.0,5,slide:6>3,5
607-D✪N’T ST✪P R✪CKIN’-remas,13.5,140,72,123.8571,R,6,slide,3,0,1,L2(slide),2,2,slide,4,1.0,1,slide:2>7,5
61-天国と地獄-mas,13.4,175,9,12.6857,R,6,tap,,0,1,L7(tap),2,8,tap,2,1.0,5,,1
61-天国と地獄-mas,13.4,175,12,16.8,L,2,tap,,0,1,,1,1,tap,1,1.5,8,hold:3>None,1
61-天国と地獄-mas,13.4,175,16,22.2857,R,7,tap,,0,1,,1,8,tap,1,1.5,1,hold:6>None,2
61-天国と地獄-mas,13.4,175,34,46.6286,R,7,tap,,0,1,L6(tap),2,8,tap,1,2.0,2,,3
61-天国と地獄-mas,13.4,175,36,49.3714,L,3,tap,,0,1,R2(tap),2,4,tap,1,2.0,6,,3
61-天国と地獄-mas,13.4,175,38,52.1143,L,2,tap,,0,1,R3(tap),2,1,tap,1,2.0,7,,3
61-天国と地獄-mas,13.4,175,40,55.3714,R,7,tap,,0,1,,1,8,tap,1,0.75,5,,3
61-天国と地獄-mas,13.4,175,46,63.4286,L,2,tap,,0,1,,1,1,tap,1,1.5,8,hold:3>None,3
61-天国と地獄-mas,13.4,175,50,68.9143,R,7,tap,,0,1,,1,8,tap,1,1.5,1,hold:6>None,4
61-天国と地獄-mas,13.4,175,68,93.2571,R,7,tap,,0,1,L6(tap),2,8,tap,1,2.0,2,,5
61-天国と地獄-mas,13.4,175,70,96.0,L,3,tap,,0,1,R2(tap),2,4,tap,1,2.0,6,,5
61-天国と地獄-mas,13.4,175,72,98.7429,L,2,tap,,0,1,R3(tap),2,1,tap,1,2.0,7,,5
61-天国と地獄-mas,13.4,175,74,102.0,R,7,tap,,0,1,,1,8,tap,1,0.75,5,,5
630-planet dancer-remas,13.7,127,4,9.0945,L,2,tap,,0,1,,1,4,tap,2,0.5,4,,1
630-planet dancer-remas,13.7,127,5,11.2205,R,6,tap,,0,1,,1,2,hold,4,1.0,4,,1
630-planet dancer-remas,13.7,127,6,12.5197,R,6,tap,,0,2,,1,3,tap,3,0.5,6,hold:8>None,1
630-planet dancer-remas,13.7,127,6,12.6378,R,6,tap,,0,2,,1,6,tap,0,0.25,4,hold:8>None,1
630-planet dancer-remas,13.7,127,6,13.5827,L,3,slide,8,0,1,,1,8,hold,3,2.75,1,hold:3>None,1
630-planet dancer-remas,13.7,127,8,16.6535,R,7,tap,,0,1,,1,5,tap,2,0.5,5,,1
630-planet dancer-remas,13.7,127,9,18.7795,L,3,tap,,0,1,,1,7,hold,4,1.0,6,,1
630-planet dancer-remas,13.7,127,10,20.0787,R,6,tap,,0,2,,1,3,tap,3,0.5,6,hold:8>None,1
630-planet dancer-remas,13.7,127,10,20.1969,R,6,tap,,0,2,,1,6,tap,0,0.25,4,hold:8>None,1
630-planet dancer-remas,13.7,127,10,21.1417,L,3,slide,6,0,1,,1,8,hold,3,2.75,5,hold:3>None,1
630-planet dancer-remas,13.7,127,12,22.9134,R,7,tap,,0,1,,1,5,tap,2,0.5,5,hold:6>None,1
630-planet dancer-remas,13.7,127,12,23.8583,R,7,tap,,0,1,,1,5,hold,2,1.5,4,hold:6>None,1
630-planet dancer-remas,13.7,127,13,24.8031,R,7,tap,,0,1,,1,4,hold,3,1.5,3,hold:6>None,2
630-planet dancer-remas,13.7,127,13,25.748,R,7,tap,,0,1,,1,3,hold,4,1.5,2,hold:6>None,2
630-planet dancer-remas,13.7,127,14,26.6929,L,2,tap,,0,1,,1,4,tap,2,0.5,4,hold:3>None,2
630-planet dancer-remas,13.7,127,14,27.6378,L,2,tap,,0,1,,1,4,hold,2,1.5,5,hold:3>None,2
630-planet dancer-remas,13.7,127,15,28.5827,L,2,tap,,0,1,,1,5,hold,3,1.5,6,hold:3>None,2
630-planet dancer-remas,13.7,127,16,30.4724,R,7,tap,,0,1,,1,5,tap,2,0.5,5,hold:6>None,2
630-planet dancer-remas,13.7,127,16,31.4173,R,7,tap,,0,1,,1,5,hold,2,1.5,4,hold:6>None,2
630-planet dancer-remas,13.7,127,17,32.3622,R,7,tap,,0,1,,1,4,hold,3,1.5,3,hold:6>None,2
630-planet dancer-remas,13.7,127,17,32.8346,L,2,tap,,0,1,,1,6,hold,4,1.5,6,hold:3>None,2
630-planet dancer-remas,13.7,127,17,33.3071,R,7,tap,,0,1,,1,3,hold,4,1.5,2,hold:6>None,2
630-planet dancer-remas,13.7,127,18,34.252,L,2,tap,,0,1,,1,4,tap,2,0.5,4,hold:3>None,2
630-planet dancer-remas,13.7,127,18,35.1969,L,2,tap,,0,1,,1,4,hold,2,1.5,5,hold:3>None,2
630-planet dancer-remas,13.7,127,19,36.1417,L,2,tap,,0,1,,1,5,hold,3,1.5,6,hold:3>None,2
630-planet dancer-remas,13.7,127,19,36.6142,R,7,tap,,0,1,,1,3,hold,4,1.5,3,hold:6>None,2
630-planet dancer-remas,13.7,127,22,42.874,R,7,star,,0,1,,1,2,tap,3,0.5,8,slide:7>3,2
630-planet dancer-remas,13.7,127,25,47.7165,L,2,tap,,0,1,,1,7,tap,3,0.5,6,hold:4>None,2
630-planet dancer-remas,13.7,127,25,48.189,L,3,tap,,0,1,,1,6,tap,3,0.5,5,hold:4>None,2
630-planet dancer-remas,13.7,127,26,50.7874,R,6,tap,,0,1,L1(hold),2,3,tap,3,0.75,5,hold:1>None,3
630-planet dancer-remas,13.7,127,30,57.6378,R,7,tap,,0,2,,1,4,tap,3,0.75,7,hold:6>None,3
630-planet dancer-remas,13.7,127,30,57.7559,R,7,tap,,0,2,,1,7,tap,0,0.25,4,hold:6>None,3
630-planet dancer-remas,13.7,127,33,62.3622,R,7,tap,,0,1,,1,3,tap,4,0.5,1,hold:6>None,3
630-planet dancer-remas,13.7,127,34,65.1969,R,7,tap,,0,1,L6(tap),2,4,tap,3,0.5,2,,3
630-planet dancer-remas,13.7,127,34,65.9055,L,2,tap,,0,1,R3(tap),2,6,tap,4,1.5,2,slide:3>6,3
630-planet dancer-remas,13.7,127,34,66.0236,L,2,slide,7,0,1,R3(slide),2,2,tap,0,0.25,7,slide:3>6,3
630-planet dancer-remas,13.7,127,45,85.748,R,6,tap,,0,1,,1,2,tap,4,0.5,4,,4
630-planet dancer-remas,13.7,127,45,86.811,R,6,tap,,0,1,,1,2,hold,4,1.0,4,,4
630-planet dancer-remas,13.7,127,46,88.1102,R,6,tap,,0,2,,1,3,tap,3,0.5,6,hold:8>None,4
630-planet dancer-remas,13.7,127,46,88.2283,R,6,tap,,0,2,,1,6,tap,0,0.25,4,hold:8>None,4
630-planet dancer-remas,13.7,127,46,89.1732,L,3,slide,7,0,1,,1,8,hold,3,2.75,6,hold:3>None,4
630-planet dancer-remas,13.7,127,47,90.5906,R,7,slide,3,0,1,,1,3,hold,4,1.0,2,,4
630-planet dancer-remas,13.7,127,49,93.0709,R,7,tap,,0,1,,1,1,tap,2,0.5,3,hold:5>None,4
630-planet dancer-remas,13.7,127,49,93.8976,R,7,hold,,0,1,,1,5,tap,2,0.5,3,,4
630-planet dancer-remas,13.7,127,50,95.6693,L,3,tap,,0,2,,1,6,tap,3,0.5,3,hold:1>None,4
630-planet dancer-remas,13.7,127,50,95.7874,L,3,tap,,0,2,,1,3,tap,0,0.25,5,hold:1>None,4
630-planet dancer-remas,13.7,127,53,101.6929,L,2,hold,,0,1,,1,6,tap,4,0.75,8,,5
630-planet dancer-remas,13.7,127,54,103.2283,L,2,tap,,0,2,,1,5,tap,3,0.75,2,hold:3>None,5
630-planet dancer-remas,13.7,127,54,103.3465,L,2,tap,,0,2,,1,2,tap,0,0.25,8,hold:3>None,5
630-planet dancer-remas,13.7,127,54,104.2913,R,6,slide,2,0,1,,1,3,hold,3,2.75,1,hold:6>None,5
630-planet dancer-remas,13.7,127,56,107.5984,L,2,tap,,1,1,,1,7,tap,3,0.5,5,hold:4>None,5
631-アージェントシンメトリー-mas,13.5,172,9,14.1279,L,3,slide,6,0,1,,1,4,tap,1,1.0,5,,1
631-アージェントシンメトリー-mas,13.5,172,13,18.8372,L,2,tap,,0,1,R3(tap),2,1,tap,1,1.0,8,,1
631-アージェントシンメトリー-mas,13.5,172,14,19.5349,R,6,tap,,0,1,L7(tap),2,4,tap,2,1.0,1,,1
631-アージェントシンメトリー-mas,13.5,172,17,25.2907,R,6,slide,3,0,1,,1,5,tap,1,1.0,4,,1
631-アージェントシンメトリー-mas,13.5,172,21,30.0,R,7,tap,,0,1,L6(tap),2,8,tap,1,1.0,1,,2
631-アージェントシンメトリー-mas,13.5,172,22,30.6977,L,3,tap,,0,1,R2(tap),2,5,tap,2,1.0,8,,2
631-アージェントシンメトリー-mas,13.5,172,49,69.7674,L,3,slide,6,0,1,,1,6,slide,3,1.0,6,,3
631-アージェントシンメトリー-mas,13.5,172,51,72.5581,R,6,slide,3,0,1,,1,3,slide,3,1.0,2,,3
631-アージェントシンメトリー-mas,13.5,172,53,75.3488,L,2,slide,7,0,1,,1,7,slide,3,1.0,7,,3
631-アージェントシンメトリー-mas,13.5,172,55,78.1395,R,7,slide,2,0,1,,1,2,slide,3,1.0,5,,3
631-アージェントシンメトリー-mas,13.5,172,83,115.814,L,3,tap,,0,1,R2(tap),2,5,tap,2,2.0,6,,5
631-アージェントシンメトリー-mas,13.5,172,83,116.0756,R,7,tap,,0,1,L6(tap),2,2,tap,3,0.75,1,,5
631-アージェントシンメトリー-remas,14,172,34,48.0523,L,3,tap,,0,1,,1,1,tap,2,0.5,8,,2
631-アージェントシンメトリー-remas,14,172,34,48.314,R,7,tap,,0,1,,1,2,tap,3,0.5,1,,2
631-アージェントシンメトリー-remas,14,172,34,48.5756,L,2,tap,,0,1,,1,6,tap,4,0.5,5,,2
631-アージェントシンメトリー-remas,14,172,35,48.8372,R,6,tap,,0,1,,1,3,tap,3,0.5,2,,2
631-アージェントシンメトリー-remas,14,172,38,53.6337,R,6,tap,,0,1,,1,8,tap,2,0.5,1,,3
631-アージェントシンメトリー-remas,14,172,38,53.8953,L,2,tap,,0,1,,1,7,tap,3,0.5,8,,3
631-アージェントシンメトリー-remas,14,172,38,54.157,R,7,tap,,0,1,,1,3,tap,4,0.5,4,,3
631-アージェントシンメトリー-remas,14,172,39,54.4186,L,3,tap,,0,1,,1,6,tap,3,0.5,7,,3
631-アージェントシンメトリー-remas,14,172,42,59.2151,L,2,tap,,0,1,,1,4,tap,2,0.5,5,,3
631-アージェントシンメトリー-remas,14,172,42,59.4767,R,6,tap,,0,1,,1,3,tap,3,0.5,4,,3
631-アージェントシンメトリー-remas,14,172,42,59.7384,L,3,tap,,0,1,,1,7,tap,4,0.5,8,,3
631-アージェントシンメトリー-remas,14,172,43,60.0,R,7,tap,,0,1,,1,2,tap,3,0.5,3,,3
631-アージェントシンメトリー-remas,14,172,46,64.7965,R,7,tap,,0,1,,1,5,tap,2,0.5,4,,3
631-アージェントシンメトリー-remas,14,172,46,65.0581,L,3,tap,,0,1,,1,6,tap,3,0.5,5,,3
631-アージェントシンメトリー-remas,14,172,46,65.3198,R,6,tap,,0,1,,1,2,tap,4,0.5,1,,3
631-アージェントシンメトリー-remas,14,172,47,65.5814,L,2,tap,,0,1,,1,7,tap,3,0.5,6,,3
631-アージェントシンメトリー-remas,14,172,51,71.5116,L,2,slide,7,0,1,,1,7,slide,3,4.0,5,,3
631-アージェントシンメトリー-remas,14,172,55,77.093,R,7,slide,2,0,1,,1,2,slide,3,4.0,4,,4
631-アージェントシンメトリー-remas,14,172,63,88.4302,R,7,tap,,0,1,,1,5,tap,2,0.5,1,,4
631-アージェントシンメトリー-remas,14,172,67,94.3605,R,6,slide,5,0,1,L4(slide),2,2,slide,4,0.5,2,slide:8>4,4
631-アージェントシンメトリー-remas,14,172,71,99.9419,R,7,slide,8,0,1,L1(slide),2,3,slide,4,0.5,1,slide:5>1,4
631-アージェントシンメトリー-remas,14,172,75,105.1744,L,3,slide,5,0,1,R6(slide),2,7,slide,4,0.5,3,slide:2>6,5
631-アージェントシンメトリー-remas,14,172,75,105.1744,R,6,slide,4,0,1,L3(slide),2,2,slide,4,0.5,2,slide:7>3,5
631-アージェントシンメトリー-remas,14,172,76,106.0465,L,3,tap,,0,1,R2(tap),2,3,slide,0,2.5,6,,5
631-アージェントシンメトリー-remas,14,172,76,106.2209,R,7,tap,,0,1,L6(tap),2,2,tap,3,0.5,7,,5
631-アージェントシンメトリー-remas,14,172,76,106.3081,R,7,tap,,0,1,L6(tap),2,7,tap,0,0.25,8,,5
631-アージェントシンメトリー-remas,14,172,76,106.9186,L,3,tap,,0,1,R2(tap),2,5,hold,2,1.0,3,,5
631-アージェントシンメトリー-remas,14,172,76,107.0058,L,3,tap,,0,1,R2(tap),2,3,tap,0,0.25,4,,5
631-アージェントシンメトリー-remas,14,172,77,107.6163,R,7,tap,,0,1,L6(tap),2,1,hold,2,1.0,7,,5
631-アージェントシンメトリー-remas,14,172,77,107.7035,R,7,tap,,0,1,L6(tap),2,7,tap,0,0.25,8,,5
633-Calamity Fortune-mas,14.2,200,53,64.35,L,3,tap,,0,1,,1,5,tap,2,0.5,1,,3
633-Calamity Fortune-mas,14.2,200,66,79.8,R,7,slide,4,0,1,L4(star),2,2,slide,3,1.0,4,,4
633-Calamity Fortune-mas,14.2,200,67,80.7,L,2,star,,0,1,R5(slide),2,5,star,3,1.0,7,slide:1>5,4
633-Calamity Fortune-mas,14.2,200,67,81.3,R,7,slide,4,0,1,L4(star),2,2,slide,3,1.0,4,,4
633-Calamity Fortune-mas,14.2,200,68,82.2,L,2,star,,0,1,R5(slide),2,5,star,3,1.0,7,slide:1>5,4
633-Calamity Fortune-mas,14.2,200,68,82.8,R,7,slide,4,0,1,L4(star),2,2,slide,3,1.0,4,,4
633-Calamity Fortune-mas,14.2,200,69,83.7,L,2,tap,,0,1,R5(slide),2,5,star,3,1.0,1,slide:1>5,4
635-Bad Apple!! feat.nomico-remas,13.3,138,5,9.1304,L,2,tap,,0,1,R3(tap),2,8,tap,2,1.0,7,,1
635-Bad Apple!! feat.nomico-remas,13.3,138,5,9.5652,R,6,tap,,0,1,L7(tap),2,3,tap,3,1.0,3,,1
635-Bad Apple!! feat.nomico-remas,13.3,138,16,28.2609,L,2,tap,,0,2,R3(tap),2,1,tap,1,0.5,4,,2
635-Bad Apple!! feat.nomico-remas,13.3,138,18,31.7391,R,7,tap,,0,1,L6(tap),2,8,tap,1,0.5,5,,2
635-Bad Apple!! feat.nomico-remas,13.3,138,18,32.6087,L,3,tap,,0,1,R2(tap),2,5,tap,2,1.0,6,,2
635-Bad Apple!! feat.nomico-remas,13.3,138,18,32.8261,R,7,tap,,0,1,L6(tap),2,2,tap,3,0.5,4,,2
635-Bad Apple!! feat.nomico-remas,13.3,138,20,35.2174,R,7,tap,,0,2,L6(tap),2,5,tap,2,0.5,8,,2
635-Bad Apple!! feat.nomico-remas,13.3,138,22,38.6957,L,2,tap,,0,1,R3(tap),2,4,tap,2,0.5,1,,2
635-Bad Apple!! feat.nomico-remas,13.3,138,27,48.6957,L,2,slide,6,0,1,R4(tap),2,6,slide,4,1.0,1,,2
635-Bad Apple!! feat.nomico-remas,13.3,138,29,51.9565,L,3,tap,,0,1,,1,4,tap,1,0.5,1,slide:8>1,3
635-Bad Apple!! feat.nomico-remas,13.3,138,41,72.1739,R,6,tap,,0,1,L1(slide),2,4,slide,2,1.0,3,slide:1>6,3
635-Bad Apple!! feat.nomico-remas,13.3,138,42,73.913,L,2,tap,,0,1,R5(slide),2,8,slide,2,1.0,8,slide:5>2,3
635-Bad Apple!! feat.nomico-remas,13.3,138,48,83.913,R,6,star,,0,1,,1,8,tap,2,2.0,6,hold:5>None,4
635-Bad Apple!! feat.nomico-remas,13.3,138,48,84.3478,R,6,slide,2,0,1,,1,6,star,0,1.0,3,hold:5>None,4
635-Bad Apple!! feat.nomico-remas,13.3,138,49,85.6522,L,3,star,,0,1,,1,5,hold,2,5.0,3,hold:4>None,4
635-Bad Apple!! feat.nomico-remas,13.3,138,49,86.087,L,3,slide,7,0,1,,1,3,star,0,1.0,6,hold:4>None,4
635-Bad Apple!! feat.nomico-remas,13.3,138,50,87.3913,R,7,star,,0,1,,1,4,hold,3,5.0,7,hold:8>None,4
635-Bad Apple!! feat.nomico-remas,13.3,138,50,87.8261,R,7,slide,3,0,1,,1,7,star,0,1.0,2,hold:8>None,4
635-Bad Apple!! feat.nomico-remas,13.3,138,51,89.1304,L,2,star,,0,1,,1,8,hold,2,5.0,2,hold:1>None,4
635-Bad Apple!! feat.nomico-remas,13.3,138,51,89.5652,L,2,slide,6,0,1,,1,2,star,0,1.0,7,hold:1>None,4
635-Bad Apple!! feat.nomico-remas,13.3,138,54,94.3478,R,6,star,,0,1,,1,3,hold,3,5.0,6,hold:7>None,4
635-Bad Apple!! feat.nomico-remas,13.3,138,54,94.7826,R,6,slide,3,0,1,,1,6,star,0,1.0,4,hold:7>None,4
64-炎歌 -ほむらうた--mas,13.7,108,2,4.4444,L,3,hold,,0,1,,1,,,,,8,,1
64-炎歌 -ほむらうた--mas,13.7,108,2,5.8333,R,6,tap,,0,1,,1,1,hold,3,1.5,5,hold:7>None,1
64-炎歌 -ほむらうた--mas,13.7,108,3,6.9444,R,7,tap,,0,1,,1,5,hold,2,1.5,8,hold:6>None,1
64-炎歌 -ほむらうた--mas,13.7,108,3,7.7778,L,2,hold,,0,1,,1,1,tap,1,0.5,6,,1
64-炎歌 -ほむらうた--mas,13.7,108,4,8.8889,R,7,hold,,0,1,,1,3,tap,4,1.5,4,,1
64-炎歌 -ほむらうた--mas,13.7,108,4,10.2778,L,2,tap,,0,1,,1,5,hold,3,1.5,1,hold:3>None,1
64-炎歌 -ほむらうた--mas,13.7,108,5,11.3889,L,3,tap,,0,1,,1,1,hold,2,1.5,4,hold:2>None,1
64-炎歌 -ほむらうた--mas,13.7,108,5,12.2222,R,6,hold,,0,1,,1,5,tap,1,0.5,1,,1
64-炎歌 -ほむらうた--mas,13.7,108,6,13.6111,L,2,tap,,0,1,,1,7,tap,3,2.0,3,hold:1>None,1
64-炎歌 -ほむらうた--mas,13.7,108,6,13.8889,L,3,hold,,0,1,,1,2,tap,1,0.5,7,,1
64-炎歌 -ほむらうた--mas,13.7,108,15,35.6944,L,3,slide,6,0,1,,1,8,tap,3,1.25,4,slide:3>6,2
64-炎歌 -ほむらうた--mas,13.7,108,17,38.6111,R,7,slide,3,0,1,L8(star),2,1,slide,2,1.0,2,slide:8>4,2
64-炎歌 -ほむらうた--mas,13.7,108,22,50.8333,R,6,slide,3,0,1,,1,1,slide,3,2.0,4,,3
64-炎歌 -ほむらうた--mas,13.7,108,25,57.5,R,7,hold,,0,1,,1,1,slide,2,3.5,5,,3
64-炎歌 -ほむらうた--mas,13.7,108,28,63.0556,L,3,hold,,0,1,,1,1,hold,2,2.0,4,,3
64-炎歌 -ほむらうた--mas,13.7,108,31,71.3889,L,3,slide,6,0,1,,1,8,slide,3,0.5,6,,3
64-炎歌 -ほむらうた--mas,13.7,108,35,79.7222,R,7,star,,0,1,L2(slide),2,2,tap,3,0.5,7,slide:5>2,4
64-炎歌 -ほむらうた--mas,13.7,108,35,79.7222,L,2,slide,7,0,1,R7(star),2,5,slide,3,1.0,7,,4
64-炎歌 -ほむらうた--mas,13.7,108,36,80.0,R,7,tap,,0,1,,1,7,star,0,0.5,4,slide:2>7,4
64-炎歌 -ほむらうた--mas,13.7,108,47,105.0,R,7,tap,,0,1,,1,1,tap,2,0.5,2,slide:8>4,5
64-炎歌 -ほむらうた--mas,13.7,108,48,107.5,L,2,tap,,0,1,,1,5,tap,3,2.5,6,slide:2>5,5
64-炎歌 -ほむらうた--mas,13.7,108,48,108.3333,R,6,slide,3,0,1,,1,2,slide,4,1.0,2,,5
64-炎歌 -ほむらうた--mas,13.7,108,49,109.7222,L,2,tap,,0,1,,1,6,slide,4,1.5,6,slide:2>5,5
64-炎歌 -ほむらうた--mas,13.7,108,50,111.6667,R,7,slide,2,0,1,,1,2,slide,3,3.0,3,,5
64-炎歌 -ほむらうた--mas,13.7,108,50,113.0556,L,3,tap,,0,1,,1,7,slide,4,1.5,7,slide:3>8,5
64-炎歌 -ほむらうた--mas,13.7,108,51,113.8889,R,7,slide,2,0,1,,1,3,slide,4,1.0,3,,5
648-アンノウン・マザーグース-mas,13.3,222,2,2.1622,R,7,hold,,0,1,,1,4,hold,3,4.0,4,,1
648-アンノウン・マザーグース-mas,13.3,222,3,3.2432,L,2,hold,,0,1,,1,6,tap,4,1.0,7,,1
648-アンノウン・マザーグース-mas,13.3,222,4,4.3243,R,6,hold,,0,1,,1,3,tap,3,1.0,2,,1
648-アンノウン・マザーグース-mas,13.3,222,5,5.4054,L,3,hold,,0,1,,1,8,tap,3,1.0,6,,1
648-アンノウン・マザーグース-mas,13.3,222,50,54.4144,L,3,hold,,0,1,,1,1,hold,2,1.333,5,,3
648-アンノウン・マザーグース-mas,13.3,222,51,55.4955,R,6,hold,,0,1,,1,8,hold,2,1.333,4,,3
648-アンノウン・マザーグース-mas,13.3,222,55,60.5405,L,3,tap,,0,1,,1,4,hold,1,2.0,4,,3
648-アンノウン・マザーグース-mas,13.3,222,73,78.964,R,6,star,,0,1,,1,2,hold,4,4.0,6,,4
648-アンノウン・マザーグース-mas,13.3,222,73,79.2342,R,6,slide,2,0,1,L7(tap),2,6,star,0,1.0,5,,4
648-アンノウン・マザーグース-mas,13.3,222,75,81.1261,L,3,star,,0,1,,1,7,hold,4,4.0,3,,4
648-アンノウン・マザーグース-mas,13.3,222,75,81.3964,L,3,slide,7,0,1,R2(tap),2,3,star,0,1.0,7,,4
648-アンノウン・マザーグース-mas,13.3,222,81,87.8829,L,3,slide,6,0,1,,1,6,slide,3,1.0,5,,4
648-アンノウン・マザーグース-mas,13.3,222,83,90.045,R,6,slide,3,0,1,,1,3,slide,3,1.0,3,,4
648-アンノウン・マザーグース-mas,13.3,222,89,97.0721,R,7,slide,2,0,1,L8(tap),2,2,slide,3,2.0,1,,4
648-アンノウン・マザーグース-mas,13.3,222,91,99.2342,L,2,slide,7,0,1,R1(tap),2,7,slide,3,2.0,6,,4
648-アンノウン・マザーグース-mas,13.3,222,95,103.018,R,6,slide,2,0,1,,1,2,slide,4,2.0,3,,4
648-アンノウン・マザーグース-mas,13.3,222,108,117.2072,L,2,hold,,0,1,R3(hold),2,8,hold,2,1.5,5,hold:3>None,5
648-アンノウン・マザーグース-mas,13.3,222,110,119.3694,R,7,hold,,0,1,L6(hold),2,1,hold,2,1.5,4,hold:6>None,5
649-アンハッピーリフレイン-mas,13.4,205,16,19.1707,L,2,tap,,0,1,,1,6,slide,4,4.5,4,,1
649-アンハッピーリフレイン-mas,13.4,205,67,79.7561,R,7,slide,4,0,1,L6(slide),2,3,slide,4,2.0,2,slide:6>1,4
649-アンハッピーリフレイン-mas,13.4,205,68,80.3415,L,3,slide,8,0,1,R2(slide),2,6,slide,3,2.0,6,slide:2>5,4
649-アンハッピーリフレイン-mas,13.4,205,68,80.9268,R,7,slide,4,0,1,L6(slide),2,2,slide,3,2.0,2,slide:6>1,4
649-アンハッピーリフレイン-mas,13.4,205,69,81.5122,L,3,slide,8,0,1,R2(slide),2,6,slide,3,2.0,1,slide:2>5,4
649-アンハッピーリフレイン-mas,13.4,205,85,100.2439,L,3,slide,6,0,1,,1,1,tap,2,1.5,6,,5
65-脳漿炸裂ガール-mas,14.1,155,12,19.0645,L,3,tap,,0,1,,1,1,tap,2,0.75,5,,1
65-脳漿炸裂ガール-mas,14.1,155,15,23.7097,L,3,tap,,0,1,,1,4,tap,1,1.25,4,,2
65-脳漿炸裂ガール-mas,14.1,155,15,24.1935,R,6,hold,,0,1,,1,2,tap,4,1.0,2,,2
65-脳漿炸裂ガール-mas,14.1,155,16,25.2581,R,7,tap,,0,1,,1,8,tap,1,0.75,5,,2
65-脳漿炸裂ガール-mas,14.1,155,17,26.5161,L,3,tap,,0,1,R2(tap),2,4,tap,1,1.25,1,,2
65-脳漿炸裂ガール-mas,14.1,155,17,27.2903,R,7,tap,,0,1,L6(tap),2,2,tap,3,1.25,8,,2
65-脳漿炸裂ガール-mas,14.1,155,18,28.3548,R,7,tap,,0,1,,1,5,tap,2,0.75,8,,2
65-脳漿炸裂ガール-mas,14.1,155,19,29.8065,R,6,hold,,0,1,,1,2,hold,4,1.0,7,,2
65-脳漿炸裂ガール-mas,14.1,155,19,30.1935,R,7,hold,,0,1,,1,6,hold,1,1.0,3,,2
65-脳漿炸裂ガール-mas,14.1,155,22,34.5484,L,2,hold,,0,1,,1,1,tap,1,0.583,4,,2
65-脳漿炸裂ガール-mas,14.1,155,25,40.1613,R,7,tap,,0,1,,1,5,tap,2,1.0,5,,2
65-脳漿炸裂ガール-mas,14.1,155,27,42.7742,R,6,hold,,0,1,,1,3,tap,3,0.75,2,,3
65-脳漿炸裂ガール-mas,14.1,155,30,46.4516,L,3,hold,,0,1,,1,5,tap,2,0.5,1,,3
65-脳漿炸裂ガール-mas,14.1,155,42,66.0968,R,6,tap,,0,1,,1,8,tap,2,0.75,5,,4
65-脳漿炸裂ガール-mas,14.1,155,43,67.6452,L,2,tap,,0,1,,1,4,tap,2,0.75,1,,4
65-脳漿炸裂ガール-mas,14.1,155,46,72.2903,L,3,tap,,0,1,,1,1,tap,2,0.75,4,,4
65-脳漿炸裂ガール-mas,14.1,155,47,73.8387,R,7,tap,,0,1,,1,5,tap,2,0.75,8,,4
65-脳漿炸裂ガール-mas,14.1,155,49,77.2258,R,6,star,,0,1,,1,3,star,3,0.5,3,slide:7>4,4
65-脳漿炸裂ガール-mas,14.1,155,49,77.6129,R,6,slide,1,0,1,,1,3,slide,3,0.5,1,,4
65-脳漿炸裂ガール-mas,14.1,155,53,83.4194,L,3,star,,0,1,,1,6,star,3,0.5,6,slide:2>5,5
65-脳漿炸裂ガール-mas,14.1,155,53,83.8065,L,3,slide,8,0,1,,1,6,slide,3,0.5,8,,5
65-脳漿炸裂ガール-mas,14.1,155,57,89.2258,L,2,tap,,0,1,R3(tap),2,4,tap,2,1.25,1,,5
65-脳漿炸裂ガール-mas,14.1,155,59,92.3226,R,6,tap,,0,1,L7(tap),2,5,tap,1,0.5,8,,5
65-脳漿炸裂ガール-mas,14.1,155,64,100.0645,L,2,tap,,0,1,R3(tap),2,4,tap,2,0.5,6,,5
655-閃鋼のブリューナク-mas,13.9,140,48,82.7143,R,6,tap,,0,1,,1,3,tap,3,0.5,1,,4
655-閃鋼のブリューナク-mas,13.9,140,48,83.0357,L,3,tap,,0,1,,1,7,tap,4,0.5,7,,4
655-閃鋼のブリューナク-mas,13.9,140,52,89.8929,R,6,tap,,0,2,,1,3,hold,3,2.75,6,hold:7>None,4
655-閃鋼のブリューナク-mas,13.9,140,52,90.2143,R,6,tap,,0,2,,1,6,tap,0,0.75,2,hold:7>None,4
655-閃鋼のブリューナク-mas,13.9,140,52,90.75,L,3,tap,,0,2,,1,7,hold,4,2.75,3,hold:2>None,4
655-閃鋼のブリューナク-mas,13.9,140,52,91.0714,L,3,tap,,0,2,,1,3,tap,0,0.75,7,hold:2>None,4
655-閃鋼のブリューナク-mas,13.9,140,69,119.1429,R,6,tap,,0,1,,1,3,tap,3,0.5,3,,5
655-閃鋼のブリューナク-mas,13.9,140,69,119.5714,R,7,tap,,0,1,,1,3,tap,4,0.5,2,,5
655-閃鋼のブリューナク-mas,13.9,140,69,120.0,R,7,tap,,0,1,,1,2,tap,3,0.5,2,,5
655-閃鋼のブリューナク-mas,13.9,140,71,123.2857,L,3,tap,,0,1,,1,5,tap,2,0.333,6,,5
655-閃鋼のブリューナク-mas,13.9,140,76,132.1071,R,6,tap,,0,1,,1,2,tap,4,0.5,2,,5
656-頓珍漢の宴-mas,13.8,145,79,132.4138,L,2,slide,6,0,1,R3(star),2,1,slide,1,1.0,4,slide:3>7,5
657-吉原ラメント-mas,13.8,191,39,49.5288,L,3,star,,0,1,R8(slide),2,8,star,3,1.0,6,slide:5>8,2
657-吉原ラメント-mas,13.8,191,39,50.1571,R,6,slide,1,0,1,L1(tap),2,3,slide,3,1.0,2,,2
658-Danza zandA-mas,13.4,129,8,16.3953,L,2,slide,7,0,1,,1,6,tap,4,0.25,5,slide:4>1,1
658-Danza zandA-mas,13.4,129,18,33.4884,L,3,hold,,0,1,R5(tap),2,8,tap,3,0.5,1,,2
658-Danza zandA-mas,13.4,129,18,34.7674,R,7,tap,,0,1,,1,4,tap,3,0.75,1,,2
658-Danza zandA-mas,13.4,129,22,41.2791,L,3,star,,0,1,,1,5,tap,2,1.25,7,hold:4>None,2
658-Danza zandA-mas,13.4,129,37,68.8372,R,7,tap,,0,1,L6(tap),2,1,tap,2,1.0,2,,4
658-Danza zandA-mas,13.4,129,37,69.186,L,3,tap,,0,1,R2(tap),2,6,tap,3,0.75,8,,4
658-Danza zandA-mas,13.4,129,37,70.4651,R,7,hold,,0,1,,1,3,hold,4,1.0,1,,4
658-Danza zandA-mas,13.4,129,45,84.8837,R,6,tap,,0,1,L7(tap),2,2,tap,4,1.0,3,,4
658-Danza zandA-mas,13.4,129,45,85.1163,L,2,tap,,0,1,R3(tap),2,7,tap,3,0.5,5,,4
658-Danza zandA-mas,13.4,129,46,86.7442,L,2,tap,,0,1,R3(tap),2,7,tap,3,1.0,8,,4
658-Danza zandA-mas,13.4,129,46,87.2093,R,7,tap,,0,1,L6(tap),2,1,tap,2,0.5,4,,4
658-Danza zandA-mas,13.4,129,54,100.4651,R,6,tap,,0,1,L7(tap),2,3,slide,3,1.25,3,,5
658-Danza zandA-mas,13.4,129,54,100.9302,L,2,tap,,0,1,R3(tap),2,7,tap,3,1.0,1,,5
658-Danza zandA-mas,13.4,129,55,102.907,R,6,tap,,0,1,L7(tap),2,4,tap,2,0.75,5,,5
658-Danza zandA-remas,13.7,129,8,16.1628,L,3,slide,7,0,1,,1,6,star,3,0.25,4,slide:8>4,1
658-Danza zandA-remas,13.7,129,8,16.5116,R,6,slide,2,0,1,,1,1,star,3,0.25,7,slide:3>7,1
658-Danza zandA-remas,13.7,129,9,17.093,R,7,star,,0,1,,1,6,slide,1,1.25,4,slide:1>5,1
658-Danza zandA-remas,13.7,129,9,17.4419,L,2,star,,0,1,,1,1,slide,1,1.25,7,slide:4>8,1
658-Danza zandA-remas,13.7,129,10,20.0,L,2,tap,,0,1,,1,4,hold,2,1.0,3,slide:2>7,1
658-Danza zandA-remas,13.7,129,10,20.0581,L,3,tap,,0,1,,1,2,tap,1,0.125,4,slide:2>7,1
658-Danza zandA-remas,13.7,129,11,20.8721,L,3,tap,,0,1,,1,4,tap,1,0.125,4,slide:2>7,1
658-Danza zandA-remas,13.7,129,30,56.6279,L,3,tap,,0,1,,1,7,tap,4,0.75,6,hold:1>None,3
658-Danza zandA-remas,13.7,129,31,58.1395,R,6,tap,,0,1,,1,8,tap,2,0.75,2,hold:4>None,3
658-Danza zandA-remas,13.7,129,34,64.5349,R,7,slide,4,0,1,,1,2,tap,3,0.75,8,hold:6>None,3
658-Danza zandA-remas,13.7,129,35,66.3953,L,2,slide,5,0,1,,1,7,tap,3,0.75,1,hold:3>None,3
658-Danza zandA-remas,13.7,129,36,68.2558,R,7,slide,4,0,1,,1,2,tap,3,0.75,8,hold:6>None,3
658-Danza zandA-remas,13.7,129,42,79.4186,L,2,slide,4,0,1,,1,7,tap,3,0.75,1,hold:3>None,4
658-Danza zandA-remas,13.7,129,43,81.2791,R,7,slide,5,0,1,,1,2,tap,3,0.75,8,hold:6>None,4
658-Danza zandA-remas,13.7,129,44,83.1395,L,2,slide,4,0,1,,1,7,tap,3,0.75,1,hold:3>None,4
658-Danza zandA-remas,13.7,129,47,88.6047,L,3,tap,,0,1,R2(tap),2,4,tap,1,1.0,8,,4
658-Danza zandA-remas,13.7,129,47,89.0698,R,7,tap,,0,1,L6(tap),2,1,tap,2,0.5,4,,4
658-Danza zandA-remas,13.7,129,49,91.9767,L,2,tap,,0,1,R3(tap),2,6,tap,4,0.5,8,,5
658-Danza zandA-remas,13.7,129,55,103.1395,L,3,star,,0,1,R8(star),2,6,slide,3,0.75,3,slide:8>2,5
658-Danza zandA-remas,13.7,129,55,103.6047,L,3,slide,7,0,1,R8(slide),2,3,star,0,1.0,8,slide:8>2,5
658-Danza zandA-remas,13.7,129,57,106.8605,R,6,star,,0,1,L1(star),2,3,slide,3,0.75,6,slide:1>7,5
658-Danza zandA-remas,13.7,129,57,107.3256,R,6,slide,2,0,1,L1(slide),2,6,star,0,1.0,4,slide:1>7,5
66-ワールズエンド・ダンスホール-mas,13,171,18,25.5263,R,7,tap,,0,1,L6(tap),2,1,tap,2,0.75,4,,2
66-ワールズエンド・ダンスホール-mas,13,171,19,26.9298,R,7,tap,,0,1,L6(tap),2,3,tap,4,1.25,1,,2
66-ワールズエンド・ダンスホール-mas,13,171,20,28.3333,L,2,tap,,0,1,R3(tap),2,7,tap,3,1.25,5,,2
66-ワールズエンド・ダンスホール-mas,13,171,22,31.1404,L,2,tap,,0,1,R3(tap),2,8,tap,2,0.75,5,,2
66-ワールズエンド・ダンスホール-mas,13,171,23,32.5439,L,2,tap,,0,1,R3(tap),2,6,tap,4,1.25,8,,2
66-ワールズエンド・ダンスホール-mas,13,171,24,33.9474,R,7,tap,,0,1,L6(tap),2,2,tap,3,1.25,4,,2
66-ワールズエンド・ダンスホール-mas,13,171,45,63.5088,L,2,tap,,0,1,R3(tap),2,8,tap,2,1.0,5,,4
66-ワールズエンド・ダンスホール-mas,13,171,45,64.2105,R,6,tap,,0,1,L7(tap),2,4,tap,2,1.0,2,,4
66-ワールズエンド・ダンスホール-mas,13,171,55,77.8947,R,7,tap,,0,1,L6(tap),2,5,tap,2,1.0,1,,4
66-ワールズエンド・ダンスホール-mas,13,171,62,87.0175,L,3,tap,,1,1,R2(tap),2,8,tap,3,1.0,6,,5
66-ワールズエンド・ダンスホール-mas,13,171,62,87.3684,R,7,tap,,1,1,L6(tap),2,2,tap,3,1.0,3,,5
66-ワールズエンド・ダンスホール-remas,13.3,171,0,0.5263,R,7,hold,,0,1,,1,5,hold,2,1.5,5,,1
66-ワールズエンド・ダンスホール-remas,13.3,171,1,1.9298,L,2,tap,,0,1,,1,4,hold,2,1.5,7,,1
66-ワールズエンド・ダンスホール-remas,13.3,171,2,3.3333,L,2,hold,,0,1,,1,4,hold,2,1.5,4,,1
66-ワールズエンド・ダンスホール-remas,13.3,171,3,4.7368,R,7,tap,,0,1,,1,5,hold,2,1.5,2,,1
66-ワールズエンド・ダンスホール-remas,13.3,171,4,5.614,R,6,hold,,0,1,,1,3,tap,3,1.0,8,,1
66-ワールズエンド・ダンスホール-remas,13.3,171,5,7.2807,L,2,hold,,0,1,,1,4,tap,2,1.25,6,,1
66-ワールズエンド・ダンスホール-remas,13.3,171,6,8.4211,L,3,hold,,0,1,,1,7,tap,4,1.0,1,,1
66-ワールズエンド・ダンスホール-remas,13.3,171,7,10.0877,R,7,hold,,0,1,,1,5,tap,2,1.25,3,,1
66-ワールズエンド・ダンスホール-remas,13.3,171,20,28.9474,L,3,slide,8,0,1,R1(tap),2,7,slide,4,0.5,4,,2
66-ワールズエンド・ダンスホール-remas,13.3,171,21,30.3509,R,6,slide,1,0,1,L8(tap),2,2,slide,4,0.5,5,,2
66-ワールズエンド・ダンスホール-remas,13.3,171,22,31.7544,L,3,slide,8,0,1,R1(tap),2,7,slide,4,0.5,7,,2
660-タカハせ！名人マン-mas,13.5,150,4,6.8,R,6,star,,0,1,L1(slide),2,8,slide,2,2.0,3,slide:1>6,1
660-タカハせ！名人マン-mas,13.5,150,4,7.6,L,3,slide,6,0,1,,1,6,slide,3,1.0,7,,1
660-タカハせ！名人マン-mas,13.5,150,6,10.0,R,6,tap,,0,1,,1,3,tap,3,1.5,5,,1
660-タカハせ！名人マン-mas,13.5,150,6,10.4,L,2,hold,,0,1,,1,7,hold,3,2.0,4,,1
660-タカハせ！名人マン-mas,13.5,150,8,13.2,R,7,tap,,0,1,,1,2,tap,3,1.5,3,,1
660-タカハせ！名人マン-mas,13.5,150,11,18.0,R,6,star,,0,1,,1,5,tap,1,2.0,6,,1
660-タカハせ！名人マン-mas,13.5,150,11,18.4,R,6,slide,3,0,1,,1,6,star,0,1.0,2,,1
660-タカハせ！名人マン-mas,13.5,150,26,42.4,R,6,hold,,0,1,,1,2,hold,4,2.0,2,,2
660-タカハせ！名人マン-mas,13.5,150,30,48.0,R,7,hold,,0,1,,1,1,tap,2,1.5,5,,2
660-タカハせ！名人マン-mas,13.5,150,31,50.0,L,3,hold,,0,1,,1,4,hold,1,2.0,5,,2
660-タカハせ！名人マン-mas,13.5,150,32,52.0,R,6,hold,,0,1,,1,8,hold,2,2.0,1,,2
660-タカハせ！名人マン-mas,13.5,150,33,53.2,L,2,hold,,0,1,,1,5,hold,3,2.0,4,,2
660-タカハせ！名人マン-mas,13.5,150,49,79.2,L,3,star,,0,1,,1,1,hold,2,3.0,3,,3
660-タカハせ！名人マン-mas,13.5,150,49,79.6,L,3,slide,8,0,1,,1,3,star,0,1.0,7,,3
660-タカハせ！名人マン-mas,13.5,150,73,118.2,R,7,hold,,0,1,,1,3,slide,4,1.5,3,,5
660-タカハせ！名人マン-mas,13.5,150,81,129.8,L,3,tap,,0,1,,1,1,tap,2,1.5,1,,5
660-タカハせ！名人マン-mas,13.5,150,81,131.0,R,6,hold,,0,1,,1,3,tap,3,1.0,8,,5
661-エテルニタス・ルドロジー-mas,13.7,178,8,11.7978,R,6,star,,0,1,L1(slide),2,1,star,3,1.0,2,slide:4>1,1
661-エテルニタス・ルドロジー-mas,13.7,178,10,14.4944,L,3,star,,0,1,R8(slide),2,8,star,3,1.0,7,slide:5>8,1
661-エテルニタス・ルドロジー-mas,13.7,178,29,39.9438,R,6,tap,,0,1,,1,3,tap,3,1.5,8,,2
661-エテルニタス・ルドロジー-mas,13.7,178,30,41.2921,L,2,tap,,0,1,,1,7,tap,3,1.5,5,,2
661-エテルニタス・ルドロジー-mas,13.7,178,53,72.3034,L,2,tap,,0,1,,1,7,tap,3,1.5,8,,3
661-エテルニタス・ルドロジー-mas,13.7,178,54,73.6517,R,7,tap,,0,1,,1,2,tap,3,1.5,8,,3
661-エテルニタス・ルドロジー-mas,13.7,178,75,101.4607,L,2,star,,0,1,R6(slide),2,6,star,4,1.0,6,slide:2>6,4
661-エテルニタス・ルドロジー-mas,13.7,178,75,101.4607,R,6,slide,2,0,1,L2(star),2,2,slide,4,1.0,2,,4
661-エテルニタス・ルドロジー-mas,13.7,178,75,102.1348,L,2,star,,0,1,R6(slide),2,6,star,4,1.0,7,slide:2>6,4
661-エテルニタス・ルドロジー-mas,13.7,178,75,102.1348,R,6,slide,2,0,1,L2(star),2,2,slide,4,1.0,2,,4
661-エテルニタス・ルドロジー-mas,13.7,178,83,112.2472,R,7,star,,0,1,L3(slide),2,3,star,4,1.0,3,slide:7>3,5
661-エテルニタス・ルドロジー-mas,13.7,178,83,112.2472,L,3,slide,7,0,1,R7(star),2,7,slide,4,1.0,7,,5
661-エテルニタス・ルドロジー-mas,13.7,178,83,112.9213,R,7,star,,0,1,L3(slide),2,3,star,4,1.0,2,slide:7>3,5
661-エテルニタス・ルドロジー-mas,13.7,178,83,112.9213,L,3,slide,7,0,1,R7(star),2,7,slide,4,1.0,7,,5
662-少女幻葬戦慄曲 ～ Necro Fantasia-mas,13.9,182,77,101.8681,L,2,star,,0,1,R3(tap),2,8,slide,2,2.0,2,,5
662-少女幻葬戦慄曲 ～ Necro Fantasia-mas,13.9,182,77,102.1978,L,2,slide,6,0,1,R8(star),2,2,star,0,1.0,6,slide:8>4,5
662-少女幻葬戦慄曲 ～ Necro Fantasia-mas,13.9,182,78,103.1868,R,7,star,,0,1,L6(tap),2,8,slide,1,2.0,7,,5
662-少女幻葬戦慄曲 ～ Necro Fantasia-mas,13.9,182,78,103.5165,R,7,slide,3,0,1,L1(star),2,7,star,0,1.0,3,slide:1>5,5
663-KING is BACK!!-mas,13.9,176,11,15.6818,R,7,tap,,0,1,,1,3,tap,4,0.5,2,,1
663-KING is BACK!!-mas,13.9,176,11,15.9375,L,3,tap,,0,1,,1,6,tap,3,0.5,7,,1
663-KING is BACK!!-mas,13.9,176,15,21.1364,R,7,tap,,0,1,,1,3,tap,4,0.5,2,,1
663-KING is BACK!!-mas,13.9,176,15,21.392,L,3,tap,,0,1,,1,6,tap,3,0.5,7,,1
663-KING is BACK!!-mas,13.9,176,16,21.9886,L,3,tap,,0,1,,1,1,tap,2,0.5,1,,1
663-KING is BACK!!-mas,13.9,176,18,25.5682,L,2,slide,7,0,1,R6(slide),2,6,slide,4,1.0,4,slide:6>3,2
663-KING is BACK!!-mas,13.9,176,18,25.5682,R,6,slide,3,0,1,L2(slide),2,2,slide,4,1.0,2,slide:2>7,2
663-KING is BACK!!-mas,13.9,176,22,31.0227,L,3,slide,6,0,1,R7(slide),2,7,slide,4,1.0,7,slide:7>2,2
663-KING is BACK!!-mas,13.9,176,22,31.0227,R,7,slide,2,0,1,L3(slide),2,3,slide,4,1.0,5,slide:3>6,2
663-KING is BACK!!-mas,13.9,176,27,38.0114,L,3,slide,7,0,1,R1(tap),2,7,slide,4,0.5,6,,2
663-KING is BACK!!-mas,13.9,176,42,58.125,L,3,hold,,0,1,,1,6,hold,3,1.5,1,,3
663-KING is BACK!!-mas,13.9,176,51,70.2273,L,2,tap,,0,1,,1,6,tap,4,0.5,7,,3
663-KING is BACK!!-mas,13.9,176,51,70.483,R,6,tap,,0,1,,1,3,tap,3,0.5,2,,3
663-KING is BACK!!-mas,13.9,176,55,75.6818,L,2,tap,,0,1,,1,6,tap,4,0.5,7,,4
663-KING is BACK!!-mas,13.9,176,55,75.9375,R,6,tap,,0,1,,1,3,tap,3,0.5,2,,4
663-KING is BACK!!-mas,13.9,176,74,101.7614,R,6,hold,,0,1,,1,3,hold,3,1.5,8,,5
664-言ノ葉カルマ-mas,13.4,150,44,71.2,R,7,star,,0,1,,1,2,slide,3,1.0,7,slide:4>5,3
664-言ノ葉カルマ-mas,13.4,150,44,71.6,R,7,slide,2,0,1,,1,7,star,0,1.0,2,slide:4>5,3
664-言ノ葉カルマ-mas,13.4,150,50,81.2,L,3,star,,0,1,R8(slide),2,8,star,3,1.0,3,slide:5>8,3
664-言ノ葉カルマ-mas,13.4,150,50,81.6,L,3,slide,6,0,1,,1,3,star,0,1.0,7,slide:8>3,3
664-言ノ葉カルマ-mas,13.4,150,52,84.4,R,6,star,,0,1,L1(slide),2,1,star,3,1.0,1,slide:4>1,3
664-言ノ葉カルマ-mas,13.4,150,54,87.2,L,2,star,,0,1,R5(slide),2,5,star,3,1.0,4,slide:1>5,4
664-言ノ葉カルマ-mas,13.4,150,56,90.8,R,7,slide,5,0,1,L5(star),2,4,slide,3,1.0,5,,4
665-conflict-mas,14.2,160,32,48.75,L,2,hold,,0,1,,1,6,hold,4,2.0,8,hold:3>None,2
665-conflict-mas,14.2,160,34,51.0,R,7,hold,,0,1,,1,1,hold,2,4.0,5,hold:8>None,2
665-conflict-mas,14.2,160,36,54.75,R,7,hold,,0,1,,1,3,hold,4,2.0,1,hold:6>None,3
665-conflict-mas,14.2,160,38,57.0,L,2,hold,,0,1,,1,8,hold,2,4.0,4,hold:1>None,3
665-conflict-mas,14.2,160,41,61.875,R,7,hold,,0,1,,1,3,tap,4,1.0,2,,3
665-conflict-mas,14.2,160,41,62.625,L,3,hold,,0,1,,1,8,tap,3,1.0,5,,3
665-conflict-mas,14.2,160,42,63.375,R,6,hold,,0,1,,1,2,tap,4,1.0,8,,3
665-conflict-mas,14.2,160,44,66.0,R,6,tap,,0,1,L4(hold),2,5,hold,1,3.0,1,hold:4>None,3
665-conflict-mas,14.2,160,45,67.5,R,6,tap,,0,1,,1,1,hold,3,3.0,2,hold:5>None,3
665-conflict-mas,14.2,160,46,69.0,R,7,tap,,0,1,,1,2,hold,3,3.0,3,hold:6>None,3
665-conflict-mas,14.2,160,63,96.2812,L,2,slide,4,0,1,,1,8,slide,2,0.75,1,,4
665-conflict-mas,14.2,160,64,96.8438,L,2,slide,6,0,1,,1,1,slide,1,0.75,1,,4
665-conflict-mas,14.2,160,64,97.4062,L,3,slide,5,0,1,,1,1,slide,2,0.75,8,slide:1>6,4
665-conflict-mas,14.2,160,70,106.3125,L,2,tap,,0,1,R3(tap),2,4,slide,2,1.5,7,,4
665-conflict-mas,14.2,160,71,106.5,R,6,tap,,0,1,L7(tap),2,3,tap,3,0.5,1,,4
665-conflict-mas,14.2,160,78,118.3125,R,7,tap,,0,1,L6(tap),2,2,slide,3,1.5,2,,5
665-conflict-mas,14.2,160,79,118.5,L,3,tap,,0,1,R2(tap),2,6,tap,3,0.5,8,,5
665-conflict-mas,14.2,160,87,130.9688,R,6,tap,,0,1,,1,4,tap,2,0.5,8,,5
666-Revive The Rave-mas,13.8,165,8,12.3636,R,7,tap,,0,1,,1,1,tap,2,1.0,5,hold:6>None,1
666-Revive The Rave-mas,13.8,165,9,13.8182,L,2,tap,,0,1,,1,8,tap,2,1.0,4,hold:3>None,1
666-Revive The Rave-mas,13.8,165,11,16.7273,L,3,tap,,0,1,,1,5,tap,2,1.0,1,hold:2>None,1
666-Revive The Rave-mas,13.8,165,34,49.7273,R,7,hold,,0,1,,1,4,slide,3,1.5,5,,3
666-Revive The Rave-mas,13.8,165,34,50.6364,L,2,hold,,0,1,,1,4,hold,2,1.0,8,,3
666-Revive The Rave-mas,13.8,165,35,51.1818,R,6,hold,,0,1,,1,1,hold,3,1.0,2,,3
666-Revive The Rave-mas,13.8,165,48,70.9091,L,2,tap,,0,1,,1,4,tap,2,0.75,1,hold:3>None,3
666-Revive The Rave-mas,13.8,165,49,72.6364,R,7,hold,,0,1,,1,8,tap,1,0.75,7,,3
666-Revive The Rave-mas,13.8,165,51,74.4545,R,7,tap,,0,2,,1,7,hold,0,5.0,7,hold:5>None,4
666-Revive The Rave-mas,13.8,165,51,74.6364,R,7,tap,,0,2,,1,7,tap,0,0.5,6,hold:5>None,4
666-Revive The Rave-mas,13.8,165,51,75.0,R,6,tap,,0,1,,1,7,tap,1,1.0,4,hold:5>None,4
666-Revive The Rave-mas,13.8,165,52,76.2727,L,3,slide,6,0,1,,1,5,hold,2,6.0,2,,4
666-Revive The Rave-mas,13.8,165,53,77.9091,L,2,tap,,0,1,,1,3,slide,1,4.5,1,slide:1>4,4
666-Revive The Rave-mas,13.8,165,54,79.1818,R,7,slide,2,0,1,,1,1,slide,2,4.0,8,,4
666-Revive The Rave-mas,13.8,165,64,93.9091,L,3,tap,,0,1,,1,5,tap,2,1.0,1,hold:2>None,4
666-Revive The Rave-mas,13.8,165,65,95.3636,R,6,tap,,0,1,,1,4,tap,2,1.0,8,hold:7>None,4
666-Revive The Rave-mas,13.8,165,66,96.8182,L,2,tap,,0,1,,1,8,tap,2,1.0,4,hold:3>None,4
666-Revive The Rave-mas,13.8,165,67,98.2727,R,7,tap,,0,1,,1,1,tap,2,1.0,5,hold:6>None,4
666-Revive The Rave-remas,14.4,165,23,33.8182,L,2,slide,7,0,1,R3(tap),2,1,tap,1,1.5,6,,2
666-Revive The Rave-remas,14.4,165,34,50.5455,R,7,hold,,0,2,L6(tap),2,8,hold,1,4.0,8,,2
666-Revive The Rave-remas,14.4,165,36,52.5455,L,2,hold,,0,1,,1,8,tap,2,1.0,4,,3
666-Revive The Rave-remas,14.4,165,71,104.0,L,3,tap,,1,1,,1,1,hold,2,1.0,5,,5
666-Revive The Rave-remas,14.4,165,71,104.3636,R,7,tap,,0,1,L6(tap),2,4,tap,3,0.5,1,,5
666-Revive The Rave-remas,14.4,165,75,110.0909,R,6,hold,,0,1,L7(hold),2,2,hold,4,0.75,1,hold:7>None,5
666-Revive The Rave-remas,14.4,165,82,119.6364,R,7,tap,,0,1,,1,8,tap,1,1.0,8,,5
667-GEMINI -M--mas,13.9,180,13,18.3333,L,2,slide,6,0,1,R3(tap),2,7,slide,3,2.0,6,,1
667-GEMINI -M--mas,13.9,180,15,21.0,R,7,slide,3,0,1,L6(tap),2,2,slide,3,2.0,3,,1
667-GEMINI -M--mas,13.9,180,17,23.6667,L,2,slide,8,0,1,R3(tap),2,4,slide,2,2.0,6,,1
667-GEMINI -M--mas,13.9,180,40,54.5,R,6,slide,2,0,1,,1,2,slide,4,0.5,8,,3
667-GEMINI -M--mas,13.9,180,44,59.1667,L,3,hold,,0,1,,1,1,tap,2,1.5,6,,3
667-GEMINI -M--mas,13.9,180,45,60.0,R,7,tap,,0,1,,1,5,hold,2,1.5,5,,3
667-GEMINI -M--mas,13.9,180,46,61.8333,R,6,hold,,0,1,,1,8,tap,2,2.0,3,,3
667-GEMINI -M--mas,13.9,180,47,62.6667,L,2,tap,,0,1,,1,4,hold,2,1.5,4,,3
667-GEMINI -M--mas,13.9,180,47,63.6667,R,6,slide,2,0,1,L7(tap),2,5,tap,1,1.5,5,,3
667-GEMINI -M--mas,13.9,180,48,64.5,R,7,hold,,0,1,,1,5,tap,2,1.5,2,,3
667-GEMINI -M--mas,13.9,180,49,65.3333,L,3,tap,,0,1,,1,1,hold,2,1.5,1,,3
667-GEMINI -M--mas,13.9,180,50,67.1667,L,2,hold,,0,1,,1,4,tap,2,2.0,7,,3
667-GEMINI -M--mas,13.9,180,51,68.0,R,6,tap,,0,1,,1,8,hold,2,1.5,8,,3
667-GEMINI -M--mas,13.9,180,51,69.0,L,2,slide,6,0,1,R3(tap),2,1,tap,1,1.5,5,,3
667-GEMINI -M--mas,13.9,180,56,75.0,R,6,hold,,0,1,,1,8,slide,2,2.0,1,,3
667-GEMINI -M--mas,13.9,180,57,76.0,L,2,hold,,0,1,,1,7,hold,3,2.0,6,,3
667-GEMINI -M--mas,13.9,180,59,79.3333,L,3,hold,,0,1,,1,6,hold,3,2.0,8,,3
667-GEMINI -M--mas,13.9,180,79,105.8333,R,6,tap,,0,1,,1,8,tap,2,0.5,2,,4
672-敗北の少年-mas,13.4,185,90,117.7297,R,7,star,,0,1,L3(slide),2,3,star,4,1.0,2,slide:6>3,5
672-敗北の少年-mas,13.4,185,90,117.7297,L,3,slide,7,0,1,R7(star),2,6,slide,3,1.0,7,,5
673-拝啓ドッペルゲンガー-mas,13.8,181,11,14.5856,L,3,hold,,0,1,,1,8,tap,3,1.0,1,,1
673-拝啓ドッペルゲンガー-mas,13.8,181,13,17.4862,R,7,hold,,0,1,,1,1,tap,2,1.75,1,,1
673-拝啓ドッペルゲンガー-mas,13.8,181,18,25.0276,R,6,tap,,0,1,,1,8,hold,2,1.5,3,,1
673-拝啓ドッペルゲンガー-mas,13.8,181,53,71.1602,L,3,hold,,0,1,,1,1,slide,2,2.667,7,,3
673-拝啓ドッペルゲンガー-mas,13.8,181,54,71.8232,R,6,hold,,0,1,,1,4,tap,2,1.333,2,,3
674-人生リセットボタン-mas,13.8,200,42,50.7,R,6,hold,,0,1,,1,1,tap,3,2.0,8,,2
674-人生リセットボタン-mas,13.8,200,66,79.5,L,2,hold,,0,1,,1,5,tap,3,2.0,4,,4
674-人生リセットボタン-mas,13.8,200,78,93.9,R,6,slide,2,0,1,L7(tap),2,4,tap,2,1.25,3,,4
678-すーぱーぬこになりたい-mas,13.7,194,21,25.9794,L,2,tap,,0,1,R8(hold),2,5,slide,3,2.0,7,hold:8>None,2
678-すーぱーぬこになりたい-mas,13.7,194,53,66.1856,L,2,star,,0,1,R8(slide),2,7,tap,3,1.5,6,slide:8>2,3
678-すーぱーぬこになりたい-mas,13.7,194,53,66.8041,R,6,slide,4,0,1,L4(tap),2,2,slide,4,1.0,3,,3
678-すーぱーぬこになりたい-mas,13.7,194,55,68.9691,L,2,star,,0,1,R7(slide),2,7,star,3,1.0,5,slide:4>7,3
678-すーぱーぬこになりたい-mas,13.7,194,55,68.9691,R,7,slide,2,0,1,L2(star),2,4,slide,3,1.0,2,,3
678-すーぱーぬこになりたい-mas,13.7,194,80,99.5876,L,2,star,,0,1,R8(slide),2,7,tap,3,1.5,6,slide:8>2,5
678-すーぱーぬこになりたい-mas,13.7,194,80,100.2062,R,6,slide,4,0,1,L4(tap),2,2,slide,4,1.0,3,,5
678-すーぱーぬこになりたい-mas,13.7,194,82,102.3711,L,2,star,,0,1,R7(slide),2,7,star,3,1.0,5,slide:4>7,5
678-すーぱーぬこになりたい-mas,13.7,194,82,102.3711,R,7,slide,2,0,1,L2(star),2,4,slide,3,1.0,2,,5
68-Turn around-mas,13.7,156,14,22.1154,R,6,slide,1,0,1,,1,2,slide,4,0.5,2,,2
68-Turn around-mas,13.7,156,14,22.8846,L,2,slide,5,0,1,,1,6,slide,4,0.5,4,,2
68-Turn around-mas,13.7,156,16,25.1923,L,3,slide,8,0,1,,1,7,slide,4,0.5,7,,2
68-Turn around-mas,13.7,156,16,25.9615,R,7,slide,4,0,1,,1,3,slide,4,0.5,5,,2
68-Turn around-mas,13.7,156,18,28.2692,R,6,slide,1,0,1,,1,2,slide,4,0.5,2,,2
68-Turn around-mas,13.7,156,18,29.0385,L,2,slide,5,0,1,,1,6,slide,4,0.5,4,,2
68-Turn around-mas,13.7,156,20,31.3462,L,3,slide,8,0,1,,1,7,slide,4,0.5,7,,2
68-Turn around-mas,13.7,156,20,32.1154,R,7,slide,4,0,1,,1,3,slide,4,0.5,5,,2
68-Turn around-mas,13.7,156,22,34.6154,R,6,star,,0,1,,1,2,slide,4,1.0,6,slide:6>1,3
68-Turn around-mas,13.7,156,22,34.8077,L,2,star,,0,1,,1,6,slide,4,1.0,2,slide:6>3,3
68-Turn around-mas,13.7,156,22,35.0,R,6,slide,3,0,1,,1,6,star,0,1.0,2,slide:2>5,3
68-Turn around-mas,13.7,156,22,35.1923,L,2,slide,5,0,1,,1,2,star,0,1.0,4,slide:6>3,3
68-Turn around-mas,13.7,156,24,37.6923,L,3,star,,0,1,,1,7,slide,4,1.0,3,slide:3>8,3
68-Turn around-mas,13.7,156,24,37.8846,R,7,star,,0,1,,1,3,slide,4,1.0,7,slide:3>6,3
68-Turn around-mas,13.7,156,24,38.0769,L,3,slide,6,0,1,,1,3,star,0,1.0,7,slide:7>4,3
68-Turn around-mas,13.7,156,24,38.2692,R,7,slide,4,0,1,,1,7,star,0,1.0,5,slide:3>6,3
68-Turn around-mas,13.7,156,42,64.7115,L,3,tap,,0,1,R1(hold),2,6,tap,3,0.5,7,hold:1>None,5
68-Turn around-mas,13.7,156,43,67.0192,R,6,tap,,0,1,L8(hold),2,3,tap,3,0.5,2,hold:8>None,5
68-Turn around-mas,13.7,156,45,70.3846,R,7,star,,0,1,L2(slide),2,2,star,3,1.0,4,slide:5>2,5
68-Turn around-mas,13.7,156,45,70.3846,L,2,slide,7,0,1,R7(star),2,5,slide,3,1.0,7,,5
68-Turn around-mas,13.7,156,46,71.5385,R,6,star,,0,1,L1(slide),2,1,star,3,1.0,3,slide:4>1,5
68-Turn around-mas,13.7,156,46,72.3077,L,3,slide,8,0,1,R8(star),2,6,slide,3,1.0,8,,5
68-Turn around-mas,13.7,156,47,73.0769,R,7,star,,0,1,L4(slide),2,4,star,3,1.0,3,slide:8>4,5
68-Turn around-mas,13.7,156,47,73.8462,L,3,slide,6,0,1,R6(star),2,7,slide,4,1.0,6,,5
68-Turn around-mas,13.7,156,48,73.8462,R,6,star,,0,1,L3(slide),2,3,star,3,1.0,1,slide:7>3,5
68-Turn around-mas,13.7,156,49,76.5385,R,6,star,,0,1,L1(slide),2,1,tap,3,0.5,6,slide:4>1,5
68-Turn around-mas,13.7,156,49,76.7308,R,6,tap,,0,1,,1,6,star,0,0.5,3,slide:1>6,5
68-Turn around-mas,13.7,156,50,77.3077,L,3,slide,8,0,1,R8(star),2,6,slide,3,1.0,8,,5
68-Turn around-mas,13.7,156,50,78.0769,R,6,star,,0,1,L3(slide),2,3,tap,3,0.5,6,slide:8>3,5
68-Turn around-mas,13.7,156,50,78.0769,L,3,slide,6,0,1,R6(star),2,8,slide,3,1.0,6,,5
68-Turn around-mas,13.7,156,50,78.2692,R,6,tap,,0,1,,1,6,star,0,0.5,1,slide:3>6,5
68-Turn around-mas,13.7,156,51,78.8462,R,6,star,,0,1,L1(slide),2,1,tap,3,0.5,6,slide:6>1,5
68-Turn around-mas,13.7,156,51,79.0385,R,6,tap,,0,1,,1,6,star,0,0.5,3,slide:1>6,5
68-Turn around-mas,13.7,156,51,79.6154,L,3,slide,6,0,1,,1,6,slide,3,1.0,,slide:3>8,5
683-MilK-mas,13.8,150,1,2.6,L,2,tap,,0,1,,1,4,hold,2,4.5,8,,1
683-MilK-mas,13.8,150,2,3.8,L,2,hold,,0,1,,1,8,hold,2,2.0,8,,1
683-MilK-mas,13.8,150,3,5.0,R,7,hold,,0,1,,1,3,hold,4,2.0,5,,1
683-MilK-mas,13.8,150,5,9.0,R,7,tap,,0,1,,1,5,hold,2,4.5,1,,1
683-MilK-mas,13.8,150,6,10.2,R,7,hold,,0,1,,1,1,hold,2,2.0,5,,1
683-MilK-mas,13.8,150,16,26.6,R,6,slide,2,0,1,,1,2,slide,4,0.5,1,hold:5>None,2
683-MilK-mas,13.8,150,18,30.0,R,7,hold,,0,1,,1,1,tap,2,1.0,5,,2
683-MilK-mas,13.8,150,20,32.8,L,3,hold,,0,1,R4(tap),2,7,tap,4,1.5,6,,2
683-MilK-mas,13.8,150,26,42.8,L,2,hold,,0,1,,1,8,tap,2,1.0,4,,2
683-MilK-mas,13.8,150,28,46.4,L,3,star,,0,1,,1,6,hold,3,2.0,3,,2
683-MilK-mas,13.8,150,28,46.8,L,3,slide,7,0,1,,1,3,star,0,1.0,1,,2
683-MilK-mas,13.8,150,40,66.0,L,2,slide,4,0,1,,1,4,tap,2,1.5,7,hold:2>None,3
683-MilK-mas,13.8,150,41,66.6,R,7,slide,5,0,1,,1,2,hold,3,1.75,4,hold:7>None,3
683-MilK-mas,13.8,150,44,72.4,R,7,slide,5,0,1,,1,1,tap,2,1.5,2,hold:7>None,4
683-MilK-mas,13.8,150,45,73.0,L,2,slide,4,0,1,,1,7,hold,3,1.75,5,hold:2>None,4
683-MilK-mas,13.8,150,54,87.2667,L,3,tap,,0,1,,1,5,tap,2,0.333,1,,4
683-MilK-mas,13.8,150,56,90.6,L,3,slide,8,0,1,,1,7,slide,4,0.5,6,hold:4>None,4
683-MilK-mas,13.8,150,60,98.0,L,3,slide,7,0,1,,1,8,slide,3,1.0,4,,5
683-MilK-mas,13.8,150,66,107.6,L,3,slide,8,0,1,,1,5,slide,2,1.0,8,,5
683-MilK-mas,13.8,150,68,110.8,R,6,slide,2,0,1,,1,1,slide,3,1.0,4,,5
684-FREEDOM DiVE (tpz Overcute Remix)-mas,14.1,234 (234.5),46,47.5784,R,7,hold,,0,1,L6(hold),2,2,hold,3,1.0,3,hold:6>None,2
684-FREEDOM DiVE (tpz Overcute Remix)-mas,14.1,234 (234.5),47,48.3458,L,2,hold,,0,1,R3(hold),2,7,hold,3,1.0,6,hold:3>None,2
684-FREEDOM DiVE (tpz Overcute Remix)-mas,14.1,234 (234.5),81,83.1344,R,6,slide,1,0,1,,1,3,tap,3,3.0,3,,4
684-FREEDOM DiVE (tpz Overcute Remix)-mas,14.1,234 (234.5),82,84.1576,L,3,slide,8,0,1,,1,6,tap,3,2.0,5,,4
684-FREEDOM DiVE (tpz Overcute Remix)-mas,14.1,234 (234.5),96,98.7381,R,7,hold,,0,1,,1,3,hold,4,2.0,1,,4
687-CYBER Sparks-remas,13.8,192,37,46.875,R,6,tap,,0,1,,1,4,tap,2,1.5,3,hold:5>None,2
687-CYBER Sparks-remas,13.8,192,38,47.5,L,2,tap,,0,1,,1,5,hold,3,3.0,6,hold:3>None,2
687-CYBER Sparks-remas,13.8,192,41,52.5,L,2,slide,6,0,1,R1(tap),2,6,slide,4,1.0,7,,3
687-CYBER Sparks-remas,13.8,192,64,81.5625,L,2,slide,6,0,1,R4(tap),2,6,slide,4,1.0,4,,4
687-CYBER Sparks-remas,13.8,192,66,84.0625,R,7,slide,3,0,1,L5(tap),2,3,slide,4,1.0,8,,4
687-CYBER Sparks-remas,13.8,192,72,91.5625,L,2,slide,6,0,1,R4(tap),2,6,slide,4,1.0,4,,4
687-CYBER Sparks-remas,13.8,192,79,98.8281,R,7,tap,,0,1,,1,4,tap,3,0.5,5,,4
687-CYBER Sparks-remas,13.8,192,79,99.2187,L,2,tap,,0,1,,1,8,tap,2,0.5,8,,4
687-CYBER Sparks-remas,13.8,192,79,99.4531,R,7,tap,,0,1,,1,3,tap,4,0.5,5,,4
687-CYBER Sparks-remas,13.8,192,81,101.3281,L,3,tap,,0,1,,1,5,tap,2,0.5,1,,4
687-CYBER Sparks-remas,13.8,192,81,101.7187,R,6,tap,,0,1,,1,4,tap,2,0.5,4,,4
687-CYBER Sparks-remas,13.8,192,81,101.9531,L,3,tap,,0,1,,1,7,tap,4,0.5,1,,4
687-CYBER Sparks-remas,13.8,192,83,103.8281,R,6,tap,,0,1,,1,8,tap,2,0.5,8,,5
687-CYBER Sparks-remas,13.8,192,85,106.3281,L,3,tap,,0,1,,1,1,tap,2,0.5,1,,5
687-CYBER Sparks-remas,13.8,192,87,109.1406,L,3,tap,,0,1,,1,7,tap,4,0.5,1,,5
687-CYBER Sparks-remas,13.8,192,89,111.6406,R,6,tap,,0,1,,1,2,tap,4,0.5,8,,5
687-CYBER Sparks-remas,13.8,192,93,117.5,R,7,tap,,0,1,,1,2,tap,3,1.0,1,slide:1>7,5
69-Nerverakes-mas,14.1,140,0,0.0,L,2,hold,,0,1,,1,,,,,5,,1
69-Nerverakes-mas,14.1,140,3,5.1429,R,7,tap,,0,1,,1,4,hold,3,8.0,8,hold:6>None,1
69-Nerverakes-mas,14.1,140,9,15.5357,L,3,tap,,0,1,,1,4,tap,1,0.5,4,hold:2>None,1
69-Nerverakes-mas,14.1,140,12,20.5714,R,7,hold,,0,1,,1,2,tap,3,0.25,5,,2
69-Nerverakes-mas,14.1,140,13,22.2857,L,2,hold,,0,1,,1,4,slide,2,0.5,7,,2
69-Nerverakes-mas,14.1,140,15,27.1071,R,7,tap,,0,1,,1,2,tap,3,0.5,5,,2
69-Nerverakes-mas,14.1,140,16,27.4286,L,2,hold,,0,1,,1,6,tap,4,0.5,7,,2
69-Nerverakes-mas,14.1,140,17,29.1429,R,7,hold,,0,1,,1,8,tap,1,0.5,5,,2
69-Nerverakes-mas,14.1,140,19,32.6786,L,3,tap,,0,1,,1,1,slide,2,0.75,4,,3
69-Nerverakes-mas,14.1,140,19,33.3214,R,6,tap,,0,1,,1,2,tap,4,1.25,5,,3
69-Nerverakes-mas,14.1,140,20,34.2857,R,6,hold,,0,1,,1,1,tap,3,0.75,2,,3
69-Nerverakes-mas,14.1,140,21,37.2857,R,6,tap,,0,1,,1,3,hold,3,3.0,4,hold:5>None,3
69-Nerverakes-mas,14.1,140,33,56.6786,L,2,tap,,0,1,,1,4,tap,2,1.25,1,,4
69-Nerverakes-mas,14.1,140,36,62.3571,R,7,hold,,0,1,,1,8,tap,1,0.5,2,,4
69-Nerverakes-mas,14.1,140,38,65.1429,L,2,tap,,0,1,,1,6,tap,4,0.5,2,,5
69-Nerverakes-mas,14.1,140,38,65.3571,L,2,tap,,0,1,,1,2,tap,0,0.5,2,,5
69-Nerverakes-mas,14.1,140,38,65.5714,L,2,tap,,0,1,R3(tap),2,2,tap,0,0.5,7,,5
69-Nerverakes-mas,14.1,140,38,65.8929,R,6,tap,,0,1,,1,3,tap,3,0.75,7,,5
69-Nerverakes-mas,14.1,140,38,66.2143,R,7,tap,,0,1,L6(tap),2,6,tap,1,0.75,1,,5
695-分からない-mas,14,200,44,54.0,R,6,slide,2,0,1,L2(star),2,1,slide,3,1.0,2,,3
695-分からない-mas,14,200,45,54.0,L,2,star,,0,1,R6(slide),2,6,star,4,1.0,5,slide:1>6,3
695-分からない-mas,14,200,53,63.675,L,3,tap,,0,1,,1,8,tap,3,0.75,5,,3
696-Jumble Rumble-mas,14,185,3,4.9459,L,2,tap,,0,1,,1,4,tap,2,0.5,8,,1
696-Jumble Rumble-mas,14,185,37,49.0541,R,7,tap,,0,1,,1,5,tap,2,0.5,1,,2
696-Jumble Rumble-mas,14,185,61,80.1081,L,3,tap,,0,1,,1,4,tap,1,0.5,1,slide:3>7,4
696-Jumble Rumble-mas,14,185,86,112.7838,L,3,slide,6,0,1,,1,7,slide,4,0.75,1,slide:8>4,5
697-ヒバナ-remas,13.2,200,41,50.4,R,7,slide,2,0,1,,1,2,slide,3,1.0,8,,2
697-ヒバナ-remas,13.2,200,77,92.7,L,3,slide,6,0,1,,1,6,slide,3,1.0,7,,4
697-ヒバナ-remas,13.2,200,81,97.5,R,7,tap,,0,1,,1,5,tap,2,1.0,8,hold:6>None,4
697-ヒバナ-remas,13.2,200,85,102.3,L,2,tap,,0,1,,1,4,tap,2,1.0,1,hold:3>None,4
697-ヒバナ-remas,13.2,200,93,111.9,L,3,slide,6,0,1,,1,6,slide,3,1.0,7,,5
697-ヒバナ-remas,13.2,200,105,126.6,R,7,slide,3,0,1,,1,1,tap,2,3.0,7,,5
697-ヒバナ-remas,13.2,200,106,127.5,R,7,slide,2,0,1,,1,7,slide,0,3.0,7,,5
697-ヒバナ-remas,13.2,200,106,127.8,R,7,slide,3,0,1,,1,7,slide,0,1.0,5,,5
697-ヒバナ-remas,13.2,200,109,131.4,L,2,slide,6,0,1,,1,8,tap,2,3.0,2,,5
697-ヒバナ-remas,13.2,200,110,132.3,L,2,slide,7,0,1,,1,2,slide,0,3.0,2,,5
697-ヒバナ-remas,13.2,200,110,132.6,L,2,slide,6,0,1,,1,2,slide,0,1.0,6,,5
698-Jimang Shot-mas,13.3,164,10,15.9146,R,7,slide,4,0,1,L4(star),2,2,slide,3,1.0,4,,1
698-Jimang Shot-mas,13.3,164,11,17.561,R,6,slide,5,0,1,L6(hold),2,1,tap,3,1.0,1,hold:6>None,1
698-Jimang Shot-mas,13.3,164,14,20.8537,L,3,slide,6,0,1,R2(tap),2,7,tap,4,1.0,7,,1
698-Jimang Shot-mas,13.3,164,15,22.3171,R,6,slide,2,0,1,L7(tap),2,1,tap,3,2.0,2,,1
698-Jimang Shot-mas,13.3,164,15,23.4146,L,3,slide,4,0,1,R3(hold),2,8,tap,3,1.0,8,hold:3>None,1
698-Jimang Shot-mas,13.3,164,18,27.622,L,2,slide,5,0,1,R5(star),2,7,slide,3,1.0,5,,1
698-Jimang Shot-mas,13.3,164,22,33.8415,R,6,slide,3,0,1,L8(tap),2,1,slide,3,1.0,4,,2
698-Jimang Shot-mas,13.3,164,34,50.4878,R,7,star,,0,1,L3(slide),2,3,star,4,1.0,2,slide:6>3,2
698-Jimang Shot-mas,13.3,164,34,50.4878,L,3,slide,7,0,1,R7(star),2,6,slide,3,1.0,7,,2
698-Jimang Shot-mas,13.3,164,34,51.2195,L,2,slide,5,0,1,R4(tap),2,7,slide,3,1.0,6,,2
698-Jimang Shot-mas,13.3,164,42,62.1951,L,2,star,,0,1,R6(slide),2,6,star,4,1.0,7,slide:3>6,3
698-Jimang Shot-mas,13.3,164,42,62.1951,R,6,slide,2,0,1,L2(star),2,3,slide,3,1.0,2,,3
698-Jimang Shot-mas,13.3,164,42,62.9268,R,7,slide,4,0,1,L5(tap),2,2,slide,3,1.0,3,,3
698-Jimang Shot-mas,13.3,164,47,70.6098,R,6,slide,3,0,1,L1(tap),2,3,tap,3,1.0,4,,3
698-Jimang Shot-mas,13.3,164,50,73.9024,L,3,slide,6,0,1,R6(star),2,6,slide,3,1.0,6,,3
698-Jimang Shot-mas,13.3,164,50,73.9024,R,6,star,,0,1,L3(slide),2,3,star,3,1.0,1,slide:6>3,3
698-Jimang Shot-mas,13.3,164,51,75.3659,R,6,slide,3,0,1,L3(star),2,3,slide,3,1.0,3,,3
698-Jimang Shot-mas,13.3,164,51,75.3659,L,3,star,,0,1,R6(slide),2,6,star,3,1.0,8,slide:3>6,3
698-Jimang Shot-mas,13.3,164,52,76.4634,R,7,hold,,0,1,,1,3,slide,4,2.0,4,,3
698-Jimang Shot-mas,13.3,164,53,77.9268,L,2,hold,,0,1,,1,5,tap,3,1.5,6,,3
698-Jimang Shot-mas,13.3,164,58,85.6098,R,6,slide,3,0,1,L3(star),2,3,slide,3,1.0,3,,4
698-Jimang Shot-mas,13.3,164,58,85.6098,L,3,star,,0,1,R6(slide),2,6,star,3,1.0,8,slide:3>6,4
698-Jimang Shot-mas,13.3,164,59,87.0732,L,3,slide,6,0,1,R6(star),2,6,slide,3,1.0,6,,4
698-Jimang Shot-mas,13.3,164,59,87.0732,R,6,star,,0,1,L3(slide),2,3,star,3,1.0,1,slide:6>3,4
698-Jimang Shot-mas,13.3,164,60,88.1707,L,2,hold,,0,1,,1,6,slide,4,2.0,8,,4
698-Jimang Shot-mas,13.3,164,63,94.0244,L,3,slide,6,0,1,R8(tap),2,6,tap,3,1.0,5,,4
698-Jimang Shot-mas,13.3,164,71,104.6341,L,3,star,,0,1,,1,6,tap,3,1.0,7,slide:3>6,4
699-幽闇に目醒めしは-mas,13.3,120,5,10.5,R,7,slide,2,0,1,L6(tap),2,2,slide,3,2.0,3,,1
699-幽闇に目醒めしは-mas,13.3,120,7,14.5,L,2,slide,7,0,1,R3(tap),2,7,slide,3,2.0,6,,1
699-幽闇に目醒めしは-mas,13.3,120,15,30.5,R,6,star,,0,1,,1,3,slide,3,1.0,6,,2
699-幽闇に目醒めしは-mas,13.3,120,15,31.0,R,6,slide,2,0,1,L8(tap),2,6,star,0,1.0,2,,2
699-幽闇に目醒めしは-mas,13.3,120,16,32.5,L,3,star,,0,1,,1,7,slide,4,1.0,3,,2
699-幽闇に目醒めしは-mas,13.3,120,16,33.0,L,3,slide,7,0,1,R1(tap),2,3,star,0,1.0,7,,2
699-幽闇に目醒めしは-mas,13.3,120,38,76.0,L,3,hold,,0,1,R5(slide),2,6,hold,3,2.0,6,slide:5>1,4
699-幽闇に目醒めしは-mas,13.3,120,47,94.5,R,7,slide,3,0,1,,1,2,hold,3,1.5,1,,4
699-幽闇に目醒めしは-mas,13.3,120,49,99.25,R,6,slide,2,0,1,L5(slide),2,2,slide,4,0.5,2,slide:1>5,5
699-幽闇に目醒めしは-mas,13.3,120,55,110.5,L,2,slide,6,0,1,,1,7,hold,3,1.5,8,,5
699-幽闇に目醒めしは-mas,13.3,120,57,115.25,L,3,slide,7,0,1,R4(slide),2,7,slide,4,0.5,4,slide:8>4,5
70-Spin me harder-mas,13.4,130,0,1.6154,L,2,hold,,0,1,,1,8,hold,2,1.5,6,,1
70-Spin me harder-mas,13.4,130,2,5.3077,R,7,hold,,0,1,,1,1,hold,2,1.5,3,,1
70-Spin me harder-mas,13.4,130,4,9.1154,L,2,slide,7,0,1,,1,1,hold,1,1.75,1,slide:2>6,1
70-Spin me harder-mas,13.4,130,8,15.6923,R,7,hold,,0,1,,1,5,tap,2,0.5,1,,1
70-Spin me harder-mas,13.4,130,16,30.4615,L,3,star,,0,1,R6(slide),2,6,star,3,1.0,8,slide:1>6,2
70-Spin me harder-mas,13.4,130,16,30.4615,R,6,slide,3,0,1,L3(star),2,1,slide,3,1.0,3,,2
70-Spin me harder-mas,13.4,130,17,31.8462,L,2,star,,0,1,R5(slide),2,5,star,3,1.0,7,slide:8>5,3
70-Spin me harder-mas,13.4,130,22,40.8462,L,2,tap,,0,1,,1,8,tap,2,4.5,3,hold:1>None,3
70-Spin me harder-mas,13.4,130,22,41.0769,L,3,hold,,0,1,,1,2,tap,1,0.5,6,,3
70-Spin me harder-mas,13.4,130,23,43.6154,L,3,tap,,0,1,,1,6,hold,3,1.5,2,hold:4>None,3
70-Spin me harder-mas,13.4,130,23,43.8462,L,2,hold,,0,1,,1,3,tap,1,0.5,3,,3
70-Spin me harder-mas,13.4,130,24,44.7692,L,3,slide,7,0,1,,1,2,hold,1,2.0,6,slide:3>8,3
70-Spin me harder-mas,13.4,130,24,45.9231,R,6,slide,1,0,1,,1,3,slide,3,2.0,1,slide:6>2,3
70-Spin me harder-mas,13.4,130,30,55.3846,L,2,hold,,0,1,,1,5,tap,3,1.0,7,,4
70-Spin me harder-mas,13.4,130,31,58.6154,R,6,hold,,0,1,,1,3,hold,3,2.0,2,,4
70-Spin me harder-mas,13.4,130,32,60.0,R,6,star,,0,1,L2(slide),2,2,star,4,1.0,1,slide:7>2,4
70-Spin me harder-mas,13.4,130,32,60.0,L,2,slide,6,0,1,R6(star),2,7,slide,3,1.0,6,,4
70-Spin me harder-mas,13.4,130,33,61.8462,R,6,star,,0,1,L4(slide),2,1,star,3,0.5,3,slide:4>1,4
70-Spin me harder-mas,13.4,130,33,62.5385,L,3,slide,7,0,1,,1,6,slide,3,0.5,6,,4
70-Spin me harder-mas,13.4,130,40,75.2308,L,3,star,,0,1,R5(slide),2,7,slide,4,1.0,3,slide:5>2,5
70-Spin me harder-mas,13.4,130,40,75.6923,L,3,slide,8,0,1,R2(star),2,3,star,0,1.0,1,slide:2>5,5
700-ゴーストルール-mas,13.2,210,4,5.1429,L,2,tap,,0,1,R4(hold),2,1,tap,1,2.0,6,hold:4>None,1
700-ゴーストルール-mas,13.2,210,6,7.4286,R,7,tap,,0,1,L5(hold),2,8,tap,1,2.0,3,hold:5>None,1
700-ゴーストルール-mas,13.2,210,59,67.5714,R,6,hold,,0,2,,1,5,hold,1,1.5,5,,3
700-ゴーストルール-mas,13.2,210,61,69.8571,L,3,hold,,0,2,,1,4,hold,1,1.5,1,,3
700-ゴーストルール-mas,13.2,210,62,71.7143,L,2,hold,,0,2,,1,1,hold,1,1.5,4,,3
700-ゴーストルール-mas,13.2,210,64,74.0,R,7,hold,,0,2,,1,8,hold,1,1.5,5,,3
702-光線チューニング-mas,13.7,190,14,18.6316,L,3,star,,0,1,R7(slide),2,7,star,4,1.0,7,slide:2>7,1
702-光線チューニング-mas,13.7,190,14,18.6316,R,7,slide,3,0,1,L3(star),2,2,slide,3,1.0,3,,1
702-光線チューニング-mas,13.7,190,14,19.2632,R,7,slide,4,0,1,L4(tap),2,3,slide,4,1.0,5,,1
702-光線チューニング-mas,13.7,190,77,98.5263,R,7,hold,,0,1,,1,5,slide,2,8.0,3,,4
702-光線チューニング-mas,13.7,190,80,102.3158,L,2,tap,,0,1,,1,6,hold,4,8.0,8,,4
702-光線チューニング-mas,13.7,190,93,118.7368,R,7,slide,2,0,1,,1,8,slide,1,1.5,5,,5
702-光線チューニング-mas,13.7,190,95,120.6316,L,3,slide,7,0,1,,1,4,slide,1,1.5,1,,5
702-光線チューニング-mas,13.7,190,109,138.0789,L,2,tap,,0,1,,1,4,tap,2,0.5,4,,5
702-光線チューニング-mas,13.7,190,109,138.4737,R,6,tap,,0,1,,1,8,tap,2,0.5,2,,5
703-Dragoon-remas,14.5,175,0,1.0286,R,6,hold,,0,1,,1,3,hold,3,3.0,4,,1
703-Dragoon-remas,14.5,175,2,3.7714,L,3,hold,,0,1,,1,6,hold,3,3.0,5,,1
703-Dragoon-remas,14.5,175,22,30.8571,R,7,hold,,0,1,L6(hold),2,8,hold,1,1.0,5,hold:6>None,2
703-Dragoon-remas,14.5,175,23,32.2286,L,2,hold,,0,1,R3(hold),2,4,hold,2,1.0,1,hold:3>None,2
703-Dragoon-remas,14.5,175,24,33.2571,L,2,tap,,0,2,R3(tap),2,1,tap,1,0.5,4,,2
703-Dragoon-remas,14.5,175,24,33.9429,R,7,tap,,0,2,L6(tap),2,5,tap,2,0.5,8,,2
703-Dragoon-remas,14.5,175,53,73.7143,L,2,slide,6,0,1,,1,4,tap,2,1.5,7,,4
703-Dragoon-remas,14.5,175,60,83.8286,L,2,slide,6,0,1,R6(slide),2,6,slide,4,1.0,1,slide:6>2,4
703-Dragoon-remas,14.5,175,60,83.8286,R,6,slide,2,0,1,L2(slide),2,2,slide,4,1.0,2,slide:2>6,4
703-Dragoon-remas,14.5,175,79,109.3714,R,6,hold,,0,1,,1,2,hold,4,1.0,4,,5
71-YA･DA･YO [Reborn]-mas,13.4,105,32,73.1429,R,7,hold,,0,1,,1,5,tap,2,0.5,8,,4
71-YA･DA･YO [Reborn]-mas,13.4,105,32,74.8571,R,7,hold,,0,1,,1,5,hold,2,1.0,3,hold:6>None,4
71-YA･DA･YO [Reborn]-mas,13.4,105,33,76.8571,L,2,hold,,0,1,,1,4,hold,2,1.0,3,hold:3>None,4
71-YA･DA･YO [Reborn]-mas,13.4,105,33,77.4286,L,3,hold,,0,1,,1,2,hold,1,1.0,5,hold:1>None,4
71-YA･DA･YO [Reborn]-remas,14.4,105,7,16.0,L,3,tap,,1,1,,1,5,hold,2,2.167,4,hold:2>None,1
71-YA･DA･YO [Reborn]-remas,14.4,105,28,65.3333,R,7,hold,,0,1,L5(tap),2,5,hold,2,0.833,5,,4
71-YA･DA･YO [Reborn]-remas,14.4,105,29,67.1429,L,3,slide,7,0,1,,1,7,slide,4,0.167,6,,4
71-YA･DA･YO [Reborn]-remas,14.4,105,29,68.2857,R,6,slide,2,0,1,,1,2,slide,4,0.167,1,,4
71-YA･DA･YO [Reborn]-remas,14.4,105,32,74.7619,R,7,tap,,0,2,,1,5,hold,2,0.833,7,,4
71-YA･DA･YO [Reborn]-remas,14.4,105,32,74.8571,R,7,hold,,0,2,,1,7,tap,0,0.167,5,,4
71-YA･DA･YO [Reborn]-remas,14.4,105,33,76.5714,R,7,hold,,0,2,,1,8,tap,1,0.5,5,,4
71-YA･DA･YO [Reborn]-remas,14.4,105,34,78.2857,L,2,hold,,0,1,R3(hold),2,1,tap,1,0.5,4,hold:3>None,4
71-YA･DA･YO [Reborn]-remas,14.4,105,35,80.0,L,3,tap,,0,1,R2(tap),2,4,hold,1,1.0,4,,4
71-YA･DA･YO [Reborn]-remas,14.4,105,35,81.9048,L,3,hold,,0,1,R2(tap),2,4,hold,1,0.833,4,,4
71-YA･DA･YO [Reborn]-remas,14.4,105,41,94.9524,L,3,tap,,0,1,,1,6,tap,3,0.333,6,,5
71-YA･DA･YO [Reborn]-remas,14.4,105,42,97.7143,R,6,tap,,0,1,,1,5,tap,1,0.167,2,slide:6>1,5
71-YA･DA･YO [Reborn]-remas,14.4,105,42,98.8571,R,7,slide,4,0,1,L1(star),2,4,star,3,0.5,4,slide:1>6,5
715-ネクロファンタジア～Arr.Demetori-mas,13.8,180,11,15.6667,L,3,tap,,0,1,R6(slide),2,6,star,3,1.0,8,slide:1>6,1
715-ネクロファンタジア～Arr.Demetori-mas,13.8,180,11,15.6667,R,6,slide,3,0,1,L3(tap),2,1,slide,3,1.0,2,,1
715-ネクロファンタジア～Arr.Demetori-mas,13.8,180,29,39.6667,L,2,slide,5,0,1,R5(star),2,7,slide,3,1.0,5,,2
715-ネクロファンタジア～Arr.Demetori-mas,13.8,180,37,50.3333,R,7,slide,4,0,1,L4(star),2,2,slide,3,1.0,4,,2
715-ネクロファンタジア～Arr.Demetori-mas,13.8,180,88,118.0,L,2,slide,7,0,1,R6(slide),2,6,slide,4,1.0,7,slide:6>3,5
715-ネクロファンタジア～Arr.Demetori-mas,13.8,180,88,118.0,R,6,slide,3,0,1,L2(slide),2,2,slide,4,1.0,2,slide:2>7,5
715-ネクロファンタジア～Arr.Demetori-mas,13.8,180,93,125.0,R,7,slide,2,0,1,,1,3,slide,4,1.5,3,,5
715-ネクロファンタジア～Arr.Demetori-mas,13.8,180,96,128.6667,L,3,slide,6,0,1,R7(slide),2,7,slide,4,1.0,7,slide:7>2,5
715-ネクロファンタジア～Arr.Demetori-mas,13.8,180,96,128.6667,R,7,slide,2,0,1,L3(slide),2,3,slide,4,1.0,2,slide:3>6,5
715-ネクロファンタジア～Arr.Demetori-mas,13.8,180,100,134.3333,R,7,slide,2,0,1,,1,3,slide,4,1.5,3,,5
715-ネクロファンタジア～Arr.Demetori-mas,13.8,180,106,142.4444,L,3,tap,,0,1,,1,6,tap,3,0.667,8,,5
715-ネクロファンタジア～Arr.Demetori-mas,13.8,180,107,142.7778,R,6,tap,,0,1,,1,2,tap,4,0.667,1,,5
718-六兆年と一夜物語-mas,13.8,186,17,24.0818,R,6,slide,3,0,1,,1,2,slide,4,1.0,4,,2
718-六兆年と一夜物語-mas,13.8,186,19,26.6625,L,3,slide,6,0,1,,1,7,slide,4,1.0,1,,2
718-六兆年と一夜物語-mas,13.8,186,25,34.4044,L,2,slide,7,0,1,,1,6,slide,4,1.0,8,,2
718-六兆年と一夜物語-mas,13.8,186,27,36.9851,R,7,slide,2,0,1,,1,3,slide,4,1.0,8,,2
718-六兆年と一夜物語-mas,13.8,186,36,48.598,L,3,star,,0,1,R6(slide),2,6,star,3,1.0,8,slide:1>6,3
718-六兆年と一夜物語-mas,13.8,186,36,48.598,R,6,slide,3,0,1,L3(star),2,1,slide,3,1.0,3,,3
718-六兆年と一夜物語-mas,13.8,186,73,96.6467,L,2,tap,,0,1,R3(tap),2,5,slide,3,1.0,5,,5
718-六兆年と一夜物語-mas,13.8,186,73,96.9693,R,6,tap,,0,1,L7(tap),2,4,tap,2,0.5,8,,5
718-六兆年と一夜物語-mas,13.8,186,74,97.9371,R,7,tap,,0,1,L6(tap),2,1,tap,2,0.5,4,,5
718-六兆年と一夜物語-mas,13.8,186,74,98.2596,L,3,tap,,0,1,R2(tap),2,5,tap,2,0.5,1,,5
72-みんなのマイマイマー-mas,13.7,175,4,6.1714,R,7,hold,,0,1,L6(hold),2,4,hold,3,2.5,4,hold:6>None,1
72-みんなのマイマイマー-mas,13.7,175,5,7.5429,L,2,hold,,0,1,R3(hold),2,5,hold,3,2.5,5,hold:3>None,1
72-みんなのマイマイマー-mas,13.7,175,6,8.9143,R,7,hold,,0,1,L6(hold),2,4,hold,3,2.5,4,hold:6>None,1
72-みんなのマイマイマー-mas,13.7,175,7,10.2857,L,3,hold,,0,1,R2(hold),2,5,hold,2,2.5,5,hold:2>None,1
72-みんなのマイマイマー-mas,13.7,175,8,11.3143,R,7,hold,,0,1,,1,2,hold,3,3.0,5,,1
72-みんなのマイマイマー-mas,13.7,175,17,23.7429,L,2,hold,,0,2,,1,1,tap,1,0.75,7,,2
72-みんなのマイマイマー-mas,13.7,175,26,36.0,L,3,tap,,0,1,R2(tap),2,7,tap,4,3.0,6,,2
72-みんなのマイマイマー-mas,13.7,175,27,37.8857,R,6,tap,,0,1,L7(tap),2,8,tap,2,1.0,4,,2
72-みんなのマイマイマー-mas,13.7,175,28,39.4286,L,2,tap,,0,1,R3(tap),2,7,tap,3,1.5,6,,2
72-みんなのマイマイマー-mas,13.7,175,32,44.2286,L,2,tap,,0,2,R3(tap),2,1,tap,1,0.5,8,,2
72-みんなのマイマイマー-mas,13.7,175,33,45.9429,R,7,slide,3,0,1,,1,3,slide,4,1.0,2,,3
72-みんなのマイマイマー-mas,13.7,175,42,58.2857,L,3,tap,,0,1,R2(tap),2,6,tap,3,1.0,3,,3
72-みんなのマイマイマー-mas,13.7,175,42,58.4571,L,3,tap,,0,1,R2(tap),2,3,tap,0,0.5,3,,3
72-みんなのマイマイマー-mas,13.7,175,42,58.6286,L,3,tap,,0,1,R2(tap),2,3,tap,0,0.5,4,,3
72-みんなのマイマイマー-mas,13.7,175,43,59.6571,R,7,hold,,0,1,L6(hold),2,5,tap,2,1.25,1,hold:6>None,3
72-みんなのマイマイマー-mas,13.7,175,49,68.4,L,3,tap,,0,1,R2(tap),2,1,slide,2,1.5,1,,3
72-みんなのマイマイマー-mas,13.7,175,51,70.1143,L,2,tap,,0,2,R3(tap),2,1,tap,1,1.0,2,,4
72-みんなのマイマイマー-mas,13.7,175,51,70.2857,L,2,tap,,0,1,R3(tap),2,2,tap,0,0.5,5,,4
72-みんなのマイマイマー-mas,13.7,175,52,72.0,R,7,hold,,0,1,L6(hold),2,1,tap,2,1.0,2,hold:6>None,4
72-みんなのマイマイマー-mas,13.7,175,56,77.7143,L,2,tap,,0,1,R3(tap),2,6,tap,4,0.667,8,,4
72-みんなのマイマイマー-mas,13.7,175,60,82.6286,L,2,hold,,0,1,,1,7,tap,3,1.5,4,,4
72-みんなのマイマイマー-mas,13.7,175,64,88.1143,R,7,hold,,0,1,,1,2,tap,3,1.5,5,,4
72-みんなのマイマイマー-mas,13.7,175,65,89.6571,R,7,tap,,1,1,L6(tap),2,3,tap,4,0.75,1,,4
72-みんなのマイマイマー-mas,13.7,175,68,93.6,R,7,hold,,0,1,,1,8,slide,1,2.0,5,,5
72-みんなのマイマイマー-mas,13.7,175,72,99.0857,L,2,hold,,0,1,,1,1,slide,1,2.0,4,,5
72-みんなのマイマイマー-mas,13.7,175,73,100.6286,L,2,tap,,1,1,R3(tap),2,6,tap,4,0.75,8,,5
72-みんなのマイマイマー-mas,13.7,175,81,111.5143,R,7,hold,,0,2,,1,8,tap,1,0.75,8,,5
723-魔法少女になるしかねぇ-mas,14,165,2,3.6364,L,2,star,,0,1,,1,7,slide,3,1.0,2,,1
723-魔法少女になるしかねぇ-mas,14,165,2,4.0,L,2,slide,5,0,1,R3(tap),2,2,star,0,1.0,6,,1
723-魔法少女になるしかねぇ-mas,14,165,4,6.5455,R,7,star,,0,1,,1,2,slide,3,1.0,7,,1
723-魔法少女になるしかねぇ-mas,14,165,4,6.9091,R,7,slide,4,0,1,L6(tap),2,7,star,0,1.0,3,,1
723-魔法少女になるしかねぇ-mas,14,165,6,9.8182,L,2,slide,5,0,1,R3(tap),2,7,slide,3,2.0,6,,1
723-魔法少女になるしかねぇ-mas,14,165,20,29.5455,L,3,tap,,0,1,,1,4,tap,1,0.5,7,,2
723-魔法少女になるしかねぇ-mas,14,165,20,30.2727,R,6,tap,,0,1,,1,5,tap,1,0.5,2,,2
723-魔法少女になるしかねぇ-mas,14,165,40,59.2727,L,3,slide,6,0,1,R4(slide),2,4,tap,1,0.5,6,slide:4>1,3
723-魔法少女になるしかねぇ-mas,14,165,46,67.6364,L,2,star,,0,1,,1,1,tap,1,0.167,2,hold:3>None,3
723-魔法少女になるしかねぇ-mas,14,165,46,68.0,L,2,slide,7,0,1,,1,2,star,0,1.0,6,,3
723-魔法少女になるしかねぇ-mas,14,165,53,77.8182,L,2,slide,6,0,1,,1,7,tap,3,3.0,8,,3
723-魔法少女になるしかねぇ-mas,14,165,53,78.5455,L,2,wifi,6,0,1,LR2(wifi),1,2,slide,0,2.0,8,,3
723-魔法少女になるしかねぇ-mas,14,165,64,94.3636,R,6,tap,,0,1,,1,8,tap,2,0.5,3,,4
725-Sakura Fubuki-mas,13.9,175,53,73.8857,R,6,tap,,0,1,,1,5,tap,1,0.5,8,,4
725-Sakura Fubuki-mas,13.9,175,60,83.3143,L,3,hold,,0,1,,1,8,slide,3,2.0,7,,4
725-Sakura Fubuki-mas,13.9,175,61,84.0857,L,2,tap,,0,1,,1,6,tap,4,0.5,4,,4
725-Sakura Fubuki-mas,13.9,175,61,84.5143,R,6,tap,,0,1,,1,8,tap,2,0.5,8,,4
725-Sakura Fubuki-mas,13.9,175,62,85.8857,R,7,tap,,0,1,L6(tap),2,5,tap,2,0.75,1,,4
726-The wheel to the right-mas,14,200,7,9.0,R,6,slide,3,0,1,,1,2,tap,4,3.5,8,,1
726-The wheel to the right-mas,14,200,27,33.3,R,7,wifi,3,0,1,LR7(wifi),1,3,tap,4,3.5,1,,2
726-The wheel to the right-mas,14,200,37,44.55,R,6,tap,,1,1,L7(tap),2,3,tap,3,2.0,6,slide:7>3,2
726-The wheel to the right-mas,14,200,37,44.7,R,6,slide,3,0,1,L7(slide),2,6,tap,0,0.5,2,slide:7>3,2
726-The wheel to the right-mas,14,200,40,48.45,L,3,tap,,0,1,,1,8,hold,3,1.5,7,hold:1>None,2
726-The wheel to the right-mas,14,200,41,49.65,R,6,tap,,0,1,,1,1,hold,3,1.5,5,hold:8>None,2
726-The wheel to the right-mas,14,200,42,50.55,R,6,tap,,0,1,,1,5,slide,1,1.5,1,hold:8>None,2
726-The wheel to the right-mas,14,200,43,51.75,L,3,tap,,0,1,,1,7,slide,4,1.5,8,hold:1>None,2
726-The wheel to the right-mas,14,200,45,54.9,R,7,slide,2,0,1,L6(slide),2,3,tap,4,1.5,8,slide:6>3,2
726-The wheel to the right-mas,14,200,80,96.975,L,2,tap,,0,1,,1,7,tap,3,0.583,4,,4
726-The wheel to the right-mas,14,200,83,100.8,R,6,hold,,0,1,,1,4,tap,2,2.0,2,,4
726-The wheel to the right-mas,14,200,85,102.6,L,3,hold,,0,1,,1,5,tap,2,0.5,6,,4
726-The wheel to the right-mas,14,200,86,104.4,R,7,hold,,0,1,,1,4,tap,3,0.5,3,,4
726-The wheel to the right-mas,14,200,88,106.2,L,2,hold,,0,1,,1,8,tap,2,0.5,8,,4
726-The wheel to the right-mas,14,200,89,108.0,R,7,star,,0,1,,1,1,tap,2,0.5,7,,4
726-The wheel to the right-mas,14,200,89,108.3,R,7,slide,2,0,1,L8(tap),2,7,star,0,1.0,5,,4
726-The wheel to the right-mas,14,200,92,110.55,L,3,tap,,0,2,,1,1,tap,2,1.0,3,slide:7>2,4
726-The wheel to the right-mas,14,200,92,110.7,L,3,tap,,0,2,,1,3,tap,0,0.5,1,slide:7>2,4
726-The wheel to the right-mas,14,200,92,111.45,L,3,tap,,0,1,,1,1,tap,2,1.0,5,slide:7>2,4
726-The wheel to the right-mas,14,200,94,113.7,L,3,tap,,0,2,,1,6,tap,3,1.0,3,slide:5>2,4
726-The wheel to the right-mas,14,200,94,113.85,L,3,tap,,0,2,,1,3,tap,0,0.5,7,slide:5>2,4
726-The wheel to the right-mas,14,200,95,114.6,L,3,tap,,0,2,,1,7,tap,4,1.0,3,slide:5>2,4
726-The wheel to the right-mas,14,200,95,114.75,L,3,tap,,0,2,,1,3,tap,0,0.5,8,slide:5>2,4
726-The wheel to the right-mas,14,200,97,117.3,R,7,slide,2,0,1,,1,5,slide,2,18.0,5,,5
726-The wheel to the right-mas,14,200,98,119.1,R,7,wifi,3,0,1,LR7(wifi),1,5,slide,2,3.0,2,,5
726-The wheel to the right-mas,14,200,99,120.0,R,6,wifi,2,0,1,LR6(wifi),1,5,slide,1,6.0,2,,5
726-The wheel to the right-mas,14,200,101,121.8,R,7,slide,2,0,1,L6(slide),2,8,tap,1,1.5,8,slide:6>3,5
726-The wheel to the right-mas,14,200,102,123.15,R,7,slide,2,0,1,,1,8,slide,1,1.5,5,,5
726-The wheel to the right-mas,14,200,118,142.6,R,6,tap,,0,1,L7(tap),2,8,tap,2,0.667,,,5
726-The wheel to the right-mas,14,200,119,143.1,R,7,wifi,3,0,1,LR7(wifi),1,6,tap,1,1.667,,,5
"730-Good Bye, Mr. Jack-mas",13.9,180,19,26.1667,L,3,tap,,0,1,,1,4,tap,1,0.75,4,hold:2>None,1
"730-Good Bye, Mr. Jack-mas",13.9,180,27,36.8333,R,6,tap,,0,1,,1,5,tap,1,0.75,5,hold:7>None,2
"730-Good Bye, Mr. Jack-mas",13.9,180,36,48.5,R,6,tap,,0,2,,1,5,hold,1,2.5,6,hold:7>None,2
"730-Good Bye, Mr. Jack-mas",13.9,180,36,49.0,R,6,tap,,0,2,,1,6,tap,0,1.5,2,hold:7>None,2
"730-Good Bye, Mr. Jack-mas",13.9,180,38,51.1667,L,3,tap,,0,2,,1,4,hold,1,2.5,3,hold:2>None,2
"730-Good Bye, Mr. Jack-mas",13.9,180,38,51.6667,L,3,tap,,0,2,,1,3,tap,0,1.5,7,hold:2>None,2
"730-Good Bye, Mr. Jack-mas",13.9,180,40,54.0,R,6,hold,,0,1,,1,4,tap,2,0.5,4,,2
"730-Good Bye, Mr. Jack-mas",13.9,180,40,54.5,L,3,hold,,0,1,,1,5,hold,2,1.0,1,,2
"730-Good Bye, Mr. Jack-mas",13.9,180,69,92.1667,R,6,tap,,0,1,,1,2,slide,4,1.0,2,,4
"730-Good Bye, Mr. Jack-mas",13.9,180,73,97.5,L,3,tap,,0,1,,1,7,slide,4,1.0,7,,4
"730-Good Bye, Mr. Jack-mas",13.9,180,81,108.75,R,7,tap,,0,1,,1,2,tap,3,0.5,1,,4
"730-Good Bye, Mr. Jack-mas",13.9,180,81,109.0,L,2,tap,,0,1,,1,6,tap,4,0.5,5,,4
731-DETARAME ROCK＆ROLL THEORY-mas,13.8,140,0,0.3214,L,3,hold,,0,1,,1,,,,,7,,1
731-DETARAME ROCK＆ROLL THEORY-mas,13.8,140,0,1.1786,R,6,hold,,0,1,,1,4,tap,2,1.25,2,,1
731-DETARAME ROCK＆ROLL THEORY-mas,13.8,140,1,2.0357,L,3,hold,,0,1,,1,5,tap,2,1.25,7,,1
731-DETARAME ROCK＆ROLL THEORY-mas,13.8,140,12,20.8929,L,3,hold,,0,1,,1,8,tap,3,2.25,7,,1
731-DETARAME ROCK＆ROLL THEORY-mas,13.8,140,12,21.75,R,6,hold,,0,1,,1,4,tap,2,1.25,2,,1
731-DETARAME ROCK＆ROLL THEORY-mas,13.8,140,13,22.6071,L,3,hold,,0,1,,1,5,tap,2,1.25,7,,1
731-DETARAME ROCK＆ROLL THEORY-mas,13.8,140,19,33.4286,R,7,slide,3,0,1,L6(star),2,8,slide,1,1.0,1,slide:6>4,2
731-DETARAME ROCK＆ROLL THEORY-mas,13.8,140,28,48.4286,R,7,star,,0,1,L3(slide),2,3,star,4,1.0,4,slide:8>3,2
731-DETARAME ROCK＆ROLL THEORY-mas,13.8,140,28,48.4286,L,3,slide,7,0,1,R7(star),2,8,slide,3,1.0,7,,2
731-DETARAME ROCK＆ROLL THEORY-mas,13.8,140,29,50.1429,L,3,slide,7,0,1,,1,8,slide,3,1.0,7,,2
731-DETARAME ROCK＆ROLL THEORY-mas,13.8,140,36,62.7857,L,2,tap,,0,1,R3(tap),2,5,tap,3,0.5,8,,2
731-DETARAME ROCK＆ROLL THEORY-mas,13.8,140,36,63.2143,R,7,tap,,0,1,L6(tap),2,1,tap,2,0.5,5,,2
731-DETARAME ROCK＆ROLL THEORY-mas,13.8,140,41,71.7857,R,6,hold,,0,1,,1,2,hold,4,2.0,3,,3
731-DETARAME ROCK＆ROLL THEORY-mas,13.8,140,42,73.5,L,2,tap,,0,1,R3(tap),2,6,tap,4,1.0,7,,3
731-DETARAME ROCK＆ROLL THEORY-mas,13.8,140,55,90.9029,L,3,slide,8,0,1,R2(slide),2,7,tap,4,5.5,8,slide:2>5,3
731-DETARAME ROCK＆ROLL THEORY-mas,13.8,140,57,94.4422,R,7,slide,4,0,1,L6(slide),2,3,tap,4,2.5,5,slide:6>1,4
731-DETARAME ROCK＆ROLL THEORY-mas,13.8,140,60,97.4759,R,6,slide,1,0,1,L1(star),2,3,slide,3,1.0,1,,4
731-DETARAME ROCK＆ROLL THEORY-mas,13.8,140,70,112.1388,L,3,slide,7,0,1,R7(star),2,8,slide,3,1.0,7,,4
731-DETARAME ROCK＆ROLL THEORY-mas,13.8,140,71,112.1388,R,7,star,,0,1,L3(slide),2,3,star,4,1.0,4,slide:8>3,4
731-DETARAME ROCK＆ROLL THEORY-mas,13.8,140,71,113.4872,L,3,slide,6,0,1,,1,8,slide,3,1.0,5,,4
731-DETARAME ROCK＆ROLL THEORY-mas,13.8,140,74,117.195,L,3,hold,,0,1,R2(hold),2,4,tap,1,0.5,6,hold:2>None,4
731-DETARAME ROCK＆ROLL THEORY-mas,13.8,140,75,117.5321,R,7,hold,,0,1,L6(hold),2,2,hold,3,1.0,2,hold:6>None,4
731-DETARAME ROCK＆ROLL THEORY-mas,13.8,140,75,117.8692,L,3,hold,,0,1,R2(hold),2,6,hold,3,1.0,6,hold:2>None,4
731-DETARAME ROCK＆ROLL THEORY-mas,13.8,140,75,118.2063,R,7,hold,,0,1,L6(hold),2,2,hold,3,1.0,4,hold:6>None,4
731-DETARAME ROCK＆ROLL THEORY-mas,13.8,140,79,123.431,R,7,tap,,0,1,L6(tap),2,4,tap,3,0.5,1,,5
731-DETARAME ROCK＆ROLL THEORY-mas,13.8,140,79,123.7681,L,2,tap,,0,1,R3(tap),2,8,tap,2,0.5,5,,5
731-DETARAME ROCK＆ROLL THEORY-mas,13.8,140,81,126.4647,R,7,slide,3,0,1,L1(star),2,2,slide,3,1.0,8,slide:1>6,5
731-DETARAME ROCK＆ROLL THEORY-mas,13.8,140,92,141.4647,R,7,slide,3,0,1,,1,2,tap,3,1.0,,,5
74-maiム・maiム feat.週刊少年マガジン-mas,13.2,140,13,22.5,R,6,tap,,0,1,L7(tap),2,2,tap,4,1.0,3,,1
74-maiム・maiム feat.週刊少年マガジン-mas,13.2,140,15,25.9286,L,3,tap,,0,1,R2(tap),2,7,tap,4,1.0,6,,2
74-maiム・maiム feat.週刊少年マガジン-mas,13.2,140,17,29.6786,R,6,tap,,0,1,,1,1,tap,3,0.75,1,,2
74-maiム・maiム feat.週刊少年マガジン-mas,13.2,140,17,30.5357,L,3,tap,,0,1,,1,8,tap,3,0.75,5,,2
74-maiム・maiム feat.週刊少年マガジン-mas,13.2,140,19,33.1071,L,3,tap,,0,1,,1,5,tap,2,0.75,5,,2
74-maiム・maiム feat.週刊少年マガジン-mas,13.2,140,19,33.9643,R,6,tap,,0,1,,1,4,tap,2,0.75,1,,2
74-maiム・maiム feat.週刊少年マガジン-mas,13.2,140,25,43.7143,R,6,slide,2,0,1,L7(star),2,8,slide,2,1.0,5,slide:7>3,2
74-maiム・maiム feat.週刊少年マガジン-mas,13.2,140,27,47.1429,L,3,slide,7,0,1,R2(star),2,1,slide,2,1.0,4,slide:2>6,2
74-maiム・maiム feat.週刊少年マガジン-mas,13.2,140,34,59.1429,L,3,star,,0,1,R1(slide),2,7,slide,4,1.0,3,slide:1>4,3
74-maiム・maiム feat.週刊少年マガジン-mas,13.2,140,34,59.5714,L,3,slide,6,0,1,R5(star),2,3,star,0,1.0,7,slide:5>8,3
74-maiム・maiム feat.週刊少年マガジン-mas,13.2,140,35,60.4286,R,7,slide,2,0,1,L1(star),2,5,slide,2,1.0,3,slide:1>4,3
74-maiム・maiム feat.週刊少年マガジン-mas,13.2,140,35,61.2857,L,3,slide,6,0,1,R5(tap),2,1,slide,2,1.0,7,,3
74-maiム・maiム feat.週刊少年マガジン-mas,13.2,140,36,63.0,L,3,star,,0,1,R5(slide),2,7,slide,4,1.0,3,slide:5>2,3
74-maiム・maiム feat.週刊少年マガジン-mas,13.2,140,36,63.4286,L,3,slide,8,0,1,R1(star),2,3,star,0,1.0,7,slide:1>6,3
74-maiム・maiム feat.週刊少年マガジン-mas,13.2,140,47,81.8571,L,2,star,,0,1,R7(slide),2,7,star,3,1.0,5,slide:4>7,4
74-maiム・maiム feat.週刊少年マガジン-mas,13.2,140,47,81.8571,R,7,slide,2,0,1,L2(star),2,4,slide,3,1.0,2,,4
74-maiム・maiム feat.週刊少年マガジン-mas,13.2,140,48,83.1429,L,3,star,,0,1,R8(slide),2,8,star,3,1.0,6,slide:5>8,4
74-maiム・maiム feat.週刊少年マガジン-mas,13.2,140,48,84.0,R,6,slide,1,0,1,L1(star),2,3,slide,3,1.0,1,,4
74-maiム・maiム feat.週刊少年マガジン-mas,13.2,140,49,85.2857,L,2,star,,0,1,R7(slide),2,7,star,3,1.0,5,slide:4>7,4
74-maiム・maiム feat.週刊少年マガジン-mas,13.2,140,49,85.2857,R,7,slide,2,0,1,L2(star),2,4,slide,3,1.0,2,,4
74-maiム・maiム feat.週刊少年マガジン-mas,13.2,140,50,86.5714,L,3,tap,,1,1,R8(slide),2,8,star,3,1.0,6,slide:5>8,4
74-maiム・maiム feat.週刊少年マガジン-mas,13.2,140,51,88.2857,L,2,star,,0,1,R5(slide),2,5,star,3,1.0,7,slide:8>5,4
74-maiム・maiム feat.週刊少年マガジン-mas,13.2,140,51,89.1429,R,7,slide,4,0,1,L4(star),2,2,slide,3,1.0,4,,4
74-maiム・maiム feat.週刊少年マガジン-mas,13.2,140,52,90.4286,L,3,star,,0,1,R6(slide),2,6,star,3,1.0,8,slide:1>6,4
74-maiム・maiム feat.週刊少年マガジン-mas,13.2,140,52,90.4286,R,6,slide,3,0,1,L3(star),2,1,slide,3,1.0,3,,4
74-maiム・maiム feat.週刊少年マガジン-mas,13.2,140,53,91.7143,L,2,star,,0,1,R5(slide),2,5,star,3,1.0,7,slide:8>5,4
74-maiム・maiム feat.週刊少年マガジン-mas,13.2,140,53,92.5714,R,7,slide,4,0,1,L4(tap),2,2,slide,3,1.0,8,,4
74-maiム・maiム feat.週刊少年マガジン-mas,13.2,140,55,94.2857,R,6,tap,,0,1,L7(tap),2,8,slide,2,1.0,2,,4
74-maiム・maiム feat.週刊少年マガジン-mas,13.2,140,57,97.7143,L,3,tap,,0,1,R2(tap),2,4,slide,1,1.0,7,,4
74-maiム・maiム feat.週刊少年マガジン-mas,13.2,140,64,110.5714,L,3,star,,0,1,R7(slide),2,7,star,4,1.0,6,slide:2>7,5
74-maiム・maiム feat.週刊少年マガジン-mas,13.2,140,64,110.5714,R,7,slide,3,0,1,L3(star),2,2,slide,3,1.0,3,,5
74-maiム・maiム feat.週刊少年マガジン-mas,13.2,140,65,112.2857,R,7,star,,0,1,L2(slide),2,2,star,3,1.0,4,slide:7>2,5
74-maiム・maiム feat.週刊少年マガジン-mas,13.2,140,65,112.2857,L,2,slide,7,0,1,R7(star),2,7,slide,3,1.0,7,,5
74-maiム・maiム feat.週刊少年マガジン-mas,13.2,140,66,113.5714,L,2,hold,,0,1,R2(slide),2,5,star,3,0.5,4,slide:2>5,5
74-maiム・maiム feat.週刊少年マガジン-mas,13.2,140,68,117.0,L,3,star,,0,1,R5(slide),2,7,tap,4,1.0,3,slide:5>1,5
74-maiム・maiム feat.週刊少年マガジン-mas,13.2,140,68,117.4286,L,3,slide,8,0,1,,1,3,star,0,1.0,1,,5
74-maiム・maiム feat.週刊少年マガジン-mas,13.2,140,69,118.7143,R,6,star,,0,1,L4(slide),2,2,tap,4,1.0,6,slide:4>8,5
74-maiム・maiム feat.週刊少年マガジン-mas,13.2,140,69,119.1429,R,6,slide,1,0,1,L7(tap),2,6,star,0,1.0,2,,5
74-maiム・maiム feat.週刊少年マガジン-mas,13.2,140,70,120.8571,L,3,slide,8,0,1,,1,5,slide,2,1.0,1,,5
749-Destr0yer-mas,14.2,90,18,49.3333,R,7,slide,3,0,1,L8(hold),2,2,hold,3,1.0,1,hold:8>None,2
749-Destr0yer-mas,14.2,90,28,76.6667,L,2,wifi,6,0,1,LR2(wifi),1,4,hold,2,1.5,6,,3
749-Destr0yer-mas,14.2,90,34,92.3333,R,7,tap,,0,1,,1,5,tap,2,0.25,5,,4
749-Destr0yer-mas,14.2,90,37,99.6667,R,7,tap,,0,1,L6(tap),2,4,slide,3,0.5,2,,4
749-Destr0yer-mas,14.2,90,37,100.5,R,6,slide,2,0,1,L7(slide),2,3,star,3,0.5,2,slide:7>3,4
749-Destr0yer-mas,14.2,90,37,100.8333,L,3,slide,7,0,1,R2(slide),2,7,slide,4,0.5,1,slide:6>2,4
749-Destr0yer-mas,14.2,90,50,135.0833,L,2,tap,,0,1,,1,4,tap,2,0.25,4,,5
749-Destr0yer-mas,14.2,90,51,137.75,R,7,tap,,0,1,,1,5,tap,2,0.25,5,,5
749-Destr0yer-mas,14.2,90,53,142.8333,L,2,tap,,0,1,,1,5,tap,3,0.25,7,,5
749-Destr0yer-mas,14.2,90,53,143.0833,R,6,tap,,0,1,,1,1,tap,3,0.25,4,,5
75-Space Harrier Main Theme [Reborn]-mas,13.6,125,21,41.04,L,2,hold,,0,1,,1,7,tap,3,6.5,4,,2
75-Space Harrier Main Theme [Reborn]-mas,13.6,125,37,71.76,L,2,hold,,0,1,,1,4,hold,2,5.5,8,,4
75-Space Harrier Main Theme [Reborn]-mas,13.6,125,40,78.48,R,7,tap,,0,1,L6(tap),2,4,tap,3,4.0,3,,4
75-Space Harrier Main Theme [Reborn]-mas,13.6,125,41,80.4,L,2,tap,,0,1,R3(tap),2,6,tap,4,4.0,7,,4
75-Space Harrier Main Theme [Reborn]-mas,13.6,125,51,99.6,L,3,tap,,0,1,R2(tap),2,7,tap,4,2.0,1,,5
75-Space Harrier Main Theme [Reborn]-mas,13.6,125,56,109.2,L,3,tap,,0,1,R2(tap),2,5,tap,2,4.667,6,,5
75-Space Harrier Main Theme [Reborn]-mas,13.6,125,57,111.12,R,6,tap,,0,1,L7(tap),2,2,tap,4,4.0,,,5
750-Signature-mas,13.5,128,10,19.2188,L,3,hold,,0,1,R1(tap),2,6,hold,3,1.0,7,,1
750-Signature-mas,13.5,128,35,67.0312,R,7,tap,,0,1,,1,5,tap,2,0.667,5,hold:6>None,3
750-Signature-mas,13.5,128,44,82.9688,L,2,tap,,0,1,R5(slide),2,5,star,3,1.0,8,slide:8>5,4
750-Signature-mas,13.5,128,53,100.5469,L,2,tap,,0,1,,1,4,tap,2,0.667,1,,4
750-Signature-mas,13.5,128,55,104.2969,L,2,tap,,0,1,,1,4,tap,2,0.667,1,,4
750-Signature-mas,13.5,128,56,106.1719,L,2,tap,,0,1,,1,4,tap,2,0.667,1,,5
750-Signature-mas,13.5,128,57,108.0469,R,7,tap,,0,1,,1,5,tap,2,0.667,8,,5
750-Signature-mas,13.5,128,59,111.7969,R,7,tap,,0,1,,1,5,tap,2,0.667,8,,5
751-Altale-mas,13.7,90,10,41.3333,L,2,slide,7,0,1,R8(tap),2,6,slide,4,1.0,6,,2
751-Altale-mas,13.7,90,11,45.3333,R,7,slide,2,0,1,L1(tap),2,3,slide,4,1.0,2,,2
751-Altale-mas,13.7,90,12,49.0,R,7,tap,,0,1,,1,8,tap,1,0.333,1,slide:6>1,2
751-Altale-mas,13.7,90,18,75.3333,L,2,hold,,0,1,,1,8,hold,2,1.0,4,,3
751-Altale-mas,13.7,90,20,83.3333,R,7,hold,,0,1,,1,1,hold,2,1.0,5,,3
751-Altale-mas,13.7,90,23,94.3333,R,6,slide,8,0,1,L8(star),2,3,slide,3,1.0,8,,4
751-Altale-mas,13.7,90,26,108.3333,L,3,slide,1,0,1,R1(star),2,6,slide,3,1.0,1,,4
752-深海少女-mas,13.2,137,2,4.3796,L,3,tap,,0,1,,1,7,hold,4,2.0,1,,1
752-深海少女-mas,13.2,137,19,33.2847,R,7,tap,,0,1,,1,2,slide,3,1.5,8,hold:6>None,2
752-深海少女-mas,13.2,137,20,35.4745,L,3,tap,,0,1,R2(tap),2,5,tap,2,1.25,1,,2
752-深海少女-mas,13.2,137,25,44.6715,R,7,slide,2,0,1,,1,4,slide,3,1.0,3,,2
752-深海少女-mas,13.2,137,25,45.7664,L,3,slide,7,0,1,,1,7,slide,4,0.5,6,,2
752-深海少女-mas,13.2,137,26,46.6423,R,6,slide,2,0,1,,1,2,slide,4,0.5,1,,2
752-深海少女-mas,13.2,137,29,51.6788,L,2,slide,7,0,1,,1,5,slide,3,1.0,1,,2
752-深海少女-mas,13.2,137,31,54.7445,L,3,hold,,0,1,,1,1,hold,2,1.0,5,,3
752-深海少女-mas,13.2,137,31,55.4015,R,6,hold,,0,1,,1,4,hold,2,1.0,8,,3
752-深海少女-mas,13.2,137,32,56.3869,L,3,tap,,0,1,R2(tap),2,1,tap,2,0.75,6,,3
752-深海少女-mas,13.2,137,32,56.7153,R,7,tap,,0,1,L6(tap),2,2,tap,3,0.75,4,,3
752-深海少女-mas,13.2,137,49,86.1679,L,3,tap,,0,1,,1,7,tap,4,1.25,5,hold:1>None,4
752-深海少女-mas,13.2,137,53,93.7226,L,3,slide,6,0,1,,1,8,slide,3,1.0,6,,4
752-深海少女-mas,13.2,137,54,95.0365,R,7,star,,0,1,,1,2,slide,3,1.0,7,slide:6>3,4
752-深海少女-mas,13.2,137,54,95.2555,L,3,star,,0,1,,1,6,slide,3,1.0,3,slide:7>2,4
752-深海少女-mas,13.2,137,54,95.4745,R,7,slide,2,0,1,,1,7,star,0,1.0,2,slide:3>6,4
752-深海少女-mas,13.2,137,54,95.6934,L,3,slide,6,0,1,,1,3,star,0,1.0,8,slide:7>2,4
752-深海少女-mas,13.2,137,57,100.7299,R,6,slide,3,0,1,,1,1,slide,3,1.0,5,,4
752-深海少女-mas,13.2,137,59,103.7956,R,6,hold,,0,1,,1,2,hold,4,1.0,3,,4
752-深海少女-mas,13.2,137,59,104.6715,R,7,hold,,0,1,,1,3,hold,4,1.0,8,,4
752-深海少女-mas,13.2,137,62,110.365,R,6,slide,3,0,1,,1,3,slide,3,1.0,1,,5
752-深海少女-mas,13.2,137,66,116.9343,L,3,hold,,0,1,,1,7,hold,4,3.0,6,,5
755-レッツゴー!陰陽師-mas,13.3,150,6,9.6,L,2,star,,0,1,,1,7,slide,3,7.0,2,hold:1>None,1
755-レッツゴー!陰陽師-mas,13.3,150,6,10.0,L,2,slide,5,0,1,,1,2,star,0,1.0,5,hold:1>None,1
755-レッツゴー!陰陽師-mas,13.3,150,20,32.8,L,2,star,,0,1,R6(slide),2,6,star,4,1.0,7,slide:1>6,2
755-レッツゴー!陰陽師-mas,13.3,150,20,32.8,R,6,slide,2,0,1,L2(star),2,1,slide,3,1.0,2,,2
755-レッツゴー!陰陽師-mas,13.3,150,21,34.4,R,7,star,,0,1,L3(slide),2,3,star,4,1.0,2,slide:8>3,2
755-レッツゴー!陰陽師-mas,13.3,150,21,34.4,L,3,slide,7,0,1,R7(star),2,8,slide,3,1.0,7,,2
755-レッツゴー!陰陽師-mas,13.3,150,44,71.6,R,6,tap,,0,1,,1,5,tap,1,1.0,7,slide:5>4,3
755-レッツゴー!陰陽師-mas,13.3,150,45,72.0,R,7,tap,,0,1,,1,6,tap,1,1.0,8,slide:5>4,3
755-レッツゴー!陰陽師-mas,13.3,150,47,76.4,R,6,slide,3,0,1,,1,2,slide,4,2.0,3,,3
755-レッツゴー!陰陽師-mas,13.3,150,48,78.6,R,6,slide,1,0,1,,1,3,slide,3,1.5,1,,3
755-レッツゴー!陰陽師-mas,13.3,150,52,84.4,L,3,tap,,0,1,,1,4,tap,1,1.0,2,slide:4>5,4
755-レッツゴー!陰陽師-mas,13.3,150,53,84.8,L,2,tap,,0,1,,1,3,tap,1,1.0,1,slide:4>5,4
755-レッツゴー!陰陽師-mas,13.3,150,60,96.8,L,2,star,,0,1,R6(slide),2,6,star,4,1.0,7,slide:1>6,4
755-レッツゴー!陰陽師-mas,13.3,150,60,96.8,R,6,slide,2,0,1,L2(star),2,1,slide,3,1.0,2,,4
755-レッツゴー!陰陽師-mas,13.3,150,61,98.4,R,7,star,,0,1,L3(slide),2,3,star,4,1.0,2,slide:8>3,4
755-レッツゴー!陰陽師-mas,13.3,150,61,98.4,L,3,slide,7,0,1,R7(star),2,8,slide,3,1.0,7,,4
755-レッツゴー!陰陽師-mas,13.3,150,66,106.0,L,3,slide,7,0,1,R2(slide),2,6,tap,3,2.0,7,slide:2>5,4
755-レッツゴー!陰陽師-mas,13.3,150,66,106.4,R,6,star,,0,1,L7(star),2,2,slide,4,1.0,6,slide:7>4,4
755-レッツゴー!陰陽師-mas,13.3,150,66,106.8,R,6,slide,2,0,1,L7(slide),2,6,star,0,1.0,2,slide:7>4,4
755-レッツゴー!陰陽師-mas,13.3,150,67,107.6,L,3,slide,7,0,1,R2(slide),2,7,slide,4,2.0,7,slide:2>5,4
755-レッツゴー!陰陽師-mas,13.3,150,67,108.0,R,6,star,,0,1,L7(star),2,2,slide,4,1.0,6,slide:7>4,4
755-レッツゴー!陰陽師-mas,13.3,150,67,108.4,R,6,slide,2,0,1,L7(slide),2,6,star,0,1.0,4,slide:7>4,4
755-レッツゴー!陰陽師-mas,13.3,150,68,109.6,L,3,star,,0,1,R7(slide),2,7,star,4,1.0,7,slide:4>7,4
755-レッツゴー!陰陽師-mas,13.3,150,68,109.6,R,7,slide,3,0,1,L3(star),2,4,slide,3,1.0,3,,4
755-レッツゴー!陰陽師-mas,13.3,150,69,111.2,R,6,star,,0,1,L2(slide),2,2,star,4,1.0,2,slide:5>2,5
755-レッツゴー!陰陽師-mas,13.3,150,69,111.2,L,2,slide,6,0,1,R6(star),2,5,slide,3,1.0,6,,5
755-レッツゴー!陰陽師-mas,13.3,150,72,116.0,L,3,tap,,0,1,,1,6,tap,3,1.0,6,,5
755-レッツゴー!陰陽師-mas,13.3,150,74,119.2,L,3,tap,,0,1,,1,6,tap,3,1.0,6,,5
755-レッツゴー!陰陽師-mas,13.3,150,80,128.0,L,2,hold,,0,1,,1,8,slide,2,3.0,6,,5
755-レッツゴー!陰陽師-mas,13.3,150,81,130.4,L,3,hold,,0,1,,1,7,hold,4,2.0,5,,5
757-フィクサー-mas,13.3,135,34,62.4444,L,3,slide,6,0,1,R8(star),2,7,slide,4,1.0,5,slide:8>3,3
757-フィクサー-mas,13.3,135,62,111.7778,L,2,tap,,0,1,R4(slide),2,5,slide,3,2.0,5,slide:4>2,4
76-KONNANじゃないっ！-mas,13.4,155,33,51.6774,L,3,tap,,0,1,,1,5,tap,2,2.5,7,hold:2>None,3
76-KONNANじゃないっ！-mas,13.4,155,34,54.0,R,6,tap,,0,1,,1,8,hold,2,3.5,2,hold:5>None,3
76-KONNANじゃないっ！-mas,13.4,155,35,54.9677,L,3,hold,,0,1,,1,7,tap,4,0.5,4,hold:2>None,3
76-KONNANじゃないっ！-mas,13.4,155,38,59.2258,L,2,tap,,0,1,,1,8,hold,2,3.5,6,hold:1>None,3
76-KONNANじゃないっ！-mas,13.4,155,44,68.9032,R,6,slide,1,0,1,L1(star),2,1,slide,3,1.0,1,,4
76-KONNANじゃないっ！-mas,13.4,155,45,70.8387,R,7,slide,3,0,1,L5(tap),2,1,tap,2,0.5,2,,4
76-KONNANじゃないっ！-mas,13.4,155,46,72.3871,L,2,slide,6,0,1,R4(tap),2,8,tap,2,0.5,8,,4
76-KONNANじゃないっ！-mas,13.4,155,48,75.0968,R,7,star,,0,1,L4(slide),2,4,star,3,1.0,2,slide:8>4,4
76-KONNANじゃないっ！-mas,13.4,155,48,75.871,L,2,slide,5,0,1,R5(star),2,7,slide,3,1.0,5,,4
76-KONNANじゃないっ！-mas,13.4,155,56,87.3871,R,7,star,,0,1,L4(slide),2,4,tap,3,0.75,7,slide:8>4,4
76-KONNANじゃないっ！-mas,13.4,155,56,87.4839,R,7,tap,,1,1,,1,7,star,0,0.25,2,slide:4>7,4
76-KONNANじゃないっ！-mas,13.4,155,56,88.1613,L,2,slide,5,0,1,R5(star),2,7,slide,3,1.0,5,,4
76-KONNANじゃないっ！-mas,13.4,155,59,93.0968,L,2,slide,7,0,1,,1,1,slide,1,8.5,2,hold:2>None,5
76-KONNANじゃないっ！-mas,13.4,155,60,93.871,L,2,slide,5,0,1,,1,2,slide,0,2.0,7,hold:2>None,5
76-KONNANじゃないっ！-mas,13.4,155,60,94.6452,R,7,slide,2,0,1,,1,2,hold,3,2.5,7,hold:7>None,5
76-KONNANじゃないっ！-mas,13.4,155,61,95.4194,R,7,slide,4,0,1,,1,7,slide,0,2.0,1,hold:7>None,5
76-KONNANじゃないっ！-mas,13.4,155,62,96.6774,L,2,star,,0,1,R5(slide),2,5,tap,3,0.75,2,slide:1>5,5
76-KONNANじゃないっ！-mas,13.4,155,62,96.7742,L,2,tap,,1,1,,1,2,star,0,0.25,7,slide:5>2,5
76-KONNANじゃないっ！-mas,13.4,155,62,97.4516,R,7,slide,4,0,1,L4(star),2,2,slide,3,1.0,4,,5
77-BAD∞END∞NIGHT-mas,13.5,204,7,8.3333,R,6,tap,,0,1,,1,8,tap,2,0.667,8,,1
77-BAD∞END∞NIGHT-mas,13.5,204,7,9.4118,L,2,tap,,0,1,R3(tap),2,1,tap,1,2.667,5,,1
77-BAD∞END∞NIGHT-mas,13.5,204,8,10.0,R,7,tap,,0,1,L6(tap),2,4,tap,3,1.0,8,,1
77-BAD∞END∞NIGHT-mas,13.5,204,12,14.4118,R,7,tap,,0,1,L6(tap),2,1,tap,2,1.0,4,,1
77-BAD∞END∞NIGHT-mas,13.5,204,23,27.0588,L,3,tap,,0,1,R2(tap),2,8,slide,3,1.0,8,,2
77-BAD∞END∞NIGHT-mas,13.5,204,23,27.6471,R,7,tap,,0,1,L6(tap),2,1,tap,2,1.0,1,,2
77-BAD∞END∞NIGHT-mas,13.5,204,32,38.5294,L,2,tap,,0,2,,1,1,tap,1,1.0,2,,2
77-BAD∞END∞NIGHT-mas,13.5,204,32,38.7255,L,2,hold,,0,2,,1,2,tap,0,0.667,4,,2
77-BAD∞END∞NIGHT-mas,13.5,204,34,40.8824,L,3,tap,,0,2,,1,4,tap,1,1.0,3,,3
77-BAD∞END∞NIGHT-mas,13.5,204,34,41.0784,L,3,hold,,0,2,,1,3,tap,0,0.667,1,,3
77-BAD∞END∞NIGHT-mas,13.5,204,47,55.5882,R,6,tap,,0,1,,1,3,tap,3,1.0,5,hold:7>None,3
77-BAD∞END∞NIGHT-mas,13.5,204,54,63.8235,L,2,tap,,0,1,,1,7,hold,3,3.0,7,,4
77-BAD∞END∞NIGHT-mas,13.5,204,54,64.4118,R,6,tap,,0,1,,1,8,tap,2,1.333,2,,4
77-BAD∞END∞NIGHT-mas,13.5,204,56,65.8824,L,3,hold,,0,1,,1,1,tap,2,1.0,8,,4
77-BAD∞END∞NIGHT-mas,13.5,204,57,67.0588,R,7,hold,,0,1,,1,1,hold,2,2.0,1,,4
77-BAD∞END∞NIGHT-mas,13.5,204,74,87.9412,L,3,star,,0,1,R8(slide),2,7,slide,4,2.0,3,slide:8>3,5
77-BAD∞END∞NIGHT-mas,13.5,204,74,88.2353,L,3,slide,6,0,1,,1,3,star,0,1.0,8,,5
77-BAD∞END∞NIGHT-mas,13.5,204,80,95.0,L,3,tap,,0,1,,1,4,tap,1,1.0,8,,5
77-BAD∞END∞NIGHT-mas,13.5,204,81,95.5882,R,7,hold,,0,1,,1,1,tap,2,1.0,5,,5
777-無敵We are one!!-mas,13.7,190,8,10.7368,R,7,star,,0,1,L4(slide),2,4,star,3,1.0,2,slide:1>4,1
777-無敵We are one!!-mas,13.7,190,21,26.8421,R,7,hold,,0,1,,1,1,hold,2,1.0,5,,1
777-無敵We are one!!-mas,13.7,190,21,27.6316,L,2,hold,,0,1,,1,4,hold,2,1.0,7,,1
777-無敵We are one!!-mas,13.7,190,26,33.1579,R,6,tap,,0,1,,1,1,tap,3,1.0,8,,2
777-無敵We are one!!-mas,13.7,190,27,34.4211,L,3,tap,,0,1,,1,7,tap,4,1.0,1,,2
777-無敵We are one!!-mas,13.7,190,28,35.6842,R,6,tap,,0,1,,1,2,tap,4,1.0,5,,2
777-無敵We are one!!-mas,13.7,190,35,44.5263,R,6,tap,,0,1,,1,2,hold,4,5.0,2,hold:8>None,2
777-無敵We are one!!-mas,13.7,190,35,45.1579,R,6,tap,,0,1,,1,2,tap,4,1.0,2,hold:8>None,2
777-無敵We are one!!-mas,13.7,190,37,47.0526,R,6,tap,,0,1,,1,2,hold,4,5.0,2,hold:4>None,2
777-無敵We are one!!-mas,13.7,190,37,47.6842,R,6,tap,,0,1,,1,2,tap,4,1.0,2,hold:4>None,2
777-無敵We are one!!-mas,13.7,190,40,51.1579,R,6,slide,1,0,1,L1(star),2,3,slide,3,1.0,1,,2
777-無敵We are one!!-mas,13.7,190,81,102.6316,L,2,hold,,0,1,R3(hold),2,7,hold,3,1.0,7,hold:3>None,4
777-無敵We are one!!-mas,13.7,190,81,103.2632,R,7,hold,,0,1,L6(hold),2,2,hold,3,1.0,2,hold:6>None,4
778-ドキドキDREAM!!!-mas,13.2,210,13,15.8571,L,2,hold,,0,1,,1,7,tap,3,0.5,6,,1
778-ドキドキDREAM!!!-mas,13.2,210,14,17.0,R,7,hold,,0,1,,1,2,tap,3,0.5,5,,1
778-ドキドキDREAM!!!-mas,13.2,210,67,77.5714,L,3,star,,0,1,R8(slide),2,7,tap,4,2.0,6,slide:8>3,3
778-ドキドキDREAM!!!-mas,13.2,210,68,78.1429,R,6,slide,1,0,1,L1(star),2,3,slide,3,1.0,1,,3
778-ドキドキDREAM!!!-mas,13.2,210,70,80.1429,L,3,hold,,0,1,,1,6,tap,3,2.5,1,,3
778-ドキドキDREAM!!!-mas,13.2,210,72,82.4286,R,7,tap,,0,1,L6(tap),2,1,tap,2,1.0,2,,3
778-ドキドキDREAM!!!-mas,13.2,210,72,82.7143,L,3,tap,,0,1,R2(tap),2,6,tap,3,1.0,7,,3
778-ドキドキDREAM!!!-mas,13.2,210,73,84.7143,R,6,slide,3,0,1,L3(star),2,1,slide,3,1.0,3,,3
778-ドキドキDREAM!!!-mas,13.2,210,74,84.7143,L,3,star,,0,1,R6(slide),2,6,star,3,1.0,8,slide:1>6,3
778-ドキドキDREAM!!!-mas,13.2,210,76,87.0,R,6,hold,,0,1,,1,3,tap,3,2.5,8,,4
778-ドキドキDREAM!!!-mas,13.2,210,80,91.4286,R,7,hold,,0,1,,1,1,tap,2,1.0,5,,4
779-ハート・ビート-mas,13.4,212,16,18.1132,R,6,tap,,0,1,,1,5,tap,1,1.0,8,,1
779-ハート・ビート-mas,13.4,212,29,33.1132,R,7,hold,,0,1,,1,3,tap,4,2.0,5,,2
779-ハート・ビート-mas,13.4,212,30,34.5283,L,2,tap,,0,1,,1,4,hold,2,2.0,7,,2
779-ハート・ビート-mas,13.4,212,33,37.6415,L,2,hold,,0,1,,1,8,tap,2,3.0,4,,2
779-ハート・ビート-mas,13.4,212,34,39.0566,R,7,tap,,0,1,,1,5,hold,2,2.0,2,,2
779-ハート・ビート-mas,13.4,212,70,79.2453,L,2,tap,,0,1,R5(hold),2,8,tap,2,1.0,1,hold:5>None,3
779-ハート・ビート-mas,13.4,212,71,81.3679,R,6,tap,,0,1,L1(hold),2,5,hold,1,7.5,5,hold:1>None,3
779-ハート・ビート-mas,13.4,212,74,83.7736,L,3,tap,,0,1,R8(hold),2,7,tap,4,1.0,4,hold:8>None,3
779-ハート・ビート-mas,13.4,212,75,85.8962,R,7,tap,,0,1,L4(hold),2,8,hold,1,7.5,8,hold:4>None,3
779-ハート・ビート-mas,13.4,212,92,104.717,L,3,slide,7,0,1,R1(hold),2,7,slide,4,1.5,1,hold:1>None,4
779-ハート・ビート-mas,13.4,212,100,113.7736,R,6,slide,2,0,1,L8(hold),2,2,slide,4,1.5,8,hold:8>None,4
780-brilliant better-mas,13.3,172,0,0.0,L,2,hold,,0,1,,1,,,,,6,,1
780-brilliant better-mas,13.3,172,2,3.1395,R,6,tap,,0,2,,1,5,hold,1,5.5,6,hold:1>None,1
780-brilliant better-mas,13.3,172,2,3.314,R,6,tap,,0,2,,1,6,tap,0,0.5,5,hold:1>None,1
780-brilliant better-mas,13.3,172,12,16.7442,R,7,hold,,0,1,,1,1,tap,2,0.5,1,,1
780-brilliant better-mas,13.3,172,13,18.1395,L,2,hold,,0,1,,1,7,tap,3,1.0,7,,1
780-brilliant better-mas,13.3,172,20,28.9535,R,6,tap,,0,1,L7(tap),2,8,slide,2,1.5,8,,2
780-brilliant better-mas,13.3,172,21,30.3488,L,3,tap,,0,1,R2(tap),2,1,slide,2,1.5,8,,2
780-brilliant better-mas,13.3,172,38,53.7209,L,2,slide,5,0,1,R5(star),2,7,slide,3,1.0,5,,2
780-brilliant better-mas,13.3,172,59,83.1977,R,6,hold,,0,1,,1,1,slide,3,1.0,2,,3
780-brilliant better-mas,13.3,172,65,91.8314,L,2,tap,,0,1,,1,8,tap,2,0.5,4,,4
780-brilliant better-mas,13.3,172,66,92.2674,R,7,tap,,0,1,,1,1,tap,2,0.5,1,,4
780-brilliant better-mas,13.3,172,66,92.5291,L,2,tap,,0,1,,1,6,tap,4,0.5,4,,4
780-brilliant better-mas,13.3,172,66,92.9651,R,7,tap,,0,1,,1,1,tap,2,0.5,3,,4
780-brilliant better-mas,13.3,172,69,97.5,R,6,tap,,0,1,,1,8,tap,2,0.5,8,,4
780-brilliant better-mas,13.3,172,70,98.1105,R,7,tap,,0,1,,1,3,tap,4,0.5,5,,4
780-brilliant better-mas,13.3,172,70,98.5465,L,2,tap,,0,1,,1,8,tap,2,0.5,6,,4
782-私の中の幻想的世界観及びその顕現を想起させたある現実での出来事に関する一考察-mas,13.4,175,7,9.6,L,3,hold,,0,1,,1,1,tap,2,2.0,4,,1
782-私の中の幻想的世界観及びその顕現を想起させたある現実での出来事に関する一考察-mas,13.4,175,14,19.9714,R,7,tap,,0,1,,1,5,tap,2,0.5,5,,1
782-私の中の幻想的世界観及びその顕現を想起させたある現実での出来事に関する一考察-mas,13.4,175,41,57.6,R,7,slide,3,0,1,,1,2,tap,3,2.0,2,hold:7>None,2
782-私の中の幻想的世界観及びその顕現を想起させたある現実での出来事に関する一考察-mas,13.4,175,42,58.2857,L,2,slide,6,0,1,,1,7,hold,3,2.5,7,hold:2>None,3
782-私の中の幻想的世界観及びその顕現を想起させたある現実での出来事に関する一考察-mas,13.4,175,42,58.9714,R,7,slide,2,0,1,,1,2,hold,3,2.5,3,hold:7>None,3
782-私の中の幻想的世界観及びその顕現を想起させたある現実での出来事に関する一考察-mas,13.4,175,50,69.9429,R,6,hold,,0,2,L7(star),2,8,slide,2,1.0,5,slide:7>4,3
782-私の中の幻想的世界観及びその顕現を想起させたある現実での出来事に関する一考察-mas,13.4,175,83,113.8286,L,3,hold,,0,2,R2(star),2,1,slide,2,1.0,4,slide:2>5,4
782-私の中の幻想的世界観及びその顕現を想起させたある現実での出来事に関する一考察-mas,13.4,175,94,129.6857,L,2,tap,,0,1,,1,4,tap,2,0.5,4,,5
782-私の中の幻想的世界観及びその顕現を想起させたある現実での出来事に関する一考察-mas,13.4,175,101,139.2857,R,7,tap,,0,1,,1,5,tap,2,0.5,5,,5
783-猛進ソリストライフ！-mas,13.7,189,12,15.3968,L,2,hold,,0,1,,1,4,hold,2,1.5,8,,1
783-猛進ソリストライフ！-mas,13.7,189,19,24.4444,R,7,tap,,0,1,L4(hold),2,3,tap,4,1.0,3,hold:4>None,1
783-猛進ソリストライフ！-mas,13.7,189,21,27.7778,L,3,slide,6,0,1,R2(slide),2,6,slide,3,2.5,5,slide:2>7,1
783-猛進ソリストライフ！-mas,13.7,189,32,41.2698,L,2,hold,,0,1,,1,4,slide,2,2.0,4,,2
783-猛進ソリストライフ！-mas,13.7,189,34,43.1746,L,2,hold,,0,1,,1,8,slide,2,2.0,8,,2
783-猛進ソリストライフ！-mas,13.7,189,58,75.1786,L,3,hold,,0,1,,1,8,tap,3,1.0,5,,3
783-猛進ソリストライフ！-mas,13.7,189,69,85.8929,R,6,hold,,0,1,,1,1,tap,3,1.0,4,,3
783-猛進ソリストライフ！-mas,13.7,189,80,96.131,L,3,hold,,0,1,,1,1,tap,2,1.5,5,,4
783-猛進ソリストライフ！-mas,13.7,189,82,98.0357,L,3,slide,6,0,1,R2(slide),2,1,tap,2,2.5,8,slide:2>7,4
783-猛進ソリストライフ！-mas,13.7,189,83,99.4643,R,6,slide,3,0,1,L7(slide),2,1,slide,3,3.0,4,slide:7>2,4
783-猛進ソリストライフ！-mas,13.7,189,86,101.3691,L,2,hold,,0,1,,1,4,tap,2,1.5,8,,4
783-猛進ソリストライフ！-mas,13.7,189,93,108.5119,R,6,hold,,0,1,,1,4,slide,2,3.0,5,,4
783-猛進ソリストライフ！-mas,13.7,189,97,111.9643,R,7,tap,,0,1,,1,8,tap,1,1.0,1,,4
783-猛進ソリストライフ！-mas,13.7,189,98,113.0357,R,6,hold,,0,1,,1,3,tap,3,1.5,4,,4
783-猛進ソリストライフ！-mas,13.7,189,101,116.3691,L,2,hold,,0,1,,1,4,tap,2,1.5,8,,4
783-猛進ソリストライフ！-mas,13.7,189,102,117.0833,R,7,hold,,0,1,,1,1,hold,2,2.0,5,,4
783-猛進ソリストライフ！-mas,13.7,189,107,122.0833,R,7,wifi,3,0,1,LR7(wifi),1,8,hold,1,2.0,3,,5
783-猛進ソリストライフ！-mas,13.7,189,127,140.7036,R,6,hold,,0,1,,1,4,tap,2,1.397,1,,5
784-My Dearest Song-mas,13.3,145,9,15.7241,R,7,star,,0,1,L6(tap),2,2,slide,3,1.0,7,,1
784-My Dearest Song-mas,13.3,145,9,16.1379,R,7,slide,2,0,1,L5(tap),2,7,star,0,1.0,3,,1
784-My Dearest Song-mas,13.3,145,23,38.8966,R,6,star,,0,1,L7(hold),2,8,hold,2,2.0,6,hold:7>None,2
784-My Dearest Song-mas,13.3,145,23,39.3103,R,6,slide,3,0,1,,1,6,star,0,1.0,3,,2
784-My Dearest Song-mas,13.3,145,25,42.2069,L,3,star,,0,1,R2(hold),2,1,hold,2,2.0,3,hold:2>None,2
784-My Dearest Song-mas,13.3,145,25,42.6207,L,3,slide,6,0,1,,1,3,star,0,1.0,6,,2
784-My Dearest Song-mas,13.3,145,30,50.4828,L,2,hold,,0,1,,1,6,tap,4,0.5,6,,2
784-My Dearest Song-mas,13.3,145,30,50.8966,R,7,hold,,0,1,,1,3,tap,4,0.5,4,,2
784-My Dearest Song-mas,13.3,145,31,51.3103,L,3,star,,0,1,,1,6,tap,3,0.5,3,,2
784-My Dearest Song-mas,13.3,145,31,51.7241,L,3,slide,8,0,1,R4(tap),2,3,star,0,1.0,6,,2
784-My Dearest Song-mas,13.3,145,46,76.4486,L,2,hold,,0,1,,1,7,tap,3,1.083,6,,3
784-My Dearest Song-mas,13.3,145,46,77.2762,R,7,hold,,0,1,,1,1,tap,2,1.25,3,,3
784-My Dearest Song-mas,13.3,145,49,81.4141,R,7,hold,,0,1,,1,2,slide,3,1.75,3,,3
784-My Dearest Song-mas,13.3,145,49,82.2417,L,2,hold,,0,1,,1,8,tap,2,1.25,8,,3
784-My Dearest Song-mas,13.3,145,78,130.3452,R,6,tap,,0,1,L1(slide),2,1,star,3,1.0,4,slide:4>1,5
784-My Dearest Song-mas,13.3,145,81,134.69,R,7,tap,,0,1,,1,1,tap,2,0.75,3,hold:5>None,5
784-My Dearest Song-mas,13.3,145,81,135.4141,R,6,tap,,0,1,,1,3,tap,3,1.0,4,hold:5>None,5
784-My Dearest Song-mas,13.3,145,82,136.2417,R,7,tap,,0,1,,1,4,tap,3,1.0,1,hold:5>None,5
786-Bang Babang Bang!!!-mas,13.2,200,20,24.15,L,3,hold,,0,1,,1,6,tap,3,1.5,7,,1
786-Bang Babang Bang!!!-mas,13.2,200,20,25.05,L,2,hold,,0,1,,1,6,hold,4,1.0,6,,1
786-Bang Babang Bang!!!-mas,13.2,200,23,28.5,L,2,star,,0,1,R7(slide),2,7,star,3,1.0,5,slide:4>7,2
786-Bang Babang Bang!!!-mas,13.2,200,23,28.5,R,7,slide,2,0,1,L2(star),2,4,slide,3,1.0,2,,2
786-Bang Babang Bang!!!-mas,13.2,200,27,33.3,R,7,star,,0,1,L2(slide),2,2,star,3,1.0,4,slide:5>2,2
786-Bang Babang Bang!!!-mas,13.2,200,27,33.3,L,2,slide,7,0,1,R7(star),2,5,slide,3,1.0,7,,2
786-Bang Babang Bang!!!-mas,13.2,200,31,38.1,L,3,star,,0,1,R6(slide),2,6,star,3,1.0,8,slide:1>6,2
786-Bang Babang Bang!!!-mas,13.2,200,31,38.1,R,6,slide,3,0,1,L3(star),2,1,slide,3,1.0,3,,2
786-Bang Babang Bang!!!-mas,13.2,200,62,74.625,R,6,hold,,0,1,,1,2,tap,4,1.75,2,,4
786-Bang Babang Bang!!!-mas,13.2,200,62,75.225,L,3,hold,,0,1,,1,5,tap,2,1.25,5,,4
786-Bang Babang Bang!!!-mas,13.2,200,98,117.825,L,3,hold,,0,1,,1,7,tap,4,1.75,7,,5
786-Bang Babang Bang!!!-mas,13.2,200,98,118.425,R,6,hold,,0,1,,1,4,tap,2,1.25,4,,5
791-奏者はただ背中と提琴で語るのみ-mas,13.8,230,1,1.0435,R,6,hold,,0,1,L5(tap),2,,,,,8,,1
791-奏者はただ背中と提琴で語るのみ-mas,13.8,230,9,9.913,R,7,hold,,0,1,,1,1,tap,2,2.0,5,,1
791-奏者はただ背中と提琴で語るのみ-mas,13.8,230,68,72.0002,L,3,slide,8,0,1,R8(star),2,6,slide,3,1.0,8,,3
791-奏者はただ背中と提琴で語るのみ-mas,13.8,230,84,88.6958,R,6,slide,1,0,1,L1(star),2,3,slide,3,1.0,1,,4
791-奏者はただ背中と提琴で語るのみ-mas,13.8,230,110,115.3045,L,2,star,,0,1,,1,5,tap,3,1.0,6,slide:3>2,4
791-奏者はただ背中と提琴で語るのみ-mas,13.8,230,110,115.8263,R,6,slide,1,0,1,L1(star),2,2,slide,4,1.0,1,,4
791-奏者はただ背中と提琴で語るのみ-mas,13.8,230,112,117.1306,R,7,star,,0,1,,1,4,tap,3,1.0,3,slide:6>7,5
791-奏者はただ背中と提琴で語るのみ-mas,13.8,230,112,117.6523,L,3,slide,8,0,1,R8(tap),2,7,slide,4,1.0,7,,5
793--OutsideR＿RequieM--mas,13.6,181,9,12.7624,R,6,slide,3,0,1,L7(slide),2,5,tap,1,2.0,2,slide:7>4,1
793--OutsideR＿RequieM--mas,13.6,181,11,15.0829,L,2,tap,,0,1,R3(tap),2,7,tap,3,1.0,6,,1
793--OutsideR＿RequieM--mas,13.6,181,13,18.0663,L,3,slide,6,0,1,R2(slide),2,4,tap,1,2.0,7,slide:2>5,1
793--OutsideR＿RequieM--mas,13.6,181,15,20.3867,R,7,tap,,0,1,L6(tap),2,2,tap,3,1.0,3,,1
793--OutsideR＿RequieM--mas,13.6,181,19,25.1934,L,3,tap,,0,2,,1,5,slide,2,1.5,4,,1
793--OutsideR＿RequieM--mas,13.6,181,19,25.8564,L,2,tap,,0,1,R3(tap),2,4,tap,2,1.0,2,,1
793--OutsideR＿RequieM--mas,13.6,181,19,26.0221,L,2,tap,,0,1,R3(tap),2,2,tap,0,0.5,1,,1
793--OutsideR＿RequieM--mas,13.6,181,20,26.6851,R,6,star,,0,1,L1(slide),2,2,tap,4,1.0,3,slide:1>6,1
793--OutsideR＿RequieM--mas,13.6,181,23,30.4972,R,6,tap,,0,1,,1,4,slide,2,1.5,3,,2
793--OutsideR＿RequieM--mas,13.6,181,23,30.8287,L,2,tap,,0,1,R3(tap),2,7,hold,3,2.5,5,,2
793--OutsideR＿RequieM--mas,13.6,181,35,47.0718,R,7,star,,0,1,L3(slide),2,3,star,4,1.0,4,slide:8>3,2
793--OutsideR＿RequieM--mas,13.6,181,35,47.0718,L,3,slide,7,0,1,R7(star),2,8,slide,3,1.0,7,,2
793--OutsideR＿RequieM--mas,13.6,181,36,48.3978,L,3,slide,7,0,1,,1,8,slide,3,1.0,4,,2
793--OutsideR＿RequieM--mas,13.6,181,55,73.5912,L,2,slide,5,0,1,R5(star),2,7,slide,3,1.0,5,,3
793--OutsideR＿RequieM--mas,13.6,181,81,108.7293,R,7,slide,3,0,1,L6(star),2,8,slide,1,1.0,5,slide:6>2,4
793--OutsideR＿RequieM--mas,13.6,181,95,126.7956,L,3,slide,6,0,1,R2(slide),2,4,tap,1,2.0,1,slide:2>5,5
793--OutsideR＿RequieM--mas,13.6,181,99,132.0994,R,6,slide,3,0,1,L7(slide),2,5,tap,1,2.0,8,slide:7>4,5
794-あねぺったん-mas,13.3,180,23,31.6667,L,3,tap,,0,1,R2(tap),2,7,tap,4,0.5,1,,2
794-あねぺったん-mas,13.3,180,32,42.6667,L,2,hold,,0,1,,1,8,slide,2,1.0,4,,2
794-あねぺったん-mas,13.3,180,33,44.1667,L,3,tap,,0,1,,1,4,hold,1,2.5,4,hold:2>None,2
794-あねぺったん-mas,13.3,180,34,45.3333,R,7,hold,,0,1,,1,2,slide,3,1.0,5,,2
794-あねぺったん-mas,13.3,180,35,46.6667,R,7,hold,,0,1,,1,5,hold,2,2.0,4,,2
794-あねぺったん-mas,13.3,180,43,58.3333,L,2,tap,,0,1,,1,1,tap,1,1.0,6,slide:5>4,3
794-あねぺったん-mas,13.3,180,45,60.6667,R,6,slide,3,0,1,,1,2,slide,4,2.0,3,,3
794-あねぺったん-mas,13.3,180,46,62.6667,R,6,slide,1,0,1,L8(tap),2,3,slide,3,1.5,5,,3
794-あねぺったん-mas,13.3,180,79,106.6667,R,7,slide,3,0,1,L6(slide),2,2,tap,3,2.0,1,slide:6>2,5
794-あねぺったん-mas,13.3,180,80,107.3333,L,2,hold,,0,1,,1,8,tap,2,1.0,7,,5
794-あねぺったん-mas,13.3,180,81,108.6667,L,2,slide,4,0,1,R4(tap),2,7,slide,3,1.0,5,,5
794-あねぺったん-mas,13.3,180,82,110.0,R,7,hold,,0,1,,1,1,hold,2,2.0,2,,5
795-なるとなぎのパーフェクトロックンロール教室-mas,13.7,216,35,39.1667,R,6,slide,4,0,1,L4(tap),2,8,slide,2,1.0,1,,2
795-なるとなぎのパーフェクトロックンロール教室-mas,13.7,216,45,50.5556,L,2,slide,5,0,1,R5(star),2,7,slide,3,1.0,5,,3
795-なるとなぎのパーフェクトロックンロール教室-mas,13.7,216,46,51.3889,R,6,tap,,0,1,L3(slide),2,3,star,3,1.0,8,slide:8>3,3
795-なるとなぎのパーフェクトロックンロール教室-mas,13.7,216,46,51.3889,L,3,slide,6,0,1,R6(tap),2,8,slide,3,1.0,7,,3
795-なるとなぎのパーフェクトロックンロール教室-mas,13.7,216,62,69.1667,L,2,wifi,6,0,1,LR2(wifi),1,8,tap,2,6.0,8,,3
795-なるとなぎのパーフェクトロックンロール教室-mas,13.7,216,66,73.3333,R,7,hold,,0,1,,1,1,tap,2,5.0,2,hold:8>None,4
795-なるとなぎのパーフェクトロックンロール教室-mas,13.7,216,86,95.5556,L,2,hold,,0,1,R3(hold),2,1,tap,1,1.0,7,hold:3>None,4
795-なるとなぎのパーフェクトロックンロール教室-mas,13.7,216,86,95.8334,R,6,hold,,0,1,L7(hold),2,3,hold,3,1.0,1,hold:7>None,4
795-なるとなぎのパーフェクトロックンロール教室-mas,13.7,216,87,96.9445,L,2,hold,,0,1,,1,4,hold,2,1.0,8,,4
795-なるとなぎのパーフェクトロックンロール教室-mas,13.7,216,87,97.3612,R,7,hold,,0,1,,1,1,hold,2,1.0,5,,4
797-Infantoon Fantasy-mas,13.8,185,17,22.7838,R,7,tap,,0,1,,1,1,tap,2,0.5,5,,1
798-幾四音-Ixion--mas,13.3,210,26,30.5715,L,3,star,,0,1,R8(slide),2,8,star,3,1.0,6,slide:5>8,2
798-幾四音-Ixion--mas,13.3,210,27,31.1429,R,6,slide,1,0,1,L1(star),2,3,slide,3,1.0,1,,2
798-幾四音-Ixion--mas,13.3,210,28,32.8572,R,6,star,,0,1,L1(slide),2,1,star,3,1.0,3,slide:4>1,2
798-幾四音-Ixion--mas,13.3,210,29,33.4287,L,3,slide,8,0,1,R8(star),2,6,slide,3,1.0,8,,2
798-幾四音-Ixion--mas,13.3,210,32,37.4287,R,7,tap,,0,2,,1,2,hold,3,3.0,1,,2
798-幾四音-Ixion--mas,13.3,210,34,39.7144,R,6,star,,0,1,L1(slide),2,1,star,3,1.0,3,slide:4>1,2
798-幾四音-Ixion--mas,13.3,210,35,40.2858,R,7,star,,0,1,L3(slide),2,3,star,4,1.0,2,slide:6>3,2
798-幾四音-Ixion--mas,13.3,210,35,40.2858,L,3,slide,7,0,1,R7(star),2,6,slide,3,1.0,7,,2
798-幾四音-Ixion--mas,13.3,210,36,42.0001,L,3,star,,0,1,R8(slide),2,8,star,3,1.0,6,slide:5>8,2
798-幾四音-Ixion--mas,13.3,210,37,42.5715,L,2,star,,0,1,R6(slide),2,6,star,4,1.0,4,slide:3>6,2
798-幾四音-Ixion--mas,13.3,210,37,42.5715,R,6,slide,2,0,1,L2(star),2,3,slide,3,1.0,2,,2
798-幾四音-Ixion--mas,13.3,210,40,46.5715,L,2,tap,,0,2,,1,7,hold,3,3.0,8,,2
798-幾四音-Ixion--mas,13.3,210,43,49.7144,L,2,slide,6,0,1,,1,4,slide,2,3.0,7,,2
798-幾四音-Ixion--mas,13.3,210,45,52.0001,R,7,slide,3,0,1,,1,5,slide,2,3.0,5,,2
798-幾四音-Ixion--mas,13.3,210,46,53.4287,L,2,hold,,0,1,,1,4,hold,2,2.0,8,,2
798-幾四音-Ixion--mas,13.3,210,47,54.2858,R,7,hold,,0,1,,1,1,hold,2,2.0,5,,2
798-幾四音-Ixion--mas,13.3,210,49,56.5715,L,2,star,,0,1,,1,4,hold,2,4.5,2,,2
798-幾四音-Ixion--mas,13.3,210,49,56.8572,L,2,slide,6,0,1,,1,2,star,0,1.0,8,,2
798-幾四音-Ixion--mas,13.3,210,54,62.5715,R,7,hold,,0,1,,1,5,hold,2,2.0,1,,3
798-幾四音-Ixion--mas,13.3,210,55,63.4287,L,2,hold,,0,1,,1,8,hold,2,2.0,4,,3
798-幾四音-Ixion--mas,13.3,210,57,65.7144,R,7,tap,,1,1,,1,5,hold,2,4.5,1,,3
798-幾四音-Ixion--mas,13.3,210,64,73.5715,L,3,tap,,0,1,R2(tap),2,5,tap,2,1.0,6,,3
798-幾四音-Ixion--mas,13.3,210,64,73.8572,R,7,tap,,0,1,L6(tap),2,2,tap,3,1.0,8,,3
798-幾四音-Ixion--mas,13.3,210,96,110.5715,L,3,slide,6,0,1,,1,1,tap,2,1.5,4,,4
798-幾四音-Ixion--mas,13.3,210,104,119.7144,R,6,slide,3,0,1,,1,8,tap,2,1.5,5,,5
798-幾四音-Ixion--mas,13.3,210,119,136.5715,L,3,tap,,0,1,R2(tap),2,5,tap,2,0.5,6,,5
798-幾四音-Ixion--mas,13.3,210,119,136.762,R,7,tap,,0,1,L6(tap),2,2,tap,3,0.667,1,,5
799-Invitation-mas,13,147,36,59.1837,L,3,tap,,0,1,,1,6,tap,3,0.5,7,hold:5>None,3
799-Invitation-mas,13,147,39,64.6939,R,7,tap,,0,1,,1,3,tap,4,1.0,7,,3
799-Invitation-mas,13,147,39,65.102,R,7,tap,,0,1,L1(hold),2,7,tap,0,1.0,3,hold:1>None,3
799-Invitation-mas,13,147,43,71.2245,L,2,tap,,0,1,,1,6,tap,4,1.0,2,,3
799-Invitation-mas,13,147,43,71.6327,L,2,tap,,0,1,R8(hold),2,2,tap,0,1.0,6,hold:8>None,3
799-Invitation-mas,13,147,44,72.8571,L,2,tap,,0,1,,1,7,tap,3,1.0,8,,3
799-Invitation-mas,13,147,45,73.8776,R,6,tap,,0,1,,1,4,tap,2,1.0,4,hold:5>None,3
799-Invitation-mas,13,147,47,77.1429,L,3,tap,,0,1,,1,5,tap,2,1.0,5,hold:4>None,3
799-Invitation-mas,13,147,53,86.6327,R,7,tap,,0,1,,1,3,tap,4,0.5,1,,4
799-Invitation-mas,13,147,53,86.9388,L,2,tap,,0,1,,1,6,tap,4,0.5,8,,4
799-Invitation-mas,13,147,53,87.2449,R,7,tap,,0,1,,1,3,tap,4,0.5,1,,4
799-Invitation-mas,13,147,53,87.551,L,2,tap,,0,1,,1,6,tap,4,0.5,8,,4
799-Invitation-mas,13,147,64,104.898,R,6,tap,,0,1,,1,3,tap,3,0.5,2,hold:4>None,4
799-Invitation-mas,13,147,84,137.245,R,7,tap,,0,1,,1,4,tap,3,0.75,2,,5
801-心象蜃気楼-mas,13.4,190,10,13.5789,L,2,star,,0,1,R7(slide),2,7,star,3,1.0,7,slide:4>7,1
801-心象蜃気楼-mas,13.4,190,10,13.5789,R,7,slide,2,0,1,L2(star),2,4,slide,3,1.0,2,,1
801-心象蜃気楼-mas,13.4,190,12,15.9474,L,2,slide,6,0,1,,1,5,tap,3,2.5,8,,1
801-心象蜃気楼-mas,13.4,190,14,18.6316,R,6,star,,0,1,L1(slide),2,1,star,3,1.0,2,slide:4>1,1
801-心象蜃気楼-mas,13.4,190,16,21.0,R,7,slide,3,0,1,,1,4,tap,3,2.5,2,,1
801-心象蜃気楼-mas,13.4,190,18,23.3684,R,6,slide,1,0,1,L1(star),2,3,slide,3,1.0,1,,1
801-心象蜃気楼-mas,13.4,190,20,26.0526,L,2,slide,6,0,1,,1,4,tap,2,2.5,7,,1
801-心象蜃気楼-mas,13.4,190,22,28.4211,L,3,slide,8,0,1,R8(star),2,6,slide,3,1.0,8,,2
801-心象蜃気楼-mas,13.4,190,26,33.1579,L,3,slide,6,0,1,,1,4,slide,1,4.0,6,,2
801-心象蜃気楼-mas,13.4,190,29,36.9474,L,3,wifi,7,0,1,LR3(wifi),1,5,star,2,3.0,6,,2
801-心象蜃気楼-mas,13.4,190,29,37.5789,R,6,wifi,2,0,1,LR6(wifi),1,3,star,3,3.0,4,,2
801-心象蜃気楼-mas,13.4,190,57,72.4737,L,3,hold,,0,1,,1,1,hold,2,1.5,5,hold:2>None,3
801-心象蜃気楼-mas,13.4,190,58,74.3684,L,3,hold,,0,1,,1,1,hold,2,1.5,5,hold:2>None,3
801-心象蜃気楼-mas,13.4,190,60,76.2632,R,6,hold,,0,1,,1,8,hold,2,1.5,4,hold:7>None,3
801-心象蜃気楼-mas,13.4,190,61,78.1579,R,6,hold,,0,1,,1,8,hold,2,1.5,4,hold:7>None,3
801-心象蜃気楼-mas,13.4,190,63,79.5789,L,3,hold,,0,1,R2(hold),2,7,hold,4,12.0,5,hold:2>None,3
801-心象蜃気楼-mas,13.4,190,63,80.5263,R,7,hold,,0,1,L6(hold),2,4,hold,3,1.5,4,hold:6>None,3
801-心象蜃気楼-mas,13.4,190,64,81.4737,L,2,hold,,0,1,R3(hold),2,5,hold,3,1.5,5,hold:3>None,3
801-心象蜃気楼-mas,13.4,190,65,82.4211,R,7,tap,,0,1,L6(tap),2,4,hold,3,1.5,8,,3
801-心象蜃気楼-mas,13.4,190,66,83.3684,R,7,hold,,0,1,L6(hold),2,3,tap,4,1.0,4,hold:6>None,4
801-心象蜃気楼-mas,13.4,190,66,84.3158,L,2,hold,,0,1,R3(hold),2,5,hold,3,1.5,5,hold:3>None,4
801-心象蜃気楼-mas,13.4,190,67,85.2632,R,7,hold,,0,1,L6(hold),2,4,hold,3,1.5,4,hold:6>None,4
801-心象蜃気楼-mas,13.4,190,68,86.2105,L,2,tap,,0,1,R3(tap),2,5,hold,3,1.5,1,,4
801-心象蜃気楼-mas,13.4,190,85,107.8421,R,7,tap,,0,1,,1,5,tap,2,0.5,1,,4
801-心象蜃気楼-mas,13.4,190,88,111.7895,R,7,star,,0,1,L6(star),2,4,slide,3,3.0,7,slide:6>3,5
801-心象蜃気楼-mas,13.4,190,88,112.1053,R,7,slide,2,0,1,L6(slide),2,7,star,0,1.0,4,slide:6>3,5
801-心象蜃気楼-mas,13.4,190,90,114.9474,L,2,slide,6,0,1,R6(star),2,4,slide,2,1.0,6,,5
801-心象蜃気楼-mas,13.4,190,91,114.9474,R,6,star,,0,1,L2(slide),2,2,star,4,1.0,4,slide:4>2,5
801-心象蜃気楼-mas,13.4,190,93,117.9474,L,2,tap,,0,1,,1,4,tap,2,0.5,8,,5
801-心象蜃気楼-mas,13.4,190,96,122.2105,L,3,slide,6,0,1,R2(slide),2,5,slide,2,4.0,5,slide:2>7,5
801-心象蜃気楼-mas,13.4,190,98,125.0526,R,7,slide,3,0,1,L3(star),2,5,slide,2,1.0,3,,5
801-心象蜃気楼-mas,13.4,190,99,125.0526,L,3,star,,0,1,R7(slide),2,7,star,4,1.0,5,slide:5>7,5
802-We Gonna Journey-mas,13.9,160,7,11.625,R,7,tap,,0,1,,1,8,tap,1,2.0,3,,1
802-We Gonna Journey-mas,13.9,160,13,20.0625,R,7,tap,,0,1,,1,3,hold,4,1.5,7,,1
802-We Gonna Journey-mas,13.9,160,13,20.4375,R,7,hold,,0,1,,1,7,tap,0,1.0,5,,1
802-We Gonna Journey-mas,13.9,160,43,64.5,R,6,star,,0,1,,1,8,slide,2,3.0,6,,3
802-We Gonna Journey-mas,13.9,160,43,64.875,R,6,slide,3,0,1,,1,6,star,0,1.0,3,,3
802-We Gonna Journey-mas,13.9,160,47,71.625,L,2,tap,,0,1,,1,1,tap,1,2.0,6,,3
802-We Gonna Journey-mas,13.9,160,55,83.8125,L,2,tap,,0,1,,1,8,tap,2,0.5,5,,4
802-We Gonna Journey-mas,13.9,160,58,87.2813,L,3,tap,,0,2,,1,7,tap,4,1.0,3,hold:2>None,4
802-We Gonna Journey-mas,13.9,160,58,87.375,L,3,hold,,0,2,,1,3,tap,0,0.25,5,,4
802-We Gonna Journey-mas,13.9,160,58,88.4063,R,6,tap,,0,2,,1,4,hold,2,1.75,6,hold:5>None,4
802-We Gonna Journey-mas,13.9,160,59,88.5,R,6,hold,,0,2,,1,6,tap,0,0.25,8,,4
802-We Gonna Journey-mas,13.9,160,63,95.5313,R,6,tap,,0,1,,1,5,tap,1,0.5,2,,4
803-Kattobi KEIKYU Rider-mas,13.7,220,4,4.9091,L,2,slide,6,0,1,,1,1,hold,1,2.5,7,,1
803-Kattobi KEIKYU Rider-mas,13.7,220,8,9.2727,R,7,slide,3,0,1,,1,8,hold,1,2.5,2,,1
803-Kattobi KEIKYU Rider-mas,13.7,220,11,12.2727,R,7,tap,,0,1,,1,3,tap,4,1.0,2,,1
803-Kattobi KEIKYU Rider-mas,13.7,220,17,18.5455,R,6,hold,,0,1,,1,2,tap,4,1.0,8,,1
803-Kattobi KEIKYU Rider-mas,13.7,220,25,28.0909,L,3,tap,,0,1,R2(slide),2,1,slide,2,1.0,8,slide:2>5,1
803-Kattobi KEIKYU Rider-mas,13.7,220,33,36.5455,L,3,slide,6,0,1,,1,6,slide,3,1.0,6,,2
803-Kattobi KEIKYU Rider-mas,13.7,220,36,39.2727,L,2,star,,0,1,R3(tap),2,5,slide,3,1.0,2,,2
803-Kattobi KEIKYU Rider-mas,13.7,220,36,39.5455,L,2,slide,7,0,1,R4(tap),2,2,star,0,1.0,6,,2
803-Kattobi KEIKYU Rider-mas,13.7,220,37,41.4545,L,3,slide,6,0,1,R2(slide),2,5,tap,2,2.0,8,slide:2>7,2
803-Kattobi KEIKYU Rider-mas,13.7,220,39,43.6364,L,3,slide,6,0,1,R2(slide),2,7,hold,4,2.0,7,slide:2>6,2
803-Kattobi KEIKYU Rider-mas,13.7,220,44,48.8182,L,2,tap,,0,1,,1,4,tap,2,1.0,4,,2
803-Kattobi KEIKYU Rider-mas,13.7,220,46,51.0,R,7,tap,,0,1,,1,5,tap,2,1.0,3,,2
803-Kattobi KEIKYU Rider-mas,13.7,220,47,51.2727,L,2,hold,,0,1,,1,6,hold,4,2.0,4,,2
803-Kattobi KEIKYU Rider-mas,13.7,220,48,52.3636,R,7,hold,,0,1,,1,3,slide,4,2.0,5,,2
803-Kattobi KEIKYU Rider-mas,13.7,220,52,57.2727,L,2,slide,6,0,1,R3(slide),2,4,slide,2,3.0,8,slide:3>6,2
803-Kattobi KEIKYU Rider-mas,13.7,220,73,79.6364,L,3,hold,,0,1,,1,7,tap,4,1.0,1,,3
803-Kattobi KEIKYU Rider-mas,13.7,220,89,97.6364,R,6,slide,2,0,1,,1,3,slide,3,1.0,3,,4
803-Kattobi KEIKYU Rider-mas,13.7,220,92,100.3636,R,7,star,,0,1,L6(tap),2,4,slide,3,1.0,7,,4
803-Kattobi KEIKYU Rider-mas,13.7,220,92,100.6364,R,7,slide,2,0,1,L5(tap),2,7,star,0,1.0,3,,4
803-Kattobi KEIKYU Rider-mas,13.7,220,93,102.5455,R,6,slide,3,0,1,L7(slide),2,4,tap,2,2.0,1,slide:7>2,4
803-Kattobi KEIKYU Rider-mas,13.7,220,95,104.7273,R,6,slide,3,0,1,L7(slide),2,2,hold,4,2.0,2,slide:7>3,4
803-Kattobi KEIKYU Rider-mas,13.7,220,106,116.8182,L,3,slide,7,0,1,,1,4,tap,1,1.0,7,,4
803-Kattobi KEIKYU Rider-mas,13.7,220,117,128.4546,L,2,tap,,0,1,R5(slide),2,5,star,3,1.0,4,slide:1>5,5
803-Kattobi KEIKYU Rider-mas,13.7,220,125,136.9091,L,3,tap,,0,1,R7(slide),2,7,star,4,1.0,7,slide:3>7,5
803-Kattobi KEIKYU Rider-mas,13.7,220,125,136.9091,R,7,slide,3,0,1,L3(tap),2,3,slide,4,1.0,1,,5
803-Kattobi KEIKYU Rider-mas,13.7,220,127,139.0909,R,6,tap,,0,1,L2(slide),2,2,star,4,1.0,2,slide:6>2,5
803-Kattobi KEIKYU Rider-mas,13.7,220,127,139.0909,L,2,slide,6,0,1,R6(tap),2,6,slide,4,1.0,6,,5
803-Kattobi KEIKYU Rider-mas,13.7,220,128,140.1819,L,3,slide,6,0,1,,1,6,slide,3,1.0,6,,5
803-Kattobi KEIKYU Rider-mas,13.7,220,129,141.2728,R,6,tap,,0,1,L2(slide),2,2,star,4,1.0,2,slide:6>2,5
803-Kattobi KEIKYU Rider-mas,13.7,220,129,141.2728,L,2,slide,6,0,1,R6(tap),2,6,slide,4,1.0,8,,5
803-Kattobi KEIKYU Rider-mas,13.7,220,131,143.4546,L,3,tap,,0,1,R7(slide),2,7,star,4,1.0,7,slide:3>7,5
803-Kattobi KEIKYU Rider-mas,13.7,220,131,143.4546,R,7,slide,3,0,1,L3(tap),2,3,slide,4,1.0,4,,5
812-回レ！雪月花-mas,13.3,160,33,49.875,L,2,wifi,6,0,1,LR2(wifi),1,7,slide,3,1.0,7,,3
812-回レ！雪月花-mas,13.3,160,33,50.625,R,7,wifi,3,0,1,LR7(wifi),1,2,star,3,3.0,4,,3
812-回レ！雪月花-mas,13.3,160,37,55.875,R,7,tap,,0,1,L6(tap),2,1,tap,2,1.0,4,,4
812-回レ！雪月花-mas,13.3,160,37,56.625,L,2,tap,,0,1,R3(tap),2,5,tap,3,1.0,8,,4
812-回レ！雪月花-mas,13.3,160,41,61.875,L,3,tap,,0,1,,1,5,tap,2,1.5,4,hold:2>None,4
812-回レ！雪月花-mas,13.3,160,45,67.875,R,6,tap,,0,1,,1,4,tap,2,1.5,5,hold:7>None,4
815-REVIVER オルタンシア・サーガ -蒼の騎士団- オリジナルVer-mas,13.7,200,23,27.6,R,7,star,,0,1,L4(slide),2,2,tap,3,1.0,2,slide:4>7,2
815-REVIVER オルタンシア・サーガ -蒼の騎士団- オリジナルVer-mas,13.7,200,23,28.2,L,2,slide,5,0,1,R5(tap),2,7,slide,3,1.0,8,,2
815-REVIVER オルタンシア・サーガ -蒼の騎士団- オリジナルVer-mas,13.7,200,31,37.2,L,2,star,,0,1,R5(slide),2,7,tap,3,1.0,7,slide:5>2,3
815-REVIVER オルタンシア・サーガ -蒼の騎士団- オリジナルVer-mas,13.7,200,31,37.8,R,7,slide,4,0,1,L4(tap),2,2,slide,3,1.0,2,,3
815-REVIVER オルタンシア・サーガ -蒼の騎士団- オリジナルVer-mas,13.7,200,34,41.4,L,2,hold,,0,1,,1,4,tap,2,1.0,2,,3
815-REVIVER オルタンシア・サーガ -蒼の騎士団- オリジナルVer-mas,13.7,200,35,42.3,L,2,tap,,0,1,,1,2,hold,0,3.0,4,hold:1>None,3
815-REVIVER オルタンシア・サーガ -蒼の騎士団- オリジナルVer-mas,13.7,200,36,43.8,R,7,hold,,0,1,,1,5,tap,2,1.0,7,,3
815-REVIVER オルタンシア・サーガ -蒼の騎士団- オリジナルVer-mas,13.7,200,37,44.7,R,7,tap,,0,1,,1,7,hold,0,3.0,5,hold:8>None,3
815-REVIVER オルタンシア・サーガ -蒼の騎士団- オリジナルVer-mas,13.7,200,60,72.6,R,7,star,,0,1,L4(slide),2,4,star,3,1.0,2,slide:7>4,5
815-REVIVER オルタンシア・サーガ -蒼の騎士団- オリジナルVer-mas,13.7,200,60,73.2,L,2,slide,5,0,1,R5(star),2,7,slide,3,1.0,5,,5
815-REVIVER オルタンシア・サーガ -蒼の騎士団- オリジナルVer-mas,13.7,200,64,77.4,L,2,star,,0,1,R5(slide),2,5,star,3,1.0,7,slide:2>5,5
815-REVIVER オルタンシア・サーガ -蒼の騎士団- オリジナルVer-mas,13.7,200,64,78.0,R,7,slide,4,0,1,L4(star),2,2,slide,3,1.0,4,,5
818-ギリギリ最強あいまいみー！-mas,13.7,185,12,16.7026,L,3,hold,,0,1,R2(hold),2,7,tap,4,1.0,4,hold:2>None,1
818-ギリギリ最強あいまいみー！-mas,13.7,185,13,17.6756,R,7,hold,,0,1,L6(hold),2,8,hold,1,1.0,4,hold:6>None,1
818-ギリギリ最強あいまいみー！-mas,13.7,185,19,25.2972,R,7,slide,3,0,1,L6(star),2,8,slide,1,1.0,7,slide:6>4,2
818-ギリギリ最強あいまいみー！-mas,13.7,185,19,25.6215,R,7,star,,0,1,L6(slide),2,7,slide,0,1.0,7,slide:6>4,2
818-ギリギリ最強あいまいみー！-mas,13.7,185,19,25.9459,R,7,slide,3,0,1,L8(tap),2,7,star,0,1.0,2,,2
818-ギリギリ最強あいまいみー！-mas,13.7,185,46,60.8107,R,7,hold,,0,1,L8(tap),2,2,tap,3,1.0,5,,3
818-ギリギリ最強あいまいみー！-mas,13.7,185,54,71.0269,L,3,star,,0,1,R6(slide),2,6,star,3,1.0,8,slide:1>6,4
818-ギリギリ最強あいまいみー！-mas,13.7,185,54,71.0269,R,6,slide,3,0,1,L3(star),2,1,slide,3,1.0,3,,4
818-ギリギリ最強あいまいみー！-mas,13.7,185,68,89.3513,R,6,hold,,0,1,L7(hold),2,3,tap,3,1.0,5,hold:7>None,5
818-ギリギリ最強あいまいみー！-mas,13.7,185,69,90.3242,L,2,hold,,0,1,R3(hold),2,1,hold,1,1.0,5,hold:3>None,5
818-ギリギリ最強あいまいみー！-mas,13.7,185,75,97.9459,R,7,slide,3,0,1,L6(star),2,8,slide,1,1.0,6,,5
818-ギリギリ最強あいまいみー！-mas,13.7,185,75,98.2702,R,6,slide,4,0,1,L7(star),2,7,slide,1,1.0,1,slide:7>3,5
821-真・ハンサム体操でズンドコホイ-mas,13.4,140,10,17.5714,L,3,slide,6,0,1,,1,5,tap,2,1.25,5,,1
821-真・ハンサム体操でズンドコホイ-mas,13.4,140,24,41.5714,L,3,hold,,0,1,,1,1,slide,2,4.0,1,,2
821-真・ハンサム体操でズンドコホイ-mas,13.4,140,28,48.4286,R,6,hold,,0,1,,1,3,slide,3,3.0,8,,3
821-真・ハンサム体操でズンドコホイ-mas,13.4,140,29,51.4286,L,2,wifi,6,0,1,LR2(wifi),1,1,hold,1,2.0,1,,3
821-真・ハンサム体操でズンドコホイ-mas,13.4,140,30,52.2857,L,2,wifi,6,0,1,LR2(wifi),1,1,hold,1,4.0,1,,3
821-真・ハンサム体操でズンドコホイ-mas,13.4,140,30,53.1429,L,2,wifi,6,0,1,LR2(wifi),1,1,hold,1,6.0,1,,3
821-真・ハンサム体操でズンドコホイ-mas,13.4,140,31,54.0,L,2,wifi,6,0,1,LR2(wifi),1,1,hold,1,8.0,1,,3
821-真・ハンサム体操でズンドコホイ-mas,13.4,140,37,64.7143,L,2,hold,,0,1,,1,1,hold,1,1.0,7,slide:8>3,3
821-真・ハンサム体操でズンドコホイ-mas,13.4,140,42,72.4286,R,7,slide,1,0,1,L6(slide),2,3,slide,4,2.0,2,slide:6>1,4
821-真・ハンサム体操でズンドコホイ-mas,13.4,140,42,73.2857,L,2,slide,8,0,1,R3(slide),2,6,slide,4,2.0,8,slide:3>8,4
825-セハガガガンバッちゃう！！-mas,13.3,202,45,54.3564,L,2,hold,,0,1,,1,6,tap,4,2.0,6,,3
825-セハガガガンバッちゃう！！-mas,13.3,202,48,57.6238,L,3,slide,8,0,1,R8(star),2,7,slide,4,1.0,8,,3
825-セハガガガンバッちゃう！！-mas,13.3,202,49,58.2178,R,7,star,,0,1,L4(slide),2,4,star,3,1.0,1,slide:8>4,3
825-セハガガガンバッちゃう！！-mas,13.3,202,50,60.0,R,6,slide,1,0,1,L1(star),2,2,slide,4,1.0,1,,3
825-セハガガガンバッちゃう！！-mas,13.3,202,51,60.5941,L,2,star,,0,1,R5(slide),2,5,star,3,1.0,6,slide:1>5,3
825-セハガガガンバッちゃう！！-mas,13.3,202,53,64.0099,R,6,tap,,0,1,,1,8,tap,2,0.5,4,,3
825-セハガガガンバッちゃう！！-mas,13.3,202,64,76.6337,L,3,star,,0,1,R7(slide),2,7,star,4,1.0,6,slide:2>7,4
825-セハガガガンバッちゃう！！-mas,13.3,202,64,76.6337,R,7,slide,3,0,1,L3(star),2,2,slide,3,1.0,3,,4
825-セハガガガンバッちゃう！！-mas,13.3,202,81,97.1287,L,2,hold,,0,1,,1,7,tap,3,2.0,6,,4
825-セハガガガンバッちゃう！！-mas,13.3,202,85,101.2871,L,2,slide,7,0,1,R3(slide),2,6,slide,4,2.0,6,slide:3>6,5
825-セハガガガンバッちゃう！！-mas,13.3,202,85,101.8812,R,7,slide,2,0,1,L6(slide),2,3,slide,4,2.0,3,slide:6>3,5
827-ラブって♡ジュエリー♪えんじぇる☆ブレイク！！-mas,13.2,238,23,23.4454,R,7,tap,,1,1,,1,5,hold,2,2.0,8,,2
827-ラブって♡ジュエリー♪えんじぇる☆ブレイク！！-mas,13.2,238,26,26.2185,L,2,hold,,0,1,R3(tap),2,8,tap,2,1.0,5,,2
827-ラブって♡ジュエリー♪えんじぇる☆ブレイク！！-mas,13.2,238,30,30.2521,R,7,hold,,0,1,L6(tap),2,2,tap,3,1.0,4,,2
827-ラブって♡ジュエリー♪えんじぇる☆ブレイク！！-mas,13.2,238,51,51.9328,R,6,slide,3,0,1,L1(star),2,2,slide,4,1.0,8,slide:1>5,3
827-ラブって♡ジュエリー♪えんじぇる☆ブレイク！！-mas,13.2,238,75,75.8824,L,2,tap,,1,1,,1,4,hold,2,2.0,1,,5
83-Get Happy-mas,13.8,150,9,14.7,L,3,tap,,0,1,,1,1,tap,2,1.25,8,,1
83-Get Happy-mas,13.8,150,9,15.5,R,6,tap,,0,1,,1,2,tap,4,1.75,1,,1
83-Get Happy-mas,13.8,150,11,17.6,L,2,hold,,0,1,R3(slide),2,5,slide,3,1.0,1,slide:3>7,1
83-Get Happy-mas,13.8,150,12,20.3,R,7,tap,,0,1,,1,2,tap,3,1.25,8,,1
83-Get Happy-mas,13.8,150,16,25.8,R,6,tap,,0,1,,1,8,hold,2,2.0,1,,2
83-Get Happy-mas,13.8,150,17,27.5,R,6,tap,,0,1,,1,1,tap,3,1.75,1,,2
83-Get Happy-mas,13.8,150,17,28.3,L,3,tap,,0,1,,1,7,tap,4,1.75,8,,2
83-Get Happy-mas,13.8,150,19,30.7,R,6,tap,,0,1,,1,5,tap,1,1.5,5,,2
83-Get Happy-mas,13.8,150,25,40.6,L,3,hold,,0,1,,1,6,tap,3,1.0,1,,2
83-Get Happy-mas,13.8,150,42,67.3,L,3,tap,,0,1,,1,6,tap,3,1.25,4,,3
83-Get Happy-mas,13.8,150,44,70.5,L,2,tap,,0,1,,1,7,tap,3,1.25,6,,3
83-Get Happy-mas,13.8,150,46,73.7,R,6,tap,,0,1,,1,2,tap,4,1.0,2,,4
83-Get Happy-mas,13.8,150,48,76.9,R,6,tap,,0,1,,1,3,tap,3,1.25,2,,4
83-Get Happy-mas,13.8,150,49,78.7,R,6,tap,,0,1,,1,3,tap,3,1.75,1,,4
83-Get Happy-mas,13.8,150,49,79.5,L,3,tap,,0,1,,1,7,tap,4,1.75,8,,4
83-Get Happy-mas,13.8,150,51,81.9,R,6,tap,,0,1,,1,3,tap,3,1.25,5,,4
83-Get Happy-mas,13.8,150,54,87.8,R,7,slide,4,0,1,L4(star),2,3,slide,4,0.5,1,slide:4>1,4
83-Get Happy-mas,13.8,150,55,88.6,R,6,star,,0,1,L1(slide),2,1,star,3,1.0,8,slide:4>1,4
83-Get Happy-mas,13.8,150,64,103.6,L,3,star,,0,1,,1,7,tap,4,0.5,3,,5
83-Get Happy-mas,13.8,150,64,104.0,L,3,slide,7,0,1,R1(star),2,3,star,0,1.0,7,slide:1>5,5
83-Get Happy-mas,13.8,150,66,106.4,L,3,star,,0,1,R5(slide),2,7,slide,4,1.0,3,slide:5>2,5
83-Get Happy-mas,13.8,150,66,106.8,L,3,slide,8,0,1,R1(star),2,3,star,0,1.0,8,slide:1>4,5
830-HIMITSUスパーク-mas,13.2,156,1,2.1154,L,3,hold,,0,1,,1,5,hold,2,1.5,5,,1
830-HIMITSUスパーク-mas,13.2,156,3,5.1923,R,6,hold,,0,1,,1,4,hold,2,1.5,4,,1
830-HIMITSUスパーク-mas,13.2,156,5,8.2692,L,2,hold,,0,1,,1,8,hold,2,1.5,5,,1
830-HIMITSUスパーク-mas,13.2,156,7,11.3462,R,7,hold,,0,1,,1,1,hold,2,1.5,4,,1
830-HIMITSUスパーク-mas,13.2,156,35,54.8077,R,7,slide,4,0,1,L4(star),2,2,slide,3,1.0,4,,3
830-HIMITSUスパーク-mas,13.2,156,36,55.9615,L,3,star,,0,1,R6(slide),2,6,star,3,1.0,8,slide:1>6,3
830-HIMITSUスパーク-mas,13.2,156,36,55.9615,R,6,slide,3,0,1,L3(star),2,1,slide,3,1.0,3,,3
830-HIMITSUスパーク-mas,13.2,156,39,60.2885,L,2,hold,,0,1,,1,4,slide,2,2.75,5,,3
830-HIMITSUスパーク-mas,13.2,156,40,61.8269,R,6,hold,,0,1,,1,1,slide,3,2.25,1,,3
830-HIMITSUスパーク-mas,13.2,156,43,66.4423,R,7,hold,,0,1,,1,2,tap,3,2.0,8,,3
830-HIMITSUスパーク-mas,13.2,156,44,68.2692,L,2,tap,,0,1,,1,4,hold,2,1.5,8,,3
830-HIMITSUスパーク-mas,13.2,156,56,86.3464,R,6,hold,,0,1,,1,2,slide,4,3.5,4,,4
830-HIMITSUスパーク-mas,13.2,156,58,89.808,R,7,hold,,0,1,,1,2,hold,3,2.0,5,,4
830-HIMITSUスパーク-mas,13.2,156,59,91.3464,R,7,hold,,0,1,,1,5,tap,2,2.5,1,,4
830-HIMITSUスパーク-mas,13.2,156,60,92.5003,L,2,hold,,0,1,,1,8,hold,2,2.0,4,,4
830-HIMITSUスパーク-mas,13.2,156,68,105.1926,L,2,tap,,0,1,,1,4,hold,2,1.5,8,,4
830-HIMITSUスパーク-mas,13.2,156,76,117.2118,R,6,hold,,0,1,,1,1,slide,3,2.25,1,,5
834-Rodeo Machine-mas,13.8,115,20,43.3043,R,7,slide,3,0,1,,1,3,slide,4,2.0,2,,2
834-Rodeo Machine-mas,13.8,115,24,51.1304,R,7,slide,3,0,1,,1,2,slide,3,2.5,2,,3
834-Rodeo Machine-mas,13.8,115,25,53.2174,R,7,slide,3,0,1,,1,2,slide,3,1.0,2,,3
834-Rodeo Machine-mas,13.8,115,26,55.3043,L,2,slide,6,0,1,,1,7,slide,3,1.0,7,,3
834-Rodeo Machine-mas,13.8,115,27,57.3913,R,7,slide,3,0,1,,1,2,slide,3,1.0,2,,3
834-Rodeo Machine-mas,13.8,115,28,59.4783,L,2,slide,6,0,1,,1,7,slide,3,1.0,7,,3
834-Rodeo Machine-mas,13.8,115,29,61.5652,R,7,slide,3,0,1,,1,2,slide,3,1.0,2,,3
834-Rodeo Machine-mas,13.8,115,30,63.6522,L,2,slide,6,0,1,,1,7,slide,3,1.0,7,,3
834-Rodeo Machine-mas,13.8,115,31,65.7391,R,7,slide,3,0,1,,1,2,slide,3,1.0,2,,3
834-Rodeo Machine-mas,13.8,115,57,119.4783,L,3,slide,7,0,1,R7(slide),2,7,slide,4,1.0,7,slide:7>3,5
834-Rodeo Machine-mas,13.8,115,57,119.4783,R,7,slide,3,0,1,L3(slide),2,3,slide,4,1.0,3,slide:3>7,5
834-Rodeo Machine-mas,13.8,115,57,120.5217,L,3,slide,7,0,1,R7(slide),2,7,slide,4,1.0,2,slide:7>3,5
834-Rodeo Machine-mas,13.8,115,57,120.5217,R,7,slide,3,0,1,L3(slide),2,3,slide,4,1.0,2,slide:3>7,5
834-Rodeo Machine-mas,13.8,115,58,121.5652,L,2,slide,6,0,1,,1,3,slide,1,2.0,7,slide:2>4,5
834-Rodeo Machine-mas,13.8,115,58,122.8696,R,7,wifi,3,0,1,LR7(wifi),1,2,slide,3,2.0,,,5
836-ジンギスカン-mas,13.3,150,22,36.0,L,2,star,,0,1,R7(slide),2,7,star,3,1.0,7,slide:2>7,2
836-ジンギスカン-mas,13.3,150,22,36.0,R,7,slide,2,0,1,L2(star),2,2,slide,3,1.0,2,,2
836-ジンギスカン-mas,13.3,150,22,36.8,R,7,slide,2,0,1,L2(star),2,2,slide,3,1.0,2,,2
836-ジンギスカン-mas,13.3,150,23,36.8,L,2,star,,0,1,R7(slide),2,7,star,3,1.0,7,slide:2>7,2
836-ジンギスカン-mas,13.3,150,47,75.6,R,6,tap,,0,1,,1,4,tap,2,0.5,4,hold:8>None,3
836-ジンギスカン-mas,13.3,150,54,87.6,L,2,tap,,1,1,R3(tap),2,4,tap,2,0.5,7,,4
836-ジンギスカン-mas,13.3,150,55,89.2,R,7,tap,,1,1,L6(tap),2,5,tap,2,0.5,1,,4
836-ジンギスカン-mas,13.3,150,56,90.8,L,3,tap,,1,1,R2(tap),2,4,tap,1,0.5,8,,4
836-ジンギスカン-mas,13.3,150,57,92.4,R,6,tap,,1,2,L7(tap),2,5,tap,1,0.5,3,,4
836-ジンギスカン-mas,13.3,150,58,94.0,L,3,tap,,1,1,R2(tap),2,4,tap,1,0.5,6,,4
836-ジンギスカン-mas,13.3,150,60,97.2,L,3,tap,,1,1,R2(tap),2,4,tap,1,0.5,6,,4
836-ジンギスカン-mas,13.3,150,61,98.8,R,7,tap,,1,1,L6(tap),2,5,tap,2,0.5,8,,4
836-ジンギスカン-mas,13.3,150,64,103.2,R,6,slide,3,0,1,L4(tap),2,3,slide,3,2.0,3,,4
836-ジンギスカン-mas,13.3,150,64,103.6,L,3,star,,0,1,,1,4,tap,1,1.0,5,slide:6>3,4
836-ジンギスカン-mas,13.3,150,65,104.8,R,6,slide,3,0,1,L4(tap),2,3,slide,3,2.0,3,,4
836-ジンギスカン-mas,13.3,150,65,105.2,L,3,star,,0,1,,1,4,tap,1,1.0,5,slide:6>3,4
836-ジンギスカン-mas,13.3,150,66,106.4,R,6,slide,3,0,1,L4(tap),2,3,slide,3,2.0,3,,5
836-ジンギスカン-mas,13.3,150,66,106.8,L,3,star,,0,1,,1,4,tap,1,1.0,5,slide:6>3,5
836-ジンギスカン-mas,13.3,150,67,108.0,R,6,slide,3,0,1,L4(tap),2,3,slide,3,2.0,3,,5
836-ジンギスカン-mas,13.3,150,67,108.4,L,3,star,,0,1,,1,4,tap,1,1.0,5,slide:6>3,5
836-ジンギスカン-mas,13.3,150,68,109.6,R,6,slide,3,0,1,L4(tap),2,3,slide,3,2.0,3,,5
836-ジンギスカン-mas,13.3,150,68,110.0,L,3,star,,0,1,,1,4,tap,1,1.0,5,slide:6>3,5
836-ジンギスカン-mas,13.3,150,69,111.2,R,6,slide,3,0,1,L4(tap),2,3,slide,3,2.0,3,,5
836-ジンギスカン-mas,13.3,150,69,111.6,L,3,star,,0,1,,1,4,tap,1,1.0,5,slide:6>3,5
836-ジンギスカン-mas,13.3,150,70,112.8,R,6,slide,3,0,1,L4(tap),2,3,slide,3,2.0,3,,5
836-ジンギスカン-mas,13.3,150,70,113.2,L,3,star,,0,1,,1,4,tap,1,1.0,5,slide:6>3,5
836-ジンギスカン-mas,13.3,150,71,114.4,R,6,slide,3,0,1,L4(tap),2,3,slide,3,2.0,8,,5
836-ジンギスカン-mas,13.3,150,71,114.8,L,3,star,,0,1,,1,4,tap,1,1.0,3,slide:6>3,5
836-ジンギスカン-mas,13.3,150,71,115.2,L,3,slide,6,0,1,,1,3,star,0,1.0,7,slide:6>3,5
839-にじよめちゃん体操第一億-mas,13.8,120,10,20.4151,L,2,slide,6,0,1,R6(slide),2,6,slide,4,1.0,4,slide:6>2,2
839-にじよめちゃん体操第一億-mas,13.8,120,10,20.4151,R,6,slide,2,0,1,L2(slide),2,2,slide,4,1.0,8,slide:2>6,2
839-にじよめちゃん体操第一億-mas,13.8,120,40,72.9152,L,2,tap,,0,1,,1,1,tap,1,0.125,3,hold:8>None,5
839-にじよめちゃん体操第一億-mas,13.8,120,40,72.9708,L,3,tap,,0,1,,1,2,tap,1,0.125,4,hold:8>None,5
839-にじよめちゃん体操第一億-mas,13.8,120,40,73.3596,L,2,tap,,0,1,,1,1,tap,1,0.125,3,hold:8>None,5
839-にじよめちゃん体操第一億-mas,13.8,120,40,73.4153,L,3,tap,,0,1,,1,2,tap,1,0.125,4,hold:8>None,5
839-にじよめちゃん体操第一億-mas,13.8,120,40,73.8041,L,2,tap,,0,1,,1,1,tap,1,0.125,3,hold:8>None,5
839-にじよめちゃん体操第一億-mas,13.8,120,40,73.8597,L,3,tap,,0,1,,1,2,tap,1,0.125,4,hold:8>None,5
839-にじよめちゃん体操第一億-mas,13.8,120,47,85.7486,R,7,slide,8,0,1,L8(star),2,8,slide,1,1.0,8,,5
839-にじよめちゃん体操第一億-mas,13.8,120,47,86.6375,R,7,slide,8,0,1,L8(star),2,8,slide,1,1.0,8,,5
839-にじよめちゃん体操第一億-mas,13.8,120,48,87.5264,R,7,slide,8,0,1,L8(star),2,8,slide,1,1.0,8,,5
839-にじよめちゃん体操第一億-mas,13.8,120,48,88.4153,R,7,slide,8,0,1,L8(tap),2,8,slide,1,1.0,1,,5
841-ナンセンス文学-mas,13.6,154,21,33.7987,R,6,hold,,0,1,,1,5,tap,1,1.0,4,,2
841-ナンセンス文学-mas,13.6,154,22,35.3571,L,3,hold,,0,1,,1,4,tap,1,1.0,5,,2
841-ナンセンス文学-mas,13.6,154,23,36.9156,R,6,hold,,0,1,,1,5,tap,1,1.0,8,,2
841-ナンセンス文学-mas,13.6,154,25,40.0325,L,3,hold,,0,1,,1,4,tap,1,1.0,7,,2
841-ナンセンス文学-mas,13.6,154,32,50.4545,L,2,slide,6,0,1,,1,1,tap,1,0.5,6,hold:2>None,2
841-ナンセンス文学-mas,13.6,154,40,62.9221,L,2,slide,6,0,1,,1,1,tap,1,0.5,5,hold:2>None,3
841-ナンセンス文学-mas,13.6,154,72,112.7922,L,2,slide,6,0,1,,1,1,tap,1,0.5,5,hold:2>None,5
841-ナンセンス文学-mas,13.6,154,80,125.2597,L,2,slide,6,0,1,,1,1,tap,1,0.5,7,hold:2>None,5
841-ナンセンス文学-mas,13.6,154,81,127.3052,L,2,tap,,0,1,,1,8,tap,2,1.25,1,,5
842-立ち入り禁止-remas,13.8,160,75,113.9999,L,2,slide,6,0,1,R6(slide),2,6,slide,4,1.0,4,slide:6>2,4
842-立ち入り禁止-remas,13.8,160,75,113.9999,R,6,slide,2,0,1,L2(slide),2,2,slide,4,1.0,2,slide:2>6,4
844-ストリーミングハート-mas,13.3,210,23,26.7143,R,6,star,,0,1,L2(slide),2,2,star,4,1.0,3,slide:7>2,2
844-ストリーミングハート-mas,13.3,210,23,26.7143,L,2,slide,6,0,1,R6(star),2,7,slide,3,1.0,6,,2
844-ストリーミングハート-mas,13.3,210,36,41.5714,L,3,tap,,0,1,,1,4,tap,1,2.5,5,,2
844-ストリーミングハート-mas,13.3,210,37,42.2857,R,7,hold,,0,1,,1,4,tap,3,1.0,4,,2
844-ストリーミングハート-mas,13.3,210,70,80.0,R,6,hold,,0,1,,1,2,tap,4,1.0,8,,4
844-ストリーミングハート-mas,13.3,210,71,81.4286,L,2,tap,,0,1,,1,1,tap,1,2.0,8,,4
849-終点-mas,13.7,222,14,15.4955,R,6,tap,,0,1,,1,3,tap,3,0.667,2,,1
849-終点-mas,13.7,222,15,16.7568,L,2,tap,,0,1,,1,7,tap,3,0.667,4,,1
849-終点-mas,13.7,222,60,65.0676,R,6,hold,,0,1,,1,2,slide,4,1.75,2,,3
849-終点-mas,13.7,222,76,82.3649,L,2,hold,,0,1,,1,8,tap,2,1.75,4,,4
849-終点-mas,13.7,222,91,98.7387,L,3,tap,,0,1,,1,6,tap,3,0.667,7,,5
849-終点-mas,13.7,222,92,100.0,R,7,tap,,0,1,,1,2,tap,3,0.667,5,,5
849-終点-mas,13.7,222,98,106.6892,R,7,tap,,1,1,L6(tap),2,1,tap,2,0.75,4,,5
851-フキゲンワルツ-mas,13.2,210,5,6.0002,R,6,hold,,0,1,,1,4,tap,2,1.333,8,,1
851-フキゲンワルツ-mas,13.2,210,37,43.1432,L,3,slide,6,0,1,R2(slide),2,1,tap,2,2.0,8,slide:2>5,2
851-フキゲンワルツ-mas,13.2,210,39,44.5718,R,6,tap,,0,1,L7(tap),2,5,tap,1,1.0,6,,2
851-フキゲンワルツ-mas,13.2,210,39,44.8575,R,6,tap,,0,1,L7(tap),2,6,tap,0,1.0,6,,2
851-フキゲンワルツ-mas,13.2,210,39,45.1432,R,6,tap,,0,1,L7(tap),2,6,tap,0,1.0,5,,2
851-フキゲンワルツ-mas,13.2,210,54,62.5721,R,6,hold,,0,1,,1,3,tap,3,1.0,4,,3
851-フキゲンワルツ-mas,13.2,210,55,64.0007,R,6,slide,3,0,1,L3(star),2,1,slide,3,1.0,3,,3
851-フキゲンワルツ-mas,13.2,210,56,64.0007,L,3,star,,0,1,R6(slide),2,6,star,3,1.0,8,slide:1>6,3
851-フキゲンワルツ-mas,13.2,210,66,76.0007,L,2,hold,,0,1,R5(tap),2,8,tap,2,1.0,4,,3
851-フキゲンワルツ-mas,13.2,210,67,77.4292,L,3,star,,0,1,R8(slide),2,8,star,3,1.0,6,slide:5>8,3
851-フキゲンワルツ-mas,13.2,210,68,78.0007,R,6,slide,1,0,1,L1(star),2,3,slide,3,1.0,1,,3
851-フキゲンワルツ-mas,13.2,210,80,91.4292,L,3,hold,,0,1,,1,5,tap,2,1.333,1,,4
851-フキゲンワルツ-mas,13.2,210,83,94.8578,R,6,hold,,0,1,,1,4,tap,2,1.333,8,,4
851-フキゲンワルツ-mas,13.2,210,90,103.715,R,6,hold,,0,1,,1,4,tap,2,1.0,4,,4
851-フキゲンワルツ-mas,13.2,210,91,105.1435,R,6,slide,3,0,1,L3(star),2,1,slide,3,1.0,3,,4
851-フキゲンワルツ-mas,13.2,210,92,105.1435,L,3,star,,0,1,R6(slide),2,6,star,3,1.0,8,slide:1>6,4
852-ミラクルペイント-mas,13.2,215,42,47.7209,R,6,tap,,0,1,,1,2,hold,4,3.0,1,hold:8>None,2
852-ミラクルペイント-mas,13.2,215,43,48.2791,L,2,tap,,0,1,,1,8,hold,2,3.0,8,,2
852-ミラクルペイント-mas,13.2,215,44,49.6744,L,3,hold,,0,1,,1,1,hold,2,2.333,5,,2
852-ミラクルペイント-mas,13.2,215,53,60.0,R,7,star,,0,1,L2(slide),2,2,star,3,1.0,4,slide:5>2,3
852-ミラクルペイント-mas,13.2,215,53,60.0,L,2,slide,7,0,1,R7(star),2,5,slide,3,1.0,7,,3
852-ミラクルペイント-mas,13.2,215,54,60.8372,R,6,star,,0,1,L1(slide),2,1,star,3,1.0,3,slide:4>1,3
852-ミラクルペイント-mas,13.2,215,54,61.3953,L,3,slide,8,0,1,R8(star),2,6,slide,3,1.0,8,,3
852-ミラクルペイント-mas,13.2,215,55,62.2326,L,2,slide,4,0,1,R3(hold),2,5,slide,3,1.0,4,hold:3>None,3
852-ミラクルペイント-mas,13.2,215,58,65.3023,L,2,tap,,0,1,,1,4,tap,2,1.0,4,hold:3>None,3
852-ミラクルペイント-mas,13.2,215,90,101.3023,L,2,star,,0,1,R7(slide),2,7,star,3,1.0,5,slide:4>7,4
852-ミラクルペイント-mas,13.2,215,90,101.3023,R,7,slide,2,0,1,L2(star),2,4,slide,3,1.0,2,,4
852-ミラクルペイント-mas,13.2,215,91,102.1395,L,3,star,,0,1,R8(slide),2,8,star,3,1.0,6,slide:5>8,4
852-ミラクルペイント-mas,13.2,215,91,102.6977,R,6,slide,1,0,1,L1(star),2,3,slide,3,1.0,1,,4
852-ミラクルペイント-mas,13.2,215,92,103.5349,R,7,slide,5,0,1,L6(hold),2,4,slide,3,1.0,5,hold:6>None,4
852-ミラクルペイント-mas,13.2,215,95,106.6047,R,7,tap,,0,1,,1,5,tap,2,1.0,5,hold:6>None,4
852-ミラクルペイント-mas,13.2,215,111,124.4651,R,7,tap,,0,1,,1,5,tap,2,1.0,5,hold:6>None,5
854-はやくそれになりたい！-remas,13.2,185,3,4.5405,L,3,hold,,0,1,,1,1,hold,2,2.0,6,,1
854-はやくそれになりたい！-remas,13.2,185,8,11.027,R,7,star,,0,1,L6(star),2,5,tap,2,1.0,7,slide:6>3,1
854-はやくそれになりたい！-remas,13.2,185,8,11.3514,R,7,slide,3,0,1,L6(slide),2,7,star,0,1.0,3,slide:6>3,1
854-はやくそれになりたい！-remas,13.2,185,28,36.6486,R,6,tap,,0,1,L3(slide),2,3,star,3,1.0,1,slide:8>3,2
854-はやくそれになりたい！-remas,13.2,185,28,36.6486,L,3,slide,6,0,1,R6(tap),2,8,slide,3,1.0,8,,2
854-はやくそれになりたい！-remas,13.2,185,33,44.1081,L,2,wifi,6,0,1,LR2(wifi),1,4,slide,2,3.0,1,,2
854-はやくそれになりたい！-remas,13.2,185,39,51.2432,R,6,hold,,0,1,,1,1,star,3,7.0,4,,2
854-はやくそれになりたい！-remas,13.2,185,41,53.1892,L,3,hold,,0,1,,1,5,hold,2,4.0,7,,2
854-はやくそれになりたい！-remas,13.2,185,53,68.7568,R,7,hold,,0,1,,1,1,tap,2,1.0,4,,3
854-はやくそれになりたい！-remas,13.2,185,65,84.973,L,3,hold,,0,1,,1,1,hold,2,2.0,1,,3
854-はやくそれになりたい！-remas,13.2,185,72,94.0541,R,6,hold,,0,1,,1,2,hold,4,2.0,1,,4
854-はやくそれになりたい！-remas,13.2,185,85,110.5946,R,6,slide,2,0,1,,1,3,slide,3,4.0,3,,4
854-はやくそれになりたい！-remas,13.2,185,87,113.8378,L,2,tap,,0,1,R3(tap),2,8,tap,2,1.0,5,,4
854-はやくそれになりたい！-remas,13.2,185,97,125.8378,L,2,hold,,0,1,,1,8,tap,2,1.0,5,,5
855-キミノヨゾラ哨戒班-mas,13,185,19,24.973,R,7,slide,1,0,1,,1,5,slide,2,4.0,1,,2
855-キミノヨゾラ哨戒班-mas,13,185,25,33.0811,R,7,slide,4,0,1,L4(star),2,2,slide,3,1.0,4,,2
855-キミノヨゾラ哨戒班-mas,13,185,38,49.9459,R,6,slide,3,0,1,L7(tap),2,1,slide,3,1.5,1,,3
855-キミノヨゾラ哨戒班-mas,13,185,38,50.7568,L,2,slide,7,0,1,R3(slide),2,8,tap,2,2.0,5,slide:3>6,3
855-キミノヨゾラ哨戒班-mas,13,185,54,71.027,L,2,tap,,0,2,R3(tap),2,1,tap,1,1.0,6,,3
855-キミノヨゾラ哨戒班-mas,13,185,57,74.9189,R,7,tap,,0,2,L6(tap),2,5,tap,2,1.0,8,,4
855-キミノヨゾラ哨戒班-mas,13,185,83,108.6487,R,6,hold,,0,1,L7(hold),2,2,hold,4,1.5,3,hold:7>None,5
855-キミノヨゾラ哨戒班-mas,13,185,84,109.1352,L,2,hold,,0,1,R3(hold),2,7,hold,3,1.5,1,hold:3>None,5
857-おこちゃま戦争-mas,13.3,175,4,5.4857,R,7,hold,,0,1,,1,4,tap,3,1.0,2,,1
857-おこちゃま戦争-mas,13.3,175,6,8.2286,L,2,hold,,0,1,,1,8,tap,2,1.0,7,,1
857-おこちゃま戦争-mas,13.3,175,28,38.4005,R,7,tap,,0,1,L6(tap),2,4,slide,3,1.5,2,,2
857-おこちゃま戦争-mas,13.3,175,28,38.7433,L,3,tap,,0,1,R2(tap),2,6,tap,3,1.0,6,,2
857-おこちゃま戦争-mas,13.3,175,28,39.0862,R,7,tap,,0,1,L6(tap),2,2,tap,3,1.0,2,,2
857-おこちゃま戦争-mas,13.3,175,49,67.3719,R,7,tap,,0,1,,1,2,tap,3,2.0,1,,3
857-おこちゃま戦争-mas,13.3,175,57,79.3719,L,2,tap,,0,1,R3(tap),2,1,slide,1,1.0,1,,4
857-おこちゃま戦争-mas,13.3,175,58,80.0576,L,3,tap,,0,1,,1,1,hold,2,1.5,1,,4
857-おこちゃま戦争-mas,13.3,175,73,101.3147,L,3,hold,,0,1,,1,6,tap,3,1.5,1,,5
857-おこちゃま戦争-mas,13.3,175,79,108.6005,L,2,tap,,0,1,,1,4,tap,2,0.5,7,,5
864-ありふれたせかいせいふく-mas,13.6,150,1,1.9,R,6,hold,,0,1,,1,2,hold,4,2.75,4,,1
864-ありふれたせかいせいふく-mas,13.6,150,3,5.1,L,3,hold,,0,1,,1,7,hold,4,2.75,5,,1
864-ありふれたせかいせいふく-mas,13.6,150,4,6.7,R,7,hold,,0,1,,1,4,tap,3,1.0,8,,1
864-ありふれたせかいせいふく-mas,13.6,150,5,8.3,L,2,hold,,0,1,,1,7,tap,3,1.25,5,,1
864-ありふれたせかいせいふく-mas,13.6,150,16,25.9,L,3,tap,,0,1,,1,5,tap,2,1.0,8,,1
864-ありふれたせかいせいふく-mas,13.6,150,16,26.7,R,6,tap,,0,1,,1,1,tap,3,1.25,1,,1
864-ありふれたせかいせいふく-mas,13.6,150,20,32.3,R,7,tap,,0,1,,1,8,tap,1,1.75,1,,2
864-ありふれたせかいせいふく-mas,13.6,150,21,33.9,L,2,tap,,0,1,,1,8,tap,2,1.25,8,,2
864-ありふれたせかいせいふく-mas,13.6,150,27,44.6,L,3,tap,,0,1,R2(tap),2,5,tap,2,1.0,3,,2
864-ありふれたせかいせいふく-mas,13.6,150,28,44.8,L,3,hold,,0,1,R2(hold),2,3,tap,0,0.5,6,hold:2>None,2
864-ありふれたせかいせいふく-mas,13.6,150,28,45.4,R,7,tap,,0,1,L6(tap),2,2,hold,3,1.5,7,,2
864-ありふれたせかいせいふく-mas,13.6,150,28,45.6,R,7,hold,,0,1,L6(hold),2,7,tap,0,0.5,5,hold:6>None,2
864-ありふれたせかいせいふく-mas,13.6,150,30,48.0,L,2,hold,,0,1,,1,6,hold,4,1.0,4,,2
864-ありふれたせかいせいふく-mas,13.6,150,30,49.0,R,7,hold,,0,1,,1,5,hold,2,1.0,1,,2
869-ロキ-remas,13.3,150,3,5.2,L,3,slide,6,0,1,,1,7,tap,4,1.0,1,,1
869-ロキ-remas,13.3,150,4,6.8,R,6,slide,3,0,1,,1,2,tap,4,1.0,8,,1
869-ロキ-remas,13.3,150,40,65.2,R,7,star,,0,1,,1,3,tap,4,1.0,7,slide:6>5,3
869-ロキ-remas,13.3,150,40,65.6,R,7,slide,2,0,1,,1,7,star,0,1.0,5,,3
869-ロキ-remas,13.3,150,46,74.7,R,6,hold,,0,1,,1,5,tap,1,1.25,5,,3
869-ロキ-remas,13.3,150,55,89.1,R,6,hold,,0,1,,1,1,tap,3,1.25,5,,4
869-ロキ-remas,13.3,150,56,90.6,L,2,hold,,0,1,,1,1,hold,1,1.5,4,,4
869-ロキ-remas,13.3,150,74,118.8001,L,3,tap,,0,1,,1,6,tap,3,1.0,6,slide:3>4,5
869-ロキ-remas,13.3,150,86,138.0001,L,3,slide,6,0,1,,1,7,tap,4,1.0,1,,5
870-クノイチでも恋がしたい-mas,13.4,185,4,5.5135,L,2,tap,,0,1,,1,4,tap,2,1.0,5,,1
870-クノイチでも恋がしたい-mas,13.4,185,4,5.8378,R,6,hold,,0,1,L5(tap),2,3,hold,3,2.0,1,,1
870-クノイチでも恋がしたい-mas,13.4,185,5,6.4865,L,2,hold,,0,1,R1(tap),2,7,tap,3,1.0,8,,1
870-クノイチでも恋がしたい-mas,13.4,185,5,7.1351,R,7,hold,,0,1,L8(tap),2,3,tap,4,1.0,3,,1
870-クノイチでも恋がしたい-mas,13.4,185,34,45.0811,L,3,tap,,0,1,R2(tap),2,1,hold,2,3.0,3,slide:2>7,2
870-クノイチでも恋がしたい-mas,13.4,185,34,45.2432,L,3,slide,6,0,1,R2(slide),2,3,tap,0,0.5,7,slide:2>7,2
870-クノイチでも恋がしたい-mas,13.4,185,36,47.6757,R,6,tap,,0,1,L7(tap),2,8,hold,2,3.0,6,slide:7>2,2
870-クノイチでも恋がしたい-mas,13.4,185,36,47.8378,R,6,slide,3,0,1,L7(slide),2,6,tap,0,0.5,5,slide:7>2,2
870-クノイチでも恋がしたい-mas,13.4,185,38,49.2973,R,7,tap,,0,1,L1(hold),2,3,tap,4,1.0,3,hold:1>None,2
870-クノイチでも恋がしたい-mas,13.4,185,38,50.2703,L,3,tap,,0,1,R2(tap),2,1,hold,2,3.0,3,slide:2>7,2
870-クノイチでも恋がしたい-mas,13.4,185,38,50.4324,L,3,slide,6,0,1,R2(slide),2,3,tap,0,0.5,7,slide:2>7,2
871-リンカーネイション-mas,13.8,185,4,6.3243,R,6,star,,0,1,,1,5,tap,1,1.0,6,hold:8>None,1
871-リンカーネイション-mas,13.8,185,4,6.6486,R,6,slide,2,0,1,,1,6,star,0,1.0,1,,1
871-リンカーネイション-mas,13.8,185,19,25.6216,L,3,tap,,0,1,,1,7,hold,4,2.0,4,hold:2>None,1
871-リンカーネイション-mas,13.8,185,27,36.0,R,6,tap,,0,1,,1,2,hold,4,2.0,5,hold:7>None,2
871-リンカーネイション-mas,13.8,185,30,39.2432,R,6,slide,2,0,1,,1,2,tap,4,1.0,5,,2
871-リンカーネイション-mas,13.8,185,31,40.5405,L,2,slide,6,0,1,,1,6,tap,4,1.0,4,,2
871-リンカーネイション-mas,13.8,185,32,42.4865,L,2,tap,,0,1,,1,6,hold,4,2.0,1,hold:3>None,2
871-リンカーネイション-mas,13.8,185,53,69.4054,R,7,tap,,0,1,,1,1,tap,2,1.0,8,hold:5>None,3
871-リンカーネイション-mas,13.8,185,68,88.2162,L,3,star,,0,1,,1,1,hold,2,4.0,3,,4
871-リンカーネイション-mas,13.8,185,68,88.5406,L,3,slide,6,0,1,,1,3,star,0,1.0,8,,4
871-リンカーネイション-mas,13.8,185,98,127.2163,L,3,tap,,0,1,,1,8,tap,3,2.25,4,hold:1>None,5
873-ネトゲ廃人シュプレヒコール-mas,13.7,175,5,8.0571,R,7,hold,,0,1,L8(tap),2,1,tap,2,1.0,4,,1
873-ネトゲ廃人シュプレヒコール-mas,13.7,175,19,26.7429,R,7,slide,3,0,1,,1,3,slide,4,1.0,8,,1
873-ネトゲ廃人シュプレヒコール-mas,13.7,175,29,40.6286,R,7,hold,,0,1,,1,4,tap,3,0.75,4,,2
873-ネトゲ廃人シュプレヒコール-mas,13.7,175,68,93.9429,R,7,slide,3,0,1,,1,3,slide,4,1.0,8,,4
873-ネトゲ廃人シュプレヒコール-mas,13.7,175,83,114.1717,L,3,hold,,0,1,,1,8,tap,3,0.75,8,,4
873-ネトゲ廃人シュプレヒコール-mas,13.7,175,83,114.8574,R,6,hold,,0,1,,1,1,tap,3,0.75,1,,4
876-クレイジークレイジーダンサーズ-remas,13.3,172,3,4.5349,L,2,tap,,0,1,R3(tap),2,4,tap,2,1.0,1,,1
876-クレイジークレイジーダンサーズ-remas,13.3,172,4,5.9302,R,6,tap,,0,1,L7(tap),2,8,tap,2,1.0,5,,1
876-クレイジークレイジーダンサーズ-remas,13.3,172,65,91.0465,L,2,tap,,1,1,R3(tap),2,8,tap,2,1.0,5,,4
876-クレイジークレイジーダンサーズ-remas,13.3,172,86,120.6977,R,6,tap,,0,3,,1,5,tap,1,1.0,5,slide:4>8,5
876-クレイジークレイジーダンサーズ-remas,13.3,172,88,123.4884,L,3,tap,,0,3,,1,4,tap,1,1.0,5,slide:5>1,5
878-YU-MU-mas,13.2,160,22,33.0,L,3,hold,,0,1,,1,6,tap,3,1.0,1,,2
878-YU-MU-mas,13.2,160,23,34.5,R,6,hold,,0,1,,1,8,hold,2,2.5,8,,2
878-YU-MU-mas,13.2,160,24,36.375,R,7,hold,,0,1,,1,3,hold,4,1.0,3,,2
878-YU-MU-mas,13.2,160,25,37.875,L,2,hold,,0,1,,1,6,hold,4,1.0,6,,2
878-YU-MU-mas,13.2,160,36,54.375,L,2,tap,,0,1,,1,4,tap,2,0.5,5,,3
878-YU-MU-mas,13.2,160,36,54.75,R,6,hold,,0,1,,1,3,hold,3,2.0,3,,3
878-YU-MU-mas,13.2,160,38,57.0,L,2,hold,,0,1,,1,5,slide,3,1.0,7,,3
878-YU-MU-mas,13.2,160,38,57.9375,R,6,tap,,0,1,,1,5,tap,1,1.0,5,hold:7>None,3
878-YU-MU-mas,13.2,160,40,60.1875,L,2,tap,,0,1,,1,7,slide,3,1.5,4,hold:1>None,4
878-YU-MU-mas,13.2,160,40,61.3125,L,3,tap,,0,1,,1,5,tap,2,0.5,6,,4
878-YU-MU-mas,13.2,160,54,81.0,R,7,hold,,0,1,,1,8,slide,1,2.25,2,,5
878-YU-MU-mas,13.2,160,55,83.0625,R,7,hold,,0,1,,1,2,hold,3,1.5,2,,5
88-Tell Your World-remas,13.2,150,11,19.0,L,2,hold,,0,2,,1,1,hold,1,1.5,7,,1
88-Tell Your World-remas,13.2,150,14,22.8,R,6,tap,,0,1,,1,2,hold,4,3.0,4,hold:5>None,1
88-Tell Your World-remas,13.2,150,14,23.6,L,3,tap,,0,1,,1,5,hold,2,3.0,5,hold:4>None,1
88-Tell Your World-remas,13.2,150,19,31.8,R,7,hold,,0,2,,1,8,hold,1,1.5,2,,2
88-Tell Your World-remas,13.2,150,21,34.6,L,3,tap,,0,1,,1,1,hold,2,2.5,6,,2
88-Tell Your World-remas,13.2,150,29,48.0,L,2,slide,6,0,1,R8(tap),2,5,slide,3,1.0,7,,2
88-Tell Your World-remas,13.2,150,49,78.8,R,7,slide,4,0,1,L1(tap),2,5,slide,2,2.0,3,,4
88-Tell Your World-remas,13.2,150,51,82.0,L,2,slide,5,0,1,R8(tap),2,4,tap,2,1.5,6,,4
88-Tell Your World-remas,13.2,150,53,85.6,R,6,star,,0,1,L1(slide),2,1,star,3,1.0,3,slide:5>1,4
88-Tell Your World-remas,13.2,150,53,86.4,L,3,slide,7,0,1,R1(tap),2,6,slide,3,1.0,5,,4
88-Tell Your World-remas,13.2,150,73,117.4,R,6,hold,,0,1,,1,4,tap,2,1.0,8,,5
88-Tell Your World-remas,13.2,150,74,120.0,R,6,slide,2,0,1,,1,5,tap,1,1.5,,,5
882-Money Money-mas,13.2,145,0,1.4483,L,2,tap,,0,1,,1,4,hold,2,1.5,8,,1
882-Money Money-mas,13.2,145,1,3.1034,R,7,tap,,0,1,,1,5,hold,2,1.5,1,,1
882-Money Money-mas,13.2,145,2,4.1379,L,3,hold,,0,1,,1,5,hold,2,1.5,1,,1
882-Money Money-mas,13.2,145,20,33.5172,R,7,tap,,0,1,,1,5,tap,2,1.0,5,hold:6>None,2
882-Money Money-mas,13.2,145,22,36.8276,L,2,tap,,0,1,,1,8,hold,2,1.5,4,hold:3>None,2
882-Money Money-mas,13.2,145,30,50.8966,L,3,hold,,0,1,,1,7,hold,4,2.0,4,,2
882-Money Money-mas,13.2,145,45,73.4435,R,6,hold,,0,1,L5(tap),2,3,slide,3,1.0,4,,3
882-Money Money-mas,13.2,145,45,73.9667,L,3,hold,,0,1,R4(tap),2,7,tap,4,1.0,6,,3
882-Money Money-mas,13.2,145,47,76.2342,R,6,tap,,0,1,L7(hold),2,2,slide,4,1.0,8,hold:7>None,3
882-Money Money-mas,13.2,145,47,76.7574,L,2,hold,,0,1,R3(tap),2,7,hold,3,1.5,6,,3
882-Money Money-mas,13.2,145,47,77.2807,R,7,hold,,0,1,L6(tap),2,1,tap,2,1.0,1,,3
882-Money Money-mas,13.2,145,53,85.3039,R,6,tap,,0,1,,1,5,tap,1,2.0,5,hold:7>None,3
882-Money Money-mas,13.2,145,54,86.0016,L,2,hold,,0,1,R4(tap),2,7,hold,3,4.0,4,,4
882-Money Money-mas,13.2,145,70,109.3737,R,6,hold,,0,1,,1,2,hold,4,2.0,5,,4
883-隠然-remas,13.4,210,11,12.5714,L,2,hold,,0,1,R3(hold),2,7,slide,3,1.0,4,hold:3>None,1
883-隠然-remas,13.4,210,13,14.8571,L,3,hold,,0,1,R4(tap),2,4,tap,1,1.0,7,,1
883-隠然-remas,13.4,210,14,16.2857,R,6,tap,,0,1,,1,8,tap,2,1.0,5,hold:7>None,1
883-隠然-remas,13.4,210,18,21.7143,R,7,hold,,0,1,L6(hold),2,3,slide,4,1.0,5,hold:6>None,1
883-隠然-remas,13.4,210,20,24.0,R,6,hold,,0,2,L5(tap),2,5,tap,1,1.0,2,,1
883-隠然-remas,13.4,210,22,25.4286,L,3,tap,,0,1,,1,1,tap,2,1.0,4,hold:2>None,1
883-隠然-remas,13.4,210,29,33.7143,R,6,hold,,0,1,,1,2,hold,4,2.0,3,,2
883-隠然-remas,13.4,210,30,35.4286,R,6,tap,,0,2,L7(tap),2,5,tap,1,1.0,5,,2
883-隠然-remas,13.4,210,31,36.2857,L,2,tap,,0,1,R3(tap),2,1,tap,1,1.0,3,,2
883-隠然-remas,13.4,210,31,36.8571,L,3,slide,6,0,1,R2(slide),2,2,tap,1,2.0,7,slide:2>7,2
883-隠然-remas,13.4,210,59,68.0003,L,2,hold,,0,1,,1,4,hold,2,2.0,8,,3
883-隠然-remas,13.4,210,60,68.8574,R,7,hold,,0,1,,1,1,hold,2,2.0,5,,3
883-隠然-remas,13.4,210,73,84.286,L,2,star,,0,1,R7(slide),2,7,star,3,1.0,6,slide:4>7,4
883-隠然-remas,13.4,210,73,84.286,R,7,slide,2,0,1,L2(star),2,4,slide,3,1.0,2,,4
883-隠然-remas,13.4,210,94,108.0011,L,2,slide,7,0,1,R7(star),2,5,slide,3,1.333,7,,4
883-隠然-remas,13.4,210,94,108.0011,R,7,star,,0,1,L2(slide),2,2,star,3,1.0,2,slide:5>2,4
888-月に叢雲華に風-mas,13.2,160,0,1.125,L,3,hold,,0,1,,1,,,,,1,,1
888-月に叢雲華に風-mas,13.2,160,3,5.5312,R,6,hold,,0,1,,1,4,hold,2,2.75,8,,1
888-月に叢雲華に風-mas,13.2,160,9,14.0625,R,6,hold,,0,1,,1,3,tap,3,1.5,2,,1
888-月に叢雲華に風-mas,13.2,160,10,15.5625,R,7,hold,,0,1,,1,2,hold,3,2.0,3,,1
888-月に叢雲華に風-mas,13.2,160,11,16.6875,R,6,tap,,0,1,L7(tap),2,3,tap,3,1.0,3,,1
888-月に叢雲華に風-mas,13.2,160,13,20.0625,L,3,hold,,0,1,,1,6,tap,3,1.0,7,,2
888-月に叢雲華に風-mas,13.2,160,14,21.5625,L,2,hold,,0,1,,1,7,hold,3,2.0,6,,2
888-月に叢雲華に風-mas,13.2,160,21,31.5,R,7,tap,,0,1,L4(hold),2,3,tap,4,0.5,2,hold:4>None,2
888-月に叢雲華に風-mas,13.2,160,29,44.25,L,2,tap,,0,1,R3(tap),2,4,tap,2,0.5,6,,3
888-月に叢雲華に風-mas,13.2,160,29,45.1875,R,6,slide,2,0,1,L7(tap),2,5,tap,1,1.5,4,,3
888-月に叢雲華に風-mas,13.2,160,31,46.875,R,6,star,,0,1,L8(slide),2,4,tap,2,2.0,8,slide:8>6,3
888-月に叢雲華に風-mas,13.2,160,45,68.625,L,3,tap,,0,1,,1,6,slide,3,3.0,4,,4
888-月に叢雲華に風-mas,13.2,160,48,72.375,L,3,star,,0,1,R7(slide),2,7,star,4,1.0,6,slide:3>7,4
888-月に叢雲華に風-mas,13.2,160,48,72.375,R,7,slide,3,0,1,L3(star),2,3,slide,4,1.0,3,,4
888-月に叢雲華に風-mas,13.2,160,50,75.75,R,6,slide,4,0,1,L4(star),2,2,slide,4,1.0,4,,4
888-月に叢雲華に風-mas,13.2,160,52,78.75,L,3,slide,5,0,1,R5(star),2,7,slide,4,1.0,5,,5
888-月に叢雲華に風-mas,13.2,160,54,81.75,L,2,slide,6,0,1,R6(slide),2,6,slide,4,1.0,5,slide:6>2,5
888-月に叢雲華に風-mas,13.2,160,54,81.75,R,6,slide,2,0,1,L2(slide),2,2,slide,4,1.0,1,slide:2>6,5
888-月に叢雲華に風-mas,13.2,160,57,86.625,R,6,hold,,0,1,,1,3,tap,3,7.5,8,,5
888-月に叢雲華に風-mas,13.2,160,60,91.0312,L,3,hold,,0,1,,1,5,hold,2,2.75,1,,5
89-ロミオとシンデレラ-remas,13.3,170,4,6.3529,L,3,star,,0,1,R6(slide),2,6,star,3,1.0,8,slide:1>6,1
89-ロミオとシンデレラ-remas,13.3,170,4,6.3529,R,6,slide,3,0,1,L3(star),2,1,slide,3,1.0,3,,1
89-ロミオとシンデレラ-remas,13.3,170,16,23.5588,R,7,tap,,1,1,L6(tap),2,2,tap,3,0.75,3,,2
89-ロミオとシンデレラ-remas,13.3,170,18,25.7647,L,3,tap,,0,2,,1,6,tap,3,2.0,4,,2
89-ロミオとシンデレラ-remas,13.3,170,20,28.5882,R,6,tap,,0,2,,1,3,tap,3,2.0,5,,2
89-ロミオとシンデレラ-remas,13.3,170,39,55.7647,R,7,tap,,0,1,,1,3,hold,4,2.0,8,hold:6>None,3
89-ロミオとシンデレラ-remas,13.3,170,65,93.0,L,2,tap,,0,1,,1,4,tap,2,0.5,8,,5
89-ロミオとシンデレラ-remas,13.3,170,67,95.6471,R,7,star,,0,1,L2(slide),2,2,star,3,1.0,4,slide:5>2,5
89-ロミオとシンデレラ-remas,13.3,170,67,95.6471,L,2,slide,7,0,1,R7(star),2,5,slide,3,1.0,7,,5
891-オーディエンスを沸かす程度の能力 feat.タイツォン-mas,13.7,216,24,27.5,L,3,star,,0,1,R8(slide),2,8,star,3,1.0,6,slide:5>8,2
891-オーディエンスを沸かす程度の能力 feat.タイツォン-mas,13.7,216,25,28.0556,R,6,slide,1,0,1,L1(star),2,3,slide,3,1.0,1,,2
891-オーディエンスを沸かす程度の能力 feat.タイツォン-mas,13.7,216,68,76.1111,R,7,star,,0,1,L3(slide),2,3,star,4,1.0,3,slide:7>3,4
891-オーディエンスを沸かす程度の能力 feat.タイツォン-mas,13.7,216,68,76.1111,L,3,slide,7,0,1,R7(star),2,7,slide,4,1.0,7,,4
891-オーディエンスを沸かす程度の能力 feat.タイツォン-mas,13.7,216,68,76.6667,L,3,slide,7,0,1,R7(star),2,7,slide,4,1.0,7,,4
891-オーディエンスを沸かす程度の能力 feat.タイツォン-mas,13.7,216,69,76.6667,R,7,star,,0,1,L3(slide),2,3,star,4,1.0,3,slide:7>3,4
891-オーディエンスを沸かす程度の能力 feat.タイツォン-mas,13.7,216,69,77.2222,R,7,star,,0,1,L3(slide),2,3,star,4,1.0,5,slide:7>3,4
891-オーディエンスを沸かす程度の能力 feat.タイツォン-mas,13.7,216,69,77.2222,L,3,slide,7,0,1,R7(star),2,7,slide,4,1.0,7,,4
891-オーディエンスを沸かす程度の能力 feat.タイツォン-mas,13.7,216,91,102.2222,R,7,slide,2,0,1,,1,1,hold,2,8.0,3,hold:7>None,5
891-オーディエンスを沸かす程度の能力 feat.タイツォン-mas,13.7,216,92,103.3333,L,3,slide,6,0,1,,1,7,hold,4,4.5,8,hold:3>None,5
892-taboo tears you up-mas,13.4,180,12,16.3333,L,3,star,,0,1,R1(slide),2,8,tap,3,2.0,5,slide:1>3,1
892-taboo tears you up-mas,13.4,180,12,17.3333,R,7,slide,1,0,1,L1(star),2,5,slide,2,1.0,1,,1
892-taboo tears you up-mas,13.4,180,13,18.3333,L,2,star,,0,1,R7(slide),2,7,star,3,1.0,5,slide:4>7,1
892-taboo tears you up-mas,13.4,180,13,18.3333,R,7,slide,2,0,1,L2(star),2,4,slide,3,1.0,2,,1
892-taboo tears you up-mas,13.4,180,16,21.3333,R,6,star,,0,1,L8(slide),2,1,slide,3,4.0,4,slide:8>6,1
892-taboo tears you up-mas,13.4,180,16,22.3333,L,2,slide,8,0,1,R8(star),2,4,slide,2,1.0,8,,1
892-taboo tears you up-mas,13.4,180,17,23.3333,R,7,star,,0,1,L2(slide),2,2,star,3,1.0,4,slide:5>2,1
892-taboo tears you up-mas,13.4,180,17,23.3333,L,2,slide,7,0,1,R7(star),2,5,slide,3,1.0,7,,1
892-taboo tears you up-mas,13.4,180,35,46.6667,L,3,hold,,0,1,,1,7,slide,4,1.0,7,,2
892-taboo tears you up-mas,13.4,180,35,47.5,R,6,tap,,0,1,,1,8,tap,2,1.0,5,hold:7>None,2
892-taboo tears you up-mas,13.4,180,53,70.6667,R,6,tap,,0,1,L5(hold),2,3,slide,3,4.0,8,hold:5>None,3
892-taboo tears you up-mas,13.4,180,54,72.0,L,2,tap,,0,1,R1(hold),2,5,tap,3,1.0,4,hold:1>None,3
892-taboo tears you up-mas,13.4,180,55,73.8333,R,7,tap,,0,1,,1,1,tap,2,0.75,5,,3
892-taboo tears you up-mas,13.4,180,56,74.6667,R,7,tap,,0,1,L8(hold),2,4,tap,3,1.0,5,hold:8>None,3
892-taboo tears you up-mas,13.4,180,57,76.25,R,6,tap,,0,1,,1,8,tap,2,0.75,4,hold:7>None,3
892-taboo tears you up-mas,13.4,180,58,77.5833,L,3,tap,,0,1,,1,1,tap,2,0.75,5,hold:2>None,3
892-taboo tears you up-mas,13.4,180,59,78.9167,R,7,tap,,0,1,,1,5,tap,2,0.75,1,hold:6>None,3
892-taboo tears you up-mas,13.4,180,60,80.25,L,2,tap,,0,1,,1,4,tap,2,0.75,8,hold:3>None,3
892-taboo tears you up-mas,13.4,180,87,116.8334,R,6,hold,,0,1,,1,2,hold,4,2.0,3,,5
892-taboo tears you up-mas,13.4,180,89,119.5001,L,2,hold,,0,1,,1,6,hold,4,2.0,7,,5
892-taboo tears you up-mas,13.4,180,91,122.1668,R,6,hold,,0,1,,1,4,hold,2,2.0,2,,5
892-taboo tears you up-mas,13.4,180,93,124.8334,L,3,hold,,0,1,,1,5,hold,2,2.0,7,,5
892-taboo tears you up-mas,13.4,180,94,126.3334,R,6,slide,2,0,1,,1,8,tap,2,1.5,3,,5
893-White Traveling Girl-mas,13.4,154,18,29.513,R,7,tap,,0,1,,1,5,tap,2,0.5,3,,2
893-White Traveling Girl-mas,13.4,154,23,36.4286,R,7,hold,,0,2,,1,8,hold,1,1.5,8,,2
893-White Traveling Girl-mas,13.4,154,38,60.7792,L,2,slide,8,0,1,,1,5,slide,3,0.5,3,hold:1>None,3
893-White Traveling Girl-mas,13.4,154,39,61.7532,L,3,hold,,0,1,,1,2,slide,1,2.5,7,,3
893-White Traveling Girl-mas,13.4,154,40,63.3117,R,6,hold,,0,1,,1,1,slide,3,1.5,2,,3
893-White Traveling Girl-mas,13.4,154,42,66.039,R,7,hold,,0,1,,1,2,hold,3,1.5,5,,3
893-White Traveling Girl-mas,13.4,154,46,73.2468,R,7,slide,1,0,1,,1,4,slide,3,0.5,1,hold:8>None,3
893-White Traveling Girl-mas,13.4,154,52,82.013,R,7,slide,3,0,1,L5(tap),2,1,slide,2,1.5,3,,4
893-White Traveling Girl-mas,13.4,154,54,85.1299,L,2,slide,6,0,1,R4(tap),2,8,slide,2,1.5,6,,4
893-White Traveling Girl-mas,13.4,154,71,112.2078,L,3,slide,5,0,1,,1,8,slide,3,0.5,8,hold:4>None,5
894-No Routine-mas,13.4,163,25,37.362,R,7,slide,3,0,1,L6(star),2,8,slide,1,1.0,5,slide:6>2,2
894-No Routine-mas,13.4,163,31,46.5644,R,6,slide,2,0,1,L7(star),2,5,slide,1,1.0,8,slide:7>3,2
894-No Routine-mas,13.4,163,66,98.0982,L,3,slide,7,0,1,R2(star),2,4,slide,1,1.0,1,slide:2>6,4
895-不思議の国のクリスマス-mas,13.3,128,15,28.5938,R,7,tap,,0,1,L4(slide),2,3,tap,4,1.0,5,slide:4>6,2
895-不思議の国のクリスマス-mas,13.3,128,15,29.5312,L,2,tap,,0,1,R5(slide),2,6,tap,4,1.0,4,slide:5>3,2
895-不思議の国のクリスマス-mas,13.3,128,16,30.4688,R,7,tap,,0,1,L4(slide),2,3,tap,4,1.0,5,slide:4>6,2
895-不思議の国のクリスマス-mas,13.3,128,16,31.4062,L,2,tap,,0,1,R5(slide),2,6,tap,4,1.0,4,slide:5>3,2
895-不思議の国のクリスマス-mas,13.3,128,19,36.0938,L,2,tap,,0,1,R5(slide),2,6,tap,4,1.0,4,slide:5>3,2
895-不思議の国のクリスマス-mas,13.3,128,19,37.0312,R,7,tap,,0,1,L4(slide),2,3,tap,4,1.0,5,slide:4>6,2
895-不思議の国のクリスマス-mas,13.3,128,20,37.9688,L,2,tap,,0,1,R5(slide),2,6,tap,4,1.0,4,slide:5>3,2
895-不思議の国のクリスマス-mas,13.3,128,20,38.9062,R,7,tap,,0,1,L4(slide),2,3,tap,4,1.0,6,slide:4>6,2
895-不思議の国のクリスマス-mas,13.3,128,21,39.8438,R,6,slide,4,0,1,L7(slide),2,7,tap,1,2.0,2,slide:7>4,2
895-不思議の国のクリスマス-mas,13.3,128,21,40.7812,L,3,slide,5,0,1,R2(slide),2,7,slide,4,2.0,6,slide:2>5,2
895-不思議の国のクリスマス-mas,13.3,128,28,52.9688,L,3,slide,8,0,1,R2(tap),2,4,tap,1,1.0,6,,2
895-不思議の国のクリスマス-mas,13.3,128,28,53.9062,R,7,tap,,0,1,L6(slide),2,5,tap,2,1.0,4,slide:6>1,2
895-不思議の国のクリスマス-mas,13.3,128,29,55.3125,R,7,star,,0,1,L4(slide),2,4,star,3,1.0,2,slide:1>4,2
903-チルノのパーフェクトさんすう教室 ⑨周年バージョン-mas,13.4,175,12,16.4571,L,3,hold,,0,1,R2(hold),2,8,tap,3,1.0,6,hold:2>None,1
903-チルノのパーフェクトさんすう教室 ⑨周年バージョン-mas,13.4,175,12,17.1429,R,7,hold,,0,1,L6(hold),2,2,hold,3,2.0,2,hold:6>None,1
903-チルノのパーフェクトさんすう教室 ⑨周年バージョン-mas,13.4,175,13,17.8286,L,3,tap,,0,1,R2(tap),2,6,hold,3,2.0,6,,1
903-チルノのパーフェクトさんすう教室 ⑨周年バージョン-mas,13.4,175,13,18.1714,R,7,tap,,0,1,L6(tap),2,2,tap,3,1.0,2,,1
903-チルノのパーフェクトさんすう教室 ⑨周年バージョン-mas,13.4,175,13,18.5143,L,3,tap,,0,1,R2(tap),2,6,tap,3,1.0,6,,1
903-チルノのパーフェクトさんすう教室 ⑨周年バージョン-mas,13.4,175,13,18.8571,R,7,tap,,0,1,L6(tap),2,2,tap,3,1.0,4,,1
903-チルノのパーフェクトさんすう教室 ⑨周年バージョン-mas,13.4,175,52,71.6571,L,2,hold,,0,1,,1,6,hold,4,5.0,4,,3
903-チルノのパーフェクトさんすう教室 ⑨周年バージョン-mas,13.4,175,53,73.3714,R,7,hold,,0,1,,1,5,hold,2,2.0,1,,4
903-チルノのパーフェクトさんすう教室 ⑨周年バージョン-mas,13.4,175,79,108.3429,L,2,hold,,0,1,R3(hold),2,7,slide,3,2.5,5,hold:3>None,5
903-チルノのパーフェクトさんすう教室 ⑨周年バージョン-mas,13.4,175,79,109.0286,R,7,hold,,0,1,L6(hold),2,4,hold,3,1.0,4,hold:6>None,5
904-ひれ伏せ愚民どもっ！-mas,13.3,180,77,103.6667,R,7,slide,2,0,1,,1,4,slide,3,1.5,3,,4
905-【東方ニコカラ】秘神マターラ feat.魂音泉【IOSYS】-mas,13.4,168,18,26.4289,R,7,slide,2,0,1,L6(star),2,5,tap,2,1.0,1,slide:6>3,1
905-【東方ニコカラ】秘神マターラ feat.魂音泉【IOSYS】-mas,13.4,168,20,29.2861,L,2,slide,7,0,1,R3(star),2,4,tap,2,1.0,1,slide:3>6,2
905-【東方ニコカラ】秘神マターラ feat.魂音泉【IOSYS】-mas,13.4,168,22,31.7861,L,3,tap,,0,1,,1,4,tap,1,0.5,3,,2
905-【東方ニコカラ】秘神マターラ feat.魂音泉【IOSYS】-mas,13.4,168,22,31.9646,L,3,tap,,0,1,,1,3,tap,0,0.5,3,,2
905-【東方ニコカラ】秘神マターラ feat.魂音泉【IOSYS】-mas,13.4,168,22,32.5004,L,3,slide,6,0,1,,1,3,tap,0,1.5,6,,2
905-【東方ニコカラ】秘神マターラ feat.魂音泉【IOSYS】-mas,13.4,168,26,37.8575,R,7,slide,2,0,1,L6(star),2,5,tap,2,1.0,1,slide:6>3,2
905-【東方ニコカラ】秘神マターラ feat.魂音泉【IOSYS】-mas,13.4,168,55,79.643,L,3,tap,,0,1,R8(slide),2,8,star,3,1.0,7,slide:5>8,3
905-【東方ニコカラ】秘神マターラ feat.魂音泉【IOSYS】-mas,13.4,168,56,81.0716,R,6,star,,0,1,L1(slide),2,1,star,3,1.0,1,slide:4>1,3
905-【東方ニコカラ】秘神マターラ feat.魂音泉【IOSYS】-mas,13.4,168,81,116.7859,R,6,tap,,0,1,L1(slide),2,1,star,3,1.0,2,slide:4>1,5
905-【東方ニコカラ】秘神マターラ feat.魂音泉【IOSYS】-mas,13.4,168,82,118.2145,L,3,star,,0,1,R8(slide),2,8,star,3,1.0,8,slide:5>8,5
905-【東方ニコカラ】秘神マターラ feat.魂音泉【IOSYS】-mas,13.4,168,92,132.143,L,3,tap,,0,1,R7(slide),2,7,star,4,1.0,8,slide:3>7,5
905-【東方ニコカラ】秘神マターラ feat.魂音泉【IOSYS】-mas,13.4,168,92,132.143,R,7,slide,3,0,1,L3(tap),2,3,slide,4,1.0,2,,5
906-Club Ibuki in Break All-mas,13.3,175,22,30.3429,L,3,tap,,0,1,,1,7,hold,4,1.5,8,hold:1>None,2
906-Club Ibuki in Break All-mas,13.3,175,22,30.6857,R,6,tap,,0,1,,1,1,hold,3,1.5,2,hold:8>None,2
906-Club Ibuki in Break All-mas,13.3,175,23,32.4,L,2,tap,,0,1,,1,6,hold,4,1.5,5,hold:4>None,2
906-Club Ibuki in Break All-mas,13.3,175,23,32.7429,R,7,tap,,0,1,,1,4,hold,3,1.5,3,hold:5>None,2
906-Club Ibuki in Break All-mas,13.3,175,26,35.8286,L,2,tap,,0,1,,1,6,hold,4,1.5,5,hold:4>None,2
906-Club Ibuki in Break All-mas,13.3,175,26,36.1714,R,7,tap,,0,1,,1,4,hold,3,1.5,3,hold:5>None,2
906-Club Ibuki in Break All-mas,13.3,175,27,37.8857,L,3,tap,,0,1,,1,7,hold,4,1.5,8,hold:1>None,2
906-Club Ibuki in Break All-mas,13.3,175,27,38.2286,R,6,tap,,0,1,,1,1,hold,3,1.5,3,hold:8>None,2
907-Phantasm Brigade-mas,13.4,168,19,28.0357,L,3,slide,7,0,1,R2(tap),2,8,slide,3,1.5,7,,2
907-Phantasm Brigade-mas,13.4,168,20,29.4643,R,6,slide,2,0,1,L7(tap),2,1,slide,3,1.5,2,,2
907-Phantasm Brigade-mas,13.4,168,27,39.4643,R,6,slide,2,0,1,L7(tap),2,1,slide,3,1.5,2,,2
907-Phantasm Brigade-mas,13.4,168,28,40.8929,L,3,slide,7,0,1,R2(tap),2,8,slide,3,1.5,6,,2
907-Phantasm Brigade-mas,13.4,168,37,54.1964,L,3,tap,,0,1,,1,1,tap,2,0.5,6,,3
907-Phantasm Brigade-mas,13.4,168,38,55.625,L,2,tap,,0,1,,1,4,tap,2,0.5,7,,3
907-Phantasm Brigade-mas,13.4,168,41,59.9107,L,2,tap,,0,1,,1,4,tap,2,0.5,7,,3
907-Phantasm Brigade-mas,13.4,168,45,65.625,R,6,tap,,0,1,,1,8,tap,2,0.5,3,,3
907-Phantasm Brigade-mas,13.4,168,46,67.0536,R,7,tap,,0,1,,1,5,tap,2,0.5,2,,3
907-Phantasm Brigade-mas,13.4,168,51,73.9286,L,3,tap,,0,1,R1(slide),2,7,slide,4,1.0,5,slide:1>3,3
907-Phantasm Brigade-mas,13.4,168,59,85.3571,R,6,tap,,0,1,L8(slide),2,2,slide,4,1.0,4,slide:8>6,4
907-Phantasm Brigade-mas,13.4,168,70,100.0,L,2,star,,0,1,R5(slide),2,5,star,3,1.0,8,slide:2>5,4
907-Phantasm Brigade-mas,13.4,168,71,101.4286,R,6,star,,0,1,L1(slide),2,1,star,3,1.0,2,slide:6>1,4
907-Phantasm Brigade-mas,13.4,168,78,111.4286,R,7,star,,0,1,L4(slide),2,4,star,3,1.0,1,slide:7>4,5
907-Phantasm Brigade-mas,13.4,168,79,112.8571,L,3,star,,0,1,R8(slide),2,8,star,3,1.0,7,slide:3>8,5
907-Phantasm Brigade-mas,13.4,168,84,121.6071,R,6,slide,2,0,1,L7(tap),2,1,slide,3,1.5,2,,5
907-Phantasm Brigade-mas,13.4,168,85,123.0357,L,3,slide,7,0,1,R2(tap),2,8,slide,3,1.5,7,,5
907-Phantasm Brigade-mas,13.4,168,87,124.8214,R,6,tap,,0,1,,1,8,tap,2,0.5,3,,5
907-Phantasm Brigade-mas,13.4,168,88,126.25,L,2,tap,,0,1,,1,4,tap,2,0.5,7,,5
908-蒼空に舞え、墨染の桜-mas,13.4,150,18,30.2,L,2,star,,0,1,,1,7,slide,3,1.0,2,,2
908-蒼空に舞え、墨染の桜-mas,13.4,150,18,30.6,L,2,slide,7,0,1,R5(tap),2,2,star,0,1.0,4,,2
908-蒼空に舞え、墨染の桜-mas,13.4,150,25,40.4,R,7,star,,0,1,L4(slide),2,4,star,3,1.0,4,slide:1>4,2
908-蒼空に舞え、墨染の桜-mas,13.4,150,29,46.8,L,2,star,,0,1,R5(slide),2,5,star,3,1.0,5,slide:8>5,2
908-蒼空に舞え、墨染の桜-mas,13.4,150,33,53.2,R,7,slide,4,0,1,L4(star),2,1,slide,2,1.0,4,,2
908-蒼空に舞え、墨染の桜-mas,13.4,150,37,59.6,L,2,slide,5,0,1,R5(star),2,8,slide,2,1.0,5,,3
908-蒼空に舞え、墨染の桜-mas,13.4,150,38,62.0,L,3,tap,,0,1,,1,7,tap,4,2.0,1,,3
908-蒼空に舞え、墨染の桜-mas,13.4,150,40,65.2,R,6,tap,,0,1,,1,4,slide,2,2.0,8,,3
908-蒼空に舞え、墨染の桜-mas,13.4,150,50,80.8,L,3,hold,,0,1,,1,7,tap,4,1.0,1,,3
908-蒼空に舞え、墨染の桜-mas,13.4,150,51,82.7,R,7,hold,,0,1,,1,4,slide,3,1.5,2,,4
908-蒼空に舞え、墨染の桜-mas,13.4,150,52,84.0,L,3,hold,,0,1,,1,5,star,2,1.75,1,,4
908-蒼空に舞え、墨染の桜-mas,13.4,150,54,87.5,R,7,hold,,0,1,,1,8,slide,1,1.75,2,,4
908-蒼空に舞え、墨染の桜-mas,13.4,150,55,88.8,L,3,hold,,0,1,,1,5,star,2,1.75,1,,4
908-蒼空に舞え、墨染の桜-mas,13.4,150,77,124.8,L,2,slide,6,0,1,R6(star),2,6,slide,4,1.0,6,,5
908-蒼空に舞え、墨染の桜-mas,13.4,150,78,124.8,R,6,star,,0,1,L2(slide),2,2,star,4,1.0,2,slide:6>2,5
908-蒼空に舞え、墨染の桜-mas,13.4,150,78,125.6,R,6,star,,0,1,L2(slide),2,2,star,4,1.0,2,slide:6>2,5
908-蒼空に舞え、墨染の桜-mas,13.4,150,78,125.6,L,2,slide,6,0,1,R6(star),2,6,slide,4,1.0,6,,5
908-蒼空に舞え、墨染の桜-mas,13.4,150,78,126.4,L,2,slide,6,0,1,,1,6,slide,4,1.0,4,,5
908-蒼空に舞え、墨染の桜-mas,13.4,150,82,132.8,R,7,slide,3,0,1,L5(star),2,1,slide,2,1.0,3,slide:5>1,5
915-妖精村の月誕祭 ～Lunate Elf-mas,13.3,132,16,29.5468,R,6,slide,2,0,1,,1,5,tap,1,1.0,2,,2
915-妖精村の月誕祭 ～Lunate Elf-mas,13.3,132,18,33.6377,R,7,hold,,0,1,,1,5,slide,2,1.0,5,,2
915-妖精村の月誕祭 ～Lunate Elf-mas,13.3,132,24,44.0922,L,3,slide,7,0,1,,1,4,tap,1,1.0,7,,3
915-妖精村の月誕祭 ～Lunate Elf-mas,13.3,132,26,48.1831,L,2,hold,,0,1,,1,4,slide,2,1.0,4,,3
915-妖精村の月誕祭 ～Lunate Elf-mas,13.3,132,28,52.1604,R,7,hold,,0,1,,1,1,slide,2,1.75,2,,3
915-妖精村の月誕祭 ～Lunate Elf-mas,13.3,132,29,53.0695,L,3,hold,,0,1,,1,6,tap,3,1.25,5,,3
915-妖精村の月誕祭 ～Lunate Elf-mas,13.3,132,30,55.7968,L,2,hold,,0,1,,1,8,slide,2,1.75,7,,3
915-妖精村の月誕祭 ～Lunate Elf-mas,13.3,132,31,56.7059,R,6,hold,,0,1,,1,3,tap,3,1.25,4,,3
915-妖精村の月誕祭 ～Lunate Elf-mas,13.3,132,32,59.4331,R,7,hold,,0,1,,1,1,slide,2,1.75,2,,3
915-妖精村の月誕祭 ～Lunate Elf-mas,13.3,132,33,60.3422,L,3,hold,,0,1,,1,6,tap,3,1.25,5,,4
915-妖精村の月誕祭 ～Lunate Elf-mas,13.3,132,34,63.4104,L,3,tap,,0,1,,1,1,hold,2,1.5,6,,4
915-妖精村の月誕祭 ～Lunate Elf-mas,13.3,132,35,63.6377,R,7,hold,,0,1,,1,2,hold,3,1.25,5,,4
915-妖精村の月誕祭 ～Lunate Elf-mas,13.3,132,43,78.1837,L,3,hold,,0,1,,1,6,slide,3,1.0,1,,4
915-妖精村の月誕祭 ～Lunate Elf-mas,13.3,132,51,92.7298,R,6,hold,,0,1,,1,3,slide,3,1.0,8,,5
917-東方妖々夢 ～the maximum moving about～-mas,13.3,196,33,39.6544,R,6,hold,,0,1,,1,3,slide,3,1.443,8,,2
917-東方妖々夢 ～the maximum moving about～-mas,13.3,196,55,66.7127,R,7,slide,2,0,1,,1,2,slide,3,1.492,2,,3
917-東方妖々夢 ～the maximum moving about～-mas,13.3,196,62,74.6264,L,2,hold,,0,1,,1,7,tap,3,1.139,6,,3
917-東方妖々夢 ～the maximum moving about～-mas,13.3,196,64,77.0321,R,7,hold,,0,1,,1,3,tap,4,1.436,3,,3
917-東方妖々夢 ～the maximum moving about～-mas,13.3,196,66,79.4974,L,3,hold,,0,1,R4(tap),2,6,tap,3,1.56,7,,3
917-東方妖々夢 ～the maximum moving about～-mas,13.3,196,68,81.9776,R,6,hold,,0,1,L5(tap),2,2,tap,4,1.444,2,,3
917-東方妖々夢 ～the maximum moving about～-mas,13.3,196,110,132.8081,L,3,slide,5,0,1,R2(slide),2,4,slide,1,2.022,3,slide:2>8,5
917-東方妖々夢 ～the maximum moving about～-mas,13.3,196,110,133.107,L,3,slide,7,0,1,R2(slide),2,3,slide,0,1.0,6,slide:2>6,5
917-東方妖々夢 ～the maximum moving about～-mas,13.3,196,114,137.5328,R,7,slide,1,0,1,L6(slide),2,3,tap,4,1.988,7,slide:6>4,5
917-東方妖々夢 ～the maximum moving about～-mas,13.3,196,114,137.8554,R,7,slide,3,0,1,L6(slide),2,7,slide,0,1.0,3,slide:6>2,5
918-物凄い勢いでけーねが物凄いうた-mas,13.4,180,3,4.5,L,2,hold,,0,1,,1,1,hold,1,2.0,8,,1
918-物凄い勢いでけーねが物凄いうた-mas,13.4,180,17,23.1667,L,3,tap,,0,1,,1,1,tap,2,1.0,8,,2
918-物凄い勢いでけーねが物凄いうた-mas,13.4,180,21,28.5,R,6,tap,,0,1,,1,8,tap,2,1.0,1,,2
918-物凄い勢いでけーねが物凄いうた-mas,13.4,180,33,45.1667,R,6,hold,,0,1,,1,2,hold,4,1.5,3,,3
918-物凄い勢いでけーねが物凄いうた-mas,13.4,180,44,59.0,L,2,slide,6,0,1,R3(star),2,8,tap,2,1.5,4,slide:3>7,3
918-物凄い勢いでけーねが物凄いうた-mas,13.4,180,63,84.6667,R,6,wifi,2,0,1,LR6(wifi),1,2,slide,4,1.0,1,,5
919-進捗どうですか？-mas,13.6,199,39,47.6382,R,6,tap,,0,1,,1,3,tap,3,1.0,2,hold:4>None,2
919-進捗どうですか？-mas,13.6,199,40,48.2412,R,7,tap,,0,1,,1,2,tap,3,1.0,2,hold:4>None,2
919-進捗どうですか？-mas,13.6,199,82,99.0452,R,6,tap,,1,1,,1,4,tap,2,0.5,3,hold:8>None,4
92-チルノのパーフェクトさんすう教室-mas,13.3,175,24,32.9143,L,2,hold,,0,1,,1,7,tap,3,0.5,6,,2
92-チルノのパーフェクトさんすう教室-mas,13.3,175,24,33.4286,R,7,hold,,0,1,,1,3,tap,4,0.5,7,,2
92-チルノのパーフェクトさんすう教室-mas,13.3,175,25,34.2857,R,7,hold,,0,1,,1,7,hold,0,2.5,3,,2
92-チルノのパーフェクトさんすう教室-mas,13.3,175,25,34.8,L,2,hold,,0,1,,1,6,tap,4,0.5,2,,2
92-チルノのパーフェクトさんすう教室-mas,13.3,175,26,35.6571,L,2,hold,,0,1,,1,2,hold,0,2.5,6,,2
92-チルノのパーフェクトさんすう教室-mas,13.3,175,26,36.1714,R,7,hold,,0,1,,1,3,tap,4,0.5,2,,2
92-チルノのパーフェクトさんすう教室-mas,13.3,175,27,37.8857,R,6,tap,,0,1,,1,3,tap,3,1.5,3,,2
92-チルノのパーフェクトさんすう教室-mas,13.3,175,34,47.6571,L,3,hold,,0,1,,1,6,tap,3,1.5,6,,2
92-チルノのパーフェクトさんすう教室-mas,13.3,175,53,73.3714,R,6,hold,,0,1,,1,4,hold,2,2.0,2,,4
92-チルノのパーフェクトさんすう教室-mas,13.3,175,54,74.7429,R,7,slide,4,0,1,L4(star),2,2,slide,3,1.0,4,,4
92-チルノのパーフェクトさんすう教室-mas,13.3,175,55,75.7714,R,6,slide,1,0,1,L1(star),2,1,slide,3,1.0,1,,4
92-チルノのパーフェクトさんすう教室-mas,13.3,175,73,100.9714,L,2,tap,,0,1,,1,4,hold,2,2.5,4,,5
92-チルノのパーフェクトさんすう教室-mas,13.3,175,74,101.4857,R,6,hold,,0,1,,1,3,hold,3,2.5,4,,5
92-チルノのパーフェクトさんすう教室-mas,13.3,175,77,106.4571,L,3,tap,,0,1,,1,1,hold,2,2.5,7,,5
92-チルノのパーフェクトさんすう教室-mas,13.3,175,78,107.3143,R,6,tap,,0,1,,1,2,hold,4,2.0,8,hold:7>None,5
921-Imperishable Night 2006 (2016 Refine)-mas,13.8,161,39,59.1615,R,7,hold,,0,1,,1,5,tap,2,1.25,3,,3
922-もうみんなしねばいいのに-mas,14,180,30,41.0,L,2,slide,3,0,1,R3(star),2,7,slide,3,1.0,3,,2
922-もうみんなしねばいいのに-mas,14,180,30,41.3333,L,3,slide,6,0,1,R6(tap),2,2,slide,1,1.0,5,,2
922-もうみんなしねばいいのに-mas,14,180,31,41.3333,R,6,tap,,0,1,L3(slide),2,3,star,3,1.0,4,slide:2>3,2
923-Grip & Break down !!-mas,13.4,160,0,0.75,L,3,slide,7,0,1,R5(tap),2,1,slide,2,1.0,8,,1
923-Grip & Break down !!-mas,13.4,160,2,3.0,R,7,star,,0,1,,1,2,slide,3,2.0,8,,1
923-Grip & Break down !!-mas,13.4,160,2,3.375,R,7,slide,3,0,1,L1(star),2,8,tap,1,0.5,7,slide:1>5,1
923-Grip & Break down !!-mas,13.4,160,2,3.75,R,7,tap,,0,1,L1(slide),2,7,slide,0,1.0,2,slide:1>5,1
923-Grip & Break down !!-mas,13.4,160,3,4.5,L,3,tap,,0,1,R2(tap),2,6,tap,3,0.5,6,,1
923-Grip & Break down !!-mas,13.4,160,12,18.375,L,3,star,,0,1,R6(slide),2,6,star,3,1.0,8,slide:1>6,1
923-Grip & Break down !!-mas,13.4,160,12,18.375,R,6,slide,3,0,1,L3(star),2,1,slide,3,1.0,3,,1
923-Grip & Break down !!-mas,13.4,160,24,36.5625,L,2,slide,6,0,1,R3(star),2,1,slide,1,1.0,5,slide:3>7,2
923-Grip & Break down !!-mas,13.4,160,29,43.5,L,2,hold,,0,1,,1,1,tap,1,2.5,4,,2
923-Grip & Break down !!-mas,13.4,160,30,45.0,R,7,hold,,0,1,,1,8,tap,1,1.5,5,,2
923-Grip & Break down !!-mas,13.4,160,31,47.25,L,2,hold,,0,1,,1,7,hold,3,1.25,6,,2
923-Grip & Break down !!-mas,13.4,160,36,55.125,R,6,star,,0,1,L7(slide),2,2,slide,4,1.0,6,slide:7>4,3
923-Grip & Break down !!-mas,13.4,160,36,55.5,R,6,slide,1,0,1,L7(tap),2,6,star,0,1.0,1,,3
923-Grip & Break down !!-mas,13.4,160,44,67.125,L,3,star,,0,1,R2(slide),2,7,slide,4,1.0,3,slide:2>5,3
923-Grip & Break down !!-mas,13.4,160,44,67.5,L,3,slide,8,0,1,R2(tap),2,3,star,0,1.0,8,,3
923-Grip & Break down !!-mas,13.4,160,49,74.4375,R,6,tap,,0,1,,1,3,hold,3,2.5,8,,3
923-Grip & Break down !!-mas,13.4,160,52,78.1875,L,2,star,,0,1,R8(slide),2,6,slide,4,1.0,2,slide:8>4,3
923-Grip & Break down !!-mas,13.4,160,52,78.5625,L,2,slide,6,0,1,,1,2,star,0,1.0,8,,3
923-Grip & Break down !!-mas,13.4,160,57,85.5,L,2,tap,,0,1,R3(tap),2,1,tap,1,1.5,6,,4
923-Grip & Break down !!-mas,13.4,160,57,86.625,R,6,tap,,0,1,L7(tap),2,3,tap,3,1.0,3,,4
923-Grip & Break down !!-mas,13.4,160,63,95.4375,L,2,tap,,0,1,R3(tap),2,8,tap,2,0.5,5,,4
923-Grip & Break down !!-mas,13.4,160,63,95.8125,R,7,tap,,0,1,L6(tap),2,4,tap,3,0.5,2,,4
923-Grip & Break down !!-mas,13.4,160,65,99.1875,L,2,slide,6,0,1,R3(tap),2,7,slide,3,1.0,7,,4
923-Grip & Break down !!-mas,13.4,160,73,111.1875,L,2,slide,6,0,1,R3(tap),2,1,slide,1,1.0,7,,5
923-Grip & Break down !!-mas,13.4,160,81,121.5,R,6,hold,,0,1,,1,4,tap,2,5.0,3,,5
923-Grip & Break down !!-mas,13.4,160,84,126.1875,R,7,star,,0,1,L1(slide),2,3,slide,4,1.0,7,slide:1>5,5
923-Grip & Break down !!-mas,13.4,160,84,126.5625,R,7,slide,3,0,1,,1,7,star,0,1.0,1,,5
924-Scream out! -maimai SONIC WASHER Edit--mas,13.9,174,2,3.1034,L,2,tap,,0,1,,1,5,tap,3,1.0,7,,1
924-Scream out! -maimai SONIC WASHER Edit--mas,13.9,174,28,38.6207,R,6,hold,,0,1,L4(tap),2,3,tap,3,0.5,8,,2
924-Scream out! -maimai SONIC WASHER Edit--mas,13.9,174,35,49.3103,R,6,slide,2,0,1,L8(tap),2,2,slide,4,0.5,1,,2
924-Scream out! -maimai SONIC WASHER Edit--mas,13.9,174,36,50.6897,L,2,slide,7,0,1,R3(tap),2,8,slide,2,2.0,5,,2
924-Scream out! -maimai SONIC WASHER Edit--mas,13.9,174,43,60.3448,L,3,slide,7,0,1,R1(tap),2,7,slide,4,0.5,8,,3
924-Scream out! -maimai SONIC WASHER Edit--mas,13.9,174,44,61.7241,R,7,slide,2,0,1,L6(tap),2,1,slide,2,2.0,4,,3
924-Scream out! -maimai SONIC WASHER Edit--mas,13.9,174,58,80.3448,L,2,tap,,0,1,,1,8,slide,2,2.0,8,hold:1>None,3
924-Scream out! -maimai SONIC WASHER Edit--mas,13.9,174,58,81.0345,R,7,tap,,0,1,,1,1,hold,2,3.0,3,hold:8>None,3
924-Scream out! -maimai SONIC WASHER Edit--mas,13.9,174,61,84.2241,L,2,tap,,0,1,,1,7,tap,3,0.5,4,,3
924-Scream out! -maimai SONIC WASHER Edit--mas,13.9,174,64,88.2759,R,6,hold,,0,1,,1,3,tap,3,2.0,2,,4
924-Scream out! -maimai SONIC WASHER Edit--mas,13.9,174,65,89.6552,L,3,hold,,0,1,,1,7,tap,4,2.0,6,,4
924-Scream out! -maimai SONIC WASHER Edit--mas,13.9,174,71,98.9655,R,7,slide,3,0,1,L5(tap),2,3,slide,4,0.5,4,,4
924-Scream out! -maimai SONIC WASHER Edit--mas,13.9,174,72,100.3448,L,3,slide,6,0,1,R2(tap),2,5,slide,2,2.0,8,,4
924-Scream out! -maimai SONIC WASHER Edit--mas,13.9,174,79,110.0,L,2,slide,6,0,1,R4(tap),2,6,slide,4,0.5,5,,4
924-Scream out! -maimai SONIC WASHER Edit--mas,13.9,174,80,111.3793,R,6,slide,3,0,1,L7(tap),2,4,slide,2,2.0,1,,4
925-患部で止まってすぐ溶ける～狂気の優曇華院-mas,13.7,200,1,1.8,R,7,tap,,0,2,L6(tap),2,4,tap,3,1.0,8,,1
925-患部で止まってすぐ溶ける～狂気の優曇華院-mas,13.7,200,5,6.6,R,7,tap,,0,2,L6(tap),2,4,tap,3,1.0,8,,1
925-患部で止まってすぐ溶ける～狂気の優曇華院-mas,13.7,200,7,9.3,L,3,slide,6,0,1,R2(slide),2,5,tap,2,2.0,8,slide:2>7,1
925-患部で止まってすぐ溶ける～狂気の優曇華院-mas,13.7,200,9,11.55,L,2,star,,0,1,R7(slide),2,7,star,3,1.0,7,slide:4>7,1
925-患部で止まってすぐ溶ける～狂気の優曇華院-mas,13.7,200,9,11.55,R,7,slide,2,0,1,L2(star),2,4,slide,3,1.0,2,,1
925-患部で止まってすぐ溶ける～狂気の優曇華院-mas,13.7,200,11,13.65,L,2,star,,0,1,R5(slide),2,5,star,3,1.0,7,slide:8>5,1
925-患部で止まってすぐ溶ける～狂気の優曇華院-mas,13.7,200,13,16.05,L,3,slide,8,0,1,R8(star),2,6,slide,3,1.0,8,,1
925-患部で止まってすぐ溶ける～狂気の優曇華院-mas,13.7,200,31,37.65,R,7,tap,,0,1,,1,5,tap,2,0.5,1,,2
925-患部で止まってすぐ溶ける～狂気の優曇華院-mas,13.7,200,37,44.4,R,6,tap,,0,1,L7(hold),2,4,tap,2,1.0,3,hold:7>None,3
925-患部で止まってすぐ溶ける～狂気の優曇華院-mas,13.7,200,38,45.6,R,6,tap,,0,1,L7(tap),2,2,slide,4,1.5,5,,3
925-患部で止まってすぐ溶ける～狂気の優曇華院-mas,13.7,200,38,46.5,L,3,tap,,0,1,R2(tap),2,4,tap,1,1.0,3,,3
925-患部で止まってすぐ溶ける～狂気の優曇華院-mas,13.7,200,39,46.8,L,3,tap,,0,1,R2(hold),2,3,tap,0,1.0,6,hold:2>None,3
925-患部で止まってすぐ溶ける～狂気の優曇華院-mas,13.7,200,65,79.05,R,6,hold,,0,1,,1,4,tap,2,1.5,2,,4
925-患部で止まってすぐ溶ける～狂気の優曇華院-mas,13.7,200,66,79.95,L,3,tap,,0,1,,1,8,tap,3,1.5,4,hold:2>None,4
925-患部で止まってすぐ溶ける～狂気の優曇華院-remas,14,200,20,24.3,L,3,hold,,0,1,,1,7,hold,4,1.0,8,hold:1>None,2
925-患部で止まってすぐ溶ける～狂気の優曇華院-remas,14,200,20,24.6,R,6,hold,,0,1,,1,1,hold,3,2.0,2,hold:3>None,2
925-患部で止まってすぐ溶ける～狂気の優曇華院-remas,14,200,30,36.375,L,2,tap,,0,1,,1,4,tap,2,0.5,8,,2
925-患部で止まってすぐ溶ける～狂気の優曇華院-remas,14,200,30,36.975,R,7,tap,,0,1,,1,5,tap,2,0.5,1,,2
925-患部で止まってすぐ溶ける～狂気の優曇華院-remas,14,200,36,43.65,L,2,hold,,0,1,,1,5,tap,3,1.5,8,,3
925-患部で止まってすぐ溶ける～狂気の優曇華院-remas,14,200,37,44.4,R,6,hold,,0,1,,1,1,slide,3,1.0,8,,3
925-患部で止まってすぐ溶ける～狂気の優曇華院-remas,14,200,62,74.55,L,2,tap,,0,1,,1,6,slide,4,1.5,8,,4
925-患部で止まってすぐ溶ける～狂気の優曇華院-remas,14,200,64,77.4,L,2,slide,6,0,1,R3(star),2,1,slide,1,1.0,4,slide:3>7,4
925-患部で止まってすぐ溶ける～狂気の優曇華院-remas,14,200,65,78.6,R,6,slide,2,0,1,L7(star),2,5,slide,1,1.0,8,slide:7>3,4
925-患部で止まってすぐ溶ける～狂気の優曇華院-remas,14,200,68,82.2,R,7,slide,3,0,1,L6(star),2,8,slide,1,1.0,5,slide:6>2,4
925-患部で止まってすぐ溶ける～狂気の優曇華院-remas,14,200,69,83.4,L,3,slide,7,0,1,R2(star),2,4,slide,1,1.0,1,slide:2>6,4
926-Change Our MIRAI！-mas,13.4,256,4,4.1016,L,3,tap,,0,1,,1,7,tap,4,1.5,5,hold:2>None,1
926-Change Our MIRAI！-mas,13.4,256,5,5.0391,R,7,tap,,0,1,,1,3,tap,4,1.5,1,hold:5>None,1
926-Change Our MIRAI！-mas,13.4,256,6,5.625,L,2,tap,,0,1,,1,5,hold,3,5.0,6,hold:1>None,1
926-Change Our MIRAI！-mas,13.4,256,33,31.1719,R,7,hold,,0,1,,1,2,hold,3,3.0,1,,2
926-Change Our MIRAI！-mas,13.4,256,65,61.1719,R,6,tap,,0,1,,1,2,hold,4,3.0,1,hold:8>None,3
926-Change Our MIRAI！-mas,13.4,256,65,61.6406,L,3,tap,,0,1,,1,8,hold,3,3.0,7,hold:1>None,3
926-Change Our MIRAI！-mas,13.4,256,80,75.0,L,2,hold,,0,1,,1,1,slide,1,4.0,5,,3
926-Change Our MIRAI！-mas,13.4,256,80,75.4688,R,7,hold,,0,1,,1,4,tap,3,1.0,3,,3
926-Change Our MIRAI！-mas,13.4,256,88,82.9688,L,2,star,,0,1,R7(slide),2,7,star,3,1.0,5,slide:4>7,3
926-Change Our MIRAI！-mas,13.4,256,88,82.9688,R,7,slide,2,0,1,L2(star),2,4,slide,3,1.0,2,,3
926-Change Our MIRAI！-mas,13.4,256,90,84.6094,R,7,slide,4,0,1,,1,5,slide,2,3.0,8,,4
926-Change Our MIRAI！-mas,13.4,256,92,86.4844,L,2,slide,5,0,1,,1,1,tap,1,2.0,1,,4
926-Change Our MIRAI！-mas,13.4,256,98,92.4609,L,3,tap,,0,2,,1,8,tap,3,1.0,3,hold:1>None,4
926-Change Our MIRAI！-mas,13.4,256,98,92.5781,L,3,tap,,0,2,,1,3,tap,0,0.5,6,hold:1>None,4
926-Change Our MIRAI！-mas,13.4,256,99,93.0469,R,7,tap,,0,2,,1,1,hold,2,5.0,7,hold:6>None,4
926-Change Our MIRAI！-mas,13.4,256,99,93.1641,R,7,tap,,0,2,,1,7,tap,0,0.5,4,hold:6>None,4
926-Change Our MIRAI！-mas,13.4,256,102,96.2109,R,7,tap,,0,1,L6(tap),2,1,tap,2,1.0,7,,4
926-Change Our MIRAI！-mas,13.4,256,102,96.3281,R,7,tap,,0,1,L6(tap),2,7,tap,0,0.5,4,,4
926-Change Our MIRAI！-mas,13.4,256,103,96.9141,L,2,tap,,0,1,R3(tap),2,5,tap,3,1.0,2,,4
926-Change Our MIRAI！-mas,13.4,256,103,97.0312,L,2,tap,,0,1,R3(tap),2,2,tap,0,0.5,8,,4
926-Change Our MIRAI！-mas,13.4,256,135,127.0312,R,7,tap,,0,1,L4(slide),2,4,star,3,1.0,1,slide:1>4,5
926-Change Our MIRAI！-mas,13.4,256,137,128.9062,L,2,tap,,0,1,R5(slide),2,5,star,3,1.0,8,slide:8>5,5
93-記憶、記録-mas,13.6,185,4,6.1622,L,2,tap,,0,1,R3(tap),2,8,tap,2,1.0,5,,1
93-記憶、記録-mas,13.6,185,5,6.8108,R,7,tap,,0,1,L6(tap),2,4,hold,3,1.5,1,,1
93-記憶、記録-mas,13.6,185,7,10.0541,L,2,tap,,0,1,R3(tap),2,7,tap,3,1.0,1,,1
93-記憶、記録-mas,13.6,185,9,11.8378,R,6,tap,,0,1,,1,1,tap,3,1.5,1,,1
93-記憶、記録-mas,13.6,185,12,16.7027,R,6,hold,,0,1,,1,5,tap,1,0.5,8,,1
93-記憶、記録-mas,13.6,185,14,18.1622,L,3,star,,0,1,,1,1,tap,2,1.0,3,,1
93-記憶、記録-mas,13.6,185,14,18.4865,L,3,slide,7,0,1,R1(tap),2,3,star,0,1.0,6,,1
93-記憶、記録-mas,13.6,185,15,20.2703,R,7,slide,3,0,1,L4(tap),2,1,slide,2,1.5,8,,1
93-記憶、記録-mas,13.6,185,16,21.8919,L,3,hold,,0,1,,1,1,tap,2,0.5,1,,1
93-記憶、記録-mas,13.6,185,25,32.5946,L,3,tap,,1,1,,1,4,tap,1,2.5,5,,2
93-記憶、記録-mas,13.6,185,26,34.0541,L,2,slide,6,0,1,R3(tap),2,8,tap,2,2.0,8,,2
93-記憶、記録-mas,13.6,185,27,35.027,R,6,star,,0,1,L8(slide),2,3,slide,3,1.5,6,slide:8>4,2
93-記憶、記録-mas,13.6,185,27,35.3514,R,6,slide,2,0,1,L5(tap),2,6,star,0,1.0,2,,2
93-記憶、記録-mas,13.6,185,28,37.1351,R,7,slide,3,0,1,L6(tap),2,8,slide,1,1.5,1,,2
93-記憶、記録-mas,13.6,185,29,38.4324,L,2,slide,6,0,1,R3(tap),2,1,slide,1,1.5,1,,2
93-記憶、記録-mas,13.6,185,31,41.027,L,2,slide,6,0,1,R3(tap),2,1,slide,1,1.5,8,,2
93-記憶、記録-mas,13.6,185,36,47.6757,L,3,hold,,0,1,,1,7,hold,4,3.0,8,,3
93-記憶、記録-mas,13.6,185,38,50.2703,R,6,hold,,0,1,,1,2,hold,4,3.0,1,,3
93-記憶、記録-mas,13.6,185,40,52.2162,R,7,tap,,0,1,L6(tap),2,8,tap,1,0.5,7,,3
93-記憶、記録-mas,13.6,185,40,52.3784,R,7,tap,,0,1,L6(tap),2,7,tap,0,0.5,5,,3
93-記憶、記録-mas,13.6,185,42,54.973,L,2,slide,6,0,1,R1(tap),2,7,slide,3,1.5,1,,3
93-記憶、記録-mas,13.6,185,44,57.5676,L,2,slide,6,0,1,R1(tap),2,6,slide,4,1.5,8,,3
93-記憶、記録-mas,13.6,185,50,65.8378,R,7,slide,3,0,1,L5(tap),2,1,slide,2,1.5,3,,4
93-記憶、記録-mas,13.6,185,58,76.2162,R,7,slide,3,0,1,L5(tap),2,1,slide,2,1.5,3,,4
93-記憶、記録-mas,13.6,185,62,81.7297,L,2,slide,6,0,1,R3(tap),2,1,hold,1,2.5,1,,4
93-記憶、記録-mas,13.6,185,65,85.1351,R,7,tap,,1,2,L6(tap),2,5,tap,2,0.5,8,,4
93-記憶、記録-mas,13.6,185,68,89.1892,L,2,tap,,0,1,R3(tap),2,1,tap,1,0.5,5,,5
93-記憶、記録-mas,13.6,185,69,89.8378,R,7,tap,,0,1,L6(tap),2,4,hold,3,1.5,1,,5
93-記憶、記録-mas,13.6,185,73,94.8649,R,6,tap,,0,1,,1,1,tap,3,1.5,1,,5
93-記憶、記録-mas,13.6,185,81,105.5676,R,7,tap,,1,2,L6(tap),2,4,tap,3,0.5,8,,5
93-記憶、記録-remas,14.3,185,10,13.7838,L,2,tap,,0,2,,1,7,slide,3,1.5,2,,1
93-記憶、記録-remas,14.3,185,10,13.9459,L,2,star,,0,2,,1,2,tap,0,0.5,2,,1
93-記憶、記録-remas,14.3,185,10,14.2703,L,2,slide,7,0,1,R3(star),2,2,star,0,1.0,6,slide:3>8,1
93-記憶、記録-remas,14.3,185,14,18.973,R,7,tap,,0,2,,1,2,slide,3,1.5,7,,1
93-記憶、記録-remas,14.3,185,14,19.1351,R,7,star,,0,2,,1,7,tap,0,0.5,7,,1
93-記憶、記録-remas,14.3,185,14,19.4595,R,7,slide,2,0,1,L6(star),2,7,star,0,1.0,3,slide:6>1,1
93-記憶、記録-remas,14.3,185,24,31.6216,L,3,tap,,0,1,R2(tap),2,6,tap,3,1.0,1,,2
93-記憶、記録-remas,14.3,185,24,32.2703,R,6,tap,,0,1,L7(tap),2,8,tap,2,0.5,3,,2
93-記憶、記録-remas,14.3,185,28,36.6486,R,6,tap,,0,1,,1,3,slide,3,2.5,5,hold:7>None,2
93-記憶、記録-remas,14.3,185,32,41.8378,L,3,tap,,1,1,,1,6,slide,3,2.5,4,hold:2>None,2
93-記憶、記録-remas,14.3,185,50,66.3243,R,6,slide,1,0,1,,1,8,slide,2,1.5,1,,4
93-記憶、記録-remas,14.3,185,53,69.0811,L,2,star,,0,1,,1,4,slide,2,2.0,2,slide:2>5,4
93-記憶、記録-remas,14.3,185,53,69.4054,L,2,slide,6,0,1,R8(tap),2,2,star,0,1.0,1,,4
93-記憶、記録-remas,14.3,185,54,71.1892,L,2,tap,,0,1,,1,5,tap,3,1.5,6,,4
93-記憶、記録-remas,14.3,185,58,75.7297,L,2,tap,,1,1,,1,5,hold,3,1.5,1,hold:3>None,4
93-記憶、記録-remas,14.3,185,59,76.5405,R,7,hold,,0,1,,1,8,tap,1,1.0,3,,4
93-記憶、記録-remas,14.3,185,65,85.1351,L,2,tap,,1,1,R3(tap),2,4,tap,2,0.5,1,,4
93-記憶、記録-remas,14.3,185,69,89.8378,L,2,tap,,0,1,R3(tap),2,4,hold,2,1.5,8,,5
93-記憶、記録-remas,14.3,185,73,95.027,R,7,tap,,1,1,L6(tap),2,5,hold,2,1.5,1,,5
977-ジングルベル-mas,14.4,100,8,20.4,L,3,tap,,0,1,,1,4,tap,1,0.25,6,,2
977-ジングルベル-mas,14.4,100,23,57.6,L,3,hold,,0,1,,1,6,hold,3,2.0,1,,4
977-ジングルベル-mas,14.4,100,25,60.15,R,7,tap,,0,1,L6(tap),2,8,tap,1,0.25,5,,4
977-ジングルベル-mas,14.4,100,25,60.75,L,2,tap,,0,1,R3(tap),2,4,tap,2,0.25,1,,4
977-ジングルベル-mas,14.4,100,28,68.5,R,7,tap,,0,1,,1,8,tap,1,0.833,8,,4
977-ジングルベル-mas,14.4,100,35,84.1,R,7,tap,,0,1,,1,1,tap,2,0.333,8,,5
977-ジングルベル-mas,14.4,100,35,85.0,L,2,tap,,0,1,,1,1,tap,1,0.333,5,,5
977-ジングルベル-mas,14.4,100,35,85.5,R,7,tap,,0,1,,1,4,tap,3,0.333,8,,5
977-ジングルベル-remas,14.2,100,1,2.7,L,2,tap,,0,1,R3(tap),2,7,tap,3,0.5,6,,1
977-ジングルベル-remas,14.2,100,2,5.1,R,7,tap,,0,1,L6(tap),2,2,tap,3,0.5,3,,1
977-ジングルベル-remas,14.2,100,3,7.5,L,2,tap,,0,1,R3(tap),2,7,tap,3,0.5,6,,1
977-ジングルベル-remas,14.2,100,4,9.9,R,7,tap,,0,1,L6(tap),2,2,tap,3,0.5,3,,1
977-ジングルベル-remas,14.2,100,11,26.4,L,2,tap,,0,1,R3(tap),2,1,slide,1,1.0,8,,2
977-ジングルベル-remas,14.2,100,11,27.0,R,7,tap,,0,1,L6(tap),2,1,tap,2,0.25,1,,2
977-ジングルベル-remas,14.2,100,11,27.6,L,3,tap,,0,1,R2(tap),2,8,tap,3,0.25,5,,2
977-ジングルベル-remas,14.2,100,11,28.2,R,6,tap,,0,1,L7(tap),2,4,tap,2,0.25,4,,2
977-ジングルベル-remas,14.2,100,15,36.0,R,7,tap,,0,1,L6(tap),2,8,slide,1,1.0,1,,2
977-ジングルベル-remas,14.2,100,15,37.2,R,6,tap,,0,1,L7(tap),2,1,tap,3,0.5,4,,2
977-ジングルベル-remas,14.2,100,21,51.3,L,3,hold,,0,1,,1,7,hold,4,1.0,1,hold:5>None,3
977-ジングルベル-remas,14.2,100,28,68.5875,R,6,tap,,0,1,,1,5,tap,1,0.062,8,hold:7>None,4
977-ジングルベル-remas,14.2,100,28,68.8875,R,6,tap,,0,1,,1,5,tap,1,0.062,8,hold:7>None,4
977-ジングルベル-remas,14.2,100,28,69.1875,R,6,tap,,0,1,,1,5,tap,1,0.062,8,hold:7>None,4
977-ジングルベル-remas,14.2,100,28,69.4875,R,6,tap,,0,1,,1,5,tap,1,0.062,8,hold:7>None,4
977-ジングルベル-remas,14.2,100,32,78.1875,L,3,tap,,0,1,,1,4,tap,1,0.062,1,hold:2>None,5
977-ジングルベル-remas,14.2,100,32,78.4875,L,3,tap,,0,1,,1,4,tap,1,0.062,1,hold:2>None,5
977-ジングルベル-remas,14.2,100,32,78.7875,L,3,tap,,0,1,,1,4,tap,1,0.062,1,hold:2>None,5
977-ジングルベル-remas,14.2,100,32,79.0875,L,3,tap,,0,1,,1,4,tap,1,0.062,1,hold:2>None,5
979-厨病激発ボーイ-mas,13.8,190,37,47.5263,L,3,tap,,0,1,R2(tap),2,7,slide,4,2.5,3,slide:2>7,2
979-厨病激発ボーイ-mas,13.8,190,37,47.6842,L,3,slide,6,0,1,R2(slide),2,3,tap,0,0.5,5,slide:2>7,2
979-厨病激発ボーイ-mas,13.8,190,49,62.5263,L,2,slide,5,0,1,R5(star),2,7,slide,3,1.0,5,,3
979-厨病激発ボーイ-mas,13.8,190,52,66.3158,L,2,wifi,6,0,1,LR2(wifi),1,5,slide,3,2.5,5,,3
979-厨病激発ボーイ-mas,13.8,190,62,79.9485,R,6,slide,2,0,1,,1,2,slide,4,2.0,2,,3
979-厨病激発ボーイ-mas,13.8,190,63,80.2818,L,2,star,,0,1,,1,8,tap,2,0.667,8,slide:6>2,3
979-厨病激発ボーイ-mas,13.8,190,64,82.6152,L,3,slide,7,0,1,,1,7,slide,4,2.0,7,,3
979-厨病激発ボーイ-mas,13.8,190,65,82.9485,R,7,star,,0,1,,1,1,tap,2,0.667,1,slide:3>7,3
979-厨病激発ボーイ-mas,13.8,190,66,85.2818,R,6,slide,2,0,1,,1,2,slide,4,2.0,2,,4
979-厨病激発ボーイ-mas,13.8,190,67,85.6152,L,2,star,,0,1,,1,8,tap,2,0.667,8,slide:6>2,4
979-厨病激発ボーイ-mas,13.8,190,70,90.6156,L,2,slide,6,0,1,,1,6,slide,4,2.0,6,,4
979-厨病激発ボーイ-mas,13.8,190,71,90.9489,R,6,star,,0,1,,1,4,tap,2,0.667,4,slide:2>6,4
979-厨病激発ボーイ-mas,13.8,190,72,93.2823,R,7,slide,3,0,1,,1,3,slide,4,2.0,3,,4
979-厨病激発ボーイ-mas,13.8,190,73,93.6156,L,3,star,,0,1,,1,5,tap,2,0.667,5,slide:7>3,4
979-厨病激発ボーイ-mas,13.8,190,82,105.4055,L,2,hold,,0,1,,1,4,hold,2,8.0,5,hold:5>None,4
979-厨病激発ボーイ-mas,13.8,190,83,106.6687,R,7,hold,,0,1,,1,5,hold,2,8.0,4,hold:2>None,4
979-厨病激発ボーイ-mas,13.8,190,96,123.7213,R,7,slide,4,0,1,L4(star),2,2,slide,3,1.0,4,,5
979-厨病激発ボーイ-mas,13.8,190,99,127.5108,R,7,wifi,3,0,1,LR7(wifi),1,4,slide,3,2.5,8,,5
979-厨病激発ボーイ-mas,13.8,190,101,130.0371,L,2,wifi,6,0,1,LR2(wifi),1,1,slide,1,2.0,5,,5
979-厨病激発ボーイ-mas,13.8,190,109,139.9845,R,7,wifi,3,0,1,LR7(wifi),1,8,tap,1,0.75,1,,5
981-白ゆき-mas,13.4,210,34,39.7143,R,7,hold,,0,1,,1,5,hold,2,2.0,1,,2
981-白ゆき-mas,13.4,210,38,44.0,R,7,hold,,0,1,,1,1,hold,2,2.5,2,,2
981-白ゆき-mas,13.4,210,42,48.5714,L,3,hold,,0,1,,1,5,hold,2,2.5,8,,2
981-白ゆき-mas,13.4,210,46,53.1429,L,2,hold,,0,1,,1,8,hold,2,2.5,4,,3
981-白ゆき-mas,13.4,210,78,89.7143,L,2,hold,,0,1,,1,7,tap,3,1.0,5,,4
986-結ンデ開イテ羅刹ト骸-remas,13.3,169,9,13.1128,L,3,slide,6,0,1,R2(slide),2,5,tap,2,2.333,7,slide:2>6,1
986-結ンデ開イテ羅刹ト骸-remas,13.3,169,25,36.1488,R,6,tap,,1,1,L3(slide),2,3,star,3,1.0,1,slide:8>3,2
986-結ンデ開イテ羅刹ト骸-remas,13.3,169,25,36.1488,L,3,slide,6,0,1,R6(tap),2,8,slide,3,1.0,7,,2
986-結ンデ開イテ羅刹ト骸-remas,13.3,169,28,41.4649,R,6,slide,3,0,1,L3(star),2,3,slide,3,1.0,3,,2
986-結ンデ開イテ羅刹ト骸-remas,13.3,169,29,41.4649,L,3,star,,0,1,R6(slide),2,6,star,3,1.0,7,slide:3>6,2
986-結ンデ開イテ羅刹ト骸-remas,13.3,169,52,74.4241,L,2,star,,0,1,R7(slide),2,7,star,3,1.0,6,slide:2>7,3
986-結ンデ開イテ羅刹ト骸-remas,13.3,169,52,74.4241,R,7,slide,2,0,1,L2(star),2,2,slide,3,1.0,2,,3
986-結ンデ開イテ羅刹ト骸-remas,13.3,169,52,75.1329,R,6,slide,3,0,1,L2(tap),2,2,slide,4,1.0,5,,3
986-結ンデ開イテ羅刹ト骸-remas,13.3,169,53,75.1329,L,2,tap,,0,1,R6(slide),2,6,star,4,1.0,7,slide:2>6,4
986-結ンデ開イテ羅刹ト骸-remas,13.3,169,60,85.7649,L,2,star,,0,1,R6(slide),2,6,star,4,1.0,7,slide:3>6,4
986-結ンデ開イテ羅刹ト骸-remas,13.3,169,60,85.7649,R,6,slide,2,0,1,L2(star),2,3,slide,3,1.0,2,,4
986-結ンデ開イテ羅刹ト骸-remas,13.3,169,60,86.4737,R,7,slide,3,0,1,L3(star),2,2,slide,3,1.0,3,,4
986-結ンデ開イテ羅刹ト骸-remas,13.3,169,61,86.4737,L,3,star,,0,1,R7(slide),2,7,star,4,1.0,7,slide:2>7,4
986-結ンデ開イテ羅刹ト骸-remas,13.3,169,69,98.5233,R,6,slide,3,0,1,L7(tap),2,3,slide,3,1.0,1,,4
987-ドーナツホール-mas,13.6,252,41,39.7619,R,7,hold,,0,1,L6(tap),2,3,tap,4,1.0,4,,2
987-ドーナツホール-mas,13.6,252,43,41.1905,L,3,tap,,0,1,,1,1,tap,2,2.0,4,,2
987-ドーナツホール-mas,13.6,252,44,41.9048,R,7,tap,,0,1,L6(tap),2,8,tap,1,1.0,8,,2
987-ドーナツホール-mas,13.6,252,44,42.619,L,3,tap,,0,1,R2(hold),2,4,tap,1,1.0,1,hold:2>None,2
987-ドーナツホール-mas,13.6,252,47,45.2381,R,7,hold,,0,1,,1,5,hold,2,2.0,1,,2
987-ドーナツホール-mas,13.6,252,49,47.381,L,2,hold,,0,1,R3(tap),2,6,tap,4,1.0,5,,2
987-ドーナツホール-mas,13.6,252,51,48.8095,R,6,tap,,0,1,,1,8,tap,2,2.0,5,,2
987-ドーナツホール-mas,13.6,252,52,49.5238,L,2,tap,,0,1,R3(tap),2,1,tap,1,1.0,1,,2
987-ドーナツホール-mas,13.6,252,52,50.2381,R,6,tap,,0,1,L7(hold),2,5,tap,1,1.0,5,hold:7>None,2
987-ドーナツホール-mas,13.6,252,53,50.9524,L,3,hold,,0,1,,1,7,hold,4,3.0,7,,2
987-ドーナツホール-mas,13.6,252,61,58.5714,L,3,star,,0,1,R8(slide),2,8,star,3,1.0,6,slide:5>8,3
987-ドーナツホール-mas,13.6,252,62,59.7619,L,2,tap,,0,1,R3(tap),2,6,tap,4,1.0,7,,3
987-ドーナツホール-mas,13.6,252,69,66.1905,R,6,star,,0,1,L1(slide),2,1,star,3,1.0,3,slide:4>1,3
987-ドーナツホール-mas,13.6,252,70,67.381,R,7,tap,,0,1,L6(tap),2,3,tap,4,1.0,2,,3
987-ドーナツホール-mas,13.6,252,74,71.1905,R,7,tap,,0,1,L6(tap),2,2,tap,3,1.0,3,,3
987-ドーナツホール-mas,13.6,252,93,89.5238,L,2,slide,6,0,1,R8(star),2,7,slide,3,1.0,1,slide:8>3,4
987-ドーナツホール-mas,13.6,252,115,109.7619,L,3,star,,0,1,R7(slide),2,7,star,4,1.0,6,slide:2>7,5
987-ドーナツホール-mas,13.6,252,115,109.7619,R,7,slide,3,0,1,L3(star),2,2,slide,3,1.0,3,,5
987-ドーナツホール-mas,13.6,252,115,110.2381,L,2,tap,,0,1,R6(slide),2,6,star,4,1.0,7,slide:3>6,5
987-ドーナツホール-mas,13.6,252,115,110.2381,R,6,slide,2,0,1,L2(tap),2,3,slide,3,1.0,8,,5
987-ドーナツホール-mas,13.6,252,116,111.1905,R,7,tap,,0,1,L6(tap),2,2,tap,3,1.0,3,,5
987-ドーナツホール-mas,13.6,252,125,119.0476,L,3,tap,,0,1,R2(star),2,8,tap,3,1.0,4,slide:2>7,5
987-ドーナツホール-mas,13.6,252,126,120.0,R,7,tap,,0,1,L6(star),2,2,slide,3,3.0,8,slide:6>3,5
987-ドーナツホール-mas,13.6,252,127,120.9524,L,3,tap,,0,1,R2(star),2,6,slide,3,3.0,4,slide:2>7,5
987-ドーナツホール-mas,13.6,252,128,122.619,L,3,tap,,0,1,R2(tap),2,6,tap,3,1.0,7,,5
987-ドーナツホール-mas,13.6,252,132,126.4286,L,2,tap,,0,1,R3(tap),2,7,tap,3,1.0,6,,5
987-ドーナツホール-mas,13.6,252,136,130.0,R,7,tap,,0,1,L6(tap),2,3,tap,4,1.0,2,,5
987-ドーナツホール-mas,13.6,252,140,134.0476,R,7,tap,,0,1,L6(tap),2,2,tap,3,1.0,3,,5
988-砂の惑星 feat. HATSUNE MIKU-mas,13.3,95,8,20.5263,R,6,tap,,0,1,,1,2,tap,4,1.0,4,,1
988-砂の惑星 feat. HATSUNE MIKU-mas,13.3,95,9,22.7368,L,2,hold,,0,1,,1,7,slide,3,1.0,4,,1
988-砂の惑星 feat. HATSUNE MIKU-mas,13.3,95,10,25.2632,R,7,hold,,0,1,,1,2,slide,3,1.0,5,,1
988-砂の惑星 feat. HATSUNE MIKU-mas,13.3,95,10,26.5263,L,2,hold,,0,1,,1,4,tap,2,0.75,4,,1
988-砂の惑星 feat. HATSUNE MIKU-mas,13.3,95,12,30.3158,L,3,hold,,0,1,,1,5,tap,2,0.5,1,,2
988-砂の惑星 feat. HATSUNE MIKU-mas,13.3,95,13,32.8421,R,6,hold,,0,1,,1,3,slide,3,1.0,8,,2
988-砂の惑星 feat. HATSUNE MIKU-mas,13.3,95,14,35.3684,L,3,hold,,0,1,,1,6,slide,3,1.0,1,,2
988-砂の惑星 feat. HATSUNE MIKU-mas,13.3,95,14,36.6316,R,6,hold,,0,1,,1,8,tap,2,0.75,8,,2
988-砂の惑星 feat. HATSUNE MIKU-mas,13.3,95,26,66.0,L,3,tap,,0,1,,1,8,tap,3,0.5,8,hold:1>None,3
988-砂の惑星 feat. HATSUNE MIKU-mas,13.3,95,26,66.6316,R,6,tap,,0,1,,1,1,hold,3,1.5,2,hold:8>None,3
988-砂の惑星 feat. HATSUNE MIKU-mas,13.3,95,36,93.1579,L,2,tap,,0,2,R3(tap),2,1,tap,1,0.5,4,,4
988-砂の惑星 feat. HATSUNE MIKU-mas,13.3,95,44,111.4737,R,6,tap,,0,1,,1,1,tap,3,0.5,1,hold:8>None,5
988-砂の惑星 feat. HATSUNE MIKU-mas,13.3,95,44,112.1052,L,3,tap,,0,1,,1,8,hold,3,1.5,7,hold:1>None,5
989-magician's operation-mas,13.7,125,4,8.64,L,3,hold,,0,1,,1,4,tap,1,0.5,6,,1
989-magician's operation-mas,13.7,125,5,10.56,L,3,hold,,0,1,,1,4,tap,1,0.5,6,,1
989-magician's operation-mas,13.7,125,6,13.2,R,6,tap,,0,1,,1,2,hold,4,1.5,5,,1
989-magician's operation-mas,13.7,125,7,14.4,L,2,hold,,0,1,,1,4,tap,2,0.5,6,,1
989-magician's operation-mas,13.7,125,39,75.6,L,2,slide,7,0,1,R4(star),2,7,star,3,0.5,7,,4
989-magician's operation-mas,13.7,125,52,101.52,L,2,slide,4,0,1,,1,7,slide,3,0.5,,,5
993-VIIIbit Explorer-mas,14.5,188,1,2.1543,L,2,hold,,0,1,,1,8,tap,2,1.25,7,,1
993-VIIIbit Explorer-mas,14.5,188,2,2.7926,R,6,hold,,0,1,,1,3,tap,3,1.25,3,,1
993-VIIIbit Explorer-mas,14.5,188,3,4.7074,R,7,hold,,0,1,,1,3,tap,4,1.25,2,,1
993-VIIIbit Explorer-mas,14.5,188,5,7.2606,R,7,hold,,0,1,,1,2,tap,3,1.25,2,,1
993-VIIIbit Explorer-mas,14.5,188,6,7.8989,L,3,hold,,0,1,,1,6,tap,3,1.25,6,,1
993-VIIIbit Explorer-mas,14.5,188,24,31.2766,R,7,slide,3,0,1,L1(star),2,3,slide,4,1.0,3,,2
993-VIIIbit Explorer-mas,14.5,188,48,61.7553,R,6,slide,1,0,1,L1(star),2,3,slide,3,1.0,1,,3
993-VIIIbit Explorer-mas,14.5,188,53,67.9787,L,3,tap,,0,1,,1,8,tap,3,1.125,5,hold:1>None,3
993-VIIIbit Explorer-mas,14.5,188,55,70.5319,R,6,tap,,0,1,,1,2,tap,4,1.0,4,hold:8>None,3
993-VIIIbit Explorer-mas,14.5,188,61,78.8298,L,3,hold,,0,1,R2(tap),2,1,hold,2,1.0,4,,3
993-VIIIbit Explorer-mas,14.5,188,63,81.0638,R,6,hold,,0,1,L7(tap),2,8,hold,2,1.0,5,,4
993-VIIIbit Explorer-mas,14.5,188,68,87.4468,L,2,slide,6,0,1,R3(star),2,1,slide,1,1.0,8,slide:3>5,4
999-火炎地獄-mas,14.1,216,20,22.2685,L,2,hold,,0,1,,1,8,slide,2,3.167,4,,2
999-火炎地獄-mas,14.1,216,23,26.1458,R,6,slide,2,0,1,,1,1,hold,3,6.125,1,,2
999-火炎地獄-mas,14.1,216,27,30.6944,L,2,slide,6,0,1,R3(tap),2,8,slide,2,1.5,1,,2
999-火炎地獄-mas,14.1,216,35,39.7222,L,2,tap,,0,2,R3(tap),2,1,tap,1,0.5,7,,2
999-火炎地獄-mas,14.1,216,36,40.0,R,6,tap,,0,1,L7(tap),2,3,tap,3,1.0,3,,2
999-火炎地獄-mas,14.1,216,36,40.2778,L,2,tap,,0,1,R3(tap),2,7,tap,3,1.0,7,,2
999-火炎地獄-mas,14.1,216,55,64.8611,R,6,star,,0,1,L7(slide),2,1,slide,3,1.5,6,slide:7>4,3
999-火炎地獄-mas,14.1,216,55,65.1389,R,6,slide,2,0,1,,1,6,star,0,1.0,2,,3
999-火炎地獄-mas,14.1,216,56,66.1111,L,3,star,,0,1,R2(slide),2,8,slide,3,1.5,3,slide:2>5,4
999-火炎地獄-mas,14.1,216,56,66.3889,L,3,slide,7,0,1,,1,3,star,0,1.0,8,,4
999-火炎地獄-mas,14.1,216,63,74.1667,R,7,hold,,0,1,,1,3,tap,4,1.0,2,,4
999-火炎地獄-mas,14.1,216,65,75.8333,R,6,hold,,0,1,,1,2,tap,4,0.5,3,,4
999-火炎地獄-mas,14.1,216,65,76.5278,R,7,tap,,0,1,,1,3,tap,4,0.5,2,,4
999-火炎地獄-mas,14.1,216,74,85.5556,L,2,hold,,0,1,,1,6,tap,4,0.5,7,,4
999-火炎地獄-mas,14.1,216,89,102.6389,L,2,tap,,0,1,,1,1,tap,1,1.5,4,hold:3>None,5
999-火炎地獄-mas,14.1,216,90,104.1667,R,7,tap,,0,1,,1,3,hold,4,6.5,5,hold:6>None,5
999-火炎地獄-mas,14.1,216,92,105.5556,L,2,tap,,1,1,R3(tap),2,6,hold,4,6.0,6,,5
