谱,定数,BPM,小节,时刻s,键对,左手键,右手键,BREAK,原判定_有引导,原判定_型,引导形态_主,引导形态_全,一手被长条星星占住,双押串长,串内位置,距上一任务组_拍,临近最小环距,谱内位置五等分,上下文摘要
104-炭★坑★節-mas,13.3,112,28,60.536,6/7,6,7,0,1,D,D-同键已在手下,D-同键已在手下|E-相邻键铺垫,0,2,0,0.167,0,4,前 0.167拍前:6t 0.5拍前:5t 0.667拍前:6t / 后 +0.5拍:12t +1拍:2t
104-炭★坑★節-mas,13.3,112,28,61.607,2/3,2,3,0,1,D,D-同键已在手下,D-同键已在手下|E-相邻键铺垫,0,2,0,0.167,0,4,前 0.167拍前:3t 0.5拍前:4t 0.667拍前:3t / 后 +0.5拍:78t +1拍:1t
104-炭★坑★節-mas,13.3,112,30,64.821,2/3,2,3,0,1,D,D-同键已在手下,D-同键已在手下|E-相邻键铺垫,0,2,0,0.167,0,4,前 0.167拍前:3t 0.5拍前:4t 0.667拍前:3t / 后 +0.5拍:78t +1拍:7t
104-炭★坑★節-mas,13.3,112,30,65.893,6/7,6,7,0,1,D,D-同键已在手下,D-同键已在手下|E-相邻键铺垫,0,2,0,0.167,0,4,前 0.167拍前:6t 0.5拍前:5t 0.667拍前:6t / 后 +0.5拍:12t +1拍:8t
104-炭★坑★節-mas,13.3,112,32,69.107,6/7,6,7,0,1,D,D-同键已在手下,D-同键已在手下|E-相邻键铺垫,0,2,0,0.167,0,4,前 0.167拍前:6t 0.5拍前:5t 0.667拍前:6t / 后 +0.5拍:12t +1拍:2t
104-炭★坑★節-mas,13.3,112,32,70.179,2/3,2,3,0,1,D,D-同键已在手下,D-同键已在手下|E-相邻键铺垫,0,4,0,0.167,0,4,前 0.167拍前:3t 0.5拍前:4t 0.667拍前:3t / 后 +0.5拍:78t +1拍:1t
104-炭★坑★節-mas,13.3,112,33,70.982,2/3,3,2,0,1,D,D-同键已在手下,D-同键已在手下|G-同对回访|F2-同型相邻对带过来|E-相邻键铺垫,0,4,2,0.167,0,4,前 0.167拍前:2t 0.5拍前:1t 1拍前:78t / 后 +0.333拍:3t +0.5拍:13t
104-炭★坑★節-mas,13.3,112,36,78.75,6/7,7,6,0,1,D,D-同键已在手下,D-同键已在手下|F2-同型相邻对带过来|E-相邻键铺垫,0,2,0,0.167,0,5,前 0.167拍前:7t 0.5拍前:5t 1拍前:6t / 后 +0.5拍:56t +1拍:1t
105-ソーラン☆節-mas,13.4,145,18,29.793,2/3,2,3,0,0,,E-相邻键铺垫,E-相邻键铺垫,0,1,0,0.5,1,2,前 0.5拍前:5t 1拍前:4t 1.25拍前:5t / 后 +1拍:23* +2拍:23-
105-ソーラン☆節-mas,13.4,145,33,54.621,6/7,6,7,0,0,,E-相邻键铺垫,E-相邻键铺垫,0,1,0,0.5,1,4,前 0.5拍前:4t 1拍前:5t 1.25拍前:4t / 后 +1拍:67* +2拍:67-
105-ソーラン☆節-mas,13.4,145,52,86.069,6/7,6,7,0,1,A/B,A/B-共享键步进,A/B-共享键步进|E-相邻键铺垫,0,2,1,0.5,0,5,前 0.5拍前:27t 1拍前:4t 1.25拍前:5t / 后 +1拍:67* +2拍:67-
105-ソーラン☆節-mas,13.4,145,53,87.724,2/3,2,3,0,0,,H-星星/长条落点送手,H-星星/长条落点送手|F1-镜像对带过来|E-相邻键铺垫,0,1,0,2.0,3,5,前 2拍前:67- 3拍前:67* 4拍前:67t / 后 +1拍:23* +2拍:23-
106-トルコ行進曲 - オワタ＼(^o^)／-mas,13.8,120,3,6.75,6/7,6,7,0,1,A/B,A/B-共享键步进,A/B-共享键步进|F2-同型相邻对带过来|E-相邻键铺垫,0,10,5,0.5,0,1,前 0.5拍前:56t 1拍前:45t 1.5拍前:34t / 后 +0.5拍:78t +1拍:18t
106-トルコ行進曲 - オワタ＼(^o^)／-mas,13.8,120,3,7.75,2/3,3,2,0,1,A/B,A/B-共享键步进,A/B-共享键步进|F1-镜像对带过来|E-相邻键铺垫,0,10,9,0.5,0,1,前 0.5拍前:12t 1拍前:18t 1.5拍前:78t / 后 +0.5拍:1t +0.75拍:8t
106-トルコ行進曲 - オワタ＼(^o^)／-mas,13.8,120,5,10.25,2/3,2,3,0,0,,E-相邻键铺垫,E-相邻键铺垫,0,1,0,0.5,1,1,前 0.5拍前:1t 2.5拍前:1t 2.75拍前:2t / 后 +0.5拍:1t +1拍:8t
106-トルコ行進曲 - オワタ＼(^o^)／-mas,13.8,120,8,16.25,2/3,3,2,0,0,,E-相邻键铺垫,E-相邻键铺垫,0,1,0,0.5,1,1,前 0.5拍前:4t 1拍前:5t 1.5拍前:6t / 后 +0.5拍:4t +1拍:5t
106-トルコ行進曲 - オワタ＼(^o^)／-mas,13.8,120,24,48.0,6/7,6,7,0,0,,E-相邻键铺垫,E-相邻键铺垫,0,3,0,0.5,1,3,前 0.5拍前:5t 1拍前:4t 1.5拍前:3t / 后 +1拍:18t +1.75拍:12t
106-トルコ行進曲 - オワタ＼(^o^)／-mas,13.8,120,28,57.375,2/3,2,3,1,0,,E-相邻键铺垫,E-相邻键铺垫,0,3,0,1.0,1,3,前 1拍前:1t 1.25拍前:1t 1.75拍前:7t / 后 +0.75拍:45t +1.25拍:27t
113-Urban Crusher [Remix]-mas,13.4,155,38,58.839,2/3,2,3,0,0,,F2-同型相邻对带过来,F2-同型相邻对带过来|E-相邻键铺垫,0,16,5,1.0,1,3,前 1拍前:18t 2拍前:78t 3拍前:56t / 后 +0.5拍:45t +1拍:67t
113-Urban Crusher [Remix]-mas,13.4,155,38,59.226,6/7,6,7,0,0,,F1-镜像对带过来,F1-镜像对带过来|E-相邻键铺垫,0,16,7,0.5,1,3,前 0.5拍前:45t 1拍前:23t 2拍前:18t / 后 +1拍:78t +2拍:67t
113-Urban Crusher [Remix]-mas,13.4,155,38,60.0,6/7,6,7,0,1,A/B,A/B-共享键步进,A/B-共享键步进|G-同对回访|F1-镜像对带过来|E-相邻键铺垫,0,16,9,1.0,0,3,前 1拍前:78t 2拍前:67t 2.5拍前:45t / 后 +1拍:15t +1.5拍:26t
118-檄！帝国華撃団(改)-remas,13.1,144,27,45.833,2/3,2,3,0,0,,H-星星/长条落点送手,H-星星/长条落点送手|E-相邻键铺垫,0,3,2,0.5,1,3,前 0.5拍前:4t 1拍前:15t 1.25拍前:5t / 后 +1拍:3- +2拍:12t
118-檄！帝国華撃団(改)-remas,13.1,144,28,47.5,6/7,6,7,0,0,,F2-同型相邻对带过来,F2-同型相邻对带过来|E-相邻键铺垫,0,3,2,0.5,1,3,前 0.5拍前:5t 1拍前:48t 1.5拍前:3t / 后 +1拍:6- +2拍:7t
119-Black Out-mas,13.3,142,29,50.493,6/7,6,7,0,1,A/B,A/B-共享键步进,A/B-共享键步进|F2-同型相邻对带过来|E-相邻键铺垫,0,2,1,0.75,0,4,前 0.75拍前:56t 1.5拍前:4t 2拍前:4t / 后 +1拍:6t +1.5拍:6t
119-Black Out-mas,13.3,142,30,52.183,2/3,2,3,0,1,A/B,A/B-共享键步进,A/B-共享键步进|F2-同型相邻对带过来|E-相邻键铺垫,0,2,1,0.75,0,4,前 0.75拍前:34t 1.5拍前:5t 2.5拍前:6t / 后 +1拍:3t +1.5拍:3t
122-Endless World-mas,13,142,60,102.254,6/7,7,6,0,0,,H-星星/长条落点送手,H-星星/长条落点送手|F2-同型相邻对带过来|E-相邻键铺垫,0,1,0,1.0,2,5,前 1拍前:2- 2拍前:12h* 3拍前:8t / 后 +1拍:6- +2拍:34h*
123-泣き虫O'clock-mas,13.2,152,7,12.434,2/3,2,3,1,1,D,D-同键已在手下,D-同键已在手下|E-相邻键铺垫,0,1,0,0.5,0,1,前 0.5拍前:3t 1拍前:4t 1.5拍前:5t / 后 +0.5拍:2h +1拍:3t
123-泣き虫O'clock-mas,13.2,152,59,94.539,6/7,7,6,0,0,,E-相邻键铺垫,E-相邻键铺垫,0,3,0,0.5,2,4,前 0.5拍前:1t 1.5拍前:1t 2.5拍前:8t / 后 +1拍:23t +2拍:17t
123-泣き虫O'clock-mas,13.2,152,60,94.934,2/3,2,3,0,0,,F1-镜像对带过来,F1-镜像对带过来|E-相邻键铺垫,0,3,1,1.0,1,4,前 1拍前:67t 1.5拍前:1t 2.5拍前:1t / 后 +1拍:17t +2.5拍:18t
125-Link-remas,13.5,132,4,7.614,2/3,2,3,0,0,,F2-同型相邻对带过来,F2-同型相邻对带过来|E-相邻键铺垫,0,7,5,0.75,1,1,前 0.75拍前:45t 1.75拍前:78t 2.5拍前:12t / 后 +0.75拍:45t +1.5拍:67*t
125-Link-remas,13.5,132,5,9.432,6/7,7,6,0,0,,E-相邻键铺垫,E-相邻键铺垫,0,2,0,0.75,1,1,前 0.75拍前:5t 1.25拍前:5t 1.5拍前:7- / 后 +0.75拍:45t +1.5拍:23*t
125-Link-remas,13.5,132,6,11.25,2/3,3,2,0,0,,E-相邻键铺垫,E-相邻键铺垫,0,2,0,0.75,1,1,前 0.75拍前:4t 1.25拍前:4t 1.5拍前:2- / 后 +0.75拍:45t +1.5拍:67*t
125-Link-remas,13.5,132,37,67.955,6/7,6,7,1,1,D,D-同键已在手下,D-同键已在手下|H-星星/长条落点送手|E-相邻键铺垫,0,4,0,0.5,0,5,前 0.5拍前:4t 0.75拍前:6t 1拍前:3t / 后 +0.5拍:58* +0.833拍:58t
129-Sprintrances-mas,13.3,178,36,48.876,2/3,2,3,0,1,A/B,A/B-共享键步进,A/B-共享键步进|F2-同型相邻对带过来|E-相邻键铺垫,0,8,1,1.0,0,4,前 1拍前:12t 2拍前:5- 2.5拍前:1- / 后 +1拍:34t +2拍:45t
129-Sprintrances-mas,13.3,178,37,50.225,6/7,6,7,0,1,A/B,A/B-共享键步进,A/B-共享键步进|F1-镜像对带过来|E-相邻键铺垫,0,8,5,1.0,0,4,前 1拍前:56t 2拍前:45t 3拍前:34t / 后 +1拍:78t +2拍:18t
130-JUMPIN' JUMPIN'-mas,13.3,163,62,91.288,6/7,7,6,0,1,D,D-同键已在手下,D-同键已在手下|H-星星/长条落点送手|F2-同型相邻对带过来|E-相邻键铺垫,0,6,1,0.5,0,4,前 0.5拍前:7t 1拍前:12t 1.5拍前:3t / 后 +1拍:48t +1.5拍:15t
1301-After Burner-mas,13.7,155,19,30.194,2/3,2,3,0,0,,F2-同型相邻对带过来,F2-同型相邻对带过来|E-相邻键铺垫,0,2,0,0.5,1,2,前 0.5拍前:4t 0.75拍前:5t 1拍前:6t / 后 +0.75拍:56t +1.5拍:4t
1301-After Burner-mas,13.7,155,20,31.355,6/7,6,7,0,0,,E-相邻键铺垫,E-相邻键铺垫,0,2,0,0.5,1,2,前 0.5拍前:5t 0.75拍前:4t 1拍前:3t / 后 +0.75拍:34t +1.875拍:5t
133-BREAK YOU!!-mas,13.7,167,30,43.114,2/3,2,3,0,1,D,D-同键已在手下,D-同键已在手下|H-星星/长条落点送手|E-相邻键铺垫,0,1,0,0.5,0,2,前 0.5拍前:7t 1拍前:2t 1.5拍前:4t / 后 +1拍:3- +2拍:67h*
133-BREAK YOU!!-mas,13.7,167,30,43.832,6/7,6,7,0,0,,F1-镜像对带过来,F1-镜像对带过来|E-相邻键铺垫,0,1,0,1.0,3,2,前 1拍前:3- 2拍前:23h* 2.5拍前:7t / 后 +1拍:6- +1.5拍:4t
133-BREAK YOU!!-mas,13.7,167,63,90.539,6/7,6,7,0,0,,H-星星/长条落点送手,H-星星/长条落点送手|E-相邻键铺垫,0,1,0,1.0,2,4,前 1拍前:3t 1.5拍前:4h 2拍前:5h / 后 +2拍:23h +3.5拍:48t
133-BREAK YOU!!-mas,13.7,167,63,91.257,2/3,3,2,0,1,D,D-同键已在手下,D-同键已在手下|F1-镜像对带过来|E-相邻键铺垫,0,1,0,2.0,0,4,前 2拍前:67h 3拍前:3t 3.5拍前:4h / 后 +1.5拍:48t +2.5拍:15t
134-Death Scythe-mas,13.8,182,4,5.275,6/7,6,7,0,0,,H-星星/长条落点送手,H-星星/长条落点送手|E-相邻键铺垫,0,1,0,0.5,1,1,前 0.5拍前:8t 1拍前:1t 1.5拍前:2t / 后 +0.5拍:5t +2拍:34t
134-Death Scythe-mas,13.8,182,6,7.912,2/3,3,2,0,0,,H-星星/长条落点送手,H-星星/长条落点送手|E-相邻键铺垫,0,1,0,0.5,1,1,前 0.5拍前:1t 1拍前:8t 1.5拍前:7t / 后 +0.5拍:4t +2拍:56t
1354-GO BACK 2 YOUR RAVE-mas,13.9,170,67,95.118,2/3,3,2,0,1,D,D-同键已在手下,D-同键已在手下|F2-同型相邻对带过来|E-相邻键铺垫,0,6,0,0.5,0,4,前 0.5拍前:2t 0.75拍前:1t 1拍前:2t / 后 +0.5拍:24t +1拍:25t
1354-GO BACK 2 YOUR RAVE-mas,13.9,170,68,96.529,6/7,7,6,0,1,D,D-同键已在手下,D-同键已在手下|F2-同型相邻对带过来|E-相邻键铺垫,0,5,0,0.5,0,4,前 0.5拍前:7t 0.75拍前:8t 1拍前:7t / 后 +0.5拍:57t +1拍:47t
1366-Life Feels Good-mas,13.7,180,54,72.917,6/7,6,7,0,1,C,C-等距轮转,C-等距轮转|F2-同型相邻对带过来|E-相邻键铺垫,0,3,1,0.75,2,4,前 0.75拍前:12t 1.25拍前:4t 1.75拍前:1t / 后 +0.75拍:34t +1.25拍:2t
1366-Life Feels Good-mas,13.7,180,61,81.667,2/3,3,2,0,1,D,D-同键已在手下,D-同键已在手下|F2-同型相邻对带过来|E-相邻键铺垫,0,1,0,1.0,0,4,前 1拍前:2t 2拍前:56t 2.5拍前:5t / 后 +1拍:7t +1.5拍:7t
1366-Life Feels Good-mas,13.7,180,61,82.333,6/7,7,6,0,1,D,D-同键已在手下,D-同键已在手下|F1-镜像对带过来|E-相邻键铺垫,0,1,0,0.5,0,4,前 0.5拍前:7t 1拍前:7t 2拍前:23t / 后 +1拍:2t +1.5拍:4t
141-カゲロウデイズ-mas,13.2,200,30,36.6,6/7,6,7,0,0,,F2-同型相邻对带过来,F2-同型相邻对带过来|E-相邻键铺垫,0,1,0,0.5,1,2,前 0.5拍前:5t 1拍前:4t 2拍前:12t / 后 +1拍:4t +1.5拍:3t
141-カゲロウデイズ-remas,14.1,200,51,61.35,2/3,2,3,0,1,D,D-同键已在手下,D-同键已在手下|E-相邻键铺垫,0,5,0,0.5,0,3,前 0.5拍前:1t 1.5拍前:28h- 2.5拍前:25*t / 后 +0.5拍:45t +1拍:67t
141-カゲロウデイズ-remas,14.1,200,51,61.65,6/7,6,7,0,0,,F1-镜像对带过来,F1-镜像对带过来|E-相邻键铺垫,0,5,2,0.5,1,3,前 0.5拍前:45t 1拍前:23t 1.5拍前:1t / 后 +0.5拍:18t +1.5拍:57*t
1439-プリズム△▽リズム-mas,13.2,155,74,115.935,2/3,2,3,1,0,,F2-同型相邻对带过来,F2-同型相邻对带过来|E-相邻键铺垫,0,13,12,0.5,2,4,前 0.5拍前:56t 1拍前:5t 1.5拍前:45t / 后 +1拍:4t +1.5拍:34t
1439-プリズム△▽リズム-mas,13.2,155,75,116.71,6/7,6,7,1,0,,F1-镜像对带过来,F1-镜像对带过来|E-相邻键铺垫,0,2,1,0.5,2,5,前 0.5拍前:34t 1拍前:4t 2拍前:23t / 后 +1拍:6* +1.5拍:6t
1442-ブリキノダンス-remas,13.4,172,0,0.698,6/7,6,7,0,0,,F2-同型相邻对带过来,F2-同型相邻对带过来|E-相邻键铺垫,0,20,2,1.0,1,1,前 1拍前:45t 2拍前:45t / 后 +1拍:67t +2拍:18t
1442-ブリキノダンス-remas,13.4,172,0,1.047,6/7,6,7,0,1,A/B,A/B-共享键步进,A/B-共享键步进|G-同对回访|F2-同型相邻对带过来|E-相邻键铺垫,0,20,3,1.0,0,1,前 1拍前:67t 2拍前:45t 3拍前:45t / 后 +1拍:18t +2拍:18t
1442-ブリキノダンス-remas,13.4,172,2,3.488,6/7,6,7,0,0,,F2-同型相邻对带过来,F2-同型相邻对带过来|E-相邻键铺垫,0,20,11,1.0,1,1,前 1拍前:18t 2拍前:18t 2.5拍前:57t / 后 +1拍:67t +2拍:45t
1442-ブリキノダンス-remas,13.4,172,2,3.837,6/7,6,7,0,1,A/B,A/B-共享键步进,A/B-共享键步进|G-同对回访|F2-同型相邻对带过来|E-相邻键铺垫,0,20,12,1.0,0,1,前 1拍前:67t 2拍前:18t 3拍前:18t / 后 +1拍:45t +1.5拍:45t
1442-ブリキノダンス-remas,13.4,172,18,25.116,6/7,6,7,0,0,,F2-同型相邻对带过来,F2-同型相邻对带过来|E-相邻键铺垫,0,3,0,1.0,1,1,前 1拍前:45- 2拍前:45* 4拍前:5- / 后 +0.5拍:67t +1拍:58t
1442-ブリキノダンス-remas,13.4,172,18,25.291,6/7,6,7,0,1,A/B,A/B-共享键步进,A/B-共享键步进|G-同对回访|F2-同型相邻对带过来|E-相邻键铺垫,0,3,1,0.5,0,1,前 0.5拍前:67t 1.5拍前:45- 2.5拍前:45* / 后 +0.5拍:58t +1.5拍:3t
1442-ブリキノダンス-remas,13.4,172,34,47.442,2/3,2,3,0,0,,F2-同型相邻对带过来,F2-同型相邻对带过来|E-相邻键铺垫,0,3,0,1.0,1,2,前 1拍前:45- 2拍前:45* 4拍前:4- / 后 +0.5拍:23t +1拍:14t
1442-ブリキノダンス-remas,13.4,172,34,47.616,2/3,2,3,0,1,A/B,A/B-共享键步进,A/B-共享键步进|G-同对回访|F2-同型相邻对带过来|E-相邻键铺垫,0,3,1,0.5,0,2,前 0.5拍前:23t 1.5拍前:45- 2.5拍前:45* / 后 +0.5拍:14t +1.5拍:6t
1442-ブリキノダンス-remas,13.4,172,41,58.256,2/3,2,3,0,1,D,D-同键已在手下,D-同键已在手下|E-相邻键铺垫,0,7,0,1.0,0,3,前 1拍前:4t 1.5拍前:3t 2拍前:3t / 后 +0.5拍:23t +1拍:45t
1442-ブリキノダンス-remas,13.4,172,41,58.43,2/3,2,3,0,1,A/B,A/B-共享键步进,A/B-共享键步进|G-同对回访|E-相邻键铺垫,0,7,1,0.5,0,3,前 0.5拍前:23t 1.5拍前:4t 2拍前:3t / 后 +0.5拍:45t +1拍:45t
1442-ブリキノダンス-remas,13.4,172,42,58.953,6/7,6,7,0,0,,F1-镜像对带过来,F1-镜像对带过来|E-相邻键铺垫,0,7,4,0.5,1,3,前 0.5拍前:45t 1拍前:45t 1.5拍前:23t / 后 +0.5拍:67t +1拍:58ht
1442-ブリキノダンス-remas,13.4,172,42,59.128,6/7,6,7,0,1,A/B,A/B-共享键步进,A/B-共享键步进|G-同对回访|F1-镜像对带过来|E-相邻键铺垫,0,7,5,0.5,0,3,前 0.5拍前:67t 1拍前:45t 1.5拍前:45t / 后 +0.5拍:58ht +1.5拍:5t
148-Beat of getting entangled-mas,13.8,140,13,22.5,2/3,2,3,0,0,,F1-镜像对带过来,F1-镜像对带过来|E-相邻键铺垫,0,1,0,0.5,1,1,前 0.5拍前:4t 1.5拍前:67t 1.75拍前:5t / 后 +0.5拍:1t +1拍:4t
148-Beat of getting entangled-mas,13.8,140,13,23.25,6/7,6,7,0,1,A/B,A/B-共享键步进,A/B-共享键步进|F1-镜像对带过来|E-相邻键铺垫,0,3,1,0.5,0,1,前 0.5拍前:56t 0.75拍前:4t 1.25拍前:1t / 后 +0.5拍:78t +1.25拍:1t
148-Beat of getting entangled-mas,13.8,140,20,35.571,2/3,3,2,0,1,D,D-同键已在手下,D-同键已在手下|F2-同型相邻对带过来|E-相邻键铺垫,0,3,2,0.25,0,2,前 0.25拍前:2t 0.75拍前:18t 1.25拍前:68t / 后 +0.5拍:4t +1拍:27-t
148-Beat of getting entangled-mas,13.8,140,34,59.571,2/3,2,3,0,0,,E-相邻键铺垫,E-相邻键铺垫,0,2,0,0.5,1,3,前 0.5拍前:4t 1.25拍前:6h 1.75拍前:8t / 后 +0.5拍:18t +1拍:7*
149-Blew Moon-mas,13.4,180,32,43.0,6/7,6,7,0,1,A/B,A/B-共享键步进,A/B-共享键步进|H-星星/长条落点送手|F2-同型相邻对带过来|E-相邻键铺垫,0,3,1,0.5,0,2,前 0.5拍前:56t 1.5拍前:4t 2.5拍前:6h / 后 +0.5拍:18h +2拍:18t
149-Blew Moon-mas,13.4,180,80,107.0,6/7,6,7,0,1,A/B,A/B-共享键步进,A/B-共享键步进|H-星星/长条落点送手|F2-同型相邻对带过来|E-相邻键铺垫,0,3,1,0.5,0,5,前 0.5拍前:56t 1.5拍前:4t 2.5拍前:6h / 后 +0.5拍:18h +2拍:18t
149-Blew Moon-mas,13.4,180,88,117.667,2/3,2,3,0,1,A/B,A/B-共享键步进,A/B-共享键步进|F2-同型相邻对带过来|E-相邻键铺垫,0,3,1,0.5,0,5,前 0.5拍前:34t 1.5拍前:1t 1.75拍前:8t / 后 +0.5拍:12t +2拍:18*
1497-共感覚おばけ-mas,13.2,184,19,24.783,2/3,3,2,0,1,D,D-同键已在手下,D-同键已在手下|E-相邻键铺垫,0,1,0,1.0,0,1,前 1拍前:2t 2拍前:3t 3拍前:4t / 后 +1拍:23- +2拍:5*
150-ココロスキャンのうた-mas,13.8,203,40,48.177,6/7,6,7,0,0,,F2-同型相邻对带过来,F2-同型相邻对带过来|E-相邻键铺垫,0,15,2,1.0,1,3,前 1拍前:45t 2拍前:34t 3拍前:1t / 后 +1拍:12t +2拍:27t
150-ココロスキャンのうた-mas,13.8,203,42,49.655,6/7,6,7,0,0,,F2-同型相邻对带过来,F2-同型相邻对带过来|E-相邻键铺垫,0,15,7,1.0,1,3,前 1拍前:45t 2拍前:34t 3拍前:27t / 后 +1拍:12t +2拍:23t
150-ココロスキャンのうた-mas,13.8,203,42,50.246,2/3,2,3,0,1,A/B,A/B-共享键步进,A/B-共享键步进|F1-镜像对带过来|E-相邻键铺垫,0,15,9,1.0,0,3,前 1拍前:12t 2拍前:67t 3拍前:45t / 后 +1拍:12t +2拍:67t
150-ココロスキャンのうた-mas,13.8,203,43,50.837,6/7,6,7,0,0,,G-同对回访,G-同对回访|F1-镜像对带过来|E-相邻键铺垫,0,15,11,1.0,2,3,前 1拍前:12t 2拍前:23t 3拍前:12t / 后 +1拍:45t +2拍:34t
150-ココロスキャンのうた-mas,13.8,203,44,52.906,6/7,6,7,0,0,,F2-同型相邻对带过来,F2-同型相邻对带过来|E-相邻键铺垫,0,15,2,1.0,1,3,前 1拍前:45t 2拍前:34t 3拍前:8t / 后 +1拍:12t +2拍:27t
150-ココロスキャンのうた-mas,13.8,203,64,76.552,6/7,7,6,0,1,D,D-同键已在手下,D-同键已在手下|F2-同型相邻对带过来|E-相邻键铺垫,0,1,0,1.0,0,4,前 1拍前:7t 2拍前:78t 3拍前:8t / 后 +1拍:8t +2拍:18t
150-ココロスキャンのうた-mas,13.8,203,66,78.325,6/7,6,7,0,0,,F2-同型相邻对带过来,F2-同型相邻对带过来|E-相邻键铺垫,0,1,0,1.0,1,4,前 1拍前:8t 2拍前:12t 3拍前:1t / 后 +1拍:5t +2拍:34t
150-ココロスキャンのうた-mas,13.8,203,67,80.099,6/7,6,7,0,0,,F2-同型相邻对带过来,F2-同型相邻对带过来|E-相邻键铺垫,0,1,0,1.0,1,4,前 1拍前:5t 2拍前:34t 3拍前:2t / 后 +1拍:5t +1.5拍:3t
151-Rooftop Run＿ Act1-remas,13.2,152,54,85.855,6/7,6,7,0,1,D,D-同键已在手下,D-同键已在手下|H-星星/长条落点送手|E-相邻键铺垫,0,1,0,0.5,0,4,前 0.5拍前:6t 1拍前:2t 1.5拍前:3h / 后 +1拍:3t +1.5拍:7*
151-Rooftop Run＿ Act1-remas,13.2,152,58,92.171,2/3,2,3,0,1,D,D-同键已在手下,D-同键已在手下|H-星星/长条落点送手|E-相邻键铺垫,0,1,0,0.5,0,5,前 0.5拍前:3t 1拍前:7t 1.5拍前:6h / 后 +1拍:6t +1.5拍:2*
157-ローリンガール-mas,13.2,195,23,28.923,2/3,2,3,0,0,,H-星星/长条落点送手,H-星星/长条落点送手|E-相邻键铺垫,0,3,0,1.0,1,2,前 1拍前:7t 1.5拍前:1t 2.5拍前:36ht / 后 +0.5拍:18t +1拍:67t
157-ローリンガール-mas,13.2,195,23,29.231,6/7,7,6,0,1,C,C-等距轮转,C-等距轮转|F1-镜像对带过来|E-相邻键铺垫,0,3,2,0.5,1,2,前 0.5拍前:18t 1拍前:23t 2拍前:7t / 后 +1拍:1* +2拍:1-
157-ローリンガール-mas,13.2,195,56,70.0,2/3,3,2,0,0,,F2-同型相邻对带过来,F2-同型相邻对带过来|E-相邻键铺垫,0,1,0,1.5,2,3,前 1.5拍前:68t 2.5拍前:7t 3.5拍前:78t / 后 +1.5拍:1t +2.5拍:35t
166-awake-mas,13.2,170,44,62.471,6/7,7,6,0,0,,E-相邻键铺垫,E-相邻键铺垫,0,1,0,0.5,1,4,前 0.5拍前:5t 1.5拍前:3h 2拍前:2t / 后 +1拍:8t +1.5拍:67t
166-awake-mas,13.2,170,44,63.0,6/7,7,6,0,1,D,D-同键已在手下,D-同键已在手下|G-同对回访|E-相邻键铺垫,0,1,0,0.5,0,4,前 0.5拍前:8t 1.5拍前:67t 2拍前:5t / 后 +1拍:1* +2拍:18-*
166-awake-mas,13.2,170,46,65.294,2/3,3,2,0,0,,H-星星/长条落点送手,H-星星/长条落点送手|E-相邻键铺垫,0,1,0,0.5,1,5,前 0.5拍前:4t 1.5拍前:1h 2拍前:7t / 后 +1拍:1t +1.5拍:23t
166-awake-mas,13.2,170,46,65.824,2/3,3,2,0,1,D,D-同键已在手下,D-同键已在手下|G-同对回访|H-星星/长条落点送手|E-相邻键铺垫,0,1,0,0.5,0,5,前 0.5拍前:1t 1.5拍前:23t 2拍前:4t / 后 +1拍:7* +1.5拍:7t
167-Terminal Storm-mas,13.4,160,11,17.25,6/7,6,7,0,0,,E-相邻键铺垫,E-相邻键铺垫,0,1,0,0.5,1,1,前 0.5拍前:5t 1拍前:4t 1.5拍前:3t / 后 +0.5拍:8t +1拍:1t
167-Terminal Storm-mas,13.4,160,18,27.375,6/7,6,7,0,0,,E-相邻键铺垫,E-相邻键铺垫,0,1,0,0.5,1,2,前 0.5拍前:5t 0.75拍前:4t 1.25拍前:4t / 后 +1拍:8t +1.5拍:7t
167-Terminal Storm-mas,13.4,160,19,28.875,2/3,3,2,0,0,,E-相邻键铺垫,E-相邻键铺垫,0,1,0,0.5,1,2,前 0.5拍前:4t 0.75拍前:5t 1.25拍前:5t / 后 +1拍:4t +1.5拍:5t
169-Save This World νMIX-mas,13.3,143,44,75.105,6/7,7,6,0,1,D,D-同键已在手下,D-同键已在手下|E-相邻键铺垫,0,1,0,0.25,0,3,前 0.25拍前:7t 0.75拍前:7t 1拍前:8t / 后 +0.75拍:8t +1拍:7t
169-Save This World νMIX-mas,13.3,143,45,76.783,2/3,3,2,0,1,D,D-同键已在手下,D-同键已在手下|E-相邻键铺垫,0,1,0,0.25,0,4,前 0.25拍前:2t 0.75拍前:1t 1拍前:2t / 后 +0.75拍:3t +1拍:4t
169-Save This World νMIX-mas,13.3,143,46,78.462,6/7,6,7,0,1,D,D-同键已在手下,D-同键已在手下|E-相邻键铺垫,0,1,0,0.25,0,4,前 0.25拍前:6t 0.75拍前:6t 1拍前:5t / 后 +0.75拍:5t +1拍:6t
169-Save This World νMIX-mas,13.3,143,47,80.14,2/3,2,3,0,1,D,D-同键已在手下,D-同键已在手下|E-相邻键铺垫,0,1,0,0.25,0,4,前 0.25拍前:3t 0.75拍前:4t 1拍前:3t / 后 +1拍:1h +5拍:3h
172-円舞曲、君に-mas,13.3,128,29,55.711,2/3,3,2,0,0,,E-相邻键铺垫,E-相邻键铺垫,0,1,0,0.333,1,3,前 0.333拍前:1t 1拍前:1t 1.333拍前:8t / 后 +0.667拍:4* +1拍:4t
1732-おても☆Yan-mas,13,90,29,79.333,2/3,3,2,0,0,,F2-同型相邻对带过来,F2-同型相邻对带过来|E-相邻键铺垫,0,6,3,0.5,1,4,前 0.5拍前:1t 1拍前:78t 1.167拍前:18t / 后 +0.5拍:1t +1拍:67t
1732-おても☆Yan-mas,13,90,30,80.0,6/7,6,7,0,0,,F1-镜像对带过来,F1-镜像对带过来|E-相邻键铺垫,0,6,4,0.5,2,4,前 0.5拍前:1t 1拍前:23t 1.5拍前:1t / 后 +0.5拍:5t +1拍:34t
1732-おても☆Yan-mas,13,90,31,84.667,6/7,7,6,0,0,,F2-同型相邻对带过来,F2-同型相邻对带过来|E-相邻键铺垫,0,6,3,0.5,1,4,前 0.5拍前:8t 1拍前:12t 1.167拍前:18t / 后 +0.5拍:8t +1拍:23t
1732-おても☆Yan-mas,13,90,32,85.333,2/3,2,3,0,0,,F1-镜像对带过来,F1-镜像对带过来|E-相邻键铺垫,0,6,4,0.5,2,4,前 0.5拍前:8t 1拍前:67t 1.5拍前:8t / 后 +0.5拍:4t +1拍:56t
1787-ユビキリ-mas,13.3,174,44,61.034,6/7,7,6,0,0,,F2-同型相邻对带过来,F2-同型相邻对带过来|E-相邻键铺垫,0,5,4,1.0,1,3,前 1拍前:45t 2拍前:38t 2.5拍前:12t / 后 +0.5拍:67* +1.5拍:67-
1787-ユビキリ-mas,13.3,174,76,104.828,2/3,2,3,0,1,D,D-同键已在手下,D-同键已在手下|H-星星/长条落点送手|E-相邻键铺垫,0,1,0,1.0,0,5,前 1拍前:36-t 2拍前:36*t 3拍前:13-t / 后 +1拍:23-t +2拍:37*t
1823-キレキャリオン-mas,13.1,170,24,34.853,2/3,2,3,0,0,,E-相邻键铺垫,E-相邻键铺垫,0,4,1,0.75,1,2,前 0.75拍前:17t 1.25拍前:6t 1.75拍前:5t / 后 +0.75拍:56t +1.25拍:56*t
1823-キレキャリオン-mas,13.1,170,28,40.5,6/7,6,7,0,0,,E-相邻键铺垫,E-相邻键铺垫,0,8,1,0.75,1,2,前 0.75拍前:28t 1.25拍前:3t 1.75拍前:4t / 后 +0.75拍:34t +1.25拍:34h
1823-キレキャリオン-mas,13.1,170,43,61.765,6/7,7,6,0,1,A/B,A/B-共享键步进,A/B-共享键步进|H-星星/长条落点送手|E-相邻键铺垫,0,7,1,1.0,0,3,前 1拍前:17t 3拍前:17h- 4拍前:1* / 后 +1拍:48t +1.5拍:48t
1823-キレキャリオン-mas,13.1,170,45,64.588,2/3,2,3,0,1,A/B,A/B-共享键步进,A/B-共享键步进|H-星星/长条落点送手|E-相邻键铺垫,0,4,1,1.0,0,3,前 1拍前:28t 3拍前:15- 4拍前:15- / 后 +1拍:34t +2拍:46*t
1823-キレキャリオン-mas,13.1,170,69,98.471,2/3,3,2,0,1,A/B,A/B-共享键步进,A/B-共享键步进|H-星星/长条落点送手|E-相邻键铺垫,0,7,1,1.0,0,5,前 1拍前:28t 3拍前:28h- 4拍前:8* / 后 +1拍:26t +1.5拍:26t
1823-キレキャリオン-mas,13.1,170,71,101.294,6/7,6,7,0,1,A/B,A/B-共享键步进,A/B-共享键步进|H-星星/长条落点送手|E-相邻键铺垫,0,4,1,1.0,0,5,前 1拍前:17t 3拍前:15- 4拍前:15- / 后 +1拍:56t +2拍:35*t
1836-曖昧mind-mas,13.4,135,59,105.778,6/7,6,7,0,1,C,C-等距轮转,C-等距轮转|F2-同型相邻对带过来,0,5,1,0.5,2,5,前 0.5拍前:34t 1拍前:2t 1.25拍前:1t / 后 +0.5拍:12t +1拍:45t
1836-曖昧mind-mas,13.4,135,63,112.889,2/3,2,3,0,1,C,C-等距轮转,C-等距轮转|H-星星/长条落点送手|F2-同型相邻对带过来,0,5,1,0.5,2,5,前 0.5拍前:56t 1拍前:7t 1.25拍前:8t / 后 +0.5拍:78t +1拍:45t
203-Garakuta Doll Play-mas,14.2,256,57,54.141,6/7,7,6,0,1,D,D-同键已在手下,D-同键已在手下|F2-同型相邻对带过来|E-相邻键铺垫,0,2,0,1.5,0,3,前 1.5拍前:12t 3拍前:68t 7拍前:5t / 后 +1拍:13t +5拍:13t
203-Garakuta Doll Play-mas,14.2,256,59,56.016,2/3,3,2,0,1,D,D-同键已在手下,D-同键已在手下|F1-镜像对带过来|E-相邻键铺垫,0,1,0,1.5,0,3,前 1.5拍前:78t 3拍前:13t 7拍前:13t / 后 +1拍:5t +3拍:18*t
204-System “Z”-mas,14.4,147,23,38.265,2/3,3,2,0,1,D,D-同键已在手下,D-同键已在手下|G-同对回访|E-相邻键铺垫,0,1,0,0.75,0,2,前 0.75拍前:23* 1.5拍前:14t 2拍前:58t / 后 +0.25拍:23- +1.5拍:8t
204-System “Z”-remas,14.2,147,23,38.265,2/3,3,2,0,1,D,D-同键已在手下,D-同键已在手下|G-同对回访|E-相邻键铺垫,0,1,0,0.75,0,2,前 0.75拍前:23* 1.5拍前:14t 2拍前:58t / 后 +0.25拍:23- +1.5拍:2*
207-裏表ラバーズ-mas,13.9,159,5,8.679,6/7,7,6,0,1,A/B,A/B-共享键步进,A/B-共享键步进|F2-同型相邻对带过来|E-相邻键铺垫,0,2,1,0.5,0,1,前 0.5拍前:8t 1拍前:56t 1.5拍前:3t / 后 +1拍:8t +1.5拍:7t
207-裏表ラバーズ-mas,13.9,159,6,10.189,2/3,3,2,0,1,A/B,A/B-共享键步进,A/B-共享键步进|F2-同型相邻对带过来|E-相邻键铺垫,0,2,1,0.5,0,1,前 0.5拍前:1t 1拍前:34t 1.5拍前:6t / 后 +1拍:1t +1.5拍:2t
207-裏表ラバーズ-mas,13.9,159,35,53.962,2/3,2,3,0,0,,E-相邻键铺垫,E-相邻键铺垫,0,1,0,0.5,2,3,前 0.5拍前:5t 0.75拍前:6t 1.25拍前:4t / 后 +0.5拍:4t +1拍:7t
207-裏表ラバーズ-mas,13.9,159,36,55.472,6/7,6,7,0,0,,E-相邻键铺垫,E-相邻键铺垫,0,1,0,0.5,2,3,前 0.5拍前:4t 0.75拍前:3t 1.25拍前:5t / 后 +0.5拍:5t +1拍:2t
207-裏表ラバーズ-mas,13.9,159,37,56.981,2/3,2,3,0,0,,E-相邻键铺垫,E-相邻键铺垫,0,2,0,0.5,2,3,前 0.5拍前:5t 0.75拍前:6t 1.25拍前:4t / 后 +0.5拍:34t +1拍:7t
207-裏表ラバーズ-mas,13.9,159,38,58.491,6/7,7,6,0,0,,E-相邻键铺垫,E-相邻键铺垫,0,1,0,0.5,2,3,前 0.5拍前:4t 0.75拍前:3t 1.25拍前:5t / 后 +1拍:1* +1.5拍:4*
208-ぽっぴっぽー-mas,13.3,150,44,71.4,2/3,2,3,0,1,A/B,A/B-共享键步进,A/B-共享键步进|F2-同型相邻对带过来|E-相邻键铺垫,0,3,1,0.5,0,4,前 0.5拍前:34t 1拍前:5t 1.25拍前:6t / 后 +0.5拍:34t +1.5拍:2t
208-ぽっぴっぽー-mas,13.3,150,45,73.0,6/7,6,7,0,1,A/B,A/B-共享键步进,A/B-共享键步进|F2-同型相邻对带过来|E-相邻键铺垫,0,3,1,0.5,0,4,前 0.5拍前:56t 1拍前:4t 1.25拍前:3t / 后 +0.5拍:56t +1.5拍:1*
208-ぽっぴっぽー-mas,13.3,150,48,78.0,6/7,7,6,0,1,A/B,A/B-共享键步进,A/B-共享键步进|F2-同型相邻对带过来|E-相邻键铺垫,0,3,2,0.5,0,4,前 0.5拍前:78t 1拍前:56t 1.5拍前:4t / 后 +1拍:7t +1.5拍:7t
208-ぽっぴっぽー-mas,13.3,150,49,79.6,2/3,2,3,0,1,A/B,A/B-共享键步进,A/B-共享键步进|F2-同型相邻对带过来|E-相邻键铺垫,0,3,2,0.5,0,5,前 0.5拍前:12t 1拍前:34t 1.5拍前:5t / 后 +1拍:8* +2拍:28-*
227-セツナトリップ-mas,13.3,145,23,38.276,6/7,6,7,0,0,,F2-同型相邻对带过来,F2-同型相邻对带过来|E-相邻键铺垫,0,5,1,0.5,1,2,前 0.5拍前:18t 0.75拍前:8t 1拍前:3t / 后 +0.5拍:45t +1拍:23t
227-セツナトリップ-mas,13.3,145,23,38.69,2/3,2,3,0,0,,F1-镜像对带过来,F1-镜像对带过来|E-相邻键铺垫,0,5,3,0.5,1,2,前 0.5拍前:45t 1拍前:67t 1.5拍前:18t / 后 +0.5拍:78* +1.5拍:78-
227-セツナトリップ-mas,13.3,145,40,67.655,6/7,7,6,0,1,D,D-同键已在手下,D-同键已在手下|E-相邻键铺垫,0,11,4,0.75,0,4,前 0.75拍前:48t 1.5拍前:37t 2拍前:26t / 后 +1拍:68t +1.5拍:23t
227-セツナトリップ-mas,13.3,145,41,68.276,2/3,2,3,1,0,,F1-镜像对带过来,F1-镜像对带过来|E-相邻键铺垫,0,11,6,0.5,2,4,前 0.5拍前:68t 1.5拍前:67t 2.25拍前:48t / 后 +0.5拍:13t +1拍:56t
227-セツナトリップ-mas,13.3,145,42,70.552,6/7,6,7,0,0,,E-相邻键铺垫,E-相邻键铺垫,0,3,0,0.5,1,4,前 0.5拍前:4t 0.75拍前:5t 1拍前:4t / 后 +0.5拍:18t +1拍:23t
227-セツナトリップ-mas,13.3,145,42,70.966,2/3,2,3,0,1,C,C-等距轮转,C-等距轮转|F1-镜像对带过来|E-相邻键铺垫,0,3,2,0.5,1,4,前 0.5拍前:18t 1拍前:67t 1.5拍前:4t / 后 +0.5拍:5t +1拍:6t
227-セツナトリップ-mas,13.3,145,44,74.276,2/3,2,3,0,1,D,D-同键已在手下,D-同键已在手下|F2-同型相邻对带过来|E-相邻键铺垫,0,11,4,0.75,0,4,前 0.75拍前:78t 1.5拍前:36t 2拍前:14t / 后 +1拍:13t +1.5拍:67t
227-セツナトリップ-mas,13.3,145,45,74.897,6/7,6,7,1,0,,F1-镜像对带过来,F1-镜像对带过来|E-相邻键铺垫,0,11,6,0.5,2,4,前 0.5拍前:13t 1.5拍前:23t 2.25拍前:78t / 后 +0.5拍:68t +1拍:34t
241-コトバ・カラフル-mas,13.7,169,8,11.893,6/7,6,7,0,1,A/B,A/B-共享键步进,A/B-共享键步进|H-星星/长条落点送手|F2-同型相邻对带过来|E-相邻键铺垫,0,4,3,0.5,0,1,前 0.5拍前:78t 1拍前:18t 1.5拍前:12t / 后 +1拍:23t +1.5拍:34t
241-コトバ・カラフル-mas,13.7,169,9,12.959,6/7,6,7,0,0,,G-同对回访,G-同对回访|F1-镜像对带过来|E-相邻键铺垫,0,13,2,1.0,1,1,前 1拍前:45t 1.5拍前:34t 2拍前:23t / 后 +0.5拍:56t +1拍:45t
241-コトバ・カラフル-mas,13.7,169,9,13.669,2/3,2,3,0,0,,F1-镜像对带过来,F1-镜像对带过来|E-相邻键铺垫,0,13,5,1.0,1,1,前 1拍前:45t 1.5拍前:56t 2拍前:67t / 后 +0.5拍:12t +1拍:18t
241-コトバ・カラフル-mas,13.7,169,35,50.059,2/3,2,3,0,1,A/B,A/B-共享键步进,A/B-共享键步进|H-星星/长条落点送手|F2-同型相邻对带过来|E-相邻键铺垫,0,7,1,0.5,0,3,前 0.5拍前:12t 1.5拍前:8t 2拍前:58-t / 后 +0.5拍:34t +1拍:23t
241-コトバ・カラフル-mas,13.7,169,35,50.414,2/3,2,3,0,1,A/B,A/B-共享键步进,A/B-共享键步进|G-同对回访|H-星星/长条落点送手|F2-同型相邻对带过来|E-相邻键铺垫,0,7,3,0.5,0,3,前 0.5拍前:34t 1拍前:23t 1.5拍前:12t / 后 +0.5拍:78t +1拍:16t
241-コトバ・カラフル-mas,13.7,169,37,52.899,6/7,6,7,0,1,A/B,A/B-共享键步进,A/B-共享键步进|H-星星/长条落点送手|F2-同型相邻对带过来|E-相邻键铺垫,0,7,1,0.5,0,4,前 0.5拍前:78t 1.5拍前:4t 2拍前:14-t / 后 +0.5拍:56t +1拍:67t
241-コトバ・カラフル-mas,13.7,169,37,53.254,6/7,6,7,0,1,A/B,A/B-共享键步进,A/B-共享键步进|G-同对回访|H-星星/长条落点送手|F2-同型相邻对带过来|E-相邻键铺垫,0,7,3,0.5,0,4,前 0.5拍前:56t 1拍前:67t 1.5拍前:78t / 后 +0.5拍:12t +1拍:38t
290-B.B.K.K.B.K.K-mas,14,170,4,6.0,2/3,2,3,0,0,,E-相邻键铺垫,E-相邻键铺垫,0,7,1,1.0,1,1,前 1拍前:14t 2.5拍前:15t 3拍前:48t / 后 +1拍:67t +1.5拍:56t
290-B.B.K.K.B.K.K-mas,14,170,4,6.353,6/7,7,6,0,0,,F1-镜像对带过来,F1-镜像对带过来|E-相邻键铺垫,0,7,2,1.0,2,1,前 1拍前:23t 2拍前:14t 3.5拍前:15t / 后 +0.5拍:56t +1拍:45t
290-B.B.K.K.B.K.K-mas,14,170,28,39.882,2/3,3,2,0,1,A/B,A/B-共享键步进,A/B-共享键步进|F2-同型相邻对带过来|E-相邻键铺垫,0,15,9,0.5,0,2,前 0.5拍前:2t 1拍前:12t 2拍前:35t / 后 +0.5拍:2t +1拍:28t
290-B.B.K.K.B.K.K-mas,14,170,29,41.294,6/7,7,6,0,1,A/B,A/B-共享键步进,A/B-共享键步进|F2-同型相邻对带过来|E-相邻键铺垫,0,15,13,0.5,0,2,前 0.5拍前:7t 1拍前:78t 1.5拍前:2t / 后 +0.5拍:7t +1拍:17ht
290-B.B.K.K.B.K.K-mas,14,170,39,56.118,6/7,7,6,1,0,,F2-同型相邻对带过来,F2-同型相邻对带过来|E-相邻键铺垫,0,2,1,1.0,1,3,前 1拍前:18t 1.5拍前:2t 2拍前:7t / 后 +1拍:67-* +2拍:7-
312-Outlaw's Lullaby-mas,14,145,42,70.138,2/3,3,2,0,0,,F2-同型相邻对带过来,F2-同型相邻对带过来|E-相邻键铺垫,0,12,3,0.5,1,4,前 0.5拍前:45t 1拍前:17t 1.5拍前:34t / 后 +0.5拍:67t +1拍:28t
312-Outlaw's Lullaby-mas,14,145,42,70.345,6/7,6,7,0,0,,F1-镜像对带过来,F1-镜像对带过来|E-相邻键铺垫,0,12,4,0.5,1,4,前 0.5拍前:23t 1拍前:45t 1.5拍前:17t / 后 +0.5拍:28t +1拍:45t
312-Outlaw's Lullaby-mas,14,145,42,70.966,6/7,6,7,0,0,,G-同对回访,G-同对回访|F1-镜像对带过来|E-相邻键铺垫,0,12,7,0.5,1,4,前 0.5拍前:45t 1拍前:28t 1.5拍前:67t / 后 +0.5拍:12t +1拍:46t
312-Outlaw's Lullaby-mas,14,145,47,79.241,6/7,6,7,0,0,,F2-同型相邻对带过来,F2-同型相邻对带过来|E-相邻键铺垫,0,3,0,0.5,1,4,前 0.5拍前:5t 0.75拍前:4t 1.25拍前:12t / 后 +1拍:25t +1.75拍:47t
312-Outlaw's Lullaby-mas,14,145,52,87.724,6/7,7,6,1,0,,E-相邻键铺垫,E-相邻键铺垫,0,6,5,0.5,1,5,前 0.5拍前:38t 1.25拍前:25t 2拍前:47t / 后 +1.5拍:23t +2.75拍:5t
312-Outlaw's Lullaby-mas,14,145,53,88.345,2/3,2,3,1,1,D,D-同键已在手下,D-同键已在手下|F1-镜像对带过来|E-相邻键铺垫,0,1,0,1.5,0,5,前 1.5拍前:67t 2拍前:38t 2.75拍前:25t / 后 +1.25拍:5t +1.5拍:4t
314-FLOWER-mas,13.9,173,39,54.104,2/3,3,2,0,0,,E-相邻键铺垫,E-相邻键铺垫,0,3,0,0.5,1,3,前 0.5拍前:1t 1拍前:8t 1.25拍前:4t / 后 +0.75拍:67t +1.5拍:18t
314-FLOWER-mas,13.9,173,39,54.364,6/7,6,7,0,0,,F1-镜像对带过来,F1-镜像对带过来|E-相邻键铺垫,0,3,1,0.75,2,3,前 0.75拍前:23t 1.25拍前:1t 1.75拍前:8t / 后 +0.75拍:18t +1.25拍:5t
314-FLOWER-mas,13.9,173,43,59.653,6/7,7,6,0,0,,F2-同型相邻对带过来,F2-同型相邻对带过来|E-相邻键铺垫,0,4,1,0.5,1,3,前 0.5拍前:45t 1拍前:3t 1.25拍前:7t / 后 +0.75拍:23t +1.5拍:18t
314-FLOWER-mas,13.9,173,43,59.913,2/3,2,3,0,0,,F1-镜像对带过来,F1-镜像对带过来|E-相邻键铺垫,0,4,2,0.75,1,3,前 0.75拍前:67t 1.25拍前:45t 1.75拍前:3t / 后 +0.75拍:18t +1.25拍:4t
314-FLOWER-mas,13.9,173,68,95.723,2/3,3,2,0,0,,E-相邻键铺垫,E-相邻键铺垫,0,7,0,1.0,1,4,前 1拍前:48- 2拍前:48* 3拍前:15- / 后 +0.75拍:67t +1.5拍:15t
314-FLOWER-mas,13.9,173,69,95.983,6/7,6,7,0,0,,F1-镜像对带过来,F1-镜像对带过来|E-相邻键铺垫,0,7,1,0.75,1,5,前 0.75拍前:23t 1.75拍前:48- 2.75拍前:48* / 后 +0.75拍:15t +1.5拍:48t
314-FLOWER-remas,14.2,173,58,81.243,6/7,6,7,0,1,D,D-同键已在手下,D-同键已在手下|H-星星/长条落点送手|E-相邻键铺垫,0,6,3,0.75,0,4,前 0.75拍前:38h 1.5拍前:16h 2.25拍前:57h / 后 +0.75拍:46*t +1.25拍:35t
314-FLOWER-remas,14.2,173,80,111.763,6/7,6,7,0,1,D,D-同键已在手下,D-同键已在手下|H-星星/长条落点送手|E-相邻键铺垫,0,6,3,0.75,0,5,前 0.75拍前:38h 1.5拍前:16h 2.25拍前:57h / 后 +0.75拍:46t +1.25拍:35t
314-FLOWER-remas,14.2,173,84,117.312,2/3,2,3,0,1,D,D-同键已在手下,D-同键已在手下|H-星星/长条落点送手|E-相邻键铺垫,0,7,3,0.75,0,5,前 0.75拍前:16h 1.5拍前:38h 2.25拍前:24h / 后 +0.75拍:35t +1.25拍:46t
316-Got more raves？-mas,14.1,266,72,65.414,2/3,2,3,0,1,A/B,A/B-共享键步进,A/B-共享键步进|F2-同型相邻对带过来|E-相邻键铺垫,0,4,1,1.0,0,3,前 1拍前:34t 2.5拍前:45t 3.5拍前:45t / 后 +1拍:12t +2拍:18t
317-Windy Hill -Zone 1-mas,13.4,194,96,118.918,6/7,7,6,0,1,A/B,A/B-共享键步进,A/B-共享键步进|F2-同型相邻对带过来|E-相邻键铺垫,0,16,12,1.0,0,5,前 1拍前:36t 1.5拍前:18t 2.5拍前:47t / 后 +0.5拍:58t +1拍:14t
317-Windy Hill -Zone 1-mas,13.4,194,96,119.381,2/3,2,3,0,0,,F1-镜像对带过来,F1-镜像对带过来|E-相邻键铺垫,0,16,15,0.5,1,5,前 0.5拍前:14t 1拍前:58t 1.5拍前:67t / 后 +1拍:67* +2拍:67-
318-Scars of FAUNA-mas,13.8,165,29,43.273,6/7,6,7,0,1,A/B,A/B-共享键步进,A/B-共享键步进|E-相邻键铺垫,0,4,3,0.5,0,2,前 0.5拍前:27t 1.25拍前:68t 2拍前:27t / 后 +4拍:15* +5拍:15-
318-Scars of FAUNA-mas,13.8,165,78,114.182,2/3,2,3,0,1,A/B,A/B-共享键步进,A/B-共享键步进|E-相邻键铺垫,0,4,3,0.5,0,5,前 0.5拍前:27t 1.25拍前:13t 2拍前:27t / 后 +1拍:4t +1.75拍:5t
323-Cosmic Magic Shooter-mas,13.9,163,66,97.914,2/3,3,2,0,0,,E-相邻键铺垫,E-相邻键铺垫,0,8,5,1.0,1,5,前 1拍前:15t 1.5拍前:48t 2.5拍前:26t / 后 +0.5拍:67t +1.5拍:27t
323-Cosmic Magic Shooter-mas,13.9,163,66,98.098,6/7,6,7,0,0,,F1-镜像对带过来,F1-镜像对带过来|E-相邻键铺垫,0,8,6,0.5,1,5,前 0.5拍前:23t 1.5拍前:15t 2拍前:48t / 后 +1拍:27t +1.5拍:1t
325-ロストワンの号哭-remas,14.2,162,10,15.741,6/7,7,6,0,0,,H-星星/长条落点送手,H-星星/长条落点送手,0,1,0,0.75,3,1,前 0.75拍前:3- 1拍前:3t 1.75拍前:3* / 后 +0.5拍:5t +1拍:4t
325-ロストワンの号哭-remas,14.2,162,14,21.667,2/3,3,2,0,0,,H-星星/长条落点送手,H-星星/长条落点送手,0,1,0,0.75,3,1,前 0.75拍前:6- 1拍前:6t 1.75拍前:6* / 后 +0.5拍:4t +1拍:5t
325-ロストワンの号哭-remas,14.2,162,32,48.333,2/3,2,3,0,1,D,D-同键已在手下,D-同键已在手下|H-星星/长条落点送手|E-相邻键铺垫,0,6,0,1.0,0,2,前 1拍前:28-t 1.25拍前:8t 1.75拍前:2t / 后 +0.5拍:67t +1拍:45t
325-ロストワンの号哭-remas,14.2,162,32,48.519,6/7,7,6,0,0,,H-星星/长条落点送手,H-星星/长条落点送手|F1-镜像对带过来|E-相邻键铺垫,0,6,1,0.5,1,2,前 0.5拍前:23t 1.5拍前:28-t 1.75拍前:8t / 后 +0.5拍:45t +1拍:18t
325-ロストワンの号哭-remas,14.2,162,35,51.852,2/3,3,2,0,1,D,D-同键已在手下,D-同键已在手下|G-同对回访|H-星星/长条落点送手|F2-同型相邻对带过来|E-相邻键铺垫,0,1,0,0.5,0,3,前 0.5拍前:23* 1.5拍前:56- 2拍前:56t / 后 +0.5拍:23- +1.5拍:67*
325-ロストワンの号哭-remas,14.2,162,35,52.593,6/7,7,6,0,1,D,D-同键已在手下,D-同键已在手下|G-同对回访|H-星星/长条落点送手|F1-镜像对带过来|E-相邻键铺垫,0,1,0,0.5,0,3,前 0.5拍前:67* 1.5拍前:23- 2拍前:23t / 后 +0.5拍:67- +1.5拍:4*
330-二息歩行-mas,13.3,180,72,96.0,2/3,3,2,0,0,,F2-同型相邻对带过来,F2-同型相邻对带过来|E-相邻键铺垫,0,5,0,1.0,1,5,前 1拍前:18-t 2拍前:18-* 3拍前:18-* / 后 +0.5拍:2t +1拍:12t
330-二息歩行-mas,13.3,180,72,96.667,2/3,3,2,0,1,A/B,A/B-共享键步进,A/B-共享键步进|G-同对回访|F2-同型相邻对带过来|E-相邻键铺垫,0,5,2,0.5,0,5,前 0.5拍前:2t 1拍前:12t 1.5拍前:2t / 后 +0.5拍:2t +1拍:12t
330-二息歩行-mas,13.3,180,73,97.333,2/3,3,2,0,1,A/B,A/B-共享键步进,A/B-共享键步进|G-同对回访|F2-同型相邻对带过来|E-相邻键铺垫,0,5,4,0.5,0,5,前 0.5拍前:2t 1拍前:12t 1.5拍前:2t / 后 +1拍:5t +2拍:7t
330-二息歩行-mas,13.3,180,74,98.667,6/7,7,6,0,1,D,D-同键已在手下,D-同键已在手下|F1-镜像对带过来|E-相邻键铺垫,0,5,0,1.0,0,5,前 1拍前:1t 2拍前:7t 3拍前:5t / 后 +0.5拍:7t +1拍:78t
330-二息歩行-mas,13.3,180,74,99.333,6/7,7,6,0,1,A/B,A/B-共享键步进,A/B-共享键步进|G-同对回访|F2-同型相邻对带过来|E-相邻键铺垫,0,5,2,0.5,0,5,前 0.5拍前:7t 1拍前:78t 1.5拍前:7t / 后 +0.5拍:7t +1拍:78t
330-二息歩行-mas,13.3,180,75,100.0,6/7,7,6,0,1,A/B,A/B-共享键步进,A/B-共享键步进|G-同对回访|F2-同型相邻对带过来|E-相邻键铺垫,0,5,4,0.5,0,5,前 0.5拍前:7t 1拍前:78t 1.5拍前:7t / 后 +1拍:4t +2拍:2t
330-二息歩行-mas,13.3,180,76,101.333,2/3,3,2,0,1,D,D-同键已在手下,D-同键已在手下|F1-镜像对带过来|E-相邻键铺垫,0,4,0,1.0,0,5,前 1拍前:8t 2拍前:2t 3拍前:4t / 后 +0.5拍:2t +1拍:24t
337-クローバー♣クラブ-mas,13.3,150,16,27.0,2/3,3,2,0,0,,H-星星/长条落点送手,H-星星/长条落点送手|E-相邻键铺垫,0,1,0,1.5,1,2,前 1.5拍前:16- 2.5拍前:16- 3.5拍前:16* / 后 +1拍:4t +1.5拍:5t
337-クローバー♣クラブ-mas,13.3,150,20,33.4,6/7,7,6,0,0,,H-星星/长条落点送手,H-星星/长条落点送手|E-相邻键铺垫,0,1,0,1.5,1,2,前 1.5拍前:38- 2.5拍前:38- 3.5拍前:38* / 后 +1拍:5t +1.5拍:4t
337-クローバー♣クラブ-mas,13.3,150,65,104.8,6/7,6,7,1,1,D,D-同键已在手下,D-同键已在手下|F2-同型相邻对带过来|E-相邻键铺垫,0,1,0,1.5,0,5,前 1.5拍前:18- 2拍前:36- 2.5拍前:18* / 后 +1.5拍:1h +2拍:5t
337-クローバー♣クラブ-mas,13.3,150,69,111.2,2/3,3,2,1,1,D,D-同键已在手下,D-同键已在手下|F2-同型相邻对带过来|E-相邻键铺垫,0,1,0,1.5,0,5,前 1.5拍前:18- 2拍前:36- 2.5拍前:18* / 后 +1.5拍:5h +2拍:1t
34-Like the Wind [Reborn]-mas,14,200,4,5.25,6/7,6,7,0,0,,F2-同型相邻对带过来,F2-同型相邻对带过来|E-相邻键铺垫,0,6,1,1.0,2,1,前 1拍前:12t 2拍前:3t 2.5拍前:58-t / 后 +1拍:34t +2拍:56t
34-Like the Wind [Reborn]-mas,14,200,5,6.15,2/3,2,3,0,1,D,D-同键已在手下,D-同键已在手下|F1-镜像对带过来|E-相邻键铺垫,0,6,4,1.0,0,1,前 1拍前:56t 2拍前:34t 3拍前:67t / 后 +1拍:78t +1.5拍:1t
34-Like the Wind [Reborn]-mas,14,200,6,7.2,6/7,7,6,0,0,,F2-同型相邻对带过来,F2-同型相邻对带过来|E-相邻键铺垫,0,2,1,0.5,1,1,前 0.5拍前:18t 1.5拍前:2t 2拍前:1t / 后 +0.5拍:5t +0.75拍:4t
34-Like the Wind [Reborn]-mas,14,200,6,7.8,6/7,6,7,0,0,,G-同对回访,G-同对回访|E-相邻键铺垫,0,1,0,1.0,1,1,前 1拍前:5t 1.25拍前:4t 1.5拍前:5t / 后 +0.5拍:8t +0.75拍:1t
34-Like the Wind [Reborn]-mas,14,200,7,8.7,6/7,6,7,0,0,,F2-同型相邻对带过来,F2-同型相邻对带过来|E-相邻键铺垫,0,8,1,1.0,1,1,前 1拍前:12t 2拍前:8t 2.25拍前:1t / 后 +1拍:34t +2拍:56t
34-Like the Wind [Reborn]-mas,14,200,10,12.45,6/7,6,7,0,0,,H-星星/长条落点送手,H-星星/长条落点送手|F2-同型相邻对带过来|E-相邻键铺垫,0,6,1,1.0,2,1,前 1拍前:12t 2拍前:3t 2.5拍前:58-t / 后 +1拍:34t +2拍:56t
34-Like the Wind [Reborn]-mas,14,200,11,13.35,2/3,2,3,0,1,D,D-同键已在手下,D-同键已在手下|F1-镜像对带过来|E-相邻键铺垫,0,6,4,1.0,0,1,前 1拍前:56t 2拍前:34t 3拍前:67t / 后 +1拍:78t +2拍:1t
34-Like the Wind [Reborn]-mas,14,200,16,19.2,2/3,2,3,0,0,,E-相邻键铺垫,E-相邻键铺垫,0,3,0,0.5,1,1,前 0.5拍前:4t 1拍前:5t 1.5拍前:6t / 后 +1拍:45t +2拍:23t
34-Like the Wind [Reborn]-mas,14,200,16,19.8,2/3,2,3,0,1,D,D-同键已在手下,D-同键已在手下|G-同对回访|F2-同型相邻对带过来|E-相邻键铺垫,0,3,2,1.0,0,1,前 1拍前:45t 2拍前:23t 2.5拍前:4t / 后 +0.5拍:1t +1拍:8t
34-Like the Wind [Reborn]-mas,14,200,17,21.45,2/3,2,3,0,0,,F2-同型相邻对带过来,F2-同型相邻对带过来|E-相邻键铺垫,0,8,4,0.5,1,1,前 0.5拍前:1t 1拍前:78t 1.5拍前:6t / 后 +0.5拍:18t +1.5拍:47t
34-Like the Wind [Reborn]-mas,14,200,18,22.2,2/3,2,3,0,0,,G-同对回访,G-同对回访|F2-同型相邻对带过来|E-相邻键铺垫,0,8,7,1.0,1,2,前 1拍前:47t 2拍前:18t 2.5拍前:23t / 后 +0.5拍:4t +1拍:5t
34-Like the Wind [Reborn]-mas,14,200,20,24.6,2/3,3,2,0,1,D,D-同键已在手下,D-同键已在手下|E-相邻键铺垫,0,3,2,1.0,0,2,前 1拍前:46t 2拍前:35t 2.5拍前:4t / 后 +0.5拍:1t +1拍:8t
34-Like the Wind [Reborn]-mas,14,200,20,25.05,6/7,6,7,0,0,,F1-镜像对带过来,F1-镜像对带过来|E-相邻键铺垫,0,5,0,0.5,1,2,前 0.5拍前:8t 1拍前:1t 1.5拍前:23t / 后 +1拍:12t +1.5拍:8t
34-Like the Wind [Reborn]-mas,14,200,21,26.25,6/7,7,6,0,0,,F2-同型相邻对带过来,F2-同型相邻对带过来|E-相邻键铺垫,0,5,4,0.5,1,2,前 0.5拍前:8t 1拍前:12t 1.5拍前:1t / 后 +0.5拍:8* +1.5拍:28-*
34-Like the Wind [Reborn]-mas,14,200,81,97.2,2/3,2,3,1,0,,E-相邻键铺垫,E-相邻键铺垫,0,5,0,0.5,1,5,前 0.5拍前:1t 1拍前:8t 1.5拍前:3t / 后 +1拍:48t +2拍:26t
352-鼓動-mas,13.3,121,29,58.512,2/3,2,3,0,0,,F2-同型相邻对带过来,F2-同型相邻对带过来|E-相邻键铺垫,0,54,33,0.5,1,4,前 0.5拍前:18t 1拍前:56t 1.5拍前:18t / 后 +0.5拍:18t +1拍:67t
352-鼓動-mas,13.3,121,29,59.008,6/7,6,7,0,0,,F1-镜像对带过来,F1-镜像对带过来|E-相邻键铺垫,0,54,35,0.5,1,4,前 0.5拍前:18t 1拍前:23t 1.5拍前:18t / 后 +0.5拍:18t +1拍:34t
352-鼓動-mas,13.3,121,30,60.496,2/3,3,2,0,1,A/B,A/B-共享键步进,A/B-共享键步进|F2-同型相邻对带过来|E-相邻键铺垫,0,54,41,0.5,0,4,前 0.5拍前:25t 1拍前:56t 1.5拍前:47t / 后 +0.5拍:27t +1拍:67t
352-鼓動-mas,13.3,121,30,60.992,6/7,6,7,0,1,A/B,A/B-共享键步进,A/B-共享键步进|F1-镜像对带过来|E-相邻键铺垫,0,54,43,0.5,0,4,前 0.5拍前:27t 1拍前:23t 1.5拍前:25t / 后 +0.5拍:27t +1拍:12t
37-千本桜-mas,13.4,154,0,0.0,6/7,7,6,0,1,D,D-同键已在手下,D-同键已在手下|J-谱面开头,0,23,0,,0,1,前  / 后 +0.75拍:67t +1.5拍:57t
37-千本桜-mas,13.4,154,0,0.292,6/7,7,6,0,1,A/B,A/B-共享键步进,A/B-共享键步进|G-同对回访|E-相邻键铺垫,0,23,1,0.75,0,1,前 0.75拍前:67t / 后 +0.75拍:57t +1.25拍:23t
37-千本桜-mas,13.4,154,0,0.779,2/3,2,3,0,0,,F1-镜像对带过来,F1-镜像对带过来,0,23,3,0.5,2,1,前 0.5拍前:57t 1.25拍前:67t 2拍前:67t / 后 +0.75拍:23t +1.5拍:24t
37-千本桜-mas,13.4,154,0,1.071,2/3,2,3,0,1,A/B,A/B-共享键步进,A/B-共享键步进|G-同对回访|F1-镜像对带过来|E-相邻键铺垫,0,23,4,0.75,0,1,前 0.75拍前:23t 1.25拍前:57t 2拍前:67t / 后 +0.75拍:24t +1.25拍:67t
37-千本桜-mas,13.4,154,1,1.558,6/7,6,7,0,0,,F1-镜像对带过来,F1-镜像对带过来|E-相邻键铺垫,0,23,6,0.5,2,1,前 0.5拍前:24t 1.25拍前:23t 2拍前:23t / 后 +0.75拍:67t +1.5拍:68t
37-千本桜-mas,13.4,154,1,1.851,6/7,6,7,0,1,A/B,A/B-共享键步进,A/B-共享键步进|G-同对回访|F1-镜像对带过来|E-相邻键铺垫,0,23,7,0.75,0,1,前 0.75拍前:67t 1.25拍前:24t 2拍前:23t / 后 +0.75拍:68t +1.25拍:23t
37-千本桜-mas,13.4,154,1,2.338,2/3,3,2,0,0,,F1-镜像对带过来,F1-镜像对带过来|E-相邻键铺垫,0,23,9,0.5,2,1,前 0.5拍前:68t 1.25拍前:67t 2拍前:67t / 后 +1拍:13t +2拍:78t
37-千本桜-mas,13.4,154,21,33.506,2/3,3,2,0,1,D,D-同键已在手下,D-同键已在手下|H-星星/长条落点送手|E-相邻键铺垫,0,1,0,0.5,0,2,前 0.5拍前:2t 1拍前:8- 2拍前:28h* / 后 +1拍:23-t +2拍:26h*
37-千本桜-mas,13.4,154,23,36.623,2/3,3,2,0,1,D,D-同键已在手下,D-同键已在手下|H-星星/长条落点送手|F2-同型相邻对带过来|E-相邻键铺垫,0,1,0,0.5,0,2,前 0.5拍前:2t 1拍前:6- 2拍前:26h* / 后 +1拍:23-t +2拍:27h*
37-千本桜-mas,13.4,154,26,40.519,6/7,7,6,0,1,D,D-同键已在手下,D-同键已在手下|H-星星/长条落点送手|E-相邻键铺垫,0,1,0,1.0,0,2,前 1拍前:37-t 2拍前:37*t 2.5拍前:7t / 后 +1拍:6- +1.5拍:7t
37-千本桜-mas,13.4,154,30,47.045,6/7,6,7,0,1,A/B,A/B-共享键步进,A/B-共享键步进|F2-同型相邻对带过来|E-相邻键铺垫,0,11,8,0.75,0,3,前 0.75拍前:78t 1.25拍前:2t 1.75拍前:13t / 后 +0.75拍:56t +1.25拍:34t
37-千本桜-mas,13.4,154,38,59.513,6/7,6,7,0,1,A/B,A/B-共享键步进,A/B-共享键步进|F2-同型相邻对带过来|E-相邻键铺垫,0,4,1,0.75,0,3,前 0.75拍前:56t 1.25拍前:4t 1.75拍前:3t / 后 +0.75拍:78t +1.25拍:25t
37-千本桜-mas,13.4,154,40,62.63,2/3,2,3,0,1,A/B,A/B-共享键步进,A/B-共享键步进|F2-同型相邻对带过来|E-相邻键铺垫,0,4,1,0.75,0,3,前 0.75拍前:12t 1.25拍前:8t 1.75拍前:7t / 后 +0.75拍:34t +1.25拍:16t
37-千本桜-mas,13.4,154,66,104.026,2/3,2,3,0,1,A/B,A/B-共享键步进,A/B-共享键步进|F2-同型相邻对带过来|E-相邻键铺垫,0,7,1,0.5,0,5,前 0.5拍前:34t 1拍前:5t 1.25拍前:4t / 后 +0.5拍:12t +1拍:25t
373-緋色のDance-mas,13.3,155,48,74.516,2/3,3,2,0,1,D,D-同键已在手下,D-同键已在手下|F2-同型相邻对带过来|E-相邻键铺垫,0,3,0,1.0,0,4,前 1拍前:18-t 2拍前:28-* 3拍前:2* / 后 +0.5拍:67t +1.5拍:45t
373-緋色のDance-mas,13.3,155,48,74.71,6/7,6,7,0,0,,H-星星/长条落点送手,H-星星/长条落点送手|F1-镜像对带过来|E-相邻键铺垫,0,3,1,0.5,1,4,前 0.5拍前:23t 1.5拍前:18-t 2.5拍前:28-* / 后 +1拍:45t +1.5拍:3t
380-儚きもの人間-mas,13.8,180,14,19.333,2/3,3,2,0,0,,F2-同型相邻对带过来,F2-同型相邻对带过来|E-相邻键铺垫,0,4,0,1.0,1,1,前 1拍前:18- 2拍前:18* 2.5拍前:27t / 后 +0.75拍:67t +1.5拍:18t
380-儚きもの人間-mas,13.8,180,14,19.583,6/7,6,7,0,0,,F1-镜像对带过来,F1-镜像对带过来|E-相邻键铺垫,0,4,1,0.75,1,1,前 0.75拍前:23t 1.75拍前:18- 2.75拍前:18* / 后 +0.75拍:18t +1.25拍:18*
393-Panopticon-mas,14.4,110,0,1.5,6/7,7,6,0,1,A/B,A/B-共享键步进,A/B-共享键步进|F2-同型相邻对带过来|E-相邻键铺垫,0,2,1,0.5,0,1,前 0.5拍前:78t 0.75拍前:78*t 1.25拍前:3t / 后 +0.25拍:7- +1.25拍:12t
393-Panopticon-mas,14.4,110,1,3.682,2/3,2,3,0,1,A/B,A/B-共享键步进,A/B-共享键步进|H-星星/长条落点送手|F2-同型相邻对带过来|E-相邻键铺垫,0,2,1,0.5,0,1,前 0.5拍前:12t 0.75拍前:12*t 1.25拍前:6t / 后 +0.25拍:2- +1.25拍:7t
393-Panopticon-remas,14.3,110,48,106.636,6/7,6,7,0,0,,F2-同型相邻对带过来,F2-同型相邻对带过来|E-相邻键铺垫,0,14,5,0.5,1,5,前 0.5拍前:45t 1.125拍前:45h 1.187拍前:6t / 后 +0.5拍:1t +0.562拍:2t
393-Panopticon-remas,14.3,110,49,108.205,6/7,7,6,0,1,A/B,A/B-共享键步进,A/B-共享键步进|F2-同型相邻对带过来|E-相邻键铺垫,0,14,9,0.063,1,5,前 0.062拍前:5t 0.125拍前:4t 0.75拍前:56h / 后 +0.625拍:67t +1.125拍:45t
393-Panopticon-remas,14.3,110,49,108.545,6/7,7,6,0,1,A/B,A/B-共享键步进,A/B-共享键步进|G-同对回访|F2-同型相邻对带过来|E-相邻键铺垫,0,14,10,0.625,0,5,前 0.625拍前:67h 0.687拍前:5t 0.75拍前:4t / 后 +0.5拍:45t +1拍:45t
400-ECHO-mas,13.5,140,44,76.286,6/7,7,6,0,0,,F1-镜像对带过来,F1-镜像对带过来|E-相邻键铺垫,0,1,0,1.0,2,3,前 1拍前:12-t 1.5拍前:2t 2拍前:23*t / 后 +0.5拍:7t +1拍:78-t
400-ECHO-mas,13.5,140,45,77.143,2/3,3,2,0,0,,F1-镜像对带过来,F1-镜像对带过来|E-相邻键铺垫,0,1,0,1.0,2,4,前 1拍前:78-t 1.5拍前:7t 2拍前:67*t / 后 +0.5拍:2t +1拍:12-t
400-ECHO-mas,13.5,140,45,78.0,6/7,7,6,0,0,,F1-镜像对带过来,F1-镜像对带过来|E-相邻键铺垫,0,1,0,1.0,2,4,前 1拍前:12-t 1.5拍前:2t 2拍前:23*t / 后 +0.5拍:7t +1拍:78-t
400-ECHO-mas,13.5,140,46,79.714,6/7,6,7,0,0,,F1-镜像对带过来,F1-镜像对带过来|E-相邻键铺垫,0,1,0,1.0,2,4,前 1拍前:34-t 1.5拍前:3t 2拍前:23*t / 后 +0.5拍:6t +1拍:56-t
400-ECHO-mas,13.5,140,47,80.571,2/3,2,3,0,0,,F1-镜像对带过来,F1-镜像对带过来|E-相邻键铺垫,0,1,0,1.0,2,4,前 1拍前:56-t 1.5拍前:6t 2拍前:67*t / 后 +0.5拍:3t +1拍:34-t
400-ECHO-mas,13.5,140,47,81.429,6/7,6,7,0,0,,F1-镜像对带过来,F1-镜像对带过来|E-相邻键铺垫,0,1,0,1.0,2,4,前 1拍前:34-t 1.5拍前:3t 2拍前:23*t / 后 +0.5拍:6t +1拍:56-t
"402-Endless, Sleepless Night-mas",13.3,165,13,19.636,2/3,2,3,0,1,D,D-同键已在手下,D-同键已在手下|F2-同型相邻对带过来|E-相邻键铺垫,0,6,3,0.5,0,1,前 0.5拍前:78t 1.5拍前:12t 2.5拍前:38t / 后 +0.5拍:56t +1.5拍:34t
404-四次元跳躍機関-mas,13.4,135,21,37.778,2/3,3,2,0,1,D,D-同键已在手下,D-同键已在手下|E-相邻键铺垫,0,1,0,0.5,0,2,前 0.5拍前:2t 0.75拍前:4t 1拍前:3t / 后 +0.5拍:3t +0.75拍:4t
404-四次元跳躍機関-mas,13.4,135,22,39.556,6/7,7,6,0,1,D,D-同键已在手下,D-同键已在手下|E-相邻键铺垫,0,1,0,0.5,0,2,前 0.5拍前:7t 0.75拍前:5t 1拍前:6t / 后 +0.5拍:7t +0.75拍:8t
404-四次元跳躍機関-mas,13.4,135,23,41.333,2/3,2,3,0,1,D,D-同键已在手下,D-同键已在手下|E-相邻键铺垫,0,1,0,0.5,0,2,前 0.5拍前:3t 0.75拍前:1t 1拍前:2t / 后 +0.5拍:2t +0.75拍:1t
404-四次元跳躍機関-mas,13.4,135,24,43.111,6/7,6,7,0,1,D,D-同键已在手下,D-同键已在手下|E-相邻键铺垫,0,1,0,0.5,0,2,前 0.5拍前:6t 0.75拍前:8t 1拍前:7t / 后 +0.5拍:3t +0.75拍:5t
404-四次元跳躍機関-mas,13.4,135,26,46.667,6/7,7,6,0,0,,E-相邻键铺垫,E-相邻键铺垫,0,1,0,0.5,1,2,前 0.5拍前:8t 0.75拍前:4t 1拍前:6t / 后 +0.5拍:4t +0.75拍:8t
404-四次元跳躍機関-mas,13.4,135,27,48.444,2/3,3,2,0,0,,E-相邻键铺垫,E-相邻键铺垫,0,1,0,0.5,1,3,前 0.5拍前:1t 0.75拍前:5t 1拍前:3t / 后 +0.5拍:5t +0.75拍:1t
411-Still-mas,13.4,176,18,25.057,6/7,7,6,0,0,,H-星星/长条落点送手,H-星星/长条落点送手|F2-同型相邻对带过来|E-相邻键铺垫,0,1,0,1.0,1,1,前 1拍前:8- 2拍前:8* 3拍前:8t / 后 +1拍:7t +2拍:7*
411-Still-mas,13.4,176,22,30.511,2/3,3,2,0,0,,H-星星/长条落点送手,H-星星/长条落点送手|F2-同型相邻对带过来|E-相邻键铺垫,0,1,0,1.0,1,2,前 1拍前:1- 2拍前:1* 3拍前:1t / 后 +1拍:2t +2拍:2*
413-TRUST-mas,13.1,190,46,58.421,2/3,3,2,0,1,A/B,A/B-共享键步进,A/B-共享键步进|F2-同型相邻对带过来|E-相邻键铺垫,0,3,2,0.5,0,3,前 0.5拍前:2t 1拍前:12t 2拍前:78t / 后 +0.5拍:2t +1拍:28-t
413-TRUST-mas,13.1,190,47,59.368,6/7,7,6,0,1,A/B,A/B-共享键步进,A/B-共享键步进|F2-同型相邻对带过来|E-相邻键铺垫,0,2,1,0.5,0,3,前 0.5拍前:7t 1拍前:78t 2拍前:28-t / 后 +0.5拍:7t +1拍:17-*
413-TRUST-mas,13.1,190,48,60.947,6/7,7,6,0,1,A/B,A/B-共享键步进,A/B-共享键步进|F2-同型相邻对带过来|E-相邻键铺垫,0,2,1,0.5,0,3,前 0.5拍前:7t 1拍前:78t 2拍前:5- / 后 +0.5拍:7t +1拍:17-t
413-TRUST-mas,13.1,190,54,68.526,6/7,7,6,0,1,A/B,A/B-共享键步进,A/B-共享键步进|F2-同型相邻对带过来|E-相邻键铺垫,0,3,2,0.5,0,3,前 0.5拍前:7t 1拍前:78t 2拍前:12t / 后 +0.5拍:7t +1拍:17-t
413-TRUST-mas,13.1,190,55,69.474,2/3,3,2,0,1,A/B,A/B-共享键步进,A/B-共享键步进|F2-同型相邻对带过来|E-相邻键铺垫,0,2,1,0.5,0,3,前 0.5拍前:2t 1拍前:12t 2拍前:17-t / 后 +0.5拍:2t +1拍:28-*
413-TRUST-mas,13.1,190,56,71.053,2/3,3,2,0,1,A/B,A/B-共享键步进,A/B-共享键步进|F2-同型相邻对带过来|E-相邻键铺垫,0,2,1,0.5,0,3,前 0.5拍前:2t 1拍前:12t 2拍前:4- / 后 +0.5拍:2t +1拍:28-t
413-TRUST-mas,13.1,190,66,83.684,6/7,7,6,0,1,A/B,A/B-共享键步进,A/B-共享键步进|F2-同型相邻对带过来|E-相邻键铺垫,0,3,2,0.5,0,4,前 0.5拍前:7t 1拍前:78t 2拍前:12t / 后 +0.5拍:7t +1拍:17-t
413-TRUST-mas,13.1,190,67,84.632,2/3,3,2,0,1,A/B,A/B-共享键步进,A/B-共享键步进|F2-同型相邻对带过来|E-相邻键铺垫,0,2,1,0.5,0,4,前 0.5拍前:2t 1拍前:12t 2拍前:17-t / 后 +0.5拍:2t +1拍:28-*
413-TRUST-mas,13.1,190,68,86.211,2/3,3,2,0,1,A/B,A/B-共享键步进,A/B-共享键步进|F2-同型相邻对带过来|E-相邻键铺垫,0,2,1,0.5,0,4,前 0.5拍前:2t 1拍前:12t 2拍前:4- / 后 +0.5拍:2t +1拍:28-t
413-TRUST-mas,13.1,190,74,93.789,2/3,3,2,0,1,A/B,A/B-共享键步进,A/B-共享键步进|F2-同型相邻对带过来|E-相邻键铺垫,0,3,2,0.5,0,4,前 0.5拍前:2t 1拍前:12t 2拍前:78t / 后 +0.5拍:2t +1拍:28-t
413-TRUST-mas,13.1,190,75,94.737,6/7,7,6,0,1,A/B,A/B-共享键步进,A/B-共享键步进|F2-同型相邻对带过来|E-相邻键铺垫,0,2,1,0.5,0,4,前 0.5拍前:7t 1拍前:78t 2拍前:28-t / 后 +0.5拍:7t +1拍:17-*
413-TRUST-mas,13.1,190,76,96.316,6/7,7,6,0,1,A/B,A/B-共享键步进,A/B-共享键步进|F2-同型相邻对带过来|E-相邻键铺垫,0,2,1,0.5,0,5,前 0.5拍前:7t 1拍前:78t 2拍前:5- / 后 +0.5拍:7t +1拍:17-t
419-エピクロスの虹はもう見えない-remas,13.2,155,19,30.194,2/3,2,3,0,1,D,D-同键已在手下,D-同键已在手下|H-星星/长条落点送手|F2-同型相邻对带过来|E-相邻键铺垫,0,1,0,1.0,0,2,前 1拍前:1- 2拍前:12h* 3拍前:7- / 后 +1拍:2- +2拍:34h*
419-エピクロスの虹はもう見えない-remas,13.2,155,23,36.387,6/7,7,6,0,1,D,D-同键已在手下,D-同键已在手下|H-星星/长条落点送手|F2-同型相邻对带过来|E-相邻键铺垫,0,1,0,1.0,0,2,前 1拍前:5- 2拍前:56h* 3拍前:2t / 后 +1拍:6- +2拍:78h*
419-エピクロスの虹はもう見えない-remas,13.2,155,27,42.581,6/7,6,7,0,1,D,D-同键已在手下,D-同键已在手下|H-星星/长条落点送手|F2-同型相邻对带过来|E-相邻键铺垫,0,1,0,1.0,0,2,前 1拍前:8- 2拍前:78h* 3拍前:2- / 后 +1拍:7- +2拍:56h*
419-エピクロスの虹はもう見えない-remas,13.2,155,31,48.774,2/3,3,2,0,1,D,D-同键已在手下,D-同键已在手下|H-星星/长条落点送手|F2-同型相邻对带过来|E-相邻键铺垫,0,1,0,1.0,0,3,前 1拍前:4- 2拍前:34h* 2.5拍前:2t / 后 +1拍:3- +2拍:12h*
422-Hyper Active-mas,13.9,160,56,84.75,2/3,3,2,0,1,A/B,A/B-共享键步进,A/B-共享键步进|F2-同型相邻对带过来|E-相邻键铺垫,0,8,2,0.5,0,4,前 0.5拍前:2t 1拍前:12t 1.5拍前:1t / 后 +0.5拍:3t +1拍:34t
422-Hyper Active-mas,13.9,160,57,86.25,6/7,6,7,0,1,A/B,A/B-共享键步进,A/B-共享键步进|F2-同型相邻对带过来|E-相邻键铺垫,0,8,6,0.5,0,4,前 0.5拍前:6t 1拍前:56t 1.5拍前:5t / 后 +0.5拍:7t +1拍:78t
423-チュルリラ・チュルリラ・ダッダッダ！-mas,13.3,220,15,16.364,2/3,3,2,0,1,D,D-同键已在手下,D-同键已在手下|F2-同型相邻对带过来|E-相邻键铺垫,0,3,2,1.0,0,1,前 1拍前:45t 2拍前:27t 3拍前:18- / 后 +2拍:67h +4拍:2*
423-チュルリラ・チュルリラ・ダッダッダ！-mas,13.3,220,15,16.909,6/7,6,7,0,0,,F1-镜像对带过来,F1-镜像对带过来|E-相邻键铺垫,0,1,0,2.0,1,1,前 2拍前:23h 3拍前:45t 4拍前:27t / 后 +2拍:2* +3拍:27-*
423-チュルリラ・チュルリラ・ダッダッダ！-mas,13.3,220,17,18.545,6/7,7,6,0,1,D,D-同键已在手下,D-同键已在手下|H-星星/长条落点送手|F2-同型相邻对带过来|E-相邻键铺垫,0,1,0,1.0,0,1,前 1拍前:18-t 2拍前:17-* 3拍前:27-* / 后 +1拍:2t +2拍:23ht
423-チュルリラ・チュルリラ・ダッダッダ！-mas,13.3,220,17,19.091,2/3,3,2,0,1,D,D-同键已在手下,D-同键已在手下|H-星星/长条落点送手|F1-镜像对带过来|E-相邻键铺垫,0,1,0,1.0,0,1,前 1拍前:2t 2拍前:67ht 3拍前:18-t / 后 +1拍:7t +2拍:46t
423-チュルリラ・チュルリラ・ダッダッダ！-mas,13.3,220,65,70.909,6/7,6,7,0,1,D,D-同键已在手下,D-同键已在手下|F2-同型相邻对带过来|E-相邻键铺垫,0,1,0,2.0,0,3,前 2拍前:27t 3拍前:45- 4拍前:45* / 后 +1拍:6- +2拍:23h*
423-チュルリラ・チュルリラ・ダッダッダ！-mas,13.3,220,65,71.455,2/3,2,3,0,0,,F1-镜像对带过来,F1-镜像对带过来|E-相邻键铺垫,0,1,0,1.0,3,3,前 1拍前:6- 2拍前:67h* 4拍前:27t / 后 +1拍:3- +2拍:18*
423-チュルリラ・チュルリラ・ダッダッダ！-mas,13.3,220,72,79.636,2/3,2,3,0,1,D,D-同键已在手下,D-同键已在手下|F2-同型相邻对带过来|E-相邻键铺垫,0,1,0,2.0,0,3,前 2拍前:27t 3拍前:45- 4拍前:45* / 后 +1拍:3- +2拍:67h*
423-チュルリラ・チュルリラ・ダッダッダ！-mas,13.3,220,73,80.182,6/7,6,7,0,0,,F1-镜像对带过来,F1-镜像对带过来|E-相邻键铺垫,0,1,0,1.0,3,4,前 1拍前:3- 2拍前:23h* 4拍前:27t / 后 +1拍:6- +2拍:18*
425-デスパレイト-mas,13.9,145,36,60.207,6/7,6,7,0,0,,F2-同型相邻对带过来,F2-同型相邻对带过来|E-相邻键铺垫,0,8,2,0.5,1,3,前 0.5拍前:13t 1拍前:45t 1.5拍前:7t / 后 +0.5拍:24t +1拍:18t
425-デスパレイト-mas,13.9,145,36,61.034,2/3,3,2,0,0,,H-星星/长条落点送手,H-星星/长条落点送手|F1-镜像对带过来|E-相邻键铺垫,0,8,6,0.5,1,3,前 0.5拍前:57t 1拍前:18t 1.5拍前:24t / 后 +0.5拍:68t +1拍:1t
425-デスパレイト-mas,13.9,145,63,104.897,2/3,3,2,0,0,,F2-同型相邻对带过来,F2-同型相邻对带过来|E-相邻键铺垫,0,8,2,0.5,1,5,前 0.5拍前:68t 1拍前:45t 1.5拍前:2t / 后 +0.5拍:57t +1拍:18t
425-デスパレイト-mas,13.9,145,63,105.724,6/7,6,7,0,0,,H-星星/长条落点送手,H-星星/长条落点送手|F1-镜像对带过来|E-相邻键铺垫,0,8,6,0.5,1,5,前 0.5拍前:24t 1拍前:18t 1.5拍前:57t / 后 +0.5拍:13t +1拍:8t
434-日本の米は世界一-mas,13.3,138,25,43.913,6/7,6,7,0,1,A/B,A/B-共享键步进,A/B-共享键步进|F2-同型相邻对带过来|E-相邻键铺垫,0,15,7,0.5,0,2,前 0.5拍前:56t 1拍前:45t 1.5拍前:36t / 后 +0.5拍:78t +1拍:18t
434-日本の米は世界一-mas,13.3,138,25,44.783,2/3,2,3,0,1,A/B,A/B-共享键步进,A/B-共享键步进|F1-镜像对带过来|E-相邻键铺垫,0,15,11,0.5,0,2,前 0.5拍前:12t 1拍前:18t 1.5拍前:78t / 后 +0.5拍:34t +1拍:45*
434-日本の米は世界一-mas,13.3,138,33,57.717,6/7,6,7,1,1,C,C-等距轮转,C-等距轮转|H-星星/长条落点送手|F2-同型相邻对带过来|E-相邻键铺垫,0,3,1,0.75,1,3,前 0.75拍前:12t 1.25拍前:5t 1.75拍前:7h / 后 +0.75拍:34* +1.75拍:34-
434-日本の米は世界一-mas,13.3,138,41,71.63,2/3,2,3,1,1,C,C-等距轮转,C-等距轮转|H-星星/长条落点送手|F2-同型相邻对带过来|E-相邻键铺垫,0,3,1,0.75,1,4,前 0.75拍前:78t 1.25拍前:1t 1.75拍前:3h / 后 +0.75拍:56* +1.75拍:56-
434-日本の米は世界一-mas,13.3,138,50,87.174,2/3,2,3,0,0,,F2-同型相邻对带过来,F2-同型相邻对带过来|E-相邻键铺垫,0,11,1,0.5,1,4,前 0.5拍前:45t 2拍前:18- 3拍前:18* / 后 +0.5拍:45t +1拍:67t
434-日本の米は世界一-mas,13.3,138,50,87.609,6/7,6,7,0,0,,F1-镜像对带过来,F1-镜像对带过来|E-相邻键铺垫,0,11,3,0.5,1,4,前 0.5拍前:45t 1拍前:23t 1.5拍前:45t / 后 +0.5拍:45t +1拍:12t
434-日本の米は世界一-mas,13.3,138,51,90.0,2/3,2,3,1,0,,F2-同型相邻对带过来,F2-同型相邻对带过来|E-相邻键铺垫,0,2,1,0.5,1,4,前 0.5拍前:45t 1拍前:7t 2拍前:56ht / 后 +1拍:1t +1.5拍:45t
44-DO RORO DERODERO ON DO RORO-mas,13.7,190,42,53.053,6/7,6,7,1,1,D,D-同键已在手下,D-同键已在手下|E-相邻键铺垫,0,1,0,1.0,0,3,前 1拍前:7t 2拍前:8h 3拍前:2h / 后 +4拍:2t +4.667拍:1t
440-Mare Maris-mas,13.9,150,43,70.0,6/7,6,7,0,1,A/B,A/B-共享键步进,A/B-共享键步进|F2-同型相邻对带过来|E-相邻键铺垫,0,10,3,0.5,0,3,前 0.5拍前:6t 1拍前:56t 1.5拍前:5t / 后 +0.5拍:7t +1拍:78t
440-Mare Maris-mas,13.9,150,44,71.6,2/3,3,2,0,1,A/B,A/B-共享键步进,A/B-共享键步进|F2-同型相邻对带过来|E-相邻键铺垫,0,10,7,0.5,0,3,前 0.5拍前:2t 1拍前:12t 1.5拍前:1t / 后 +0.5拍:3t +1拍:34t
440-Mare Maris-mas,13.9,150,52,84.0,2/3,2,3,0,0,,H-星星/长条落点送手,H-星星/长条落点送手|F2-同型相邻对带过来|E-相邻键铺垫,0,9,6,0.5,1,4,前 0.5拍前:78h 1拍前:14h 1.5拍前:46h / 后 +0.5拍:46h +1拍:18*t
441-Justified-mas,14,185,98,127.297,6/7,7,6,0,0,,F2-同型相邻对带过来,F2-同型相邻对带过来|E-相邻键铺垫,0,16,9,0.5,2,5,前 0.5拍前:34t 1拍前:1t 1.5拍前:56t / 后 +0.5拍:13t +1拍:45t
441-Justified-mas,14,185,98,127.946,2/3,3,2,0,0,,F1-镜像对带过来,F1-镜像对带过来|E-相邻键铺垫,0,16,13,0.5,1,5,前 0.5拍前:68t 1拍前:45t 1.5拍前:13t / 后 +0.5拍:57t +1拍:18t
443-FEEL the BEATS-mas,13.6,166,24,35.241,2/3,3,2,0,1,D,D-同键已在手下,D-同键已在手下|F2-同型相邻对带过来|E-相邻键铺垫,0,16,13,0.5,0,2,前 0.5拍前:56t 1.5拍前:34t 2拍前:27t / 后 +1拍:67t +2拍:12*
443-FEEL the BEATS-mas,13.6,166,24,35.602,6/7,6,7,0,1,D,D-同键已在手下,D-同键已在手下|F1-镜像对带过来|E-相邻键铺垫,0,16,14,1.0,0,2,前 1拍前:23t 1.5拍前:56t 2.5拍前:34t / 后 +1拍:12* +2拍:12-
443-FEEL the BEATS-mas,13.6,166,27,39.217,2/3,3,2,0,0,,H-星星/长条落点送手,H-星星/长条落点送手,0,3,1,1.0,2,2,前 1拍前:58t 1.5拍前:7t 2拍前:6h / 后 +0.5拍:14* +1.5拍:14-
445-アウターサイエンス-mas,13.3,195,61,75.692,2/3,3,2,0,1,D,D-同键已在手下,D-同键已在手下|H-星星/长条落点送手|E-相邻键铺垫,0,4,0,1.0,0,3,前 1拍前:2t 1.5拍前:26-t 2.5拍前:26-* / 后 +0.5拍:14t +1拍:23t
445-アウターサイエンス-mas,13.3,195,61,76.0,2/3,3,2,0,1,D,D-同键已在手下,D-同键已在手下|G-同对回访|H-星星/长条落点送手|E-相邻键铺垫,0,4,2,0.5,0,3,前 0.5拍前:14t 1拍前:23t 2拍前:2t / 后 +0.5拍:14t +1拍:5t
445-アウターサイエンス-mas,13.3,195,65,80.615,6/7,7,6,0,1,D,D-同键已在手下,D-同键已在手下|H-星星/长条落点送手|E-相邻键铺垫,0,4,0,1.0,0,4,前 1拍前:7t 1.5拍前:37-t 2.5拍前:37-* / 后 +0.5拍:58t +1拍:67t
445-アウターサイエンス-mas,13.3,195,65,80.923,6/7,7,6,0,1,D,D-同键已在手下,D-同键已在手下|G-同对回访|H-星星/长条落点送手|E-相邻键铺垫,0,4,2,0.5,0,4,前 0.5拍前:58t 1拍前:67t 2拍前:7t / 后 +0.5拍:58t +1拍:4t
450-ダンスロボットダンス-mas,13.3,190,36,46.105,6/7,7,6,0,0,,F2-同型相邻对带过来,F2-同型相邻对带过来|E-相邻键铺垫,0,1,0,1.0,1,2,前 1拍前:8t 2拍前:48-t 3拍前:4* / 后 +1拍:4* +2拍:4-
450-ダンスロボットダンス-mas,13.3,190,58,73.895,2/3,3,2,0,0,,H-星星/长条落点送手,H-星星/长条落点送手|F1-镜像对带过来|E-相邻键铺垫,0,1,0,1.0,3,3,前 1拍前:67- 2拍前:67* 3拍前:56t / 后 +1拍:23- +2拍:67*
450-ダンスロボットダンス-mas,13.3,190,94,119.368,6/7,7,6,0,0,,H-星星/长条落点送手,H-星星/长条落点送手|F1-镜像对带过来|E-相邻键铺垫,0,1,0,1.0,3,5,前 1拍前:23- 2拍前:23* 3拍前:18- / 后 +1拍:67- +2拍:23*
454-FestivaLight-mas,13.4,125,32,61.76,2/3,2,3,0,1,D,D-同键已在手下,D-同键已在手下|H-星星/长条落点送手|F2-同型相邻对带过来|E-相邻键铺垫,0,5,4,0.667,0,3,前 0.667拍前:78t 1.667拍前:34t 2.333拍前:68t / 后 +1.333拍:14t +1.667拍:14t
454-FestivaLight-mas,13.4,125,33,63.68,6/7,6,7,0,1,D,D-同键已在手下,D-同键已在手下|F2-同型相邻对带过来|E-相邻键铺垫,0,5,4,0.667,0,3,前 0.667拍前:12t 1.667拍前:56t 2.333拍前:14t / 后 +1.333拍:58t +1.667拍:58t
458-妄想感傷代償連盟-remas,13.2,110,50,109.364,2/3,2,3,0,1,C,C-等距轮转,C-等距轮转|F2-同型相邻对带过来|E-相邻键铺垫,0,4,1,0.5,1,4,前 0.5拍前:45t 1拍前:4t 1.5拍前:3t / 后 +0.5拍:18* +1拍:67t
458-妄想感傷代償連盟-remas,13.2,110,50,109.909,6/7,7,6,0,1,C,C-等距轮转,C-等距轮转|F1-镜像对带过来|E-相邻键铺垫,0,4,3,0.5,1,4,前 0.5拍前:18* 1拍前:23t 1.5拍前:45t / 后 +0.5拍:18- +1.5拍:27*t
458-妄想感傷代償連盟-remas,13.2,110,54,118.091,6/7,6,7,0,1,C,C-等距轮转,C-等距轮转|F2-同型相邻对带过来|E-相邻键铺垫,0,4,1,0.5,1,5,前 0.5拍前:45t 1拍前:5t 1.5拍前:6t / 后 +0.5拍:18* +1拍:23t
458-妄想感傷代償連盟-remas,13.2,110,54,118.636,2/3,3,2,0,1,C,C-等距轮转,C-等距轮转|F1-镜像对带过来|E-相邻键铺垫,0,4,3,0.5,1,5,前 0.5拍前:18* 1拍前:67t 1.5拍前:45t / 后 +0.5拍:18- +1.5拍:36t
467-天火明命-mas,14,155,0,0.387,2/3,2,3,0,0,,F2-同型相邻对带过来,F2-同型相邻对带过来|E-相邻键铺垫,0,7,1,1.0,1,1,前 1拍前:45t / 后 +0.75拍:18t +1.5拍:57t
467-天火明命-mas,14,155,7,11.226,2/3,2,3,0,1,C,C-等距轮转,C-等距轮转|F2-同型相邻对带过来|E-相邻键铺垫,0,4,1,1.0,1,1,前 1拍前:18t 2拍前:7t 3拍前:6t / 后 +1拍:45t +2拍:67t
467-天火明命-mas,14,155,7,12.0,6/7,6,7,0,1,C,C-等距轮转,C-等距轮转|F1-镜像对带过来|E-相邻键铺垫,0,4,3,1.0,1,1,前 1拍前:45t 2拍前:23t 3拍前:18t / 后 +0.5拍:8t +1拍:1t
467-天火明命-mas,14,155,83,129.871,2/3,2,3,0,0,,H-星星/长条落点送手,H-星星/长条落点送手|F2-同型相邻对带过来|E-相邻键铺垫,0,7,3,0.5,1,5,前 0.5拍前:45t 0.75拍前:6t 1拍前:7t / 后 +0.5拍:18t +1拍:2t
467-天火明命-mas,14,155,84,130.645,6/7,7,6,0,0,,F2-同型相邻对带过来,F2-同型相邻对带过来|E-相邻键铺垫,0,7,6,0.5,1,5,前 0.5拍前:45* 0.75拍前:3t 1拍前:2t / 后 +0.5拍:45- +1.5拍:45-
469-keep hopping-mas,13.9,155,13,20.903,2/3,3,2,0,1,A/B,A/B-共享键步进,A/B-共享键步进|F2-同型相邻对带过来|E-相邻键铺垫,0,8,1,0.5,0,1,前 0.5拍前:2t 1拍前:12t 2.25拍前:1t / 后 +0.5拍:2t +1拍:24t
469-keep hopping-mas,13.9,155,14,22.452,6/7,7,6,0,1,A/B,A/B-共享键步进,A/B-共享键步进|F2-同型相邻对带过来|E-相邻键铺垫,0,8,5,0.5,0,1,前 0.5拍前:7t 1拍前:78t 1.5拍前:7t / 后 +0.5拍:7t +1拍:57t
47-Acceleration-mas,13.4,180,25,33.667,6/7,6,7,0,0,,F2-同型相邻对带过来,F2-同型相邻对带过来|E-相邻键铺垫,0,10,6,0.5,1,3,前 0.5拍前:1t 1拍前:28t 2拍前:34t / 后 +0.5拍:5t +1拍:24t
47-Acceleration-mas,13.4,180,30,40.0,2/3,2,3,0,0,,F2-同型相邻对带过来,F2-同型相邻对带过来|E-相邻键铺垫,0,5,4,0.5,1,3,前 0.5拍前:4t 1拍前:56t 1.5拍前:8t / 后 +0.5拍:1t +1拍:8t
47-Acceleration-mas,13.4,180,32,42.833,6/7,6,7,0,0,,F2-同型相邻对带过来,F2-同型相邻对带过来|E-相邻键铺垫,0,6,1,0.5,1,3,前 0.5拍前:18t 1拍前:2t 1.5拍前:3t / 后 +0.5拍:45t +1拍:23t
47-Acceleration-mas,13.4,180,32,43.167,2/3,2,3,0,0,,F1-镜像对带过来,F1-镜像对带过来|E-相邻键铺垫,0,6,3,0.5,1,3,前 0.5拍前:45t 1拍前:67t 1.5拍前:18t / 后 +1拍:46t +1.5拍:57t
47-Acceleration-mas,13.4,180,43,57.667,6/7,6,7,0,0,,F2-同型相邻对带过来,F2-同型相邻对带过来|E-相邻键铺垫,0,5,1,0.5,1,4,前 0.5拍前:1t 1拍前:28t 5拍前:18t / 后 +0.5拍:5t +1拍:24t
47-Acceleration-mas,13.4,180,48,64.0,2/3,2,3,0,0,,F2-同型相邻对带过来,F2-同型相邻对带过来|E-相邻键铺垫,0,5,4,0.5,1,5,前 0.5拍前:4t 1拍前:56t 1.5拍前:8t / 后 +0.5拍:1t +1拍:8t
47-Acceleration-mas,13.4,180,50,66.833,6/7,6,7,0,0,,F2-同型相邻对带过来,F2-同型相邻对带过来|E-相邻键铺垫,0,6,1,0.5,1,5,前 0.5拍前:18t 1拍前:2t 1.5拍前:3t / 后 +0.5拍:45t +1拍:23t
47-Acceleration-mas,13.4,180,50,67.167,2/3,2,3,0,0,,F1-镜像对带过来,F1-镜像对带过来|E-相邻键铺垫,0,6,3,0.5,1,5,前 0.5拍前:45t 1拍前:67t 1.5拍前:18t / 后 +1拍:46t +1.5拍:57t
47-Acceleration-mas,13.4,180,57,76.667,6/7,6,7,0,1,A/B,A/B-共享键步进,A/B-共享键步进|F2-同型相邻对带过来|E-相邻键铺垫,0,20,4,0.5,0,5,前 0.5拍前:56t 1拍前:45t 1.5拍前:34t / 后 +0.5拍:78t +1拍:18t
47-Acceleration-mas,13.4,180,58,77.5,6/7,6,7,0,0,,F2-同型相邻对带过来,F2-同型相邻对带过来|E-相邻键铺垫,0,20,9,0.5,1,5,前 0.5拍前:18t 1拍前:12t 1.5拍前:18t / 后 +0.5拍:45t +1拍:23t
47-Acceleration-mas,13.4,180,58,77.833,2/3,2,3,0,0,,F1-镜像对带过来,F1-镜像对带过来|E-相邻键铺垫,0,20,11,0.5,1,5,前 0.5拍前:45t 1拍前:67t 1.5拍前:18t / 后 +1拍:34t +1.5拍:45t
47-Acceleration-mas,13.4,180,59,79.5,2/3,2,3,0,1,A/B,A/B-共享键步进,A/B-共享键步进|F2-同型相邻对带过来|E-相邻键铺垫,0,20,18,1.0,0,5,前 1拍前:34t 1.5拍前:12t 2拍前:78t / 后 +0.5拍:18t
470-インビジブル-remas,13.7,192,96,120.625,2/3,2,3,0,1,A/B,A/B-共享键步进,A/B-共享键步进|H-星星/长条落点送手|E-相邻键铺垫,0,2,1,1.0,0,5,前 1拍前:26t 1.5拍前:3t 2拍前:4t / 后 +1拍:3- +2拍:67h*
470-インビジブル-remas,13.7,192,97,121.25,6/7,6,7,0,0,,H-星星/长条落点送手,H-星星/长条落点送手|F1-镜像对带过来|E-相邻键铺垫,0,1,0,1.0,3,5,前 1拍前:3- 2拍前:23h* 3拍前:26t / 后 +1拍:6- +2拍:4*
477-Ragnarok-mas,14.1,184,41,53.804,6/7,6,7,0,0,,Z-判不出引导,,0,8,0,0.5,2,3,前 0.5拍前:1t 0.75拍前:4t 1拍前:2t / 后 +0.25拍:67t +0.75拍:23t
477-Ragnarok-mas,14.1,184,41,53.886,6/7,6,7,0,1,A/B,A/B-共享键步进,A/B-共享键步进|G-同对回访|E-相邻键铺垫,0,8,1,0.25,0,3,前 0.25拍前:67t 0.75拍前:1t 1拍前:4t / 后 +0.5拍:23t +0.75拍:23t
477-Ragnarok-mas,14.1,184,41,54.049,2/3,3,2,0,0,,F1-镜像对带过来,F1-镜像对带过来|E-相邻键铺垫,0,8,2,0.5,3,3,前 0.5拍前:67t 0.75拍前:67t 1.25拍前:1t / 后 +0.25拍:23t +0.75拍:18t
477-Ragnarok-mas,14.1,184,41,54.13,2/3,3,2,0,1,A/B,A/B-共享键步进,A/B-共享键步进|G-同对回访|F1-镜像对带过来|E-相邻键铺垫,0,8,3,0.25,0,3,前 0.25拍前:23t 0.75拍前:67t 1拍前:67t / 后 +0.5拍:18t +0.75拍:18t
477-Ragnarok-mas,14.1,184,51,66.522,6/7,6,7,0,1,D,D-同键已在手下,D-同键已在手下|E-相邻键铺垫,0,1,0,1.0,0,3,前 1拍前:2- 2拍前:26*t 2.5拍前:5t / 后 +0.5拍:6t +1拍:7h
477-Ragnarok-mas,14.1,184,52,68.478,2/3,2,3,0,1,A/B,A/B-共享键步进,A/B-共享键步进|E-相邻键铺垫,0,2,1,0.25,1,3,前 0.25拍前:4t 0.5拍前:5t 0.75拍前:6t / 后 +0.5拍:3t +1拍:2h
477-Ragnarok-mas,14.1,184,54,71.576,2/3,2,3,0,1,D,D-同键已在手下,D-同键已在手下|H-星星/长条落点送手|F2-同型相邻对带过来|E-相邻键铺垫,0,19,4,0.75,0,4,前 0.75拍前:56h 1.5拍前:12h 2.25拍前:78h / 后 +0.75拍:67h +1.5拍:18t
477-Ragnarok-mas,14.1,184,55,71.821,6/7,7,6,0,1,D,D-同键已在手下,D-同键已在手下|H-星星/长条落点送手|F1-镜像对带过来|E-相邻键铺垫,0,19,5,0.75,0,4,前 0.75拍前:23h 1.5拍前:56h 2.25拍前:12h / 后 +0.75拍:18t +1.75拍:37t
477-Ragnarok-mas,14.1,184,82,107.283,2/3,2,3,1,1,D,D-同键已在手下,D-同键已在手下|F2-同型相邻对带过来|E-相邻键铺垫,0,3,2,0.5,0,5,前 0.5拍前:45t 1拍前:13t 1.5拍前:8t / 后 +0.75拍:1t +1.5拍:67ht
477-Ragnarok-mas,14.1,184,82,107.772,6/7,6,7,1,0,,F1-镜像对带过来,F1-镜像对带过来|E-相邻键铺垫,0,1,0,0.75,2,5,前 0.75拍前:1t 1.5拍前:23ht 2拍前:45t / 后 +0.75拍:8t +1.5拍:15ht
483-ULTRA B+K-mas,13.9,175,28,39.086,2/3,2,3,0,1,D,D-同键已在手下,D-同键已在手下|G-同对回访|H-星星/长条落点送手|E-相邻键铺垫,0,1,0,0.5,0,2,前 0.5拍前:23* 1拍前:1t 1.25拍前:8t / 后 +0.5拍:23- +2拍:67t
483-ULTRA B+K-mas,13.9,175,29,39.771,6/7,6,7,0,0,,F1-镜像对带过来,F1-镜像对带过来,0,1,0,1.5,3,2,前 1.5拍前:23- 2拍前:23t 2.5拍前:23* / 后 +0.5拍:3t +0.75拍:4t
483-ULTRA B+K-mas,13.9,175,64,88.029,2/3,2,3,0,1,A/B,A/B-共享键步进,A/B-共享键步进|H-星星/长条落点送手|F2-同型相邻对带过来|E-相邻键铺垫,0,3,1,0.75,0,4,前 0.75拍前:34h 1.25拍前:1t 1.75拍前:1t / 后 +0.75拍:12*t +1.75拍:18-t
483-ULTRA B+K-mas,13.9,175,65,89.4,6/7,6,7,0,1,A/B,A/B-共享键步进,A/B-共享键步进|F2-同型相邻对带过来|E-相邻键铺垫,0,3,1,0.75,0,4,前 0.75拍前:56h 1.25拍前:6t 2.25拍前:18-t / 后 +0.75拍:78*t +1.75拍:17-t
491-極圏-mas,14.4,207,3,3.768,6/7,6,7,0,0,,E-相邻键铺垫,E-相邻键铺垫,0,6,1,1.0,1,1,前 1拍前:25h 1.333拍前:1t 1.667拍前:4t / 后 +1拍:13h +2拍:46h
500-Alea jacta est!-mas,14.4,162,27,41.481,2/3,2,3,0,0,,F2-同型相邻对带过来,F2-同型相邻对带过来|E-相邻键铺垫,0,1,0,1.0,2,2,前 1拍前:7t 2拍前:56t 3拍前:2t / 后 +1拍:3- +2拍:67h*
500-Alea jacta est!-mas,14.4,162,28,42.222,6/7,7,6,0,0,,F1-镜像对带过来,F1-镜像对带过来|E-相邻键铺垫,0,1,0,1.0,3,2,前 1拍前:3- 2拍前:23h* 3拍前:7t / 后 +1拍:7- +2拍:27t
501-B.M.S-mas,14.2,200,2,3.3,2/3,3,2,0,1,D,D-同键已在手下,D-同键已在手下|F2-同型相邻对带过来|E-相邻键铺垫,0,2,0,0.5,0,1,前 0.5拍前:2t 1拍前:2t 1.5拍前:4t / 后 +0.5拍:23t +1拍:4h
501-B.M.S-mas,14.2,200,2,3.45,2/3,3,2,0,1,A/B,A/B-共享键步进,A/B-共享键步进|G-同对回访|E-相邻键铺垫,0,2,1,0.5,0,1,前 0.5拍前:23t 1拍前:2t 1.5拍前:2t / 后 +0.5拍:4h +1拍:4h
51-腐れ外道とチョコレゐト-mas,13.7,260,18,17.308,2/3,2,3,0,0,,E-相邻键铺垫,E-相邻键铺垫,0,2,1,1.0,1,1,前 1拍前:47t 2拍前:6t 3拍前:3t / 后 +1拍:5t +1.5拍:6t
51-腐れ外道とチョコレゐト-mas,13.7,260,66,60.923,2/3,3,2,0,0,,E-相邻键铺垫,E-相邻键铺垫,0,1,0,1.0,1,3,前 1拍前:1t 2拍前:8t 3拍前:27-t / 后 +1.5拍:68t +3拍:56t
51-腐れ外道とチョコレゐト-mas,13.7,260,89,82.154,2/3,3,2,0,1,D,D-同键已在手下,D-同键已在手下|H-星星/长条落点送手|F1-镜像对带过来|E-相邻键铺垫,0,1,0,1.0,0,4,前 1拍前:2t 2拍前:1t 3拍前:68-t / 后 +1拍:24-t +2拍:5t
51-腐れ外道とチョコレゐト-mas,13.7,260,92,85.385,6/7,7,6,0,0,,E-相邻键铺垫,E-相邻键铺垫,0,1,0,1.0,1,4,前 1拍前:28-t 2拍前:28*t 2.5拍前:4t / 后 +1拍:67-t +2拍:28*t
51-腐れ外道とチョコレゐト-mas,13.7,260,93,86.308,6/7,7,6,0,0,,G-同对回访,G-同对回访|E-相邻键铺垫,0,1,0,1.0,1,4,前 1拍前:28-t 2拍前:28*t 3拍前:67-t / 后 +1拍:67-t +2拍:28*t
51-腐れ外道とチョコレゐト-mas,13.7,260,96,89.077,2/3,3,2,0,0,,F2-同型相邻对带过来,F2-同型相邻对带过来|E-相邻键铺垫,0,1,0,1.0,1,4,前 1拍前:17-t 2拍前:17*t 5拍前:18- / 后 +1拍:23-t +2拍:17*t
51-腐れ外道とチョコレゐト-mas,13.7,260,97,90.0,2/3,3,2,0,0,,G-同对回访,G-同对回访|E-相邻键铺垫,0,1,0,1.0,1,4,前 1拍前:17-t 2拍前:17*t 3拍前:23-t / 后 +1拍:23-t +2拍:17*t
512-夜明けまであと３秒-mas,14,182,36,48.284,6/7,6,7,0,0,,F1-镜像对带过来,F1-镜像对带过来|E-相邻键铺垫,0,3,0,0.5,1,2,前 0.5拍前:5t 0.75拍前:4t 1拍前:5t / 后 +0.5拍:58t +1.5拍:18t
512-夜明けまであと３秒-mas,14,182,55,74.08,6/7,7,6,0,1,A/B,A/B-共享键步进,A/B-共享键步进|H-星星/长条落点送手|E-相邻键铺垫,0,8,5,0.75,0,3,前 0.75拍前:57h 1.5拍前:47h 2.25拍前:37h / 后 +0.75拍:78h +1.5拍:17h
512-夜明けまであと３秒-mas,14,182,86,114.877,6/7,6,7,0,0,,F1-镜像对带过来,F1-镜像对带过来|E-相邻键铺垫,0,2,0,0.5,1,5,前 0.5拍前:5t 0.75拍前:4t 1拍前:5t / 后 +0.5拍:58ht +1.5拍:1t
516-幸せになれる隠しコマンドがあるらしい-mas,14,142,6,10.141,2/3,3,2,0,1,D,D-同键已在手下,D-同键已在手下|E-相邻键铺垫,0,16,0,1.0,0,1,前 1拍前:2t 2拍前:7t 3拍前:3t / 后 +1拍:45t +2拍:18t
516-幸せになれる隠しコマンドがあるらしい-mas,14,142,6,11.408,2/3,2,3,0,0,,G-同对回访,G-同对回访|F2-同型相邻对带过来|E-相邻键铺垫,0,16,3,1.0,1,1,前 1拍前:18t 2拍前:45t 3拍前:23t / 后 +1拍:23t +2拍:45t
516-幸せになれる隠しコマンドがあるらしい-mas,14,142,7,11.831,2/3,2,3,0,1,A/B,A/B-共享键步进,A/B-共享键步进|G-同对回访|F2-同型相邻对带过来|E-相邻键铺垫,0,16,4,1.0,0,1,前 1拍前:23t 2拍前:18t 3拍前:45t / 后 +1拍:45t +2拍:23t
516-幸せになれる隠しコマンドがあるらしい-mas,14,142,7,12.676,2/3,2,3,0,1,D,D-同键已在手下,D-同键已在手下|G-同对回访|F2-同型相邻对带过来|E-相邻键铺垫,0,16,6,1.0,0,1,前 1拍前:45t 2拍前:23t 3拍前:23t / 后 +1拍:23t +2拍:18t
516-幸せになれる隠しコマンドがあるらしい-mas,14,142,7,13.099,2/3,2,3,0,1,A/B,A/B-共享键步进,A/B-共享键步进|G-同对回访|F2-同型相邻对带过来|E-相邻键铺垫,0,16,7,1.0,0,1,前 1拍前:23t 2拍前:45t 3拍前:23t / 后 +1拍:18t +2拍:18t
516-幸せになれる隠しコマンドがあるらしい-mas,14,142,9,15.211,6/7,7,6,0,0,,F2-同型相邻对带过来,F2-同型相邻对带过来|E-相邻键铺垫,0,16,12,1.0,1,1,前 1拍前:45t 2拍前:45t 3拍前:18t / 后 +1拍:23t +2拍:27t
516-幸せになれる隠しコマンドがあるらしい-mas,14,142,9,15.634,2/3,2,3,0,0,,F1-镜像对带过来,F1-镜像对带过来|E-相邻键铺垫,0,16,13,1.0,1,1,前 1拍前:67t 2拍前:45t 3拍前:45t / 后 +1拍:27t +2拍:36*t
55-ウッーウッーウマウマ(ﾟ∀ﾟ)-mas,13.4,164,9,13.171,6/7,6,7,0,0,,H-星星/长条落点送手,H-星星/长条落点送手|E-相邻键铺垫,0,1,0,3.999,2,1,前 4拍前:4- 5拍前:4* 6.5拍前:5t / 后 +1拍:8t +3拍:1t
55-ウッーウッーウマウマ(ﾟ∀ﾟ)-mas,13.4,164,21,31.007,6/7,7,6,0,1,D,D-同键已在手下,D-同键已在手下|F2-同型相邻对带过来|E-相邻键铺垫,0,5,1,1.0,0,2,前 1拍前:45t 1.5拍前:7t 2拍前:6t / 后 +1拍:23t +2拍:78t
55-ウッーウッーウマウマ(ﾟ∀ﾟ)-mas,13.4,164,21,31.37,2/3,2,3,0,0,,F1-镜像对带过来,F1-镜像对带过来|E-相邻键铺垫,0,5,2,1.0,1,2,前 1拍前:67t 2拍前:45t 2.5拍前:7t / 后 +1拍:78t +2拍:12t
55-ウッーウッーウマウマ(ﾟ∀ﾟ)-mas,13.4,164,24,35.007,2/3,3,2,0,1,D,D-同键已在手下,D-同键已在手下|F2-同型相邻对带过来|E-相邻键铺垫,0,17,4,1.0,0,2,前 1拍前:78t 2拍前:12t 3拍前:56t / 后 +1拍:67t +2拍:34t
55-ウッーウッーウマウマ(ﾟ∀ﾟ)-mas,13.4,164,24,35.37,6/7,6,7,0,1,D,D-同键已在手下,D-同键已在手下|F1-镜像对带过来|E-相邻键铺垫,0,17,5,1.0,0,2,前 1拍前:23t 2拍前:78t 3拍前:12t / 后 +1拍:34t +2拍:56t
55-ウッーウッーウマウマ(ﾟ∀ﾟ)-mas,13.4,164,25,36.825,6/7,7,6,0,1,A/B,A/B-共享键步进,A/B-共享键步进|F2-同型相邻对带过来|E-相邻键铺垫,0,17,10,1.0,0,2,前 1拍前:56t 1.5拍前:45t 2拍前:56t / 后 +1拍:23t +2拍:78t
55-ウッーウッーウマウマ(ﾟ∀ﾟ)-mas,13.4,164,25,37.188,2/3,2,3,0,0,,F1-镜像对带过来,F1-镜像对带过来|E-相邻键铺垫,0,17,11,1.0,2,2,前 1拍前:67t 2拍前:56t 2.5拍前:45t / 后 +1拍:78t +2拍:12t
55-ウッーウッーウマウマ(ﾟ∀ﾟ)-mas,13.4,164,27,39.553,6/7,6,7,0,1,D,D-同键已在手下,D-同键已在手下|E-相邻键铺垫,0,33,0,0.5,0,3,前 0.5拍前:6t 1.497拍前:28t 2.494拍前:17t / 后 +1拍:24t +1.5拍:3t
55-ウッーウッーウマウマ(ﾟ∀ﾟ)-mas,13.4,164,28,41.376,6/7,6,7,1,0,,F2-同型相邻对带过来,F2-同型相邻对带过来|E-相邻键铺垫,0,33,5,1.0,1,3,前 1拍前:18t 1.5拍前:1t 2拍前:27t / 后 +1拍:18t +2拍:67t
55-ウッーウッーウマウマ(ﾟ∀ﾟ)-mas,13.4,164,28,42.106,6/7,6,7,0,1,D,D-同键已在手下,D-同键已在手下|G-同对回访|F2-同型相邻对带过来|E-相邻键铺垫,0,33,7,1.0,0,3,前 1拍前:18t 2拍前:67t 3拍前:18t / 后 +0.5拍:2t +1拍:12t
55-ウッーウッーウマウマ(ﾟ∀ﾟ)-mas,13.4,164,30,44.294,2/3,2,3,1,0,,F2-同型相邻对带过来,F2-同型相邻对带过来|E-相邻键铺垫,0,33,13,1.0,1,3,前 1拍前:45t 1.5拍前:5t 2拍前:36t / 后 +1拍:45t +2拍:23t
55-ウッーウッーウマウマ(ﾟ∀ﾟ)-mas,13.4,164,30,45.024,2/3,3,2,0,1,D,D-同键已在手下,D-同键已在手下|G-同对回访|F2-同型相邻对带过来|E-相邻键铺垫,0,33,15,1.0,0,3,前 1拍前:45t 2拍前:23t 3拍前:45t / 后 +0.5拍:4t +1拍:45t
55-ウッーウッーウマウマ(ﾟ∀ﾟ)-mas,13.4,164,36,52.86,6/7,7,6,0,1,D,D-同键已在手下,D-同键已在手下|F2-同型相邻对带过来|E-相邻键铺垫,0,6,0,0.5,0,3,前 0.5拍前:7t 1.5拍前:45t 2拍前:5t / 后 +1拍:23t +2拍:67t
55-ウッーウッーウマウマ(ﾟ∀ﾟ)-mas,13.4,164,36,53.224,2/3,2,3,0,0,,F1-镜像对带过来,F1-镜像对带过来|E-相邻键铺垫,0,6,1,1.0,3,3,前 1拍前:67t 1.5拍前:7t 2.5拍前:45t / 后 +1拍:67t +2拍:56t
55-ウッーウッーウマウマ(ﾟ∀ﾟ)-mas,13.4,164,36,53.587,6/7,7,6,0,1,D,D-同键已在手下,D-同键已在手下|G-同对回访|F1-镜像对带过来|E-相邻键铺垫,0,6,2,1.0,0,3,前 1拍前:23t 2拍前:67t 2.5拍前:7t / 后 +1拍:56t +2拍:34t
55-ウッーウッーウマウマ(ﾟ∀ﾟ)-mas,13.4,164,42,61.587,2/3,2,3,0,1,D,D-同键已在手下,D-同键已在手下|F2-同型相邻对带过来|E-相邻键铺垫,0,5,0,0.5,0,4,前 0.5拍前:3t 1.5拍前:12t 2拍前:2t / 后 +1拍:67t +2拍:18t
55-ウッーウッーウマウマ(ﾟ∀ﾟ)-mas,13.4,164,42,61.951,6/7,7,6,0,0,,F1-镜像对带过来,F1-镜像对带过来,0,5,1,1.0,3,4,前 1拍前:23t 1.5拍前:3t 2.5拍前:12t / 后 +1拍:18t +2拍:13t
562-ENERGY SYNERGY MATRIX-mas,13.9,160,52,78.75,2/3,3,2,0,1,A/B,A/B-共享键步进,A/B-共享键步进|F2-同型相邻对带过来|E-相邻键铺垫,0,10,4,0.5,0,4,前 0.5拍前:2t 1拍前:12t 1.5拍前:1t / 后 +0.5拍:3t +1拍:34t
562-ENERGY SYNERGY MATRIX-mas,13.9,160,53,80.25,6/7,6,7,0,1,A/B,A/B-共享键步进,A/B-共享键步进|F2-同型相邻对带过来|E-相邻键铺垫,0,10,8,0.5,0,4,前 0.5拍前:6t 1拍前:56t 1.5拍前:5t / 后 +0.5拍:7t +1拍:78t
57-ナイト・オブ・ナイツ-mas,13.3,180,47,63.667,6/7,7,6,1,1,A/B,A/B-共享键步进,A/B-共享键步进|F1-镜像对带过来|E-相邻键铺垫,0,3,2,1.0,0,3,前 1拍前:56t 2拍前:34t 3拍前:23t / 后 +1拍:3t +2拍:2t
58-おちゃめ機能-mas,13.6,150,37,59.2,2/3,2,3,1,1,A/B,A/B-共享键步进,A/B-共享键步进|E-相邻键铺垫,0,4,1,1.0,0,4,前 1拍前:36t 1.25拍前:5t 1.5拍前:6t / 后 +0.75拍:45t +1.5拍:18t
591-Moon of Noon-mas,14.4,200,14,17.4,6/7,6,7,0,0,,H-星星/长条落点送手,H-星星/长条落点送手|F2-同型相邻对带过来|E-相邻键铺垫,0,2,0,2.0,2,1,前 2拍前:34- 3拍前:34* 4拍前:12t / 后 +1拍:58h +2拍:1*
591-Moon of Noon-mas,14.4,200,18,22.2,2/3,2,3,0,0,,H-星星/长条落点送手,H-星星/长条落点送手|F2-同型相邻对带过来|E-相邻键铺垫,0,2,0,2.0,2,1,前 2拍前:56- 3拍前:56* 4拍前:78t / 后 +1拍:14h +2拍:8*
591-Moon of Noon-mas,14.4,200,39,47.4,2/3,2,3,0,1,A/B,A/B-共享键步进,A/B-共享键步进|H-星星/长条落点送手|F2-同型相邻对带过来|E-相邻键铺垫,0,8,4,1.0,0,3,前 1拍前:12t 2拍前:12t 3拍前:48h / 后 +0.5拍:34t +1拍:45t
591-Moon of Noon-mas,14.4,200,50,60.45,6/7,6,7,0,1,A/B,A/B-共享键步进,A/B-共享键步进|F2-同型相邻对带过来|E-相邻键铺垫,0,21,4,0.5,0,3,前 0.5拍前:56t 1拍前:45t 1.5拍前:34t / 后 +0.5拍:68t +1拍:57t
60-39-mas,13,175,20,28.629,6/7,6,7,0,0,,E-相邻键铺垫,E-相邻键铺垫,0,4,0,1.0,1,2,前 1拍前:4t 1.5拍前:5t 2拍前:3t / 后 +1拍:18t +2拍:23t
60-39-mas,13,175,21,29.314,2/3,2,3,0,1,C,C-等距轮转,C-等距轮转|F1-镜像对带过来|E-相邻键铺垫,0,4,2,1.0,1,2,前 1拍前:18t 2拍前:67t 3拍前:4t / 后 +1拍:45t +2.5拍:3t
60-39-mas,13,175,38,52.629,6/7,7,6,0,1,D,D-同键已在手下,D-同键已在手下|F2-同型相邻对带过来|E-相邻键铺垫,0,6,5,1.0,0,3,前 1拍前:12t 2拍前:56t 3拍前:18t / 后 +1拍:4h +2拍:6h
607-D✪N’T ST✪P R✪CKIN’-mas,13.8,140,4,7.5,2/3,3,2,0,1,A/B,A/B-共享键步进,A/B-共享键步进|F2-同型相邻对带过来|E-相邻键铺垫,0,8,1,0.5,0,1,前 0.5拍前:2t 1拍前:12t 1.5拍前:1t / 后 +0.5拍:3t +1拍:34t
607-D✪N’T ST✪P R✪CKIN’-mas,13.8,140,5,9.214,6/7,6,7,0,1,A/B,A/B-共享键步进,A/B-共享键步进|F2-同型相邻对带过来|E-相邻键铺垫,0,8,5,0.5,0,1,前 0.5拍前:6t 1拍前:56t 1.5拍前:5t / 后 +0.5拍:7t +1拍:78t
607-D✪N’T ST✪P R✪CKIN’-mas,13.8,140,14,25.5,6/7,6,7,0,0,,H-星星/长条落点送手,H-星星/长条落点送手|E-相邻键铺垫,0,4,0,1.0,3,1,前 1拍前:2t 1.5拍前:3t 2拍前:4t / 后 +0.5拍:25t +1.5拍:23t
607-D✪N’T ST✪P R✪CKIN’-mas,13.8,140,15,26.143,2/3,3,2,0,1,A/B,A/B-共享键步进,A/B-共享键步进|F1-镜像对带过来|E-相邻键铺垫,0,4,2,1.0,0,2,前 1拍前:25t 1.5拍前:67t 2.5拍前:2t / 后 +0.5拍:47t +1拍:2t
607-D✪N’T ST✪P R✪CKIN’-mas,13.8,140,40,69.214,6/7,7,6,0,1,A/B,A/B-共享键步进,A/B-共享键步进|F2-同型相邻对带过来|E-相邻键铺垫,0,8,1,0.5,0,3,前 0.5拍前:7t 1拍前:78t 1.5拍前:8t / 后 +0.5拍:6t +1拍:56t
607-D✪N’T ST✪P R✪CKIN’-mas,13.8,140,41,70.929,2/3,2,3,0,1,A/B,A/B-共享键步进,A/B-共享键步进|F2-同型相邻对带过来|E-相邻键铺垫,0,8,5,0.5,0,3,前 0.5拍前:3t 1拍前:34t 1.5拍前:4t / 后 +0.5拍:2t +1拍:12t
61-天国と地獄-mas,13.4,175,9,12.686,6/7,7,6,0,1,A/B,A/B-共享键步进,A/B-共享键步进|F2-同型相邻对带过来|E-相邻键铺垫,0,8,5,0.5,0,1,前 0.5拍前:7t 1拍前:78t 2拍前:28t / 后 +0.5拍:6t +1拍:56t
61-天国と地獄-mas,13.4,175,34,46.629,6/7,6,7,0,1,D,D-同键已在手下,D-同键已在手下|E-相邻键铺垫,0,1,0,1.0,0,3,前 1拍前:6t 1.5拍前:7t 2拍前:8t / 后 +0.5拍:8t +0.75拍:2t
61-天国と地獄-mas,13.4,175,36,49.371,2/3,3,2,0,1,D,D-同键已在手下,D-同键已在手下|E-相邻键铺垫,0,1,0,1.0,0,3,前 1拍前:2t 1.5拍前:3t 2拍前:4t / 后 +0.5拍:4t +0.75拍:6t
61-天国と地獄-mas,13.4,175,38,52.114,2/3,2,3,0,1,D,D-同键已在手下,D-同键已在手下|E-相邻键铺垫,0,1,0,1.0,0,3,前 1拍前:3t 1.5拍前:2t 2拍前:1t / 后 +0.5拍:1t +0.75拍:7t
61-天国と地獄-mas,13.4,175,68,93.257,6/7,6,7,0,1,D,D-同键已在手下,D-同键已在手下|E-相邻键铺垫,0,1,0,1.0,0,5,前 1拍前:6t 1.5拍前:7t 2拍前:8t / 后 +0.5拍:8t +0.75拍:2t
61-天国と地獄-mas,13.4,175,70,96.0,2/3,3,2,0,1,D,D-同键已在手下,D-同键已在手下|E-相邻键铺垫,0,1,0,1.0,0,5,前 1拍前:2t 1.5拍前:3t 2拍前:4t / 后 +0.5拍:4t +0.75拍:6t
61-天国と地獄-mas,13.4,175,72,98.743,2/3,2,3,0,1,D,D-同键已在手下,D-同键已在手下|E-相邻键铺垫,0,1,0,1.0,0,5,前 1拍前:3t 1.5拍前:2t 2拍前:1t / 后 +0.5拍:1t +0.75拍:7t
630-planet dancer-remas,13.7,127,34,65.197,6/7,6,7,0,1,D,D-同键已在手下,D-同键已在手下|H-星星/长条落点送手|F2-同型相邻对带过来|E-相邻键铺垫,0,2,1,0.5,0,3,前 0.5拍前:45t 1拍前:7t 1.5拍前:38-t / 后 +0.75拍:23* +1.5拍:23t
630-planet dancer-remas,13.7,127,34,65.906,2/3,2,3,0,1,D,D-同键已在手下,D-同键已在手下|G-同对回访|F1-镜像对带过来|E-相邻键铺垫,0,1,0,0.75,0,3,前 0.75拍前:23* 1.5拍前:67t 2拍前:45t / 后 +0.25拍:23- +1拍:8t
631-アージェントシンメトリー-mas,13.5,172,13,18.837,2/3,2,3,0,0,,E-相邻键铺垫,E-相邻键铺垫,0,5,1,1.0,1,1,前 1拍前:15t 2拍前:15- 3拍前:15* / 后 +1拍:48t +2拍:67t
631-アージェントシンメトリー-mas,13.5,172,14,19.535,6/7,7,6,0,0,,F1-镜像对带过来,F1-镜像对带过来|E-相邻键铺垫,0,5,3,1.0,1,1,前 1拍前:48t 2拍前:23t 3拍前:15t / 后 +1拍:15* +2拍:15-
631-アージェントシンメトリー-mas,13.5,172,21,30.0,6/7,6,7,0,0,,E-相邻键铺垫,E-相邻键铺垫,0,5,1,1.0,1,2,前 1拍前:48t 2拍前:48- 3拍前:48* / 后 +1拍:15t +2拍:23t
631-アージェントシンメトリー-mas,13.5,172,22,30.698,2/3,3,2,0,0,,F1-镜像对带过来,F1-镜像对带过来|E-相邻键铺垫,0,5,3,1.0,1,2,前 1拍前:15t 2拍前:67t 3拍前:48t / 后 +1拍:48* +2拍:48-
631-アージェントシンメトリー-mas,13.5,172,83,115.814,2/3,3,2,0,1,D,D-同键已在手下,D-同键已在手下|F2-同型相邻对带过来|E-相邻键铺垫,0,4,0,2.0,0,5,前 2拍前:45t 2.5拍前:27t 3.25拍前:16t / 后 +0.75拍:67t +1.5拍:15t
631-アージェントシンメトリー-mas,13.5,172,83,116.076,6/7,6,7,0,0,,F1-镜像对带过来,F1-镜像对带过来|E-相邻键铺垫,0,4,1,0.75,1,5,前 0.75拍前:23t 2.75拍前:45t 3.25拍前:27t / 后 +0.75拍:15t +1.25拍:48*
631-アージェントシンメトリー-remas,14,172,76,106.047,2/3,3,2,0,1,D,D-同键已在手下,D-同键已在手下|H-星星/长条落点送手|E-相邻键铺垫,0,22,0,2.5,0,5,前 2.5拍前:36- 3拍前:27- 3.5拍前:36* / 后 +0.5拍:67t +0.75拍:67t
631-アージェントシンメトリー-remas,14,172,76,106.221,6/7,6,7,0,1,D,D-同键已在手下,D-同键已在手下|H-星星/长条落点送手|F1-镜像对带过来|E-相邻键铺垫,0,22,1,0.5,0,5,前 0.5拍前:23t 3拍前:36- 3.5拍前:27- / 后 +0.25拍:67t +1拍:58h
631-アージェントシンメトリー-remas,14,172,76,106.308,6/7,6,7,0,1,A/B,A/B-共享键步进,A/B-共享键步进|G-同对回访|H-星星/长条落点送手|F1-镜像对带过来|E-相邻键铺垫,0,22,2,0.25,0,5,前 0.25拍前:67t 0.75拍前:23t 3.25拍前:36- / 后 +0.75拍:58h +1.75拍:23t
631-アージェントシンメトリー-remas,14,172,76,106.919,2/3,3,2,0,0,,G-同对回访,G-同对回访|F1-镜像对带过来|E-相邻键铺垫,0,22,4,1.0,2,5,前 1拍前:58h 1.75拍前:67t 2拍前:67t / 后 +0.25拍:23t +1拍:14h
631-アージェントシンメトリー-remas,14,172,76,107.006,2/3,3,2,0,1,A/B,A/B-共享键步进,A/B-共享键步进|G-同对回访|F1-镜像对带过来|E-相邻键铺垫,0,22,5,0.25,0,5,前 0.25拍前:23t 1.25拍前:58h 2拍前:67t / 后 +0.75拍:14h +1.75拍:67t
631-アージェントシンメトリー-remas,14,172,77,107.616,6/7,6,7,0,0,,F1-镜像对带过来,F1-镜像对带过来|E-相邻键铺垫,0,22,7,1.0,2,5,前 1拍前:14h 1.75拍前:23t 2拍前:23t / 后 +0.25拍:67t +1拍:58h
631-アージェントシンメトリー-remas,14,172,77,107.703,6/7,6,7,0,1,A/B,A/B-共享键步进,A/B-共享键步进|G-同对回访|F1-镜像对带过来|E-相邻键铺垫,0,22,8,0.25,0,5,前 0.25拍前:67t 1.25拍前:14h 2拍前:23t / 后 +0.75拍:58h +1.75拍:36t
635-Bad Apple!! feat.nomico-remas,13.3,138,5,9.13,2/3,2,3,0,1,D,D-同键已在手下,D-同键已在手下|E-相邻键铺垫,0,2,0,1.0,0,1,前 1拍前:8t 1.25拍前:2t 1.5拍前:6t / 后 +1拍:67t +2拍:3*
635-Bad Apple!! feat.nomico-remas,13.3,138,5,9.565,6/7,7,6,0,0,,F1-镜像对带过来,F1-镜像对带过来|E-相邻键铺垫,0,2,1,1.0,1,1,前 1拍前:23t 2拍前:8t 2.25拍前:2t / 后 +1拍:3* +1.5拍:3t
635-Bad Apple!! feat.nomico-remas,13.3,138,16,28.261,2/3,2,3,0,1,A/B,A/B-共享键步进,A/B-共享键步进|F2-同型相邻对带过来|E-相邻键铺垫,0,5,2,0.5,0,2,前 0.5拍前:12t 1拍前:18t 1.333拍前:7t / 后 +0.5拍:34t +1拍:45ht
635-Bad Apple!! feat.nomico-remas,13.3,138,18,31.739,6/7,6,7,0,1,A/B,A/B-共享键步进,A/B-共享键步进|F2-同型相邻对带过来|E-相邻键铺垫,0,8,2,0.5,0,2,前 0.5拍前:78t 1拍前:18t 1.5拍前:4t / 后 +0.5拍:56t +1拍:45t
635-Bad Apple!! feat.nomico-remas,13.3,138,18,32.609,2/3,3,2,0,0,,F1-镜像对带过来,F1-镜像对带过来|E-相邻键铺垫,0,8,5,1.0,1,2,前 1拍前:45t 1.5拍前:56t 2拍前:67t / 后 +0.5拍:67t +1拍:45*t
635-Bad Apple!! feat.nomico-remas,13.3,138,18,32.826,6/7,6,7,0,0,,G-同对回访,G-同对回访|F1-镜像对带过来|E-相邻键铺垫,0,8,6,0.5,1,2,前 0.5拍前:23t 1.5拍前:45t 2拍前:56t / 后 +0.5拍:45*t +1.5拍:45-*
635-Bad Apple!! feat.nomico-remas,13.3,138,20,35.217,6/7,6,7,0,1,A/B,A/B-共享键步进,A/B-共享键步进|F2-同型相邻对带过来|E-相邻键铺垫,0,5,2,0.5,0,2,前 0.5拍前:56t 1拍前:45t 3拍前:5- / 后 +0.5拍:78t +1拍:18ht
635-Bad Apple!! feat.nomico-remas,13.3,138,22,38.696,2/3,2,3,0,1,A/B,A/B-共享键步进,A/B-共享键步进|F2-同型相邻对带过来|E-相邻键铺垫,0,5,2,0.5,0,2,前 0.5拍前:34t 1拍前:45t 1.5拍前:8t / 后 +0.5拍:12t +1拍:18t
648-アンノウン・マザーグース-mas,13.3,222,108,117.207,2/3,2,3,0,1,D,D-同键已在手下,D-同键已在手下|F2-同型相邻对带过来|E-相邻键铺垫,0,1,0,1.5,0,5,前 1.5拍前:18h 3.5拍前:25t 4.5拍前:25t / 后 +1.5拍:45h +3.5拍:37t
648-アンノウン・マザーグース-mas,13.3,222,110,119.369,6/7,6,7,0,1,D,D-同键已在手下,D-同键已在手下|F2-同型相邻对带过来|E-相邻键铺垫,0,1,0,1.5,0,5,前 1.5拍前:18h 3.5拍前:37t 4.5拍前:37t / 后 +1.5拍:45h +3.5拍:26t
65-脳漿炸裂ガール-mas,14.1,155,17,26.516,2/3,3,2,0,1,D,D-同键已在手下,D-同键已在手下|E-相邻键铺垫,0,1,0,0.5,0,2,前 0.5拍前:2t 1拍前:3t 1.25拍前:4t / 后 +0.5拍:1t +0.75拍:2t
65-脳漿炸裂ガール-mas,14.1,155,17,27.29,6/7,6,7,0,1,D,D-同键已在手下,D-同键已在手下|E-相邻键铺垫,0,1,0,0.5,0,2,前 0.5拍前:6t 1拍前:1t 1.25拍前:2t / 后 +0.5拍:8t +0.75拍:7t
65-脳漿炸裂ガール-mas,14.1,155,57,89.226,2/3,2,3,0,1,D,D-同键已在手下,D-同键已在手下|E-相邻键铺垫,0,1,0,0.5,0,5,前 0.5拍前:3t 1拍前:3t 1.25拍前:4t / 后 +0.5拍:2t +0.75拍:1t
65-脳漿炸裂ガール-mas,14.1,155,59,92.323,6/7,7,6,0,0,,E-相邻键铺垫,E-相邻键铺垫,0,1,0,0.5,1,5,前 0.5拍前:5t 1拍前:5t 1.25拍前:4t / 后 +0.5拍:8t +0.75拍:1t
65-脳漿炸裂ガール-mas,14.1,155,64,100.065,2/3,2,3,0,0,,E-相邻键铺垫,E-相邻键铺垫,0,1,0,0.5,1,5,前 0.5拍前:4t 1拍前:4t 1.25拍前:5t / 后 +0.5拍:4t +0.75拍:6t
658-Danza zandA-mas,13.4,129,37,68.837,6/7,6,7,0,1,D,D-同键已在手下,D-同键已在手下|F2-同型相邻对带过来|E-相邻键铺垫,0,4,2,1.0,0,4,前 1拍前:18t 1.5拍前:36t 2.5拍前:5h / 后 +0.75拍:23t +1.25拍:1t
658-Danza zandA-mas,13.4,129,37,69.186,2/3,3,2,0,0,,F1-镜像对带过来,F1-镜像对带过来|E-相邻键铺垫,0,4,3,0.75,1,4,前 0.75拍前:67t 1.75拍前:18t 2.25拍前:36t / 后 +0.5拍:1t +0.75拍:8t
658-Danza zandA-mas,13.4,129,45,84.884,6/7,7,6,0,0,,E-相邻键铺垫,E-相邻键铺垫,0,13,4,1.0,1,4,前 1拍前:28t 1.25拍前:1t 1.75拍前:24t / 后 +0.5拍:23t +1.5拍:45t
658-Danza zandA-mas,13.4,129,45,85.116,2/3,2,3,0,1,D,D-同键已在手下,D-同键已在手下|F1-镜像对带过来|E-相邻键铺垫,0,13,5,0.5,0,4,前 0.5拍前:67t 1.5拍前:28t 1.75拍前:1t / 后 +1拍:45t +1.5拍:6t
658-Danza zandA-mas,13.4,129,46,86.744,2/3,2,3,0,0,,E-相邻键铺垫,E-相邻键铺垫,0,13,9,1.0,1,4,前 1拍前:17t 1.25拍前:8t 1.75拍前:57t / 后 +0.5拍:18t +1拍:67t
658-Danza zandA-mas,13.4,129,46,87.209,6/7,6,7,0,0,,F1-镜像对带过来,F1-镜像对带过来|E-相邻键铺垫,0,13,11,0.5,1,4,前 0.5拍前:18t 1拍前:23t 2拍前:17t / 后 +0.5拍:45*t +1.5拍:45-*
658-Danza zandA-mas,13.4,129,54,100.465,6/7,7,6,0,0,,H-星星/长条落点送手,H-星星/长条落点送手|F2-同型相邻对带过来|E-相邻键铺垫,0,3,0,1.25,2,5,前 1.25拍前:34- 2.25拍前:34* 2.75拍前:56t / 后 +1拍:23t +1.75拍:14*
658-Danza zandA-mas,13.4,129,54,100.93,2/3,2,3,0,1,D,D-同键已在手下,D-同键已在手下|F1-镜像对带过来|E-相邻键铺垫,0,3,1,1.0,0,5,前 1拍前:67t 2.25拍前:34- 3.25拍前:34* / 后 +0.75拍:14* +1.75拍:14-
658-Danza zandA-mas,13.4,129,55,102.907,6/7,7,6,0,1,D,D-同键已在手下,D-同键已在手下|F2-同型相邻对带过来|E-相邻键铺垫,0,4,2,0.75,0,5,前 0.75拍前:45t 1拍前:36t 2.5拍前:14- / 后 +0.5拍:58* +1.5拍:58-
658-Danza zandA-remas,13.7,129,47,88.605,2/3,3,2,0,0,,F2-同型相邻对带过来,F2-同型相邻对带过来|E-相邻键铺垫,0,9,5,1.0,1,4,前 1拍前:14t 1.25拍前:78t 1.75拍前:58t / 后 +0.5拍:18t +1拍:67t
658-Danza zandA-remas,13.7,129,47,89.07,6/7,6,7,0,0,,F1-镜像对带过来,F1-镜像对带过来|E-相邻键铺垫,0,9,7,0.5,1,4,前 0.5拍前:18t 1拍前:23t 2拍前:14t / 后 +0.5拍:45*t +1.5拍:45-*
658-Danza zandA-remas,13.7,129,49,91.977,2/3,2,3,0,1,D,D-同键已在手下,D-同键已在手下|F2-同型相邻对带过来|E-相邻键铺垫,0,2,1,0.5,0,5,前 0.5拍前:56t 1拍前:3t 1.25拍前:3t / 后 +0.5拍:8t +0.75拍:1t
66-ワールズエンド・ダンスホール-mas,13,171,18,25.526,6/7,6,7,0,1,D,D-同键已在手下,D-同键已在手下|F2-同型相邻对带过来|E-相邻键铺垫,0,7,5,0.75,0,2,前 0.75拍前:18t 1.75拍前:26t 2.75拍前:48t / 后 +0.75拍:45t +1.75拍:3t
66-ワールズエンド・ダンスホール-mas,13,171,19,26.93,6/7,6,7,0,0,,Z-判不出引导,,0,2,0,0.75,2,2,前 0.75拍前:4t 1.25拍前:3t 1.75拍前:4t / 后 +0.75拍:18t +1.75拍:7t
66-ワールズエンド・ダンスホール-mas,13,171,20,28.333,2/3,2,3,0,0,,Z-判不出引导,,0,2,0,0.75,2,2,前 0.75拍前:8t 1.25拍前:7t 1.75拍前:8t / 后 +0.75拍:45t +1.75拍:6t
66-ワールズエンド・ダンスホール-mas,13,171,22,31.14,2/3,2,3,0,1,D,D-同键已在手下,D-同键已在手下|F2-同型相邻对带过来|E-相邻键铺垫,0,6,4,0.75,0,2,前 0.75拍前:18t 1.75拍前:28t 2.75拍前:16t / 后 +0.75拍:45t +1.75拍:6t
66-ワールズエンド・ダンスホール-mas,13,171,23,32.544,2/3,2,3,0,0,,Z-判不出引导,,0,2,0,0.75,2,2,前 0.75拍前:5t 1.25拍前:6t 1.75拍前:5t / 后 +0.75拍:18t +1.75拍:2t
66-ワールズエンド・ダンスホール-mas,13,171,24,33.947,6/7,6,7,0,0,,Z-判不出引导,,0,2,0,0.75,2,2,前 0.75拍前:1t 1.25拍前:2t 1.75拍前:1t / 后 +0.75拍:45t +1.75拍:3t
66-ワールズエンド・ダンスホール-mas,13,171,45,63.509,2/3,2,3,0,1,C,C-等距轮转,C-等距轮转|F2-同型相邻对带过来|E-相邻键铺垫,0,4,1,1.0,1,4,前 1拍前:18t 1.5拍前:7t 2拍前:8t / 后 +1拍:45t +2拍:67t
66-ワールズエンド・ダンスホール-mas,13,171,45,64.211,6/7,7,6,0,1,C,C-等距轮转,C-等距轮转|F1-镜像对带过来|E-相邻键铺垫,0,4,3,1.0,1,4,前 1拍前:45t 2拍前:23t 3拍前:18t / 后 +1拍:1t +1.5拍:2t
66-ワールズエンド・ダンスホール-mas,13,171,55,77.895,6/7,6,7,0,1,D,D-同键已在手下,D-同键已在手下|E-相邻键铺垫,0,3,0,0.5,0,4,前 0.5拍前:6t 1拍前:5t 1.5拍前:6t / 后 +0.5拍:8t +1拍:18t
66-ワールズエンド・ダンスホール-mas,13,171,62,87.018,2/3,3,2,1,0,,F2-同型相邻对带过来,F2-同型相邻对带过来|E-相邻键铺垫,0,8,3,1.0,1,5,前 1拍前:18t 2拍前:17t 2.5拍前:68t / 后 +1拍:67t +2拍:34t
66-ワールズエンド・ダンスホール-mas,13,171,62,87.368,6/7,6,7,1,0,,F1-镜像对带过来,F1-镜像对带过来|E-相邻键铺垫,0,8,4,1.0,1,5,前 1拍前:23t 2拍前:18t 3拍前:17t / 后 +1拍:34t +2拍:56t
662-少女幻葬戦慄曲 ～ Necro Fantasia-mas,13.9,182,77,101.868,2/3,2,3,0,0,,F2-同型相邻对带过来,F2-同型相邻对带过来|E-相邻键铺垫,0,1,0,1.5,2,5,前 1.5拍前:8- 2拍前:8- 2.5拍前:48-* / 后 +1拍:28-* +2拍:68-t
662-少女幻葬戦慄曲 ～ Necro Fantasia-mas,13.9,182,78,103.187,6/7,6,7,0,1,D,D-同键已在手下,D-同键已在手下|H-星星/长条落点送手|F1-镜像对带过来|E-相邻键铺垫,0,1,0,1.5,0,5,前 1.5拍前:6t 2拍前:68-t 3拍前:28-* / 后 +1拍:17-* +2拍:13-t
665-conflict-mas,14.2,160,70,106.312,2/3,2,3,0,0,,H-星星/长条落点送手,H-星星/长条落点送手|E-相邻键铺垫,0,4,0,1.5,1,4,前 1.5拍前:48- 2.5拍前:48-* 2.75拍前:3t / 后 +0.5拍:67t +1拍:18t
665-conflict-mas,14.2,160,71,106.5,6/7,7,6,0,0,,H-星星/长条落点送手,H-星星/长条落点送手|F1-镜像对带过来|E-相邻键铺垫,0,4,1,0.5,1,4,前 0.5拍前:23t 2拍前:48- 3拍前:48-* / 后 +0.5拍:18t +1拍:26*t
665-conflict-mas,14.2,160,78,118.312,6/7,6,7,0,1,D,D-同键已在手下,D-同键已在手下|H-星星/长条落点送手|E-相邻键铺垫,0,4,0,1.5,0,5,前 1.5拍前:26- 2.5拍前:26-* 2.75拍前:7t / 后 +0.5拍:23t +1拍:18t
665-conflict-mas,14.2,160,79,118.5,2/3,3,2,0,1,D,D-同键已在手下,D-同键已在手下|H-星星/长条落点送手|F1-镜像对带过来|E-相邻键铺垫,0,4,1,0.5,0,5,前 0.5拍前:67t 2拍前:26- 3拍前:26-* / 后 +0.5拍:18t +1拍:28*t
666-Revive The Rave-remas,14.4,165,34,50.545,6/7,6,7,0,1,D,D-同键已在手下,D-同键已在手下|E-相邻键铺垫,0,1,0,0.5,0,2,前 0.5拍前:7t 1拍前:6t 1.5拍前:7t / 后 +1拍:6t +1.5拍:8t
666-Revive The Rave-remas,14.4,165,71,104.364,6/7,6,7,0,1,C,C-等距轮转,C-等距轮转|H-星星/长条落点送手|F2-同型相邻对带过来|E-相邻键铺垫,0,3,1,0.5,1,5,前 0.5拍前:45t 1拍前:3t 1.5拍前:2h / 后 +0.5拍:18t +1拍:2t
666-Revive The Rave-remas,14.4,165,75,110.091,6/7,7,6,0,1,D,D-同键已在手下,D-同键已在手下|H-星星/长条落点送手|F2-同型相邻对带过来|E-相邻键铺垫,0,8,4,0.75,0,5,前 0.75拍前:12h 1.5拍前:46h 2.25拍前:35h / 后 +0.75拍:18t +1.25拍:7t
684-FREEDOM DiVE (tpz Overcute Remix)-mas,14.1,234 (234.5),46,47.578,6/7,6,7,0,1,D,D-同键已在手下,D-同键已在手下|H-星星/长条落点送手|E-相邻键铺垫,0,9,2,1.0,0,2,前 1拍前:24h 2拍前:17h 3拍前:24- / 后 +1拍:34h +2拍:78h
684-FREEDOM DiVE (tpz Overcute Remix)-mas,14.1,234 (234.5),47,48.346,2/3,2,3,0,1,D,D-同键已在手下,D-同键已在手下|H-星星/长条落点送手|F1-镜像对带过来|E-相邻键铺垫,0,9,5,1.0,0,2,前 1拍前:78h 2拍前:34h 3拍前:67h / 后 +1拍:56h +2拍:47t
69-Nerverakes-mas,14.1,140,38,65.571,2/3,2,3,0,1,D,D-同键已在手下,D-同键已在手下|E-相邻键铺垫,0,1,0,0.25,0,5,前 0.25拍前:3t 0.5拍前:2t 0.75拍前:3t / 后 +0.5拍:7t +0.75拍:6t
69-Nerverakes-mas,14.1,140,38,66.214,6/7,6,7,0,1,D,D-同键已在手下,D-同键已在手下|E-相邻键铺垫,0,1,0,0.25,0,5,前 0.25拍前:6t 0.5拍前:7t 0.75拍前:6t / 后 +0.5拍:1t +0.75拍:7t
703-Dragoon-remas,14.5,175,22,30.857,6/7,6,7,0,1,A/B,A/B-共享键步进,A/B-共享键步进|H-星星/长条落点送手|F2-同型相邻对带过来|E-相邻键铺垫,0,16,2,1.0,0,2,前 1拍前:78h 2拍前:18h 2.5拍前:1t / 后 +1拍:56h +2拍:45h
703-Dragoon-remas,14.5,175,23,32.229,2/3,2,3,0,1,A/B,A/B-共享键步进,A/B-共享键步进|F1-镜像对带过来|E-相邻键铺垫,0,16,6,1.0,0,2,前 1拍前:34h 2拍前:45h 3拍前:56h / 后 +1拍:12h +2拍:18t
703-Dragoon-remas,14.5,175,24,33.257,2/3,2,3,0,1,A/B,A/B-共享键步进,A/B-共享键步进|G-同对回访|H-星星/长条落点送手|F2-同型相邻对带过来|E-相邻键铺垫,0,16,10,0.5,0,2,前 0.5拍前:12t 1拍前:18t 2拍前:12h / 后 +0.5拍:34t +1拍:45t
703-Dragoon-remas,14.5,175,24,33.943,6/7,6,7,0,1,A/B,A/B-共享键步进,A/B-共享键步进|F1-镜像对带过来|E-相邻键铺垫,0,16,14,0.5,0,2,前 0.5拍前:56t 1拍前:45t 1.5拍前:34t / 后 +0.5拍:78t +1拍:1t
71-YA･DA･YO [Reborn]-remas,14.4,105,34,78.286,2/3,2,3,0,0,,E-相邻键铺垫,E-相邻键铺垫,0,2,0,0.5,1,4,前 0.5拍前:1t 0.667拍前:1t 1拍前:2h / 后 +0.5拍:34t +0.833拍:2t
71-YA･DA･YO [Reborn]-remas,14.4,105,35,80.0,2/3,3,2,0,1,D,D-同键已在手下,D-同键已在手下|H-星星/长条落点送手|E-相邻键铺垫,0,1,0,0.5,0,4,前 0.5拍前:2t 0.667拍前:2t 1拍前:4h / 后 +0.333拍:4t +0.5拍:4h
71-YA･DA･YO [Reborn]-remas,14.4,105,35,81.905,2/3,3,2,0,0,,H-星星/长条落点送手,H-星星/长条落点送手|E-相邻键铺垫,0,1,0,0.333,1,4,前 0.333拍前:1t 0.5拍前:1t 0.833拍前:4h / 后 +0.5拍:2t +0.667拍:2t
718-六兆年と一夜物語-mas,13.8,186,73,96.647,2/3,2,3,0,0,,E-相邻键铺垫,E-相邻键铺垫,0,3,0,1.0,2,5,前 1拍前:58-t 2拍前:5* 2.25拍前:4t / 后 +0.5拍:45t +1拍:67t
718-六兆年と一夜物語-mas,13.8,186,73,96.969,6/7,7,6,0,1,C,C-等距轮转,C-等距轮转|F1-镜像对带过来|E-相邻键铺垫,0,3,2,0.5,1,5,前 0.5拍前:45t 1拍前:23t 2拍前:58-t / 后 +1拍:7t +1.25拍:8t
718-六兆年と一夜物語-mas,13.8,186,74,97.937,6/7,6,7,0,1,C,C-等距轮转,C-等距轮转|F2-同型相邻对带过来|E-相邻键铺垫,0,4,1,0.5,0,5,前 0.5拍前:18t 1拍前:7t 1.25拍前:8t / 后 +0.5拍:45t +1拍:23t
718-六兆年と一夜物語-mas,13.8,186,74,98.26,2/3,3,2,0,1,C,C-等距轮转,C-等距轮转|F1-镜像对带过来|E-相邻键铺垫,0,4,3,0.5,1,5,前 0.5拍前:45t 1拍前:67t 1.5拍前:18t / 后 +1拍:2t +1.25拍:1t
72-みんなのマイマイマー-mas,13.7,175,4,6.171,6/7,6,7,0,0,,F2-同型相邻对带过来,F2-同型相邻对带过来|E-相邻键铺垫,0,1,0,1.0,1,1,前 1拍前:5t 1.5拍前:5t 2.5拍前:4h / 后 +1.5拍:5h +2.5拍:4t
72-みんなのマイマイマー-mas,13.7,175,5,7.543,2/3,2,3,0,0,,F1-镜像对带过来,F1-镜像对带过来|E-相邻键铺垫,0,1,0,1.0,1,1,前 1拍前:4t 1.5拍前:4t 2.5拍前:5h / 后 +1.5拍:4h +2.5拍:5t
72-みんなのマイマイマー-mas,13.7,175,6,8.914,6/7,6,7,0,0,,F1-镜像对带过来,F1-镜像对带过来|E-相邻键铺垫,0,1,0,1.0,1,1,前 1拍前:5t 1.5拍前:5t 2.5拍前:4h / 后 +1.5拍:5h +2.5拍:4t
72-みんなのマイマイマー-mas,13.7,175,7,10.286,2/3,3,2,0,0,,F1-镜像对带过来,F1-镜像对带过来|E-相邻键铺垫,0,1,0,1.0,1,1,前 1拍前:4t 1.5拍前:4t 2.5拍前:5h / 后 +2.5拍:5t +3拍:7h
72-みんなのマイマイマー-mas,13.7,175,26,36.0,2/3,3,2,0,0,,F2-同型相邻对带过来,F2-同型相邻对带过来|E-相邻键铺垫,0,1,0,0.5,1,2,前 0.5拍前:1t 3拍前:78t 3.5拍前:12t / 后 +0.5拍:1t +1.5拍:6t
72-みんなのマイマイマー-mas,13.7,175,27,37.886,6/7,7,6,0,1,D,D-同键已在手下,D-同键已在手下|F2-同型相邻对带过来|E-相邻键铺垫,0,2,0,0.5,0,2,前 0.5拍前:7t 1拍前:8t 1.5拍前:12t / 后 +0.5拍:5t +1拍:45t
72-みんなのマイマイマー-mas,13.7,175,28,39.429,2/3,2,3,0,0,,F2-同型相邻对带过来,F2-同型相邻对带过来|E-相邻键铺垫,0,2,0,0.5,1,2,前 0.5拍前:4t 1.5拍前:7t 2拍前:78t / 后 +0.5拍:4t +1拍:56t
72-みんなのマイマイマー-mas,13.7,175,32,44.229,2/3,2,3,0,1,A/B,A/B-共享键步进,A/B-共享键步进|F2-同型相邻对带过来|E-相邻键铺垫,0,9,2,0.5,0,2,前 0.5拍前:12t 1拍前:12t 1.5拍前:2t / 后 +0.5拍:18t +1拍:17t
72-みんなのマイマイマー-mas,13.7,175,42,58.286,2/3,3,2,0,0,,Z-判不出引导,,0,3,0,0.5,2,3,前 0.5拍前:5t 1拍前:6t 1.5拍前:7t / 后 +0.5拍:23t +1拍:23t
72-みんなのマイマイマー-mas,13.7,175,42,58.457,2/3,3,2,0,1,A/B,A/B-共享键步进,A/B-共享键步进|G-同对回访|E-相邻键铺垫,0,3,1,0.5,0,3,前 0.5拍前:23t 1拍前:5t 1.5拍前:6t / 后 +0.5拍:23t +1.5拍:4t
72-みんなのマイマイマー-mas,13.7,175,42,58.629,2/3,3,2,0,1,A/B,A/B-共享键步进,A/B-共享键步进|G-同对回访|E-相邻键铺垫,0,3,2,0.5,0,3,前 0.5拍前:23t 1拍前:23t 1.5拍前:5t / 后 +1拍:4t +1.5拍:5t
72-みんなのマイマイマー-mas,13.7,175,43,59.657,6/7,6,7,0,1,D,D-同键已在手下,D-同键已在手下|E-相邻键铺垫,0,1,0,0.5,0,3,前 0.5拍前:6t 1拍前:6t 1.25拍前:5t / 后 +2拍:15* +3拍:15-
72-みんなのマイマイマー-mas,13.7,175,49,68.4,2/3,3,2,0,1,D,D-同键已在手下,D-同键已在手下|H-星星/长条落点送手|F2-同型相邻对带过来|E-相邻键铺垫,0,4,0,0.5,0,3,前 0.5拍前:2t 1.5拍前:1- 2.5拍前:18-* / 后 +1拍:12t +1.5拍:12t
72-みんなのマイマイマー-mas,13.7,175,51,70.114,2/3,2,3,0,1,A/B,A/B-共享键步进,A/B-共享键步进|F2-同型相邻对带过来|E-相邻键铺垫,0,4,1,1.0,0,4,前 1拍前:12t 2.5拍前:78h 3.5拍前:12t / 后 +0.5拍:23t +1.5拍:45h
72-みんなのマイマイマー-mas,13.7,175,51,70.286,2/3,2,3,0,1,A/B,A/B-共享键步进,A/B-共享键步进|G-同对回访|F2-同型相邻对带过来|E-相邻键铺垫,0,4,2,0.5,0,4,前 0.5拍前:23t 1.5拍前:12t 3拍前:78h / 后 +1拍:45h +2.5拍:12t
72-みんなのマイマイマー-mas,13.7,175,52,72.0,6/7,6,7,0,0,,F2-同型相邻对带过来,F2-同型相邻对带过来|E-相邻键铺垫,0,4,3,1.0,1,4,前 1拍前:18t 1.5拍前:18t 2.5拍前:12t / 后 +1.5拍:23t +2.5拍:34t
72-みんなのマイマイマー-mas,13.7,175,56,77.714,2/3,2,3,0,0,,F2-同型相邻对带过来,F2-同型相邻对带过来|E-相邻键铺垫,0,5,4,0.667,2,4,前 0.667拍前:56t 1.333拍前:78t 2拍前:18t / 后 +0.833拍:1h +5.333拍:18t
72-みんなのマイマイマー-mas,13.7,175,65,89.657,6/7,6,7,1,0,,H-星星/长条落点送手,H-星星/长条落点送手|F2-同型相邻对带过来,0,4,2,0.75,2,4,前 0.75拍前:34t 1.5拍前:12t 2拍前:3t / 后 +0.5拍:18t +2.5拍:28*t
72-みんなのマイマイマー-mas,13.7,175,73,100.629,2/3,2,3,1,0,,H-星星/长条落点送手,H-星星/长条落点送手|F2-同型相邻对带过来,0,4,2,0.75,2,5,前 0.75拍前:56t 1.5拍前:78t 2拍前:6t / 后 +0.5拍:18t +2.5拍:56t
725-Sakura Fubuki-mas,13.9,175,62,85.886,6/7,6,7,0,0,,H-星星/长条落点送手,H-星星/长条落点送手|E-相邻键铺垫,0,2,0,0.5,1,4,前 0.5拍前:4t 0.75拍前:5t 1拍前:4t / 后 +0.5拍:18t +1拍:2h
726-The wheel to the right-mas,14,200,37,44.55,6/7,7,6,1,1,D,D-同键已在手下,D-同键已在手下|G-同对回访|F2-同型相邻对带过来|E-相邻键铺垫,0,1,0,0.5,0,2,前 0.5拍前:67* 1.5拍前:6t 2拍前:34t / 后 +0.5拍:67- +1.5拍:27t
726-The wheel to the right-mas,14,200,118,142.6,6/7,7,6,0,1,A/B,A/B-共享键步进,A/B-共享键步进|F2-同型相邻对带过来|E-相邻键铺垫,0,4,3,0.667,0,5,前 0.667拍前:78t 1.333拍前:18t 2拍前:12t / 后 +0.667拍:7* +1.667拍:7w
731-DETARAME ROCK＆ROLL THEORY-mas,13.8,140,36,62.786,2/3,2,3,0,1,C,C-等距轮转,C-等距轮转|F2-同型相邻对带过来|E-相邻键铺垫,0,5,1,0.5,1,2,前 0.5拍前:45t 1.5拍前:8- 2拍前:1- / 后 +0.5拍:18t +1拍:67t
731-DETARAME ROCK＆ROLL THEORY-mas,13.8,140,36,63.214,6/7,6,7,0,1,C,C-等距轮转,C-等距轮转|F1-镜像对带过来|E-相邻键铺垫,0,5,3,0.5,1,2,前 0.5拍前:18t 1拍前:23t 1.5拍前:45t / 后 +0.5拍:45* +1.5拍:45-
731-DETARAME ROCK＆ROLL THEORY-mas,13.8,140,42,73.5,2/3,2,3,0,1,C,C-等距轮转,C-等距轮转|F2-同型相邻对带过来|E-相邻键铺垫,0,3,1,1.0,0,3,前 1拍前:56t 2拍前:3t 3拍前:4h / 后 +1拍:78t +2拍:3t
731-DETARAME ROCK＆ROLL THEORY-mas,13.8,140,74,117.195,2/3,3,2,0,0,,H-星星/长条落点送手,H-星星/长条落点送手|E-相邻键铺垫,0,5,0,0.5,1,4,前 0.5拍前:4t 1拍前:5t 1.5拍前:6t / 后 +1拍:67h +2拍:23h
731-DETARAME ROCK＆ROLL THEORY-mas,13.8,140,75,117.532,6/7,6,7,0,0,,H-星星/长条落点送手,H-星星/长条落点送手|F1-镜像对带过来|E-相邻键铺垫,0,5,1,1.0,2,4,前 1拍前:23h 1.5拍前:4t 2拍前:5t / 后 +1拍:23h +2拍:67h
731-DETARAME ROCK＆ROLL THEORY-mas,13.8,140,75,117.869,2/3,3,2,0,1,D,D-同键已在手下,D-同键已在手下|G-同对回访|H-星星/长条落点送手|F1-镜像对带过来|E-相邻键铺垫,0,5,2,1.0,0,4,前 1拍前:67h 2拍前:23h 2.5拍前:4t / 后 +1拍:67h +2拍:45*t
731-DETARAME ROCK＆ROLL THEORY-mas,13.8,140,75,118.206,6/7,6,7,0,1,D,D-同键已在手下,D-同键已在手下|G-同对回访|H-星星/长条落点送手|F1-镜像对带过来|E-相邻键铺垫,0,5,3,1.0,0,4,前 1拍前:23h 2拍前:67h 3拍前:23h / 后 +1拍:45*t +2拍:45-*
731-DETARAME ROCK＆ROLL THEORY-mas,13.8,140,79,123.431,6/7,6,7,0,1,C,C-等距轮转,C-等距轮转|H-星星/长条落点送手|F2-同型相邻对带过来|E-相邻键铺垫,0,5,1,0.5,1,5,前 0.5拍前:45t 1.5拍前:8- 2拍前:1- / 后 +0.5拍:18t +1拍:23t
731-DETARAME ROCK＆ROLL THEORY-mas,13.8,140,79,123.768,2/3,2,3,0,1,C,C-等距轮转,C-等距轮转|F1-镜像对带过来|E-相邻键铺垫,0,5,3,0.5,1,5,前 0.5拍前:18t 1拍前:67t 1.5拍前:45t / 后 +0.5拍:45* +1.5拍:45-
74-maiム・maiム feat.週刊少年マガジン-mas,13.2,140,13,22.5,6/7,7,6,0,0,,E-相邻键铺垫,E-相邻键铺垫,0,3,0,0.5,1,1,前 0.5拍前:8t 1拍前:2t 1.5拍前:13t / 后 +0.5拍:5t +1拍:34t
74-maiム・maiム feat.週刊少年マガジン-mas,13.2,140,15,25.929,2/3,3,2,0,0,,E-相邻键铺垫,E-相邻键铺垫,0,3,0,0.5,1,2,前 0.5拍前:1t 1拍前:7t 1.5拍前:68t / 后 +0.5拍:4t +1拍:56t
74-maiム・maiム feat.週刊少年マガジン-mas,13.2,140,55,94.286,6/7,7,6,0,0,,F2-同型相邻对带过来,F2-同型相邻对带过来|E-相邻键铺垫,0,5,0,1.0,1,4,前 1拍前:18- 2拍前:18* 3拍前:1t / 后 +0.5拍:8t +1拍:12t
74-maiム・maiム feat.週刊少年マガジン-mas,13.2,140,57,97.714,2/3,3,2,0,0,,E-相邻键铺垫,E-相邻键铺垫,0,4,0,1.0,1,4,前 1拍前:14-t 1.5拍前:1t 2拍前:24*t / 后 +0.5拍:1t +1拍:78t
749-Destr0yer-mas,14.2,90,37,99.667,6/7,6,7,0,0,,F2-同型相邻对带过来,F2-同型相邻对带过来|E-相邻键铺垫,0,1,0,0.5,1,4,前 0.5拍前:45-t 1.5拍前:48*t 1.75拍前:57t / 后 +0.25拍:67* +0.75拍:23*
75-Space Harrier Main Theme [Reborn]-mas,13.6,125,40,78.48,6/7,6,7,0,1,D,D-同键已在手下,D-同键已在手下|E-相邻键铺垫,0,1,0,0.5,0,4,前 0.5拍前:6t 0.667拍前:7t 1拍前:6t / 后 +0.5拍:3t +1拍:3t
75-Space Harrier Main Theme [Reborn]-mas,13.6,125,41,80.4,2/3,2,3,0,1,D,D-同键已在手下,D-同键已在手下|E-相邻键铺垫,0,1,0,0.5,0,4,前 0.5拍前:3t 0.667拍前:2t 1拍前:3t / 后 +0.5拍:7t +0.833拍:8t
75-Space Harrier Main Theme [Reborn]-mas,13.6,125,51,99.6,2/3,3,2,0,1,D,D-同键已在手下,D-同键已在手下|E-相邻键铺垫,0,1,0,0.167,0,5,前 0.167拍前:2t 0.5拍前:3t 0.667拍前:2t / 后 +0.5拍:1t +0.833拍:1t
75-Space Harrier Main Theme [Reborn]-mas,13.6,125,56,109.2,2/3,3,2,0,1,D,D-同键已在手下,D-同键已在手下|E-相邻键铺垫,0,1,0,0.167,0,5,前 0.167拍前:2t 0.5拍前:3t 0.667拍前:2t / 后 +0.5拍:6t +1拍:6t
75-Space Harrier Main Theme [Reborn]-mas,13.6,125,57,111.12,6/7,7,6,0,1,D,D-同键已在手下,D-同键已在手下|E-相邻键铺垫,0,1,0,0.167,0,5,前 0.167拍前:7t 0.5拍前:6t 0.667拍前:7t / 后 +0.5拍:7t +1.333拍:7t
752-深海少女-mas,13.2,137,20,35.474,2/3,3,2,0,1,D,D-同键已在手下,D-同键已在手下|E-相邻键铺垫,0,7,0,0.5,0,2,前 0.5拍前:2t 1拍前:2t 1.25拍前:5t / 后 +0.5拍:2t +1拍:12t
752-深海少女-mas,13.2,137,32,56.387,2/3,3,2,0,0,,H-星星/长条落点送手,H-星星/长条落点送手|E-相邻键铺垫,0,9,0,0.75,1,3,前 0.75拍前:1t 1.25拍前:8h 1.75拍前:7h / 后 +0.75拍:67t +1.5拍:45t
752-深海少女-mas,13.2,137,32,56.715,6/7,6,7,0,0,,H-星星/长条落点送手,H-星星/长条落点送手|F1-镜像对带过来|E-相邻键铺垫,0,9,1,0.75,2,3,前 0.75拍前:23t 1.5拍前:1t 2拍前:8h / 后 +0.75拍:45t +1.5拍:36t
755-レッツゴー!陰陽師-mas,13.3,150,66,106.4,6/7,7,6,0,0,,H-星星/长条落点送手,H-星星/长条落点送手|F1-镜像对带过来|E-相邻键铺垫,0,1,0,1.0,3,4,前 1拍前:23- 1.5拍前:2t 2拍前:23* / 后 +1拍:67- +2拍:23*
755-レッツゴー!陰陽師-mas,13.3,150,67,108.0,6/7,7,6,0,0,,G-同对回访,G-同对回访|H-星星/长条落点送手|F1-镜像对带过来|E-相邻键铺垫,0,1,0,1.0,3,4,前 1拍前:23- 1.5拍前:2t 2拍前:23* / 后 +1拍:67- +2拍:4*
77-BAD∞END∞NIGHT-mas,13.5,204,7,9.412,2/3,2,3,0,1,D,D-同键已在手下,D-同键已在手下|E-相邻键铺垫,0,3,0,2.0,0,1,前 2拍前:3t 2.333拍前:2t 2.667拍前:1t / 后 +1拍:45t +2拍:67t
77-BAD∞END∞NIGHT-mas,13.5,204,8,10.0,6/7,6,7,0,1,C,C-等距轮转,C-等距轮转|F1-镜像对带过来|E-相邻键铺垫,0,3,2,1.0,1,1,前 1拍前:45t 2拍前:23t 4拍前:3t / 后 +1拍:8t +1.667拍:8t
77-BAD∞END∞NIGHT-mas,13.5,204,12,14.412,6/7,6,7,0,1,C,C-等距轮转,C-等距轮转|F2-同型相邻对带过来|E-相邻键铺垫,0,3,1,1.0,0,1,前 1拍前:18t 3拍前:26t 4拍前:48t / 后 +1拍:45t +2拍:3t
77-BAD∞END∞NIGHT-mas,13.5,204,23,27.059,2/3,3,2,0,0,,E-相邻键铺垫,E-相邻键铺垫,0,3,0,1.0,1,2,前 1拍前:8- 2拍前:48-* 3拍前:48-* / 后 +1拍:18t +2拍:67t
77-BAD∞END∞NIGHT-mas,13.5,204,23,27.647,6/7,6,7,0,1,C,C-等距轮转,C-等距轮转|F1-镜像对带过来|E-相邻键铺垫,0,3,2,1.0,1,2,前 1拍前:18t 2拍前:23t 3拍前:8- / 后 +2拍:1t +3拍:28t
777-無敵We are one!!-mas,13.7,190,81,102.632,2/3,2,3,0,1,A/B,A/B-共享键步进,A/B-共享键步进|F2-同型相邻对带过来|E-相邻键铺垫,0,7,2,1.0,0,4,前 1拍前:27h 2拍前:18t 3拍前:18- / 后 +1拍:27h +2拍:67h
777-無敵We are one!!-mas,13.7,190,81,103.263,6/7,6,7,0,1,A/B,A/B-共享键步进,A/B-共享键步进|H-星星/长条落点送手|F1-镜像对带过来|E-相邻键铺垫,0,7,4,1.0,0,4,前 1拍前:27h 2拍前:23h 3拍前:27h / 后 +1拍:27t +2拍:18*
778-ドキドキDREAM!!!-mas,13.2,210,72,82.429,6/7,6,7,0,1,D,D-同键已在手下,D-同键已在手下|F2-同型相邻对带过来|E-相邻键铺垫,0,3,1,1.0,0,3,前 1拍前:18t 1.5拍前:7t 2拍前:7t / 后 +1拍:23t +2拍:7t
778-ドキドキDREAM!!!-mas,13.2,210,72,82.714,2/3,3,2,0,0,,F1-镜像对带过来,F1-镜像对带过来|E-相邻键铺垫,0,3,2,1.0,1,3,前 1拍前:67t 2拍前:18t 2.5拍前:7t / 后 +1拍:7t +1.5拍:8t
780-brilliant better-mas,13.3,172,20,28.953,6/7,7,6,0,1,D,D-同键已在手下,D-同键已在手下|E-相邻键铺垫,0,1,0,0.5,0,2,前 0.5拍前:8t 1.5拍前:68-t 2拍前:7t / 后 +1拍:8t +1.5拍:1*
780-brilliant better-mas,13.3,172,21,30.349,2/3,3,2,0,1,D,D-同键已在手下,D-同键已在手下|E-相邻键铺垫,0,1,0,0.5,0,2,前 0.5拍前:1t 1.5拍前:13-t 2拍前:2t / 后 +1拍:4* +2拍:4-
782-私の中の幻想的世界観及びその顕現を想起させたある現実での出来事に関する一考察-mas,13.4,175,50,69.943,6/7,7,6,0,1,D,D-同键已在手下,D-同键已在手下|H-星星/长条落点送手|F2-同型相邻对带过来|E-相邻键铺垫,0,1,0,0.5,0,3,前 0.5拍前:6t 1拍前:8- 2拍前:78h* / 后 +1拍:7- +1.5拍:5t
782-私の中の幻想的世界観及びその顕現を想起させたある現実での出来事に関する一考察-mas,13.4,175,83,113.829,2/3,3,2,0,1,D,D-同键已在手下,D-同键已在手下|H-星星/长条落点送手|F2-同型相邻对带过来|E-相邻键铺垫,0,1,0,0.5,0,4,前 0.5拍前:3t 1拍前:1- 2拍前:12h* / 后 +1拍:2- +1.5拍:4t
784-My Dearest Song-mas,13.3,145,9,15.724,6/7,6,7,0,0,,F2-同型相邻对带过来,F2-同型相邻对带过来|E-相邻键铺垫,0,1,0,1.0,1,1,前 1拍前:28-t 2拍前:12*t 3拍前:35-t / 后 +1拍:57-t +2拍:34*
784-My Dearest Song-mas,13.3,145,23,38.897,6/7,7,6,0,0,,H-星星/长条落点送手,H-星星/长条落点送手|F2-同型相邻对带过来|E-相邻键铺垫,0,1,0,1.0,1,2,前 1拍前:1- 2拍前:18h* 3拍前:18- / 后 +1拍:6- +2拍:34*t
784-My Dearest Song-mas,13.3,145,25,42.207,2/3,3,2,0,0,,H-星星/长条落点送手,H-星星/长条落点送手|F2-同型相邻对带过来|E-相邻键铺垫,0,1,0,1.0,1,2,前 1拍前:8- 2拍前:18h* 3拍前:68-t / 后 +1拍:3- +2拍:56*t
793--OutsideR＿RequieM--mas,13.6,181,11,15.083,2/3,2,3,0,0,,F2-同型相邻对带过来,F2-同型相邻对带过来|E-相邻键铺垫,0,8,3,1.0,2,1,前 1拍前:78t 1.5拍前:78t 2.5拍前:34t / 后 +1拍:56t +2拍:48t
793--OutsideR＿RequieM--mas,13.6,181,15,20.387,6/7,6,7,0,0,,F2-同型相邻对带过来,F2-同型相邻对带过来|E-相邻键铺垫,0,8,3,1.0,2,1,前 1拍前:12t 1.5拍前:12t 2.5拍前:56t / 后 +1拍:34t +2拍:27t
793--OutsideR＿RequieM--mas,13.6,181,19,25.856,2/3,2,3,0,1,A/B,A/B-共享键步进,A/B-共享键步进|H-星星/长条落点送手|F2-同型相邻对带过来|E-相邻键铺垫,0,4,1,1.0,0,1,前 1拍前:34t 2拍前:3t 3.5拍前:25h- / 后 +0.5拍:23t +1.5拍:12*t
793--OutsideR＿RequieM--mas,13.6,181,19,26.022,2/3,2,3,0,1,A/B,A/B-共享键步进,A/B-共享键步进|G-同对回访|H-星星/长条落点送手|F2-同型相邻对带过来|E-相邻键铺垫,0,4,2,0.5,0,1,前 0.5拍前:23t 1.5拍前:34t 2.5拍前:3t / 后 +1拍:12*t +2拍:16-*
793--OutsideR＿RequieM--mas,13.6,181,23,30.829,2/3,2,3,0,0,,E-相邻键铺垫,E-相邻键铺垫,0,4,0,1.0,1,2,前 1拍前:6t 2.5拍前:47h- 3.5拍前:47-* / 后 +1拍:45t +1.5拍:45t
794-あねぺったん-mas,13.3,180,23,31.667,2/3,3,2,0,0,,F2-同型相邻对带过来,F2-同型相邻对带过来,0,1,0,0.5,2,2,前 0.5拍前:7t 0.75拍前:8t 1拍前:7t / 后 +1拍:1* +2拍:1h-
795-なるとなぎのパーフェクトロックンロール教室-mas,13.7,216,86,95.556,2/3,2,3,0,0,,F2-同型相邻对带过来,F2-同型相邻对带过来|E-相邻键铺垫,0,2,0,1.0,1,4,前 1拍前:18-t 2拍前:78*t 2.5拍前:1t / 后 +1拍:67h +2拍:1t
795-なるとなぎのパーフェクトロックンロール教室-mas,13.7,216,86,95.833,6/7,7,6,0,0,,F1-镜像对带过来,F1-镜像对带过来|E-相邻键铺垫,0,2,1,1.0,1,4,前 1拍前:23h 2拍前:18-t 3拍前:78*t / 后 +1拍:1t +1.25拍:8t
798-幾四音-Ixion--mas,13.3,210,64,73.572,2/3,3,2,0,0,,F2-同型相邻对带过来,F2-同型相邻对带过来|E-相邻键铺垫,0,5,2,1.0,1,3,前 1拍前:45t 2拍前:47t 2.5拍前:3t / 后 +1拍:67t +2拍:18*
798-幾四音-Ixion--mas,13.3,210,64,73.857,6/7,6,7,0,0,,F1-镜像对带过来,F1-镜像对带过来|E-相邻键铺垫,0,5,3,1.0,1,3,前 1拍前:23t 2拍前:45t 3拍前:47t / 后 +1拍:18* +2拍:18-
798-幾四音-Ixion--mas,13.3,210,119,136.572,2/3,3,2,0,0,,E-相邻键铺垫,E-相邻键铺垫,0,3,0,0.5,1,5,前 0.5拍前:5t 1拍前:4t 1.5拍前:5t / 后 +0.667拍:67t +1.333拍:18t
798-幾四音-Ixion--mas,13.3,210,119,136.762,6/7,6,7,0,0,,F1-镜像对带过来,F1-镜像对带过来|E-相邻键铺垫,0,3,1,0.667,1,5,前 0.667拍前:23t 1.167拍前:5t 1.667拍前:4t / 后 +0.667拍:18t +1.333拍:2t
801-心象蜃気楼-mas,13.4,190,63,79.579,2/3,3,2,0,1,D,D-同键已在手下,D-同键已在手下|E-相邻键铺垫,0,1,0,1.0,0,3,前 1拍前:2t 1.5拍前:2t 3拍前:4h / 后 +1.5拍:45h +3拍:67h
801-心象蜃気楼-mas,13.4,190,63,80.526,6/7,6,7,0,0,,F1-镜像对带过来,F1-镜像对带过来|E-相邻键铺垫,0,1,0,1.5,1,3,前 1.5拍前:45h 3拍前:23h 4拍前:2t / 后 +1.5拍:45h +3拍:23h
801-心象蜃気楼-mas,13.4,190,64,81.474,2/3,2,3,0,0,,G-同对回访,G-同对回访|F1-镜像对带过来|E-相邻键铺垫,0,1,0,1.5,1,3,前 1.5拍前:45h 3拍前:67h 4.5拍前:45h / 后 +1.5拍:45h +3拍:67t
801-心象蜃気楼-mas,13.4,190,65,82.421,6/7,6,7,0,0,,G-同对回访,G-同对回访|F1-镜像对带过来|E-相邻键铺垫,0,1,0,1.5,1,3,前 1.5拍前:45h 3拍前:23h 4.5拍前:45h / 后 +0.5拍:8t +1拍:1t
801-心象蜃気楼-mas,13.4,190,66,83.368,6/7,6,7,0,0,,F2-同型相邻对带过来,F2-同型相邻对带过来|E-相邻键铺垫,0,2,1,1.0,2,4,前 1拍前:34t 1.5拍前:2t 2拍前:1t / 后 +1.5拍:45h +3拍:23h
801-心象蜃気楼-mas,13.4,190,66,84.316,2/3,2,3,0,0,,F1-镜像对带过来,F1-镜像对带过来|E-相邻键铺垫,0,1,0,1.5,1,4,前 1.5拍前:45h 3拍前:67h 4拍前:34t / 后 +1.5拍:45h +3拍:67h
801-心象蜃気楼-mas,13.4,190,67,85.263,6/7,6,7,0,0,,G-同对回访,G-同对回访|F1-镜像对带过来|E-相邻键铺垫,0,1,0,1.5,1,4,前 1.5拍前:45h 3拍前:23h 4.5拍前:45h / 后 +1.5拍:45h +3拍:23t
801-心象蜃気楼-mas,13.4,190,68,86.211,2/3,2,3,0,0,,G-同对回访,G-同对回访|F1-镜像对带过来|E-相邻键铺垫,0,1,0,1.5,1,4,前 1.5拍前:45h 3拍前:67h 4.5拍前:45h / 后 +0.5拍:1t +1拍:8t
801-心象蜃気楼-mas,13.4,190,88,111.789,6/7,6,7,0,1,D,D-同键已在手下,D-同键已在手下|E-相邻键铺垫,0,1,0,1.0,0,5,前 1拍前:6t 3拍前:4- 4拍前:47-* / 后 +1拍:67- +2拍:45*
803-Kattobi KEIKYU Rider-mas,13.7,220,36,39.273,2/3,2,3,0,0,,H-星星/长条落点送手,H-星星/长条落点送手|F2-同型相邻对带过来|E-相邻键铺垫,0,1,0,1.0,1,2,前 1拍前:15-t 2拍前:45*t 3拍前:48-t / 后 +1拍:24-t +2拍:5t
803-Kattobi KEIKYU Rider-mas,13.7,220,92,100.364,6/7,6,7,0,0,,H-星星/长条落点送手,H-星星/长条落点送手|F2-同型相邻对带过来|E-相邻键铺垫,0,1,0,1.0,1,4,前 1拍前:48-t 2拍前:45*t 3拍前:15-t / 后 +1拍:57-t +2拍:4t
812-回レ！雪月花-mas,13.3,160,37,55.875,6/7,6,7,0,1,C,C-等距轮转,C-等距轮转|H-星星/长条落点送手|F2-同型相邻对带过来|E-相邻键铺垫,0,5,1,1.0,1,4,前 1拍前:18t 2拍前:2t 3拍前:7h / 后 +1拍:45t +2拍:23t
812-回レ！雪月花-mas,13.3,160,37,56.625,2/3,2,3,0,1,C,C-等距轮转,C-等距轮转|F1-镜像对带过来|E-相邻键铺垫,0,5,3,1.0,1,4,前 1拍前:45t 2拍前:67t 3拍前:18t / 后 +1拍:18* +2拍:18-
818-ギリギリ最強あいまいみー！-mas,13.7,185,12,16.703,2/3,3,2,0,1,D,D-同键已在手下,D-同键已在手下|F2-同型相邻对带过来|E-相邻键铺垫,0,8,3,1.0,0,1,前 1拍前:17t 1.5拍前:34t 2拍前:8t / 后 +1拍:14h +2拍:58h
818-ギリギリ最強あいまいみー！-mas,13.7,185,13,17.676,6/7,6,7,0,0,,F1-镜像对带过来,F1-镜像对带过来|E-相邻键铺垫,0,8,6,1.0,1,1,前 1拍前:58h 2拍前:14h 3拍前:23h / 后 +1拍:45t +2拍:2t
818-ギリギリ最強あいまいみー！-mas,13.7,185,68,89.351,6/7,7,6,0,1,D,D-同键已在手下,D-同键已在手下|F2-同型相邻对带过来|E-相邻键铺垫,0,8,3,1.0,0,5,前 1拍前:35t 1.5拍前:78t 2拍前:2t / 后 +1拍:58h +2拍:14h
818-ギリギリ最強あいまいみー！-mas,13.7,185,69,90.324,2/3,2,3,0,0,,F1-镜像对带过来,F1-镜像对带过来|E-相邻键铺垫,0,8,6,1.0,1,5,前 1拍前:14h 2拍前:58h 3拍前:67h / 后 +1拍:45t +2拍:2t
827-ラブって♡ジュエリー♪えんじぇる☆ブレイク！！-mas,13.2,238,26,26.218,2/3,2,3,1,0,,E-相邻键铺垫,E-相邻键铺垫,0,1,0,1.0,2,2,前 1拍前:8t 1.5拍前:8t 2.5拍前:47t / 后 +1拍:4t +2拍:45ht
827-ラブって♡ジュエリー♪えんじぇる☆ブレイク！！-mas,13.2,238,30,30.252,6/7,6,7,0,0,,F2-同型相邻对带过来,F2-同型相邻对带过来|E-相邻键铺垫,0,2,1,1.0,1,2,前 1拍前:25t 2.5拍前:25h 3.5拍前:34t / 后 +1拍:5t +2拍:45ht
836-ジンギスカン-mas,13.3,150,54,87.6,2/3,2,3,1,1,A/B,A/B-共享键步进,A/B-共享键步进|H-星星/长条落点送手|F2-同型相邻对带过来|E-相邻键铺垫,0,2,1,0.5,0,4,前 0.5拍前:34t 1拍前:1t 1.5拍前:7- / 后 +0.5拍:1t +1拍:7*
836-ジンギスカン-mas,13.3,150,55,89.2,6/7,6,7,1,1,A/B,A/B-共享键步进,A/B-共享键步进|H-星星/长条落点送手|F2-同型相邻对带过来|E-相邻键铺垫,0,2,1,0.5,0,4,前 0.5拍前:56t 1拍前:8t 1.5拍前:2- / 后 +0.5拍:8t +1拍:1*
836-ジンギスカン-mas,13.3,150,56,90.8,2/3,3,2,1,1,A/B,A/B-共享键步进,A/B-共享键步进|H-星星/长条落点送手|F2-同型相邻对带过来|E-相邻键铺垫,0,2,1,0.5,0,4,前 0.5拍前:34t 1拍前:1t 1.5拍前:6- / 后 +0.5拍:1t +1拍:8*
836-ジンギスカン-mas,13.3,150,57,92.4,6/7,7,6,1,1,A/B,A/B-共享键步进,A/B-共享键步进|F2-同型相邻对带过来|E-相邻键铺垫,0,2,1,0.5,0,4,前 0.5拍前:56t 1拍前:8t 1.5拍前:3- / 后 +0.5拍:8t +1拍:3*
836-ジンギスカン-mas,13.3,150,58,94.0,2/3,3,2,1,1,A/B,A/B-共享键步进,A/B-共享键步进|H-星星/长条落点送手|F2-同型相邻对带过来|E-相邻键铺垫,0,2,1,0.5,0,4,前 0.5拍前:34t 1拍前:1t 1.5拍前:6- / 后 +0.5拍:1t +1拍:6*
836-ジンギスカン-mas,13.3,150,60,97.2,2/3,3,2,1,1,A/B,A/B-共享键步进,A/B-共享键步进|F2-同型相邻对带过来|E-相邻键铺垫,0,2,1,0.5,0,4,前 0.5拍前:34t 1拍前:1t 1.5拍前:7- / 后 +0.5拍:1t +1拍:6*
836-ジンギスカン-mas,13.3,150,61,98.8,6/7,6,7,1,1,A/B,A/B-共享键步进,A/B-共享键步进|F2-同型相邻对带过来|E-相邻键铺垫,0,3,1,0.5,0,4,前 0.5拍前:56t 1拍前:8t 1.5拍前:2- / 后 +0.5拍:8t +1拍:26*t
849-終点-mas,13.7,222,98,106.689,6/7,6,7,1,0,,E-相邻键铺垫,E-相邻键铺垫,0,3,0,0.75,1,5,前 0.75拍前:1t 1拍前:8t 1.25拍前:2t / 后 +0.75拍:45t +1.25拍:45*t
851-フキゲンワルツ-mas,13.2,210,39,44.572,6/7,7,6,0,0,,H-星星/长条落点送手,H-星星/长条落点送手|F1-镜像对带过来|E-相邻键铺垫,0,8,3,1.0,1,2,前 1拍前:58t 2拍前:58t 3拍前:58t / 后 +1拍:67t +2拍:67t
851-フキゲンワルツ-mas,13.2,210,39,44.858,6/7,7,6,0,1,A/B,A/B-共享键步进,A/B-共享键步进|G-同对回访|E-相邻键铺垫,0,8,4,1.0,0,2,前 1拍前:67t 2拍前:58t 3拍前:58t / 后 +1拍:67t +2拍:57t
851-フキゲンワルツ-mas,13.2,210,39,45.143,6/7,7,6,0,1,A/B,A/B-共享键步进,A/B-共享键步进|G-同对回访|E-相邻键铺垫,0,8,5,1.0,0,2,前 1拍前:67t 2拍前:67t 3拍前:58t / 后 +1拍:57t +2拍:57*t
854-はやくそれになりたい！-remas,13.2,185,8,11.027,6/7,6,7,0,1,D,D-同键已在手下,D-同键已在手下|F2-同型相邻对带过来|E-相邻键铺垫,0,1,0,0.5,0,1,前 0.5拍前:6t 1拍前:5t 1.5拍前:34t / 后 +1拍:67- +2拍:3*
854-はやくそれになりたい！-remas,13.2,185,87,113.838,2/3,2,3,0,0,,F2-同型相邻对带过来,F2-同型相邻对带过来|E-相邻键铺垫,0,6,1,1.0,1,4,前 1拍前:18t 2拍前:7t 3拍前:6t / 后 +1拍:45h +2拍:45h
855-キミノヨゾラ哨戒班-mas,13,185,54,71.027,2/3,2,3,0,1,A/B,A/B-共享键步进,A/B-共享键步进|F2-同型相邻对带过来|E-相邻键铺垫,0,2,1,1.0,0,3,前 1拍前:12t 2拍前:3t 2.5拍前:4t / 后 +1拍:5t +1.5拍:6t
855-キミノヨゾラ哨戒班-mas,13,185,57,74.919,6/7,6,7,0,1,A/B,A/B-共享键步进,A/B-共享键步进|F2-同型相邻对带过来|E-相邻键铺垫,0,3,1,1.0,0,4,前 1拍前:56t 2拍前:4t 2.5拍前:5t / 后 +1拍:78* +2拍:78-
855-キミノヨゾラ哨戒班-mas,13,185,83,108.649,6/7,7,6,0,0,,H-星星/长条落点送手,H-星星/长条落点送手|F2-同型相邻对带过来|E-相邻键铺垫,0,1,0,1.5,1,5,前 1.5拍前:12h 2拍前:45t 3.5拍前:78h / 后 +1.5拍:23h +3拍:1t
855-キミノヨゾラ哨戒班-mas,13,185,84,109.135,2/3,2,3,0,1,D,D-同键已在手下,D-同键已在手下|H-星星/长条落点送手|F1-镜像对带过来|E-相邻键铺垫,0,1,0,1.5,0,5,前 1.5拍前:67h 3拍前:12h 3.5拍前:45t / 后 +1.5拍:1t +2拍:2t
857-おこちゃま戦争-mas,13.3,175,28,38.4,6/7,6,7,0,0,,F2-同型相邻对带过来,F2-同型相邻对带过来|E-相邻键铺垫,0,3,0,1.0,2,2,前 1拍前:1t 1.5拍前:14-t 2.5拍前:45-* / 后 +1拍:23t +2拍:67t
857-おこちゃま戦争-mas,13.3,175,28,38.743,2/3,3,2,0,1,C,C-等距轮转,C-等距轮转|F1-镜像对带过来|E-相邻键铺垫,0,3,1,1.0,1,2,前 1拍前:67t 2拍前:1t 2.5拍前:14-t / 后 +1拍:67t +2拍:2t
857-おこちゃま戦争-mas,13.3,175,28,39.086,6/7,6,7,0,1,C,C-等距轮转,C-等距轮转|G-同对回访|F1-镜像对带过来|E-相邻键铺垫,0,3,2,1.0,0,2,前 1拍前:23t 2拍前:67t 3拍前:1t / 后 +1拍:2t +1.5拍:2t
857-おこちゃま戦争-mas,13.3,175,57,79.372,2/3,2,3,0,0,,H-星星/长条落点送手,H-星星/长条落点送手|F2-同型相邻对带过来|E-相邻键铺垫,0,1,0,1.0,1,4,前 1拍前:1- 1.5拍前:1t 2拍前:12-* / 后 +0.5拍:1h +1.25拍:2h
864-ありふれたせかいせいふく-mas,13.6,150,27,44.6,2/3,3,2,0,0,,F2-同型相邻对带过来,F2-同型相邻对带过来|E-相邻键铺垫,0,5,3,1.0,1,2,前 1拍前:45t 1.5拍前:18t 2拍前:36t / 后 +0.5拍:23h +2拍:67t
864-ありふれたせかいせいふく-mas,13.6,150,28,44.8,2/3,3,2,0,1,A/B,A/B-共享键步进,A/B-共享键步进|G-同对回访|F2-同型相邻对带过来|E-相邻键铺垫,0,5,4,0.5,0,2,前 0.5拍前:23t 1.5拍前:45t 2拍前:18t / 后 +1.5拍:67t +2拍:67h
864-ありふれたせかいせいふく-mas,13.6,150,28,45.4,6/7,6,7,0,0,,F1-镜像对带过来,F1-镜像对带过来|E-相邻键铺垫,0,2,0,1.5,3,2,前 1.5拍前:23h 2拍前:23t 3拍前:45t / 后 +0.5拍:67h +2拍:4t
864-ありふれたせかいせいふく-mas,13.6,150,28,45.6,6/7,6,7,0,1,A/B,A/B-共享键步进,A/B-共享键步进|G-同对回访|F1-镜像对带过来|E-相邻键铺垫,0,2,1,0.5,0,2,前 0.5拍前:67t 2拍前:23h 2.5拍前:23t / 后 +1.5拍:4t +1.75拍:5t
870-クノイチでも恋がしたい-mas,13.4,185,34,45.081,2/3,3,2,0,1,D,D-同键已在手下,D-同键已在手下|G-同对回访|F2-同型相邻对带过来|E-相邻键铺垫,0,1,0,0.5,0,2,前 0.5拍前:23* 1.5拍前:3t 2拍前:3t / 后 +0.5拍:23- +2拍:7t
870-クノイチでも恋がしたい-mas,13.4,185,36,47.676,6/7,7,6,0,1,D,D-同键已在手下,D-同键已在手下|G-同对回访|F2-同型相邻对带过来|E-相邻键铺垫,0,1,0,0.5,0,2,前 0.5拍前:67* 1.5拍前:6t 2拍前:6t / 后 +0.5拍:67- +3拍:56t
870-クノイチでも恋がしたい-mas,13.4,185,38,50.27,2/3,3,2,0,1,D,D-同键已在手下,D-同键已在手下|G-同对回访|E-相邻键铺垫,0,1,0,0.5,0,2,前 0.5拍前:23* 1.5拍前:3t 2拍前:3t / 后 +0.5拍:23- +2拍:78*
876-クレイジークレイジーダンサーズ-remas,13.3,172,3,4.535,2/3,2,3,0,1,A/B,A/B-共享键步进,A/B-共享键步进|H-星星/长条落点送手|F2-同型相邻对带过来|E-相邻键铺垫,0,7,1,1.0,0,1,前 1拍前:34t 3拍前:46h 5拍前:25h / 后 +1拍:12t +2拍:18t
876-クレイジークレイジーダンサーズ-remas,13.3,172,4,5.93,6/7,7,6,0,1,A/B,A/B-共享键步进,A/B-共享键步进|F1-镜像对带过来|E-相邻键铺垫,0,7,5,1.0,0,1,前 1拍前:78t 2拍前:18t 3拍前:12t / 后 +1拍:56t +2拍:4t
876-クレイジークレイジーダンサーズ-remas,13.3,172,65,91.047,2/3,2,3,1,1,C,C-等距轮转,C-等距轮转|F2-同型相邻对带过来|E-相邻键铺垫,0,3,1,1.0,0,4,前 1拍前:18t 2拍前:28- 3拍前:28* / 后 +1拍:45t +2拍:67*t
882-Money Money-mas,13.2,145,47,76.234,6/7,7,6,0,1,D,D-同键已在手下,D-同键已在手下|F2-同型相邻对带过来|E-相邻键铺垫,0,1,0,1.0,0,3,前 1拍前:26- 2拍前:26* 3拍前:1t / 后 +0.5拍:8t +1.5拍:23ht
882-Money Money-mas,13.2,145,47,76.757,2/3,2,3,0,0,,F1-镜像对带过来,F1-镜像对带过来|E-相邻键铺垫,0,1,0,1.0,2,3,前 1拍前:8t 1.5拍前:67ht 2.5拍前:26- / 后 +0.5拍:1t +1.5拍:67ht
882-Money Money-mas,13.2,145,47,77.281,6/7,6,7,0,0,,G-同对回访,G-同对回访|H-星星/长条落点送手|F1-镜像对带过来|E-相邻键铺垫,0,1,0,1.0,2,3,前 1拍前:1t 1.5拍前:23ht 2.5拍前:8t / 后 +0.5拍:8t +1拍:1t
883-隠然-remas,13.4,210,11,12.571,2/3,2,3,0,0,,F2-同型相邻对带过来,F2-同型相邻对带过来|E-相邻键铺垫,0,9,0,1.0,2,1,前 1拍前:78-t 1.333拍前:7t 2拍前:7* / 后 +1拍:34h +2拍:45h
883-隠然-remas,13.4,210,18,21.714,6/7,6,7,0,0,,F2-同型相邻对带过来,F2-同型相邻对带过来|E-相邻键铺垫,0,9,0,1.0,2,1,前 1拍前:34-t 1.333拍前:3t 2拍前:3* / 后 +1拍:56h +2拍:45h
883-隠然-remas,13.4,210,30,35.429,6/7,7,6,0,1,A/B,A/B-共享键步进,A/B-共享键步进|F2-同型相邻对带过来|E-相邻键铺垫,0,6,2,1.0,0,2,前 1拍前:56t 2拍前:45t 3拍前:4t / 后 +1拍:58t +2拍:14t
883-隠然-remas,13.4,210,31,36.286,2/3,2,3,0,0,,F1-镜像对带过来,F1-镜像对带过来|E-相邻键铺垫,0,6,5,1.0,1,2,前 1拍前:14t 2拍前:58t 3拍前:67t / 后 +1拍:23* +2拍:23-
888-月に叢雲華に風-mas,13.2,160,11,16.688,6/7,7,6,0,0,,H-星星/长条落点送手,H-星星/长条落点送手|E-相邻键铺垫,0,6,0,1.0,3,1,前 1拍前:3t 1.5拍前:3t 2拍前:5h / 后 +1拍:13t +2拍:56t
888-月に叢雲華に風-mas,13.2,160,29,44.25,2/3,2,3,0,1,A/B,A/B-共享键步进,A/B-共享键步进|F2-同型相邻对带过来|E-相邻键铺垫,0,3,1,0.5,0,3,前 0.5拍前:34t 1拍前:1t 1.25拍前:8t / 后 +1拍:56t +1.5拍:67*t
89-ロミオとシンデレラ-remas,13.3,170,16,23.559,6/7,6,7,1,1,C,C-等距轮转,C-等距轮转|F2-同型相邻对带过来|E-相邻键铺垫,0,3,1,0.75,2,2,前 0.75拍前:12t 1.25拍前:4t 1.5拍前:5t / 后 +0.75拍:34*t +1.75拍:14-t
903-チルノのパーフェクトさんすう教室 ⑨周年バージョン-mas,13.4,175,12,16.457,2/3,3,2,0,0,,F2-同型相邻对带过来,F2-同型相邻对带过来|E-相邻键铺垫,0,2,1,1.0,1,1,前 1拍前:18t 2拍前:7t 2.25拍前:6t / 后 +2拍:67h +4拍:23t
903-チルノのパーフェクトさんすう教室 ⑨周年バージョン-mas,13.4,175,12,17.143,6/7,6,7,0,0,,F1-镜像对带过来,F1-镜像对带过来|E-相邻键铺垫,0,1,0,2.0,1,1,前 2拍前:23h 3拍前:18t 4拍前:7t / 后 +2拍:23t +3拍:67t
903-チルノのパーフェクトさんすう教室 ⑨周年バージョン-mas,13.4,175,13,17.829,2/3,3,2,0,1,D,D-同键已在手下,D-同键已在手下|G-同对回访|H-星星/长条落点送手|F1-镜像对带过来|E-相邻键铺垫,0,5,0,2.0,0,1,前 2拍前:67h 4拍前:23h 5拍前:18t / 后 +1拍:67t +2拍:23t
903-チルノのパーフェクトさんすう教室 ⑨周年バージョン-mas,13.4,175,13,18.171,6/7,6,7,0,1,D,D-同键已在手下,D-同键已在手下|G-同对回访|H-星星/长条落点送手|F1-镜像对带过来|E-相邻键铺垫,0,5,1,1.0,0,1,前 1拍前:23t 3拍前:67h 5拍前:23h / 后 +1拍:23t +2拍:67t
903-チルノのパーフェクトさんすう教室 ⑨周年バージョン-mas,13.4,175,13,18.514,2/3,3,2,0,1,D,D-同键已在手下,D-同键已在手下|G-同对回访|F1-镜像对带过来|E-相邻键铺垫,0,5,2,1.0,0,1,前 1拍前:67t 2拍前:23t 4拍前:67h / 后 +1拍:67t +2拍:45*t
903-チルノのパーフェクトさんすう教室 ⑨周年バージョン-mas,13.4,175,13,18.857,6/7,6,7,0,1,D,D-同键已在手下,D-同键已在手下|G-同对回访|F1-镜像对带过来|E-相邻键铺垫,0,5,3,1.0,0,1,前 1拍前:23t 2拍前:67t 3拍前:23t / 后 +1拍:45*t +2拍:5-
903-チルノのパーフェクトさんすう教室 ⑨周年バージョン-mas,13.4,175,79,108.343,2/3,2,3,0,1,D,D-同键已在手下,D-同键已在手下|E-相邻键铺垫,0,5,0,1.0,0,5,前 1拍前:3t 1.5拍前:3t 2.5拍前:27-t / 后 +1拍:45h +2拍:67h
903-チルノのパーフェクトさんすう教室 ⑨周年バージョン-mas,13.4,175,79,109.029,6/7,6,7,0,0,,F1-镜像对带过来,F1-镜像对带过来|E-相邻键铺垫,0,5,2,1.0,1,5,前 1拍前:45h 2拍前:23h 3拍前:3t / 后 +1拍:45h +2拍:36t
923-Grip & Break down !!-mas,13.4,160,3,4.5,2/3,3,2,0,1,D,D-同键已在手下,D-同键已在手下|H-星星/长条落点送手|F2-同型相邻对带过来|E-相邻键铺垫,0,5,1,0.5,0,1,前 0.5拍前:56t 1.5拍前:2t 2拍前:17-t / 后 +0.75拍:68t +1.5拍:13t
923-Grip & Break down !!-mas,13.4,160,57,85.5,2/3,2,3,0,1,D,D-同键已在手下,D-同键已在手下|E-相邻键铺垫,0,15,0,0.5,0,4,前 0.5拍前:3t 1拍前:2t 1.5拍前:1t / 后 +1拍:68t +2拍:13t
923-Grip & Break down !!-mas,13.4,160,57,86.625,6/7,7,6,0,1,D,D-同键已在手下,D-同键已在手下|F1-镜像对带过来|E-相邻键铺垫,0,15,3,1.0,0,4,前 1拍前:13t 2拍前:68t 3拍前:23t / 后 +1拍:34t +2拍:17t
923-Grip & Break down !!-mas,13.4,160,63,95.438,2/3,2,3,0,1,D,D-同键已在手下,D-同键已在手下|F2-同型相邻对带过来|E-相邻键铺垫,0,25,20,0.5,0,4,前 0.5拍前:18t 1拍前:12t 1.5拍前:34t / 后 +0.5拍:45t +1拍:67t
923-Grip & Break down !!-mas,13.4,160,63,95.812,6/7,6,7,0,0,,F1-镜像对带过来,F1-镜像对带过来|E-相邻键铺垫,0,25,22,0.5,1,4,前 0.5拍前:45t 1拍前:23t 1.5拍前:18t / 后 +0.5拍:27t +1.5拍:18t
925-患部で止まってすぐ溶ける～狂気の優曇華院-mas,13.7,200,1,1.8,6/7,6,7,0,0,,F2-同型相邻对带过来,F2-同型相邻对带过来|E-相邻键铺垫,0,5,3,1.0,1,1,前 1拍前:45t 1.5拍前:45t 2.5拍前:56t / 后 +0.5拍:78t +2拍:12t
925-患部で止まってすぐ溶ける～狂気の優曇華院-mas,13.7,200,5,6.6,6/7,6,7,0,0,,F2-同型相邻对带过来,F2-同型相邻对带过来|E-相邻键铺垫,0,5,3,1.0,1,1,前 1拍前:45t 1.5拍前:45t 2.5拍前:78t / 后 +0.5拍:78t +2拍:34t
925-患部で止まってすぐ溶ける～狂気の優曇華院-mas,13.7,200,37,44.4,6/7,7,6,0,0,,H-星星/长条落点送手,H-星星/长条落点送手|E-相邻键铺垫,0,2,1,1.0,1,3,前 1拍前:48t 2拍前:1- 3拍前:1- / 后 +1拍:3t +1.5拍:2*
925-患部で止まってすぐ溶ける～狂気の優曇華院-mas,13.7,200,38,45.6,6/7,7,6,0,0,,G-同对回访,G-同对回访|H-星星/长条落点送手|E-相邻键铺垫,0,6,0,1.5,3,3,前 1.5拍前:2- 2.5拍前:2* 3拍前:3t / 后 +1拍:56t +1.5拍:45t
925-患部で止まってすぐ溶ける～狂気の優曇華院-mas,13.7,200,38,46.5,2/3,3,2,0,1,A/B,A/B-共享键步进,A/B-共享键步进|F1-镜像对带过来|E-相邻键铺垫,0,6,4,1.0,0,3,前 1拍前:34t 1.5拍前:45t 2拍前:56t / 后 +1拍:23ht +2拍:6t
925-患部で止まってすぐ溶ける～狂気の優曇華院-mas,13.7,200,39,46.8,2/3,3,2,0,1,A/B,A/B-共享键步进,A/B-共享键步进|G-同对回访|F2-同型相邻对带过来|E-相邻键铺垫,0,6,5,1.0,0,3,前 1拍前:23t 2拍前:34t 2.5拍前:45t / 后 +1拍:6t +1.5拍:7*
926-Change Our MIRAI！-mas,13.4,256,102,96.211,6/7,6,7,0,0,,H-星星/长条落点送手,H-星星/长条落点送手|F2-同型相邻对带过来|E-相邻键铺垫,0,9,2,1.0,1,4,前 1拍前:18t 1.5拍前:18t 2.5拍前:2t / 后 +0.5拍:67t +1.5拍:45t
926-Change Our MIRAI！-mas,13.4,256,102,96.328,6/7,6,7,0,1,A/B,A/B-共享键步进,A/B-共享键步进|G-同对回访|H-星星/长条落点送手|F2-同型相邻对带过来|E-相邻键铺垫,0,9,3,0.5,0,4,前 0.5拍前:67t 1.5拍前:18t 2拍前:18t / 后 +1拍:45t +1.5拍:45t
926-Change Our MIRAI！-mas,13.4,256,103,96.914,2/3,2,3,0,0,,F1-镜像对带过来,F1-镜像对带过来|E-相邻键铺垫,0,9,6,1.0,1,4,前 1拍前:45t 1.5拍前:45t 2.5拍前:67t / 后 +0.5拍:23t +1.5拍:18t
926-Change Our MIRAI！-mas,13.4,256,103,97.031,2/3,2,3,0,1,A/B,A/B-共享键步进,A/B-共享键步进|G-同对回访|F1-镜像对带过来|E-相邻键铺垫,0,9,7,0.5,0,4,前 0.5拍前:23t 1.5拍前:45t 2拍前:45t / 后 +1拍:18t +2拍:2*
93-記憶、記録-mas,13.6,185,4,6.162,2/3,2,3,0,0,,F2-同型相邻对带过来,F2-同型相邻对带过来|E-相邻键铺垫,0,1,0,0.5,1,1,前 0.5拍前:1t 1拍前:8t 2拍前:45t / 后 +0.5拍:4h +1.5拍:5t
93-記憶、記録-mas,13.6,185,5,6.811,6/7,6,7,0,0,,F1-镜像对带过来,F1-镜像对带过来|E-相邻键铺垫,0,3,0,0.5,1,1,前 0.5拍前:5t 1.5拍前:4h 2拍前:23t / 后 +0.5拍:1t +1拍:78t
93-記憶、記録-mas,13.6,185,7,10.054,2/3,2,3,0,0,,F2-同型相邻对带过来,F2-同型相邻对带过来|E-相邻键铺垫,0,1,0,0.5,1,1,前 0.5拍前:1t 1拍前:7t 1.5拍前:5t / 后 +0.5拍:1t +1拍:8t
93-記憶、記録-mas,13.6,185,40,52.216,6/7,6,7,0,1,A/B,A/B-共享键步进,A/B-共享键步进|F2-同型相邻对带过来|E-相邻键铺垫,0,14,2,0.5,0,3,前 0.5拍前:78t 1拍前:78t 2拍前:1t / 后 +0.5拍:67t +1拍:56t
93-記憶、記録-mas,13.6,185,40,52.378,6/7,6,7,0,1,A/B,A/B-共享键步进,A/B-共享键步进|G-同对回访|F2-同型相邻对带过来|E-相邻键铺垫,0,14,3,0.5,0,3,前 0.5拍前:67t 1拍前:78t 1.5拍前:78t / 后 +0.5拍:56t +1拍:56t
93-記憶、記録-mas,13.6,185,65,85.135,6/7,6,7,1,1,A/B,A/B-共享键步进,A/B-共享键步进|F2-同型相邻对带过来|E-相邻键铺垫,0,6,3,0.5,0,4,前 0.5拍前:56t 1.5拍前:34t 2.5拍前:56t / 后 +0.5拍:78t +1拍:18t
93-記憶、記録-mas,13.6,185,68,89.189,2/3,2,3,0,0,,F2-同型相邻对带过来,F2-同型相邻对带过来|E-相邻键铺垫,0,1,0,0.5,1,5,前 0.5拍前:1t 1拍前:8t 1.5拍前:6t / 后 +0.5拍:4h +1.5拍:5t
93-記憶、記録-mas,13.6,185,69,89.838,6/7,6,7,0,0,,F1-镜像对带过来,F1-镜像对带过来|E-相邻键铺垫,0,3,0,0.5,1,5,前 0.5拍前:5t 1.5拍前:4h 2拍前:23t / 后 +0.5拍:1t +1拍:78t
93-記憶、記録-mas,13.6,185,81,105.568,6/7,6,7,1,0,,H-星星/长条落点送手,H-星星/长条落点送手|F2-同型相邻对带过来|E-相邻键铺垫,0,6,2,0.5,1,5,前 0.5拍前:45t 1拍前:3t 1.5拍前:12t / 后 +0.5拍:78t +1拍:18t
93-記憶、記録-remas,14.3,185,24,31.622,2/3,3,2,0,0,,E-相邻键铺垫,E-相邻键铺垫,0,20,15,1.0,1,2,前 1拍前:68t 1.5拍前:17t 2拍前:28t / 后 +0.5拍:12t +1拍:18t
93-記憶、記録-remas,14.3,185,24,32.27,6/7,7,6,0,1,A/B,A/B-共享键步进,A/B-共享键步进|F1-镜像对带过来|E-相邻键铺垫,0,20,19,0.5,0,2,前 0.5拍前:78t 1拍前:18t 1.5拍前:12t / 后 +1拍:3t +1.5拍:4t
93-記憶、記録-remas,14.3,185,65,85.135,2/3,2,3,1,1,A/B,A/B-共享键步进,A/B-共享键步进|F2-同型相邻对带过来|E-相邻键铺垫,0,4,1,0.5,0,4,前 0.5拍前:34t 1.5拍前:12- 2.5拍前:12* / 后 +0.5拍:12t +1拍:18t
93-記憶、記録-remas,14.3,185,69,89.838,2/3,2,3,0,1,D,D-同键已在手下,D-同键已在手下|F2-同型相邻对带过来|E-相邻键铺垫,0,5,0,0.5,0,5,前 0.5拍前:3t 1.5拍前:45ht 2拍前:3t / 后 +0.5拍:8t +1拍:12t
93-記憶、記録-remas,14.3,185,73,95.027,6/7,6,7,1,1,D,D-同键已在手下,D-同键已在手下|F2-同型相邻对带过来|E-相邻键铺垫,0,5,0,0.5,0,5,前 0.5拍前:6t 1.5拍前:45ht 2拍前:6t / 后 +0.5拍:1t +1拍:78t
977-ジングルベル-mas,14.4,100,25,60.15,6/7,6,7,0,1,A/B,A/B-共享键步进,A/B-共享键步进|F2-同型相邻对带过来|E-相邻键铺垫,0,9,1,0.25,0,4,前 0.25拍前:78t 0.5拍前:6t 0.75拍前:7t / 后 +0.25拍:56t +0.5拍:45t
977-ジングルベル-mas,14.4,100,25,60.75,2/3,2,3,0,1,A/B,A/B-共享键步进,A/B-共享键步进|F1-镜像对带过来|E-相邻键铺垫,0,9,5,0.25,0,4,前 0.25拍前:34t 0.5拍前:45t 0.75拍前:56t / 后 +0.25拍:12t +0.5拍:18t
977-ジングルベル-remas,14.2,100,1,2.7,2/3,2,3,0,0,,F2-同型相邻对带过来,F2-同型相邻对带过来|E-相邻键铺垫,0,4,1,0.5,1,1,前 0.5拍前:78t 1.5拍前:17-t 1.75拍前:8t / 后 +0.5拍:56t +1拍:12t
977-ジングルベル-remas,14.2,100,2,5.1,6/7,6,7,0,0,,H-星星/长条落点送手,H-星星/长条落点送手|F2-同型相邻对带过来|E-相邻键铺垫,0,4,1,0.5,2,1,前 0.5拍前:12t 1拍前:1- 1.25拍前:5t / 后 +0.5拍:34t +1拍:78t
977-ジングルベル-remas,14.2,100,3,7.5,2/3,2,3,0,0,,H-星星/长条落点送手,H-星星/长条落点送手|F2-同型相邻对带过来|E-相邻键铺垫,0,4,1,0.5,2,1,前 0.5拍前:78t 1拍前:8- 1.25拍前:4t / 后 +0.5拍:56t +1拍:12t
977-ジングルベル-remas,14.2,100,4,9.9,6/7,6,7,0,0,,H-星星/长条落点送手,H-星星/长条落点送手|F2-同型相邻对带过来|E-相邻键铺垫,0,5,1,0.5,2,1,前 0.5拍前:12t 1拍前:1- 1.25拍前:5t / 后 +0.5拍:34t +1拍:26*
977-ジングルベル-remas,14.2,100,11,26.4,2/3,2,3,0,0,,E-相邻键铺垫,E-相邻键铺垫,0,13,0,0.5,1,2,前 0.5拍前:1w 1拍前:1- 1.5拍前:1- / 后 +0.25拍:1t +0.5拍:8t
977-ジングルベル-remas,14.2,100,11,27.0,6/7,6,7,0,0,,H-星星/长条落点送手,H-星星/长条落点送手|F1-镜像对带过来|E-相邻键铺垫,0,13,1,0.25,1,2,前 0.25拍前:1t 0.5拍前:8t 0.75拍前:1t / 后 +0.25拍:8t +0.5拍:1t
977-ジングルベル-remas,14.2,100,11,27.6,2/3,3,2,0,0,,F1-镜像对带过来,F1-镜像对带过来|E-相邻键铺垫,0,13,2,0.25,1,2,前 0.25拍前:8t 0.5拍前:1t 0.75拍前:8t / 后 +0.25拍:4t +0.5拍:5t
977-ジングルベル-remas,14.2,100,11,28.2,6/7,7,6,0,0,,H-星星/长条落点送手,H-星星/长条落点送手|F1-镜像对带过来|E-相邻键铺垫,0,13,3,0.25,1,2,前 0.25拍前:4t 0.5拍前:5t 0.75拍前:4t / 后 +0.25拍:5t +0.5拍:4t
977-ジングルベル-remas,14.2,100,15,36.0,6/7,6,7,0,0,,E-相邻键铺垫,E-相邻键铺垫,0,1,0,0.5,1,2,前 0.5拍前:8w 1拍前:8- 1.5拍前:8- / 后 +0.25拍:1t +0.5拍:8t
977-ジングルベル-remas,14.2,100,15,37.2,6/7,7,6,0,0,,F1-镜像对带过来,F1-镜像对带过来|E-相邻键铺垫,0,1,0,0.25,1,2,前 0.25拍前:8t 0.5拍前:1t 0.75拍前:8t / 后 +0.25拍:4t +0.5拍:5t
979-厨病激発ボーイ-mas,13.8,190,37,47.526,2/3,3,2,0,1,D,D-同键已在手下,D-同键已在手下|G-同对回访|H-星星/长条落点送手|E-相邻键铺垫,0,1,0,0.5,0,2,前 0.5拍前:23* 2.5拍前:7- 3拍前:7t / 后 +0.5拍:23- +1.5拍:5h
987-ドーナツホール-mas,13.6,252,41,39.762,6/7,6,7,0,1,C,C-等距轮转,C-等距轮转|H-星星/长条落点送手|F2-同型相邻对带过来|E-相邻键铺垫,0,3,2,1.0,1,2,前 1拍前:34t 2拍前:18t 5拍前:45- / 后 +2拍:8t +3拍:45t
987-ドーナツホール-mas,13.6,252,44,41.905,6/7,6,7,0,0,,F2-同型相邻对带过来,F2-同型相邻对带过来|E-相邻键铺垫,0,6,2,1.0,1,2,前 1拍前:58t 2拍前:14t 3拍前:3t / 后 +1拍:58t +2拍:14t
987-ドーナツホール-mas,13.6,252,44,42.619,2/3,3,2,0,0,,F1-镜像对带过来,F1-镜像对带过来|E-相邻键铺垫,0,6,5,1.0,1,2,前 1拍前:14t 2拍前:58t 3拍前:67t / 后 +2拍:1h +3拍:5h
987-ドーナツホール-mas,13.6,252,49,47.381,2/3,2,3,0,1,C,C-等距轮转,C-等距轮转|F2-同型相邻对带过来|E-相邻键铺垫,0,3,2,1.0,1,2,前 1拍前:56t 2拍前:18t 5拍前:36t / 后 +2拍:1t +3拍:45t
987-ドーナツホール-mas,13.6,252,52,49.524,2/3,2,3,0,0,,F2-同型相邻对带过来,F2-同型相邻对带过来|E-相邻键铺垫,0,6,2,1.0,1,2,前 1拍前:14t 2拍前:58t 3拍前:6t / 后 +1拍:14t +2拍:58t
987-ドーナツホール-mas,13.6,252,52,50.238,6/7,7,6,0,0,,F1-镜像对带过来,F1-镜像对带过来|E-相邻键铺垫,0,6,5,1.0,1,2,前 1拍前:58t 2拍前:14t 3拍前:23t / 后 +2拍:5h +3拍:3h
987-ドーナツホール-mas,13.6,252,62,59.762,2/3,2,3,0,1,D,D-同键已在手下,D-同键已在手下|F2-同型相邻对带过来|E-相邻键铺垫,0,5,2,1.0,0,3,前 1拍前:68t 2拍前:34t 4拍前:36-t / 后 +1拍:57t +2拍:12t
987-ドーナツホール-mas,13.6,252,70,67.381,6/7,6,7,0,1,D,D-同键已在手下,D-同键已在手下|F2-同型相邻对带过来|E-相邻键铺垫,0,5,2,1.0,0,3,前 1拍前:13t 2拍前:56t 4拍前:36-t / 后 +1拍:24t +2拍:78t
987-ドーナツホール-mas,13.6,252,74,71.19,6/7,6,7,0,1,D,D-同键已在手下,D-同键已在手下|F2-同型相邻对带过来|E-相邻键铺垫,0,5,2,1.0,0,3,前 1拍前:24t 2拍前:78t 3.5拍前:1- / 后 +1拍:13t +2拍:56t
987-ドーナツホール-mas,13.6,252,116,111.19,6/7,6,7,0,1,D,D-同键已在手下,D-同键已在手下|F2-同型相邻对带过来|E-相邻键铺垫,0,5,2,1.0,0,5,前 1拍前:24t 2拍前:78t 4拍前:26-t / 后 +1拍:13t +2拍:56t
987-ドーナツホール-mas,13.6,252,125,119.048,2/3,3,2,0,1,D,D-同键已在手下,D-同键已在手下|F2-同型相邻对带过来|E-相邻键铺垫,0,2,1,1.0,0,5,前 1拍前:18t 2拍前:38-t 3拍前:18*t / 后 +1拍:24-t +2拍:5t
987-ドーナツホール-mas,13.6,252,126,120.0,6/7,6,7,0,1,D,D-同键已在手下,D-同键已在手下|H-星星/长条落点送手|F1-镜像对带过来|E-相邻键铺垫,0,1,0,1.0,0,5,前 1拍前:6t 2拍前:5t 3拍前:24-t / 后 +1拍:68-t +2拍:1t
987-ドーナツホール-mas,13.6,252,127,120.952,2/3,3,2,0,1,D,D-同键已在手下,D-同键已在手下|H-星星/长条落点送手|F1-镜像对带过来|E-相邻键铺垫,0,1,0,1.0,0,5,前 1拍前:2t 2拍前:1t 3拍前:68-t / 后 +1拍:24-t +2拍:5t
987-ドーナツホール-mas,13.6,252,128,122.619,2/3,3,2,0,1,D,D-同键已在手下,D-同键已在手下|F2-同型相邻对带过来|E-相邻键铺垫,0,6,3,1.0,0,5,前 1拍前:68t 2拍前:34t 3拍前:56t / 后 +1拍:57t +2拍:12t
987-ドーナツホール-mas,13.6,252,132,126.429,2/3,2,3,0,1,D,D-同键已在手下,D-同键已在手下|F2-同型相邻对带过来|E-相邻键铺垫,0,5,2,1.0,0,5,前 1拍前:57t 2拍前:12t 3.5拍前:48-t / 后 +1拍:68t +2拍:34t
987-ドーナツホール-mas,13.6,252,136,130.0,6/7,6,7,0,1,D,D-同键已在手下,D-同键已在手下|F2-同型相邻对带过来|E-相邻键铺垫,0,4,1,1.0,0,5,前 1拍前:34t 2.5拍前:26-t 3拍前:2t / 后 +1拍:12t +1.5拍:3t
987-ドーナツホール-mas,13.6,252,140,134.048,6/7,6,7,0,1,C,C-等距轮转,C-等距轮转|H-星星/长条落点送手|F2-同型相邻对带过来|E-相邻键铺垫,0,3,1,1.0,1,5,前 1拍前:12t 2拍前:8t 3拍前:34ht / 后 +1拍:34ht +2拍:5t
988-砂の惑星 feat. HATSUNE MIKU-mas,13.3,95,36,93.158,2/3,2,3,0,1,A/B,A/B-共享键步进,A/B-共享键步进|F2-同型相邻对带过来|E-相邻键铺垫,0,18,7,0.5,0,4,前 0.5拍前:12t 1拍前:28t 1.5拍前:38t / 后 +0.5拍:34t +1拍:35t
993-VIIIbit Explorer-mas,14.5,188,61,78.83,2/3,3,2,0,1,A/B,A/B-共享键步进,A/B-共享键步进|F2-同型相邻对带过来|E-相邻键铺垫,0,7,3,0.5,0,3,前 0.5拍前:2t 1拍前:12ht 1.5拍前:2t / 后 +0.5拍:2t +1拍:24ht
993-VIIIbit Explorer-mas,14.5,188,63,81.064,6/7,7,6,0,1,A/B,A/B-共享键步进,A/B-共享键步进|H-星星/长条落点送手|F2-同型相邻对带过来|E-相邻键铺垫,0,7,2,0.5,0,4,前 0.5拍前:7t 1拍前:78ht 1.5拍前:7t / 后 +0.5拍:7t +1拍:57ht
999-火炎地獄-mas,14.1,216,35,39.722,2/3,2,3,0,1,A/B,A/B-共享键步进,A/B-共享键步进|F2-同型相邻对带过来|E-相邻键铺垫,0,22,6,0.5,0,2,前 0.5拍前:12t 1.5拍前:56t 2.5拍前:12t / 后 +1拍:67t +2拍:23t
999-火炎地獄-mas,14.1,216,36,40.0,6/7,7,6,0,0,,F1-镜像对带过来,F1-镜像对带过来|E-相邻键铺垫,0,22,7,1.0,2,2,前 1拍前:23t 1.5拍前:12t 2.5拍前:56t / 后 +1拍:23t +1.5拍:17t
999-火炎地獄-mas,14.1,216,36,40.278,2/3,2,3,0,1,D,D-同键已在手下,D-同键已在手下|G-同对回访|F1-镜像对带过来|E-相邻键铺垫,0,22,8,1.0,0,2,前 1拍前:67t 2拍前:23t 2.5拍前:12t / 后 +0.5拍:17t +1.5拍:35t
999-火炎地獄-mas,14.1,216,92,105.556,2/3,2,3,1,1,D,D-同键已在手下,D-同键已在手下|E-相邻键铺垫,0,6,0,2.0,0,5,前 2拍前:3t 3拍前:1t 4拍前:5t / 后 +0.5拍:67t +1拍:34t
